frame_idx,cum_x,cum_y,cum_yaw,dx,dy,dyaw,good_matches,inliers,inlier_ratio
0,0.0,0.0,0.0,0.0,0.0,0.0,0,0,1.0
1,0.54714966,0.16775513,0.019425261331778083,0.54714966,0.16775513,0.019425261331778083,808,805,0.9962871287128713
2,1.0660706,0.22865295,0.04563436458741768,0.5189209,0.060897827,0.026209103255639594,790,785,0.9936708860759493
3,1.4805298,0.34928894,0.0646260074658111,0.41445923,0.12063599,0.01899164287839341,787,778,0.98856416772554
4,1.821106,0.45837402,0.05613937208026128,0.34057617,0.10908508,-0.008486635385549824,854,850,0.9953161592505855
5,2.0716248,0.60331726,0.06783433749939789,0.2505188,0.14494324,0.01169496541913661,852,848,0.9953051643192489
6,2.327301,0.7121124,0.08873432165645515,0.25567627,0.108795166,0.020899984157057253,840,835,0.9940476190476191
7,2.5690308,0.8478699,0.05463216445139474,0.24172974,0.13575745,-0.03410215720506041,849,846,0.9964664310954063
8,2.8624268,1.0317383,0.05286971474616067,0.293396,0.18386841,-0.0017624497052340646,805,800,0.9937888198757764
9,3.1860046,1.2055359,0.0638286901964047,0.32357788,0.1737976,0.010958975450244038,816,811,0.9938725490196079
10,3.6840515,1.5553284,0.100789505558864,0.49804688,0.34979248,0.03696081536245929,792,788,0.9949494949494949
11,4.196533,1.8297882,0.131916228400898,0.5124817,0.27445984,0.031126722842034,784,783,0.9987244897959183
12,4.6864014,2.2100067,0.13787154099683888,0.48986816,0.3802185,0.005955312595940858,792,791,0.9987373737373737
13,4.96402,2.2745056,0.1584508256380323,0.2776184,0.0644989,0.020579284641193442,791,783,0.9898862199747156
14,5.48407,2.5306091,0.14437580633493868,0.52005005,0.25610352,-0.014075019303093617,781,778,0.9961587708066582
15,5.900177,2.7231293,0.16972319826444238,0.41610718,0.19252014,0.02534739192950369,787,783,0.9949174078780177
16,6.375885,2.7631683,0.20428128223108655,0.475708,0.040039062,0.034558083966644164,812,806,0.9926108374384236
17,6.846924,3.0657196,0.14251192445642114,0.47103882,0.30255127,-0.061769357774665405,893,886,0.9921612541993281
18,7.163391,3.4206085,0.11107303981358087,0.3164673,0.35488892,-0.03143888464284027,883,876,0.9920724801812004
19,7.409424,3.770691,0.08134096600237349,0.24603271,0.3500824,-0.029732073811207373,896,887,0.9899553571428571
20,7.5794373,4.103348,0.03903619570762331,0.17001343,0.33265686,-0.04230477029475018,840,835,0.9940476190476191
21,7.6890564,4.468277,0.010393389542734693,0.10961914,0.3649292,-0.028642806164888616,891,889,0.9977553310886644
22,7.763214,4.8582306,-0.032590881316484126,0.074157715,0.3899536,-0.04298427085921882,955,954,0.9989528795811519
23,7.8035583,5.244446,-0.06035588179548994,0.04034424,0.3862152,-0.02776500047900581,975,973,0.997948717948718
24,7.8895264,5.6866913,-0.09188128506704092,0.08596802,0.44224548,-0.031525403271550984,1022,1016,0.9941291585127201
25,7.8483887,6.01416,-0.06266930307682265,-0.041137695,0.32746887,0.029211981990218266,984,984,1.0
26,7.836487,6.2915344,-0.10301363714236982,-0.0119018555,0.27737427,-0.04034433406554716,1026,1020,0.9941520467836257
27,7.8249207,6.601364,-0.10788906189085633,-0.011566162,0.3098297,-0.004875424748486517,1010,1006,0.996039603960396
28,7.967102,6.8302,-0.10721541181951448,0.1421814,0.22883606,0.0006736500713418445,1062,1061,0.9990583804143126
29,7.893036,7.162689,-0.15416591684385061,-0.07406616,0.332489,-0.04695050502433614,1055,1049,0.9943127962085309
30,7.837799,7.408661,-0.19324189294245986,-0.055236816,0.24597168,-0.039075976098609244,1067,1058,0.9915651358950328
31,7.936249,7.5956726,-0.17196341449163413,0.09844971,0.18701172,0.02127847845082572,1070,1065,0.9953271028037384
32,8.020081,7.839325,-0.17582095260964287,0.08383179,0.24365234,-0.003857538118008738,1079,1075,0.9962928637627433
33,8.045898,8.031204,-0.1862383374621536,0.025817871,0.19187927,-0.010417384852510736,1086,1082,0.996316758747698
34,8.046753,8.238922,-0.2338443006706032,0.0008544922,0.2077179,-0.04760596320844959,1034,1027,0.9932301740812379
35,8.104279,8.483597,-0.2982140490064805,0.057525635,0.24467468,-0.06436974833587734,1090,1085,0.9954128440366973
36,8.155243,8.698013,-0.29349548616446924,0.050964355,0.2144165,0.004718562842011282,1091,1087,0.9963336388634281
37,8.044952,8.960083,-0.30524838565833,-0.11029053,0.2620697,-0.011752899493860788,1131,1129,0.9982316534040672
38,8.079681,9.055176,-0.30964846813759395,0.034729004,0.09509277,-0.004400082479263951,1121,1118,0.9973238180196253
39,8.12912,9.234512,-0.34040956449884596,0.049438477,0.17933655,-0.03076109636125199,1160,1155,0.9956896551724138
40,8.165161,9.295151,-0.3584685919108871,0.03604126,0.060638428,-0.018059027412041143,1171,1166,0.9957301451750641
41,8.227203,9.36438,-0.3822354265784697,0.062042236,0.069229126,-0.023766834667582618,1184,1179,0.995777027027027
42,8.17218,9.491928,-0.389615401063697,-0.055023193,0.12754822,-0.0073799744852272985,1178,1171,0.9940577249575552
43,8.06369,9.593018,-0.4082651157537981,-0.10848999,0.10108948,-0.01864971469010108,1200,1197,0.9975
44,8.031555,9.645035,-0.4193367199769546,-0.03213501,0.052017212,-0.011071604223156483,1213,1208,0.9958779884583677
45,7.955261,9.730896,-0.41259988554887395,-0.076293945,0.085861206,0.00673683442808064,1266,1263,0.9976303317535545
46,7.8557434,9.751633,-0.4230656153627088,-0.09951782,0.020736694,-0.010465729813834845,1262,1259,0.9976228209191759
47,7.8843994,9.666214,-0.42637035701887804,0.028656006,-0.0854187,-0.0033047416561692525,1272,1269,0.9976415094339622
48,7.7838745,9.666367,-0.4409055608100141,-0.1005249,0.00015258789,-0.014535203791136044,1348,1343,0.9962908011869436
49,7.706909,9.632843,-0.44701738247056294,-0.07696533,-0.03352356,-0.006111821660548841,1324,1322,0.9984894259818731
50,7.67276,9.505341,-0.4568957283517621,-0.03414917,-0.12750244,-0.009878345881199197,1432,1429,0.9979050279329609
51,7.618347,9.3710785,-0.45061158866958634,-0.05441284,-0.13426208,0.0062841396821758004,1175,1172,0.9974468085106383
52,7.5393677,9.302139,-0.4617087444882842,-0.07897949,-0.06893921,-0.01109715581869786,1077,1073,0.9962859795728877
53,7.5039673,9.311966,-0.44256944276146853,-0.03540039,0.00982666,0.019139301726815654,1054,1051,0.9971537001897534
54,7.4636536,9.286194,-0.43829893293280553,-0.04031372,-0.025772095,0.00427050982866302,1115,1112,0.9973094170403587
55,7.4361267,9.13089,-0.4003229081772068,-0.027526855,-0.15530396,0.037976024755598733,1067,1064,0.9971883786316776
56,7.457611,8.977615,-0.3824436831607575,0.021484375,-0.15327454,0.017879225016449313,958,955,0.9968684759916493
57,7.486389,8.816376,-0.3872616195481682,0.028778076,-0.16123962,-0.004817936387410654,1308,1306,0.9984709480122325
58,7.5494385,8.62059,-0.39137073130067734,0.06304932,-0.19578552,-0.004109111752509154,1188,1186,0.9983164983164983
59,7.6358337,8.249863,-0.39935206408575014,0.08639526,-0.37072754,-0.00798133278507278,1081,1080,0.9990749306197965
60,7.6112976,8.019455,-0.4157514763552731,-0.024536133,-0.23040771,-0.016399412269522937,1179,1178,0.9991518235793045
61,7.633362,7.919113,-0.4094813445304959,0.022064209,-0.1003418,0.006270131824777231,1347,1344,0.9977728285077951
62,7.62558,7.849457,-0.4101824465888741,-0.0077819824,-0.06965637,-0.0007011020583782121,1535,1533,0.9986970684039088
63,7.62265,7.771805,-0.41324204648728474,-0.0029296875,-0.07765198,-0.0030595998984106225,1438,1434,0.9972183588317107
64,7.601074,7.6518707,-0.4089128695457841,-0.021575928,-0.11993408,0.004329176941500664,1178,1175,0.9974533106960951
65,7.561798,7.5609436,-0.42463195934732634,-0.039276123,-0.090927124,-0.015719089801542237,1301,1297,0.9969254419677172
66,7.5305786,7.3200073,-0.4056560119888968,-0.031219482,-0.24093628,0.01897594735842954,1058,1057,0.999054820415879
67,7.4937134,7.1239777,-0.41511718901515343,-0.036865234,-0.19602966,-0.009461177026256663,1078,1074,0.9962894248608535
68,7.376587,6.9525604,-0.3973181535784751,-0.117126465,-0.17141724,0.017799035436678344,1048,1043,0.9952290076335878
69,7.3319397,6.7310486,-0.37870955488925134,-0.044647217,-0.22151184,0.018608598689223745,1267,1264,0.9976322020520916
70,7.2304993,6.4879456,-0.3919409841930949,-0.10144043,-0.24310303,-0.013231429303843568,1109,1107,0.9981965734896303
71,7.2057495,6.2630157,-0.3992356426215931,-0.024749756,-0.22492981,-0.007294658428498214,1140,1138,0.9982456140350877
72,7.0970154,6.053467,-0.4173904450302073,-0.10873413,-0.20954895,-0.018154802408614158,1060,1060,1.0
73,7.0467224,5.8668213,-0.408025512924001,-0.05029297,-0.18664551,0.009364932106206257,1076,1071,0.9953531598513011
74,7.008087,5.671814,-0.40427921111652576,-0.038635254,-0.19500732,0.003746301807475247,1078,1073,0.9953617810760668
75,7.010254,5.462845,-0.4041487448899637,0.002166748,-0.20896912,0.0001304662265620256,1016,1011,0.9950787401574803
76,7.029785,5.18013,-0.40832676541370644,0.01953125,-0.28271484,-0.0041780205237427,1032,1028,0.9961240310077519
77,7.051697,4.9196625,-0.42656621432969,0.021911621,-0.26046753,-0.018239448915983558,998,994,0.9959919839679359
78,7.178711,4.4960938,-0.44187208233932496,0.12701416,-0.42356873,-0.015305868009634953,998,987,0.9889779559118237
79,7.323944,4.136902,-0.469734816727357,0.14523315,-0.3591919,-0.027862734388032037,994,990,0.9959758551307847
80,7.5655212,3.7576141,-0.4803674759481569,0.24157715,-0.37928772,-0.010632659220799891,962,958,0.9958419958419958
81,7.779114,3.4945984,-0.5078696237516271,0.21359253,-0.26301575,-0.027502147803470312,971,966,0.9948506694129763
82,8.026611,3.2831573,-0.551093810622567,0.24749756,-0.21144104,-0.043224186870939825,923,915,0.991332611050921
83,8.295288,3.1441498,-0.5823510872258556,0.26867676,-0.13900757,-0.03125727660328856,928,925,0.9967672413793104
84,8.554382,3.072754,-0.669593405465,0.25909424,-0.071395874,-0.08724231823914441,907,897,0.9889746416758545
85,8.807312,3.0341034,-0.6891351031239032,0.2529297,-0.038650513,-0.01954169765890328,898,896,0.9977728285077951
86,8.941467,3.0185852,-0.7115557307952167,0.13415527,-0.0155181885,-0.022420627671313437,864,859,0.9942129629629629
87,9.0503235,3.094345,-0.75078579560159,0.1088562,0.07575989,-0.03923006480637324,871,864,0.9919632606199771
88,9.261475,3.1059418,-0.7664318696624414,0.21115112,0.01159668,-0.01564607406085139,847,841,0.9929161747343566
89,9.543518,3.1351776,-0.7978671976812834,0.28204346,0.02923584,-0.031435328018842065,835,828,0.9916167664670659
90,9.774414,3.2979736,-0.8530048051306899,0.230896,0.16279602,-0.05513760744940643,858,856,0.9976689976689976
91,10.066162,3.4348602,-0.8703865227670667,0.29174805,0.1368866,-0.017381717636376907,854,849,0.9941451990632318
92,10.315216,3.6774597,-0.9088455730823842,0.24905396,0.24259949,-0.03845905031531753,854,852,0.9976580796252927
93,10.642578,3.7755432,-0.9369155805041105,0.32736206,0.098083496,-0.028070007421726252,799,792,0.9912390488110138
94,10.998352,3.9641724,-0.9717875555949553,0.35577393,0.18862915,-0.034871975090844776,794,790,0.9949622166246851
95,11.490448,4.148758,-0.9452850006487702,0.49209595,0.18458557,0.026502554946185176,815,812,0.996319018404908
96,11.813812,4.274353,-0.9957748129703726,0.32336426,0.1255951,-0.05048981232160241,821,814,0.9914738124238733
97,12.088837,4.39653,-1.0322857667982592,0.2750244,0.122177124,-0.03651095382788671,814,806,0.9901719901719902
98,12.479675,4.4382477,-1.061610782782842,0.39083862,0.04171753,-0.029325015984582748,818,812,0.9926650366748166
99,12.805664,4.4665375,-1.1055340613379236,0.32598877,0.028289795,-0.04392327855508152,809,806,0.9962917181705809
100,13.045624,4.5653687,-1.1689652599392943,0.23995972,0.09883118,-0.06343119860137066,798,791,0.9912280701754386
101,13.265808,4.7317657,-1.2097687800905983,0.22018433,0.1663971,-0.040803520151303924,862,851,0.9872389791183295
102,13.354248,4.8052826,-1.308876580947846,0.08843994,0.073516846,-0.09910780085724759,818,814,0.9951100244498777
103,13.371826,4.8841553,-1.4246533115046482,0.017578125,0.07887268,-0.11577673055680227,765,754,0.9856209150326798
104,13.346924,5.1039276,-1.4669035780305135,-0.024902344,0.21977234,-0.042250266525865214,782,777,0.9936061381074168
105,13.18808,5.5052185,-1.485619290508047,-0.158844,0.4012909,-0.018715712477533532,783,776,0.9910600255427842
106,13.163879,5.7187347,-1.5588053822152446,-0.02420044,0.21351624,-0.07318609170719752,827,823,0.9951632406287787
107,13.243683,5.8871613,-1.5813542665664124,0.07980347,0.16842651,-0.02254888435116778,804,799,0.9937810945273632
108,13.106262,5.874283,-1.7219200415074711,-0.13742065,-0.012878418,-0.14056577494105868,841,837,0.995243757431629
109,13.037659,5.9827576,-1.8026365450548687,-0.068603516,0.10847473,-0.08071650354739748,841,837,0.995243757431629
110,13.099274,6.0698395,-1.803553656092625,0.06161499,0.08708191,-0.0009171110377563505,785,779,0.9923566878980892
111,13.067322,6.165909,-1.901581194099418,-0.031951904,0.096069336,-0.09802753800679288,827,815,0.9854897218863361
112,13.015686,6.4349976,-1.965666276315149,-0.051635742,0.26908875,-0.06408508221573085,851,845,0.9929494712103408
113,13.012146,6.7084656,-2.038401572581814,-0.003540039,0.27346802,-0.07273529626666506,873,867,0.993127147766323
114,13.002228,6.9824677,-2.131451203168366,-0.009918213,0.27400208,-0.09304963058655193,857,851,0.9929988331388565
115,12.962097,7.3836365,-2.2327033552856648,-0.040130615,0.40116882,-0.10125215211729895,815,804,0.9865030674846625
116,13.144867,7.7529907,-2.2962896914594917,0.18276978,0.36935425,-0.06358633617382708,843,835,0.9905100830367735
117,13.212921,8.024811,-2.3416816048777953,0.0680542,0.27182007,-0.045391913418303564,883,877,0.9932049830124575
118,13.291473,8.240112,-2.422571683426557,0.078552246,0.21530151,-0.08089007854876182,870,859,0.9873563218390805
119,13.376862,8.396927,-2.459644547467306,0.08538818,0.15681458,-0.03707286404074903,850,843,0.991764705882353
120,13.517334,8.609802,-2.542074460761332,0.14047241,0.21287537,-0.08242991329402619,891,882,0.98989898989899
121,13.555786,8.8307495,-2.6171889054560475,0.03845215,0.22094727,-0.07511444469471532,875,868,0.992
122,13.57724,8.988922,-2.7197612657854555,0.021453857,0.1581726,-0.10257236032940781,852,845,0.9917840375586855
123,13.649963,9.057938,-2.806029466430724,0.07272339,0.0690155,-0.08626820064526827,853,848,0.9941383352872216
124,13.599243,9.221039,-2.896051375330475,-0.050720215,0.1631012,-0.0900219088997513,898,891,0.9922048997772829
125,13.667877,9.307266,-2.9442768590540176,0.06863403,0.08622742,-0.04822548372354236,893,884,0.9899216125419933
126,13.687653,9.324387,-3.021072074078498,0.01977539,0.017120361,-0.07679521502448063,861,853,0.9907084785133565
127,13.640472,9.406021,-3.099987516661607,-0.047180176,0.08163452,-0.07891544258310865,891,881,0.9887766554433222
128,13.551147,9.393082,-3.217371038998097,-0.08932495,-0.012939453,-0.11738352233649026,913,908,0.9945235487404163
129,13.481049,9.261307,-3.36667008537919,-0.07009888,-0.1317749,-0.1492990463810928,953,943,0.9895068205666316
130,13.559021,9.249832,-3.399033517590179,0.07797241,-0.011474609,-0.03236343221098872,908,902,0.9933920704845814
131,13.764832,9.386383,-3.7020290096302486,0.20581055,0.1365509,-0.3029954920400697,884,879,0.994343891402715
132,13.818848,9.472931,-3.7585401037150867,0.054016113,0.08654785,-0.05651109408483808,948,944,0.9957805907172996
133,13.795898,9.53009,-3.8420442224813542,-0.022949219,0.057159424,-0.08350411876626748,924,918,0.9935064935064936
134,13.899963,9.446594,-3.857769077420278,0.10406494,-0.083496094,-0.015724854938923814,957,947,0.9895506792058516
135,13.945892,9.6302185,-3.917354966884171,0.045928955,0.18362427,-0.05958588946389291,962,952,0.9896049896049897
136,14.08844,9.577957,-4.186754196900869,0.1425476,-0.052261353,-0.26939923001669747,993,986,0.9929506545820745
137,14.034332,9.688217,-4.174313389886987,-0.054107666,0.11026001,0.012440807013881066,975,971,0.9958974358974358
138,14.115875,9.729416,-4.226501473610167,0.08154297,0.04119873,-0.05218808372317972,944,937,0.9925847457627118
139,14.267578,9.782959,-4.240413631365953,0.15170288,0.05354309,-0.013912157755785448,998,990,0.9919839679358717
140,14.375732,9.827362,-4.271461878015554,0.1081543,0.044403076,-0.031048246649601614,1025,1018,0.9931707317073171
141,14.427887,9.807327,-4.305900928779058,0.05215454,-0.02003479,-0.034439050763504835,1009,1002,0.9930624380574826
142,14.502075,9.839859,-4.334870472552954,0.07418823,0.03253174,-0.028969543773895212,1032,1021,0.9893410852713178
143,14.558228,9.88353,-4.367941579728056,0.056152344,0.043670654,-0.03307110717510261,1053,1045,0.9924026590693258
144,14.607361,9.933502,-4.445820703395578,0.0491333,0.049972534,-0.07787912366752206,1050,1046,0.9961904761904762
145,14.649567,10.0890045,-4.5439827246400695,0.04220581,0.15550232,-0.09816202124449214,1076,1070,0.9944237918215614
146,14.664459,10.139023,-4.55137595218311,0.014892578,0.05001831,-0.007393227543040443,1074,1065,0.9916201117318436
147,14.80661,10.264557,-4.579219828038623,0.14215088,0.12553406,-0.027843875855512075,1072,1067,0.9953358208955224
148,14.917725,10.450806,-4.598177459061849,0.1111145,0.18624878,-0.018957631023226423,1098,1095,0.9972677595628415
149,14.906067,10.646683,-4.6723147021805715,-0.011657715,0.19587708,-0.07413724311872306,1107,1103,0.996386630532972
150,15.069183,10.701523,-4.72895053497197,0.16311646,0.054840088,-0.05663583279139827,1080,1070,0.9907407407407407
151,15.068298,10.867584,-4.705015603201794,-0.00088500977,0.1660614,0.02393493177017581,1085,1077,0.992626728110599
152,14.990875,11.047592,-4.769954973023776,-0.077423096,0.18000793,-0.0649393698219822,1084,1079,0.9953874538745388
153,14.904999,11.1698,-4.7508026764921105,-0.085876465,0.12220764,0.0191522965316655,1100,1091,0.9918181818181818
154,14.881866,11.272491,-4.758496157178227,-0.023132324,0.10269165,-0.007693480686115998,1127,1122,0.9955634427684117
155,14.80954,11.348801,-4.859521706492738,-0.07232666,0.076309204,-0.10102554931451077,1105,1103,0.9981900452488688
156,14.748657,11.452286,-4.86916078431383,-0.06088257,0.10348511,-0.009639077821092024,1104,1100,0.9963768115942029
157,14.618988,11.5633545,-4.851884679010535,-0.12966919,0.111068726,0.017276105303294383,1118,1109,0.9919499105545617
158,14.554779,11.528351,-4.868927676473649,-0.064208984,-0.035003662,-0.017042997463114037,1089,1084,0.9954086317722681
159,14.329895,11.598236,-4.853038315072944,-0.22488403,0.069885254,0.015889361400704835,1110,1101,0.9918918918918919
160,14.280273,11.568451,-4.868794270561107,-0.049621582,-0.029785156,-0.0157559554881628,1129,1123,0.9946855624446412
161,14.155731,11.536682,-4.869463884545669,-0.12454224,-0.0317688,-0.0006696139845618399,1128,1122,0.9946808510638298
162,14.021912,11.525955,-4.9336511619600385,-0.13381958,-0.010726929,-0.06418727741436964,1124,1112,0.9893238434163701
163,13.9210205,11.521576,-4.9488683442765184,-0.10089111,-0.0043792725,-0.015217182316480286,1139,1133,0.9947322212467077
164,13.761688,11.556519,-4.911177303540697,-0.15933228,0.034942627,0.03769104073582111,1118,1108,0.9910554561717353
165,13.643951,11.582184,-4.901873026928284,-0.11773682,0.025665283,0.00930427661241322,1146,1139,0.993891797556719
166,13.54187,11.625977,-4.892154347744663,-0.1020813,0.043792725,0.009718679183620401,1151,1144,0.9939183318853171
167,13.45105,11.691605,-4.913139285372984,-0.09082031,0.06562805,-0.020984937628321126,1205,1195,0.991701244813278
168,13.371521,11.7560425,-4.901770829989972,-0.07952881,0.064437866,0.011368455383012555,1204,1199,0.9958471760797342
169,13.338196,11.770096,-4.923502988079019,-0.033325195,0.014053345,-0.021732158089046452,1206,1199,0.9941956882255389
170,13.283813,11.782761,-4.953881022689307,-0.054382324,0.012664795,-0.030378034610288377,1241,1234,0.9943593875906527
171,13.282318,11.804596,-4.951733644803669,-0.0014953613,0.021835327,0.0021473778856381156,1278,1271,0.9945226917057903
172,13.255188,11.826233,-4.98218128470287,-0.027130127,0.021636963,-0.030447639899201028,1357,1353,0.9970523212969786
173,13.233032,11.820633,-4.987962169194675,-0.022155762,-0.0055999756,-0.005780884491804976,1402,1396,0.9957203994293866
174,13.230804,11.804443,-4.980136550046078,-0.0022277832,-0.016189575,0.007825619148597095,1391,1387,0.9971243709561467
175,13.201599,11.799988,-4.994963713450569,-0.029205322,-0.0044555664,-0.014827163404491419,1579,1575,0.9974667511082964
176,13.197113,11.823746,-4.98531090969519,-0.004486084,0.023757935,0.009652803755378435,1580,1580,1.0
177,13.16217,11.840683,-5.004119150191521,-0.034942627,0.016937256,-0.018808240496330317,1576,1573,0.9980964467005076
178,13.15686,11.916016,-4.988225020987281,-0.0053100586,0.07533264,0.015894129204239934,1514,1512,0.9986789960369881
179,13.152161,11.951141,-4.96946314823883,-0.004699707,0.035125732,0.018761872748451223,1612,1609,0.9981389578163772
180,13.141815,11.967224,-4.965987175357898,-0.010345459,0.016082764,0.00347597288093245,1656,1653,0.9981884057971014
181,13.1510315,11.966141,-4.962317969124106,0.009216309,-0.001083374,0.0036692062337921674,1654,1651,0.998186215235792
182,13.169586,11.966309,-4.955284071451055,0.018554688,0.00016784668,0.007033897673051025,1644,1640,0.9975669099756691
183,13.167511,11.972687,-4.950495432686386,-0.0020751953,0.006378174,0.0047886387646686925,1652,1651,0.9993946731234867
184,13.169769,11.942795,-4.960131839275355,0.0022583008,-0.029891968,-0.009636406588968052,1571,1567,0.9974538510502864
185,13.194061,11.906342,-4.96035153660806,0.024291992,-0.036453247,-0.0002196973327060909,1514,1510,0.9973579920739762
186,13.222382,11.836548,-4.957906565803627,0.028320312,-0.0697937,0.002444970804433206,1502,1498,0.9973368841544608
187,13.203583,11.646896,-4.491576441588755,-0.018798828,-0.18965149,0.466330124214872,1078,1073,0.9953617810760668
188,13.633911,10.938339,0.7420755521687692,0.43032837,-0.7085571,5.233651993757524,760,749,0.9855263157894737
189,14.059082,10.085129,6.902384315896992,0.4251709,-0.85321045,6.160308763728223,796,790,0.992462311557789
190,14.274933,9.411438,13.549538333085058,0.21585083,-0.6736908,6.6471540171880665,741,734,0.99055330634278
191,14.581818,8.807556,20.1092904362229,0.30688477,-0.60388184,6.559752103137843,727,720,0.9903713892709766
192,14.579529,8.061661,26.697756109998274,-0.0022888184,-0.7458954,6.588465673775376,767,757,0.9869621903520208
193,14.684448,7.35614,33.39045182777215,0.10491943,-0.70552063,6.692695717773875,809,804,0.9938195302843016
194,14.738098,6.484787,40.03852251858285,0.053649902,-0.87135315,6.648070690810709,834,826,0.9904076738609112
195,14.674774,5.287491,46.589600627472755,-0.063323975,-1.1972961,6.551078108889905,797,784,0.9836888331242158
196,14.6631775,3.996872,53.286253362280554,-0.01159668,-1.2906189,6.696652734807801,830,818,0.9855421686746988
197,14.57428,2.5956726,59.95128757659461,-0.088897705,-1.4011993,6.6650342143140575,841,831,0.9881093935790726
198,14.643158,1.1851349,66.63800749069684,0.068878174,-1.4105377,6.686719914102228,816,798,0.9779411764705882
199,14.745026,-0.17749023,73.36305878818482,0.101867676,-1.3626251,6.725051297487976,759,746,0.9828722002635046
200,14.807251,-1.6071472,79.98130104455028,0.06222534,-1.429657,6.618242256365463,799,775,0.9699624530663329
201,15.065796,-2.649109,86.55136933450767,0.25854492,-1.0419617,6.570068289957388,786,775,0.9860050890585241
202,15.425537,-3.2382507,93.22939520688519,0.3597412,-0.58914185,6.678025872377522,700,682,0.9742857142857143
203,15.901398,-3.4105225,99.88509791456893,0.4758606,-0.17227173,6.655702707683749,664,653,0.983433734939759
204,16.362854,-3.1571045,106.59262538019124,0.4614563,0.25341797,6.707527465622304,658,646,0.9817629179331308
205,16.89096,-2.9920654,113.1286216256948,0.5281067,0.16503906,6.535996245503575,597,589,0.9865996649916248
206,17.15451,-2.5613098,118.74974349649973,0.2635498,0.43075562,5.621121870804929,679,658,0.9690721649484536
207,17.497345,-1.7285614,123.13351841143461,0.34283447,0.8327484,4.383774914934869,793,781,0.9848675914249685
208,17.740662,-0.6248779,126.09259796867251,0.24331665,1.1036835,2.9590795572378963,809,794,0.9814585908529048
209,17.938904,0.8090515,127.65893754148514,0.19824219,1.4339294,1.566339572812634,927,918,0.9902912621359223
210,18.063812,2.3968048,128.54885482162456,0.12490845,1.5877533,0.889917280139406,930,920,0.989247311827957
211,18.046967,4.3309937,129.11338132841607,-0.016845703,1.9341888,0.5645265067915104,1002,992,0.9900199600798403
212,18.075256,6.4538574,129.38897443168156,0.028289795,2.1228638,0.27559310326548403,998,984,0.9859719438877755
213,18.10379,8.736771,129.56598818483528,0.028533936,2.2829132,0.1770137531537051,1042,1032,0.9904030710172744
214,18.112396,11.265305,129.60730647544958,0.008605957,2.528534,0.04131829061429089,1084,1069,0.9861623616236163
215,18.072968,14.042435,129.58214663045155,-0.03942871,2.7771301,-0.02515984499803554,1094,1084,0.9908592321755028
216,17.990479,16.962967,129.54293466095982,-0.08248901,2.9205322,-0.039211969491719526,1119,1108,0.9901697944593387
217,17.888489,20.127869,129.409016772893,-0.101989746,3.1649017,-0.1339178880668071,950,939,0.988421052631579
218,17.900574,23.337646,129.09637370420285,0.012084961,3.2097778,-0.31264306869016667,1018,1008,0.9901768172888016
219,17.743713,26.816696,128.8073057477064,-0.15686035,3.4790497,-0.28906795649644623,965,954,0.9886010362694301
220,17.546753,30.327957,128.45543638311867,-0.19696045,3.511261,-0.3518693645877421,900,888,0.9866666666666667
221,17.334686,34.26474,128.06384102703768,-0.21206665,3.9367828,-0.3915953560809871,968,956,0.987603305785124
222,16.958862,38.260056,127.62012594621658,-0.37582397,3.9953156,-0.44371508082110533,882,863,0.9784580498866213
223,16.711975,42.35669,127.30730146730322,-0.2468872,4.096634,-0.3128244789133545,918,909,0.9901960784313726
224,16.266144,46.916412,126.98581113067584,-0.4458313,4.559723,-0.3214903366273838,896,883,0.9854910714285714
225,16.065826,51.469162,126.8188064731561,-0.20031738,4.5527496,-0.16700465751973945,898,887,0.987750556792873
226,15.763275,56.201035,126.59098780200677,-0.30255127,4.7318726,-0.22781867114933413,943,934,0.9904559915164369
227,15.274109,61.138092,126.3486879468987,-0.48916626,4.9370575,-0.24229985510806318,868,850,0.9792626728110599
228,14.887817,66.17894,126.14214525908538,-0.3862915,5.040848,-0.20654268781331933,838,820,0.9785202863961814
229,14.533752,71.434296,125.92833214137345,-0.35406494,5.255356,-0.21381311771193673,900,883,0.9811111111111112
230,14.2256775,77.02074,125.58376121216138,-0.30807495,5.586441,-0.34457092921206917,907,892,0.9834619625137817
231,13.799072,82.71779,125.2289178842294,-0.42660522,5.697052,-0.35484332793197526,952,941,0.9884453781512605
232,13.492706,88.54907,125.02700219536702,-0.30636597,5.8312836,-0.20191568886239047,929,918,0.9881593110871906
233,12.951416,94.53169,124.68173461576895,-0.5412903,5.9826202,-0.3452675795980743,928,915,0.9859913793103449
234,12.591156,100.54027,124.51169814939631,-0.36026,6.0085754,-0.17003646637264302,925,909,0.9827027027027027
235,12.075287,106.73573,124.27234274447243,-0.51586914,6.195465,-0.23935540492388135,918,905,0.985838779956427
236,11.564423,112.911316,124.0515644007615,-0.51086426,6.175583,-0.22077834371091962,942,933,0.9904458598726115
237,11.270447,119.018555,123.83075530989898,-0.29397583,6.107239,-0.22080909086252892,848,831,0.9799528301886793
238,10.853912,125.27666,123.54411398668731,-0.41653442,6.2581024,-0.2866413232116683,889,879,0.9887514060742407
239,10.433289,131.38797,123.34183668433212,-0.42062378,6.111313,-0.20227730235518432,905,887,0.980110497237569
240,10.025513,137.49748,123.1442444490645,-0.40777588,6.1095123,-0.19759223526761405,899,889,0.9888765294771968
241,9.638214,143.54565,122.96467788474267,-0.38729858,6.048172,-0.17956656432182858,846,835,0.9869976359338062
242,9.26767,149.588,122.76204433184712,-0.37054443,6.042343,-0.20263355289555401,913,901,0.9868565169769989
243,8.964935,155.34601,122.60275029047693,-0.30273438,5.758011,-0.15929404137018469,916,898,0.980349344978166
244,8.56897,161.1685,122.26453139896823,-0.39596558,5.8224945,-0.3382188915086996,943,931,0.9872746553552492
245,8.213104,166.79929,122.14682465751042,-0.35586548,5.630783,-0.1177067414578125,944,934,0.989406779661017
246,7.815155,172.32478,122.03011957812649,-0.39794922,5.5254974,-0.1167050793839352,899,888,0.9877641824249166
247,7.462433,177.82672,121.9175805778545,-0.35272217,5.501938,-0.11253900027198765,930,919,0.9881720430107527
248,7.161957,183.4217,121.80816134849815,-0.30047607,5.594986,-0.10941922935635309,952,940,0.9873949579831933
249,6.791687,188.96657,121.65191230706361,-0.37026978,5.544861,-0.1562490414345297,923,913,0.9891657638136512
250,6.475067,194.53174,121.49189385311342,-0.31661987,5.5651703,-0.16001845395018494,917,903,0.9847328244274809
251,6.175537,200.1475,121.36685346412824,-0.29953003,5.6157684,-0.12504038898518505,941,927,0.9851222104144527
252,5.8529053,205.68819,121.24526807868091,-0.32263184,5.54068,-0.12158538544733248,941,929,0.9872476089266737
253,5.609131,211.22252,121.13299045088642,-0.24377441,5.5343323,-0.11227762779448652,956,944,0.9874476987447699
254,5.3020325,217.02336,120.84427461090276,-0.3070984,5.8008423,-0.2887158399836698,880,870,0.9886363636363636
255,4.973816,222.71596,120.67711297484291,-0.32821655,5.6925964,-0.16716163605983866,904,890,0.9845132743362832
256,4.660553,228.31502,120.53020620023833,-0.31326294,5.59906,-0.146906774604585,887,880,0.992108229988726
257,4.258972,233.90909,120.41456611392098,-0.4015808,5.5940704,-0.11564008631733928,902,894,0.991130820399113
258,4.0958557,239.48798,120.30980577430917,-0.16311646,5.578888,-0.10476033961182181,881,864,0.9807037457434733
259,3.8182983,245.11018,120.1808090352544,-0.27755737,5.6222076,-0.12899673905476672,895,876,0.9787709497206704
260,3.5639954,250.60597,120.08703250290215,-0.25430298,5.4957886,-0.09377653235225479,895,884,0.9877094972067039
261,3.3365173,256.0546,119.9777443303692,-0.22747803,5.4486237,-0.10928817253294605,931,910,0.9774436090225563
262,3.0729675,261.54285,119.89978677576131,-0.2635498,5.4882507,-0.07795755460789117,907,881,0.9713340683572216
263,2.7823792,267.0255,119.74258075303361,-0.29058838,5.482666,-0.1572060227277108,978,969,0.99079754601227
264,2.5917664,272.34198,119.66651661571385,-0.1906128,5.3164673,-0.07606413731976587,934,924,0.9892933618843683
265,2.4016113,277.7247,119.59023944759417,-0.19015503,5.382721,-0.07627716811967053,953,942,0.9884575026232949
266,2.1670837,283.08307,119.5033239075949,-0.23452759,5.358368,-0.08691553999927285,950,939,0.988421052631579
267,2.0777283,288.49188,119.41752427294311,-0.08935547,5.408798,-0.08579963465178697,1066,1050,0.9849906191369606
268,1.9849854,293.7525,119.37671218424083,-0.09274292,5.260605,-0.04081208870228817,1004,987,0.9830677290836654
269,1.8096313,299.1772,119.43318751302041,-0.175354,5.4246674,0.056475328779580135,995,979,0.9839195979899498
270,1.6174011,304.51593,119.33893428901688,-0.19223022,5.3387604,-0.09425322400353692,957,943,0.9853709508881923
271,1.4641418,309.74387,119.26281810508507,-0.15325928,5.227936,-0.07611618393180808,1051,1036,0.9857278782112274
272,1.3879395,315.08356,119.21149906457681,-0.07620239,5.339676,-0.051319040508266724,1032,1017,0.9854651162790697
273,1.2996521,320.57544,119.08018827471783,-0.08828735,5.4918823,-0.13131078985898514,1009,993,0.9841427155599604
274,1.190094,325.81076,119.01524229770446,-0.109558105,5.235321,-0.06494597701337233,990,975,0.9848484848484849
275,0.96765137,331.08038,118.92564523997082,-0.22244263,5.269638,-0.0895970577336434,983,964,0.9806714140386572
276,0.8417969,336.42358,118.89417642554706,-0.12585449,5.3431854,-0.03146881442375656,967,956,0.9886246122026887
277,0.7709656,341.62195,118.8543584196471,-0.0708313,5.1983795,-0.03981800589995687,1001,985,0.984015984015984
278,0.6321106,346.65582,118.81293621298657,-0.13885498,5.03389,-0.041422206660533104,947,931,0.9831045406546991
279,0.5177002,351.6183,118.81685085955385,-0.1144104,4.9624786,0.003914646567278348,933,916,0.9817792068595927
280,0.42800903,356.31006,118.75363390586126,-0.08969116,4.691757,-0.06321695369258225,904,890,0.9845132743362832
281,0.4069214,360.7519,118.72053504435048,-0.021087646,4.4418335,-0.03309886151077585,920,899,0.9771739130434782
282,0.31246948,365.11456,118.67476691356254,-0.094451904,4.362686,-0.04576813078795324,960,953,0.9927083333333333
283,0.3019104,369.22375,118.64538233488808,-0.010559082,4.1091766,-0.02938457867445919,1018,1002,0.9842829076620825
284,0.24505615,373.33752,118.57856738249421,-0.056854248,4.1137543,-0.06681495239387562,1012,1004,0.9920948616600791
285,0.21533203,377.1772,118.5720854166752,-0.029724121,3.8396606,-0.006481965819019107,952,940,0.9873949579831933
286,0.122161865,380.83655,118.52187021844206,-0.093170166,3.6593475,-0.0502151982331364,965,951,0.9854922279792746
287,0.07992554,384.38434,118.51256431722366,-0.042236328,3.5477905,-0.009305901218399353,953,928,0.9737670514165793
288,0.082214355,387.8758,118.45883121653014,0.0022888184,3.491455,-0.05373310069351545,972,958,0.98559670781893
289,0.032318115,391.30127,118.4074049610478,-0.04989624,3.4254913,-0.051426255482347,1046,1032,0.9866156787762906
290,-0.028747559,394.56964,118.37353003499953,-0.061065674,3.2683716,-0.03387492604826368,1048,1037,0.9895038167938931
291,-0.091918945,397.81274,118.29961743562679,-0.06317139,3.2431183,-0.07391259937274151,1044,1036,0.9923371647509579
292,-0.12017822,401.10126,118.24490811329146,-0.028259277,3.288498,-0.05470932233532508,1091,1075,0.9853345554537122
293,-0.20724487,404.28754,118.19777691960327,-0.08706665,3.1862793,-0.047131193688191964,1074,1055,0.9823091247672253
294,-0.29711914,407.37524,118.17357707510722,-0.08987427,3.0877228,-0.02419984449605586,1043,1032,0.9894534995206136
295,-0.34545898,410.3629,118.15784244757113,-0.048339844,2.987671,-0.015734627536095235,1048,1035,0.9875954198473282
296,-0.3534851,412.98602,118.19465344811366,-0.008026123,2.6230927,0.03681100054252293,1031,1021,0.9903006789524733
297,-0.3633423,415.53345,118.1539698743657,-0.009857178,2.5474243,-0.040683573747960666,1017,1006,0.9891838741396264
298,-0.45947266,418.02167,118.12629571282292,-0.09613037,2.488205,-0.027674161542781843,1033,1021,0.9883833494675702
299,-0.5455322,420.28687,118.08921184856236,-0.08605957,2.265213,-0.0370838642605603,1086,1076,0.990791896869245
300,-0.58187866,422.5177,118.03924560231711,-0.036346436,2.2308502,-0.049966246245244636,1142,1136,0.9947460595446584
301,-0.7159729,424.63647,117.98359534139918,-0.13409424,2.1187744,-0.0556502609179326,1093,1080,0.9881061299176578
302,-0.8069763,426.69006,117.95279819155826,-0.09100342,2.0535889,-0.03079714984091901,1082,1067,0.9861367837338263
303,-0.81762695,428.76477,117.90664254512198,-0.010650635,2.074707,-0.04615564643626935,1143,1134,0.9921259842519685
304,-0.92489624,430.82288,117.83926473174314,-0.10726929,2.0581207,-0.06737781337884118,1054,1036,0.9829222011385199
305,-0.9732361,432.5972,117.80487311925783,-0.048339844,1.7743225,-0.034391612485307255,1072,1061,0.9897388059701493
306,-1.0391846,434.36066,117.76114263812138,-0.06594849,1.7634735,-0.04373048113644474,1080,1066,0.987037037037037
307,-1.1727295,436.03455,117.68525296970616,-0.13354492,1.6739044,-0.07588966841523104,1064,1044,0.981203007518797
308,-1.2571106,437.57028,117.64273961717572,-0.0843811,1.5357361,-0.04251335253043773,1147,1135,0.9895379250217959
309,-1.3114319,438.99677,117.57974458106358,-0.05432129,1.4264679,-0.06299503611213512,1163,1152,0.9905417024935511
310,-1.3300781,440.46796,117.46072966664734,-0.01864624,1.4711914,-0.11901491441623507,1183,1176,0.9940828402366864
311,-1.3634949,441.70883,117.43922805722458,-0.033416748,1.2408752,-0.02150160942275232,1215,1205,0.9917695473251029
312,-1.4768982,442.9704,117.37935469375627,-0.11340332,1.2615662,-0.059873363468307676,1282,1269,0.9898595943837754
313,-1.4852905,444.31128,117.34973320797145,-0.008392334,1.3408661,-0.02962148578481057,1180,1172,0.9932203389830508
314,-1.5579224,445.5522,117.2844550486724,-0.072631836,1.2409058,-0.06527815929905795,1247,1232,0.9879711307137129
315,-1.648529,446.66843,117.24141118862158,-0.09060669,1.1162415,-0.043043860050816285,1235,1227,0.9935222672064777
316,-1.6736145,447.6479,117.17464327823228,-0.02508545,0.9794769,-0.06676791038929529,1176,1164,0.9897959183673469
317,-1.6900635,448.3942,117.08769067743546,-0.016448975,0.7463074,-0.08695260079681813,1194,1189,0.9958123953098827
318,-1.6950684,449.00336,117.0223940891771,-0.005004883,0.6091461,-0.065296588258363,1178,1166,0.9898132427843803
319,-1.7155762,449.48563,116.9077958310295,-0.020507812,0.4822693,-0.11459825814759023,1215,1189,0.9786008230452675
320,-1.6931152,449.8576,116.83105756390246,0.022460938,0.37197876,-0.07673826712704292,1225,1215,0.9918367346938776
321,-1.6687317,450.21423,116.75943608465982,0.024383545,0.35661316,-0.07162147924263496,1272,1262,0.9921383647798742
322,-1.643158,450.4642,116.70217593511548,0.02557373,0.24996948,-0.05726014954435455,1425,1417,0.9943859649122807
323,-1.6203003,450.57016,116.67049215065717,0.022857666,0.10595703,-0.031683784458302,1500,1494,0.996
324,-1.5984192,450.6068,116.65680692431225,0.021881104,0.036636353,-0.013685226344919655,1615,1604,0.993188854489164
325,-1.5899658,450.65466,116.63485730635486,0.008453369,0.04786682,-0.021949617957382418,1651,1647,0.9975772259236826
326,-1.5863953,450.72647,116.61296873016337,0.0035705566,0.07180786,-0.021888576191491652,1661,1656,0.9969897652016857
327,-1.5802002,450.77914,116.58894564884216,0.0061950684,0.05267334,-0.024023081321224948,1600,1592,0.995
328,-1.5769958,450.85797,116.56691426339192,0.0032043457,0.07884216,-0.022031385450237695,1554,1551,0.9980694980694981
329,-1.5551147,450.94107,116.55728306408403,0.021881104,0.083099365,-0.009631199307890108,1500,1494,0.996
330,-1.5730896,451.07156,116.53373302215752,-0.017974854,0.13049316,-0.023550041926513658,1460,1452,0.9945205479452055
331,-1.5664673,451.18933,116.5128753560764,0.0066223145,0.117752075,-0.02085766608111858,1410,1402,0.9943262411347518
332,-1.5072632,451.4414,116.47240579509099,0.0592041,0.25205994,-0.04046956098541838,1221,1215,0.995085995085995
333,-1.5447998,451.5039,116.4553442543799,-0.03753662,0.06248474,-0.017061540711096872,1556,1551,0.9967866323907455
334,-1.532135,451.63452,116.36382056687728,0.012664795,0.13059998,-0.09152368750261726,1267,1257,0.9921073401736386
335,-1.5390015,451.5968,116.11003146856137,-0.006866455,-0.037734985,-0.2537890983159018,1115,1098,0.9847533632286996
336,-1.5288696,451.64648,115.84049666583071,0.010131836,0.049697876,-0.26953480273066366,1094,1088,0.9945155393053017
337,-1.5330505,451.67255,115.59563894279223,-0.004180908,0.02607727,-0.24485772303847755,1122,1113,0.9919786096256684
338,-1.5230408,451.72845,115.43457236084632,0.010009766,0.055892944,-0.16106658194592366,1164,1153,0.9905498281786942
339,-1.5119629,451.82245,115.30873591947073,0.011077881,0.0940094,-0.1258364413755849,1246,1238,0.9935794542536116
340,-1.5101013,451.86942,115.24307025767027,0.0018615723,0.046966553,-0.06566566180047204,1280,1267,0.98984375
341,-1.5299683,452.01453,115.14421259480392,-0.019866943,0.14511108,-0.09885766286635189,1370,1358,0.9912408759124087
342,-1.5421753,452.15546,115.06118118306416,-0.012207031,0.14094543,-0.08303141173975047,1446,1437,0.9937759336099585
343,-1.5315552,452.3542,114.96187902905724,0.010620117,0.19871521,-0.09930215400691621,1472,1465,0.9952445652173914
344,-1.528595,452.59192,114.8730217537473,0.002960205,0.23771667,-0.08885727530994389,1482,1471,0.9925775978407557
345,-1.4718018,452.938,114.77221084361675,0.056793213,0.34606934,-0.10081091013054178,1376,1369,0.9949127906976745
346,-1.4525452,453.38544,114.66228534647293,0.019256592,0.44743347,-0.1099254971438252,1266,1260,0.995260663507109
347,-1.4309082,453.87952,114.55721284143443,0.021636963,0.49409485,-0.10507250503849451,1184,1171,0.9890202702702703
348,-1.425293,454.39886,114.45942049555421,0.0056152344,0.5193634,-0.09779234588022354,1207,1191,0.9867439933719967
349,-1.4040833,455.22745,114.38568387230265,0.021209717,0.82858276,-0.07373662325156237,1188,1177,0.9907407407407407
350,-1.4414673,456.223,114.3824331022535,-0.037384033,0.99554443,-0.0032507700491514265,1212,1199,0.9892739273927392
351,-1.4371033,457.3297,114.32405039626202,0.0043640137,1.1067352,-0.05838270599148189,1312,1302,0.9923780487804879
352,-1.3953247,458.6151,114.25279235468616,0.041778564,1.2854004,-0.07125804157586312,1243,1232,0.9911504424778761
353,-1.4169922,460.08466,114.19234594532921,-0.02166748,1.4695435,-0.06044640935695257,1155,1144,0.9904761904761905
354,-1.5783691,461.5853,114.15278976257777,-0.16137695,1.5006409,-0.03955618275144222,1075,1057,0.9832558139534884
355,-1.6019897,463.4034,114.12220448035396,-0.023620605,1.8181152,-0.030585282223810684,1137,1124,0.9885664028144239
356,-1.6342773,465.4727,114.09388793687413,-0.032287598,2.069275,-0.028316543479836743,1184,1175,0.9923986486486487
357,-1.6515503,467.6637,114.05396702416508,-0.01727295,2.1909943,-0.039920912709052875,1166,1158,0.9931389365351629
358,-1.6464233,470.01175,114.02087328739162,0.005126953,2.348053,-0.03309373677345541,1037,1018,0.9816779170684667
359,-1.6946716,472.59784,113.98640961658802,-0.04824829,2.5861053,-0.03446367080360385,1043,1027,0.9846596356663471
360,-1.7778931,475.40543,113.9437595688553,-0.083221436,2.8075867,-0.04265004773271948,1072,1061,0.9897388059701493
361,-1.785492,478.40756,113.88753541561526,-0.007598877,3.0021362,-0.05622415324004187,1135,1123,0.9894273127753304
362,-1.802063,481.45065,113.8422371115204,-0.016571045,3.0430908,-0.045298304094852665,1127,1114,0.9884649511978705
363,-1.8815918,484.42096,113.7889068669484,-0.07952881,2.9703064,-0.053330244572012686,1113,1099,0.9874213836477987
364,-1.9679565,487.49976,113.73334444224244,-0.086364746,3.0788116,-0.05556242470595743,1110,1098,0.9891891891891892
365,-2.009613,490.6074,113.67430638128096,-0.041656494,3.1076355,-0.0590380609614826,1104,1090,0.9873188405797102
366,-2.095642,493.6602,113.61913581954165,-0.08602905,3.0527954,-0.055170561739307865,1151,1137,0.9878366637706343
367,-2.178955,496.69067,113.5562774027589,-0.08331299,3.0304718,-0.06285841678275271,1159,1147,0.9896462467644521
368,-2.2990112,499.67923,113.48145268123704,-0.12005615,2.988556,-0.07482472152184508,1131,1118,0.9885057471264368
369,-2.3830872,502.65594,113.37712110830448,-0.08407593,2.9766998,-0.1043315729325662,1062,1051,0.9896421845574388
370,-2.4375916,505.53998,113.32081867406447,-0.054504395,2.884018,-0.05630243424000453,1106,1093,0.9882459312839059
371,-2.5764465,508.43747,113.27736538636495,-0.13885498,2.8974915,-0.043453287699526645,1103,1091,0.9891205802357208
372,-2.6085205,511.30457,113.22345015484119,-0.032073975,2.8670807,-0.05391523152376127,1078,1070,0.9925788497217068
373,-2.7068787,514.08215,113.16208449014208,-0.098358154,2.7776031,-0.0613656646991128,1042,1032,0.9904030710172744
374,-2.739502,516.6452,113.11543063780809,-0.03262329,2.5630493,-0.046653852333985786,1052,1042,0.9904942965779467
375,-2.8106995,519.3855,113.05662316605388,-0.07119751,2.7402954,-0.05880747175420445,1081,1070,0.9898242368177613
376,-2.7714844,522.0817,113.00481649740526,0.039215088,2.6962128,-0.051806668648625244,1097,1079,0.98359161349134
377,-2.7895508,524.76245,112.8815335932725,-0.018066406,2.6807556,-0.12328290413277161,1063,1054,0.9915333960489181
378,-2.7896118,527.39636,112.82939524329265,-6.1035156e-05,2.6339264,-0.05213834997983854,1040,1030,0.9903846153846154
379,-2.8070984,530.00977,112.79266395753795,-0.017486572,2.613388,-0.036731285754694254,1056,1045,0.9895833333333334
380,-2.8043518,532.64264,112.74966082064421,0.002746582,2.6328888,-0.0430031368937479,1070,1057,0.9878504672897196
381,-2.7740173,535.29877,112.70866075282488,0.030334473,2.6561432,-0.04100006781932764,1065,1055,0.9906103286384976
382,-2.8238525,537.8784,112.66182197662562,-0.049835205,2.5796204,-0.046838776199262654,1083,1068,0.9861495844875346
383,-2.783661,540.58655,112.62132810640587,0.04019165,2.7080994,-0.04049387021975395,1143,1131,0.989501312335958
384,-2.8077698,543.2552,112.62650540890296,-0.024108887,2.6686249,0.00517730249708866,1115,1109,0.9946188340807175
385,-2.860443,545.8567,112.60508453844992,-0.05267334,2.601471,-0.021420870453043295,1123,1115,0.9928762243989314
386,-2.8624878,548.5359,112.57585256220725,-0.0020446777,2.6791687,-0.029231976242664343,1105,1097,0.9927601809954751
387,-2.8500671,551.25037,112.54240384512235,0.012420654,2.7144623,-0.03344871708489459,1112,1107,0.9955035971223022
388,-2.8807373,553.89484,112.5026693654553,-0.030670166,2.644455,-0.03973447966704824,1141,1128,0.9886064855390009
389,-2.888855,556.516,112.45894435980209,-0.008117676,2.6211243,-0.04372500565321907,1118,1109,0.9919499105545617
390,-2.890442,559.1934,112.42554380321874,-0.0015869141,2.6774445,-0.033400556583347375,1144,1136,0.993006993006993
391,-2.915741,561.81616,112.39800732330016,-0.025299072,2.6227722,-0.027536479918576138,1169,1165,0.9965782720273738
392,-2.9572754,564.40234,112.36696747210149,-0.041534424,2.5861816,-0.031039851198674584,1112,1106,0.9946043165467626
393,-2.9091187,567.0099,112.32895223995935,0.04815674,2.6075592,-0.03801523214214504,1109,1097,0.9891794409377818
394,-2.9555664,569.7004,112.29663003149557,-0.046447754,2.6904755,-0.03232220846378313,1126,1121,0.9955595026642984
395,-3.023346,572.3012,112.27159151044215,-0.06777954,2.6008148,-0.02503852105341941,1117,1110,0.9937332139659804
396,-3.1453857,575.0945,112.22106567537058,-0.122039795,2.793274,-0.050525835071570956,1087,1073,0.9871205151793928
397,-3.1726685,577.7499,112.20450606723934,-0.027282715,2.655426,-0.016559608131245355,1100,1096,0.9963636363636363
398,-3.2097473,580.3967,112.18642105210803,-0.037078857,2.6468506,-0.018085015131303114,1124,1113,0.9902135231316725
399,-3.2515564,582.97424,112.14396073478329,-0.041809082,2.57753,-0.04246031732473544,1161,1151,0.9913867355727821
400,-3.331421,585.5738,112.0958554642199,-0.0798645,2.5995636,-0.04810527056339712,1102,1095,0.9936479128856625
401,-3.3900757,588.19293,112.07676011140907,-0.058654785,2.619156,-0.01909535281081882,1144,1140,0.9965034965034965
402,-3.422058,590.69055,112.01048843749265,-0.031982422,2.4976196,-0.06627167391641582,1142,1135,0.9938704028021016
403,-3.5186768,593.2532,111.94478546765184,-0.09661865,2.562622,-0.06570296984082064,1162,1148,0.9879518072289156
404,-3.5171814,596.02637,111.824464233444,0.0014953613,2.7732086,-0.12032123420783376,1193,1184,0.9924559932942163
405,-3.5568237,598.6101,111.80174716512036,-0.039642334,2.583725,-0.022717068323637568,1147,1138,0.992153443766347
406,-3.6086426,601.0375,111.75133854280718,-0.051818848,2.4273834,-0.05040862231317969,1139,1131,0.9929762949956101
407,-3.6261292,603.6084,111.70952922566251,-0.017486572,2.5709229,-0.04180931714467011,1163,1153,0.9914015477214101
408,-3.596344,606.14655,111.67333990959794,0.029785156,2.5381317,-0.036189316064558955,1178,1163,0.9872665534804754
409,-3.6366882,608.7487,111.62166759292546,-0.04034424,2.6021576,-0.05167231667248725,1184,1179,0.995777027027027
410,-3.6594543,611.31934,111.58939875978972,-0.022766113,2.5705872,-0.032268833135745405,1199,1188,0.9908256880733946
411,-3.6990967,613.96094,111.59399695980048,-0.039642334,2.6416168,0.004598200010763828,1163,1160,0.9974204643164231
412,-3.7230835,616.6503,111.56115491257732,-0.023986816,2.6893768,-0.032842047223157124,1225,1214,0.9910204081632653
413,-3.7800293,619.2373,111.49798316417316,-0.0569458,2.5869446,-0.06317174840415447,1227,1219,0.993480032599837
414,-3.7583008,621.888,111.47613672532928,0.021728516,2.650711,-0.021846438843877002,1244,1233,0.9911575562700965
415,-3.7373962,624.5658,111.46908470531405,0.020904541,2.6777954,-0.007052020015234471,1263,1255,0.9936658749010293
416,-3.8055725,627.17346,111.44170772510054,-0.06817627,2.607666,-0.027376980213500934,1229,1217,0.9902359641985354
417,-3.8536377,629.8331,111.40582500111276,-0.048065186,2.6596832,-0.03588272398777643,1197,1185,0.9899749373433584
418,-3.8891907,632.50494,111.37232423257728,-0.03555298,2.6717987,-0.03350076853547908,1249,1240,0.9927942353883107
419,-3.9203491,635.1429,111.33261938226812,-0.031158447,2.6379242,-0.03970485030916861,1213,1207,0.9950535861500412
420,-3.9640198,637.7838,111.31813166474662,-0.043670654,2.6409454,-0.014487717521501188,1201,1189,0.9900083263946711
421,-3.970459,640.4438,111.31779110305467,-0.006439209,2.6599731,-0.0003405616919382519,1233,1224,0.9927007299270073
422,-4.0182495,643.0689,111.28518598309196,-0.047790527,2.6251373,-0.03260511996271493,1221,1211,0.9918099918099919
423,-4.0374146,645.6752,111.26185854201832,-0.019165039,2.6062622,-0.023327441073646666,1255,1240,0.9880478087649402
424,-4.099365,648.2024,111.25526138765127,-0.061950684,2.5271912,-0.006597154367035959,1213,1201,0.9901071723000825
425,-4.1224976,650.7887,111.30524435128221,-0.023132324,2.586319,0.049982963630933415,1211,1203,0.9933938893476466
426,-4.1512756,653.4187,111.2705422220798,-0.028778076,2.6300201,-0.03470212920241798,1236,1223,0.9894822006472492
427,-4.1900024,656.0299,111.26263093114802,-0.038726807,2.6111755,-0.007911290931769942,1244,1236,0.9935691318327974
428,-4.209839,658.697,111.24431926076055,-0.019836426,2.6671295,-0.018311670387480494,1241,1232,0.9927477840451249
429,-4.2271423,661.22577,111.20694878838806,-0.017303467,2.5287476,-0.03737047237248389,1277,1271,0.995301487862177
430,-4.2291565,663.85516,111.26464416575969,-0.0020141602,2.6293793,0.057695377371622815,1270,1262,0.9937007874015747
431,-4.2343445,666.5146,111.25372917918857,-0.0051879883,2.6594086,-0.010914986571129296,1257,1251,0.9952267303102625
432,-4.243469,669.14185,111.21579042082038,-0.009124756,2.6272583,-0.037938758368182654,1280,1268,0.990625
433,-4.208069,671.79376,111.24096220618598,0.03540039,2.6519318,0.02517178536560353,1316,1306,0.9924012158054711
434,-4.2146606,674.45667,111.24189748278968,-0.006591797,2.662918,0.0009352766036940232,1294,1289,0.9961360123647605
435,-4.1729736,677.07874,111.20583264617342,0.04168701,2.6220856,-0.03606483661626254,1322,1315,0.9947049924357034
436,-4.1703796,679.74805,111.22316075285954,0.0025939941,2.669342,0.01732810668611531,1345,1338,0.9947955390334573
437,-4.192444,682.4133,111.216777041567,-0.022064209,2.665268,-0.006383711292545939,1349,1340,0.9933283914010378
438,-4.2061157,685.1452,111.17988052077625,-0.013671875,2.7318726,-0.03689652079074227,1324,1317,0.9947129909365559
439,-4.1950684,687.8799,111.1845242432837,0.011047363,2.7347107,0.0046437225074579805,1336,1328,0.9940119760479041
440,-4.1847534,690.6802,111.18594130369021,0.010314941,2.800293,0.0014170604065099936,1324,1320,0.9969788519637462
441,-4.1231384,693.4494,111.19048093886438,0.06161499,2.7692108,0.004539635174172819,1336,1330,0.9955089820359282
442,-4.0568237,696.18396,111.21607510460403,0.0663147,2.7345428,0.02559416573964761,1355,1350,0.996309963099631
443,-4.0053406,698.99054,111.22848763331227,0.051483154,2.8065948,0.012412528708235032,1338,1335,0.9977578475336323
444,-3.9802246,701.7582,111.21488251494,0.025115967,2.7676697,-0.013605118372271005,1372,1367,0.9963556851311953
445,-3.955017,704.54865,111.24996521526504,0.02520752,2.7904663,0.03508270032503458,1385,1382,0.9978339350180505
446,-3.9076538,707.37866,111.27059118932958,0.04736328,2.8300323,0.020625974064543157,1376,1369,0.9949127906976745
447,-3.9232178,710.0697,111.38565358540735,-0.015563965,2.6910553,0.11506239607777853,1377,1373,0.9970951343500363
448,-3.9597473,712.7956,111.42083088793164,-0.03652954,2.7258759,0.03517730252429356,1385,1383,0.9985559566787003
449,-3.9502563,715.57996,111.43165326724169,0.009490967,2.7843475,0.010822379310036588,1378,1372,0.9956458635703919
450,-3.9721375,718.31366,111.51092120124466,-0.021881104,2.7337189,0.07926793400297495,1346,1336,0.9925705794947994
451,-3.9443665,721.0759,111.53458640381731,0.027770996,2.7622833,0.02366520257266236,1339,1334,0.9962658700522778
452,-3.9284058,723.86835,111.570990638895,0.015960693,2.7924347,0.036404235077677156,1361,1355,0.9955914768552535
453,-3.938507,726.6759,111.60339572885752,-0.010101318,2.8075256,0.03240508996252406,1355,1349,0.9955719557195571
454,-3.9004822,729.56024,111.64232838433229,0.038024902,2.8843536,0.03893265547477,1359,1350,0.9933774834437086
455,-3.9189453,732.3915,111.71327740021626,-0.018463135,2.8312683,0.07094901588396697,1343,1337,0.9955323901712584
456,-3.9042358,735.2955,111.78853715279561,0.014709473,2.904007,0.07525975257935386,1358,1353,0.9963181148748159
457,-3.9536743,738.00183,111.98428921905065,-0.049438477,2.7063446,0.19575206625504213,1349,1347,0.9985174203113417
458,-3.9722595,740.82996,111.98382821585147,-0.018585205,2.8280945,-0.00046100319918302937,1385,1380,0.9963898916967509
459,-3.9271545,743.58167,112.14024819037301,0.04510498,2.751709,0.15641997452153894,1367,1365,0.9985369422092173
460,-3.9422302,746.46387,112.18416214032167,-0.015075684,2.8821716,0.0439139499486598,1340,1336,0.9970149253731343
461,-3.9430237,749.27124,112.26635975700277,-0.00079345703,2.807373,0.08219761668110595,1414,1406,0.9943422913719944
462,-3.9386902,752.1054,112.32874087727835,0.004333496,2.8341522,0.0623811202755736,1402,1398,0.9971469329529244
463,-3.935608,755.0191,112.42902204480866,0.0030822754,2.9136963,0.10028116753030815,1386,1379,0.9949494949494949
464,-3.8936768,757.89,112.51411920862665,0.041931152,2.8709106,0.08509716381799233,1428,1423,0.9964985994397759
465,-3.9266357,760.6752,112.6063129046537,-0.032958984,2.7851257,0.09219369602704859,1389,1387,0.9985601151907847
466,-3.9035645,763.53064,112.72041762323619,0.023071289,2.8554382,0.1141047185824816,1436,1433,0.9979108635097493
467,-3.8493347,766.30347,112.8086331329583,0.054229736,2.7728577,0.08821550972211549,1416,1409,0.9950564971751412
468,-3.8245544,769.18335,112.91633943776095,0.024780273,2.879898,0.10770630480264981,1405,1398,0.9950177935943061
469,-3.8244019,771.92566,113.06141588277687,0.00015258789,2.74234,0.14507644501592057,1437,1431,0.9958246346555324
470,-3.8171997,774.9069,113.1729694383959,0.0072021484,2.9812775,0.1115535556190322,1416,1411,0.9964689265536724
471,-3.7775574,777.89,113.19201445758507,0.039642334,2.983078,0.01904501918918514,1382,1375,0.9949348769898697
472,-3.7461853,780.9208,113.30541260488452,0.03137207,3.0307922,0.11339814729945037,1383,1381,0.9985538684020245
473,-3.7234497,783.92377,113.37120851328231,0.022735596,3.003006,0.06579590839779179,1385,1384,0.9992779783393502
474,-3.7752075,786.91785,113.52665515100429,-0.051757812,2.99411,0.15544663772198214,1432,1428,0.9972067039106145
475,-3.750122,789.9404,113.63163379301209,0.02508545,3.0225525,0.10497864200779716,1352,1345,0.9948224852071006
476,-3.731903,792.95776,113.68975815317913,0.018218994,3.0173187,0.05812436016704393,1354,1347,0.9948301329394387
477,-3.7390137,795.88586,113.83953371185525,-0.0071105957,2.928131,0.14977555867613077,1324,1320,0.9969788519637462
478,-3.8222656,799.0072,113.8670212548649,-0.08325195,3.1213226,0.02748754300964421,1414,1409,0.9964639321074965
479,-3.8249207,801.8323,113.99787051414984,-0.0026550293,2.8250427,0.1308492592849387,1384,1382,0.9985549132947977
480,-3.8529053,804.73303,114.16359122418453,-0.02798462,2.900772,0.1657207100346895,1396,1392,0.997134670487106
481,-3.8941345,807.65906,114.31255154023256,-0.041229248,2.9259949,0.14896031604803975,1350,1344,0.9955555555555555
482,-3.9412842,810.6124,114.40670320051144,-0.04714966,2.9533844,0.09415166027888228,1378,1371,0.9949201741654572
483,-4.0302124,813.5303,114.54303377074729,-0.08892822,2.9178467,0.13633057023584286,1352,1348,0.9970414201183432
484,-4.0848694,816.3847,114.68141672001602,-0.054656982,2.8544464,0.13838294926872532,1387,1382,0.996395097332372
485,-4.215027,819.43475,114.81932186154664,-0.13015747,3.050064,0.137905141530626,1399,1397,0.9985704074338814
486,-4.2438354,822.36835,114.91815169953371,-0.028808594,2.9335785,0.09882983798707101,1397,1396,0.9992841803865425
487,-4.2880554,825.32,115.09004747498696,-0.04421997,2.951645,0.171895775453244,1407,1401,0.9957356076759062
488,-4.350952,828.19556,115.23731732107863,-0.06289673,2.8755798,0.14726984609168095,1425,1420,0.9964912280701754
489,-4.3618164,831.19617,115.3541591776066,-0.010864258,3.0006409,0.11684185652796863,1411,1404,0.9950389794472005
490,-4.4658203,834.1837,115.58027511330357,-0.104003906,2.9875183,0.22611593569696778,1425,1418,0.9950877192982456
491,-4.478546,837.0409,115.7104374453581,-0.01272583,2.8571472,0.13016233205452424,1407,1404,0.997867803837953
492,-4.4516296,839.9629,115.84741778696797,0.026916504,2.9219666,0.136980341609868,1428,1426,0.9985994397759104
493,-4.5227966,842.8721,115.98513319136326,-0.07116699,2.909195,0.13771540439528937,1438,1432,0.9958275382475661
494,-4.5925903,845.86145,116.05998160643601,-0.0697937,2.98938,0.07484841507275593,1433,1428,0.9965108164689462
495,-4.560272,848.7654,116.21841434631212,0.032318115,2.9039001,0.15843273987610093,1442,1440,0.9986130374479889
496,-4.5770264,851.70996,116.32999227943164,-0.01675415,2.94458,0.1115779331195204,1420,1419,0.9992957746478873
497,-4.58963,854.6242,116.47736989415046,-0.01260376,2.9142609,0.14737761471882307,1404,1402,0.9985754985754985
498,-4.5774536,857.6359,116.59969306337551,0.012176514,3.011734,0.12232316922505235,1407,1398,0.9936034115138592
499,-4.6170654,860.6965,116.68669506990256,-0.039611816,3.0605316,0.0870020065270383,1432,1427,0.9965083798882681
500,-4.610382,863.6171,116.82617753480388,0.0066833496,2.9206543,0.1394824649013187,1420,1419,0.9992957746478873
501,-4.6013184,865.1221,116.9164368726037,0.009063721,1.5049591,0.090259337799822,1483,1479,0.9973027646662171
502,-4.6581726,868.1035,117.02371266224576,-0.056854248,2.9814148,0.10727578964205585,1430,1425,0.9965034965034965
503,-4.6179504,871.0855,117.14479902284053,0.040222168,2.9819946,0.12108636059477512,1429,1426,0.9979006298110566
504,-4.6022644,874.12524,117.23161933810945,0.015686035,3.0397644,0.08682031526891658,1439,1434,0.9965253648366922
505,-4.5708923,877.1077,117.35517415777142,0.03137207,2.9824982,0.12355481966195503,1453,1449,0.9972470750172058
506,-4.56192,880.0144,117.48719125708853,0.008972168,2.9066925,0.13201709931711464,1465,1459,0.9959044368600682
507,-4.542053,883.0471,117.6309006445769,0.019866943,3.0326996,0.14370938748836923,1410,1406,0.9971631205673759
508,-4.6059875,886.06104,117.79343078615224,-0.063934326,3.0139008,0.16253014157533963,1396,1394,0.998567335243553
509,-4.584839,889.0641,117.91806546410886,0.021148682,3.003067,0.12463467795661647,1433,1428,0.9965108164689462
510,-4.572418,892.07996,117.98466032406705,0.012420654,3.0158997,0.06659485995818178,1435,1426,0.9937282229965156
511,-4.604645,895.25684,118.0780240473015,-0.032226562,3.1769104,0.09336372323444964,1428,1425,0.9978991596638656
512,-4.5462036,898.3107,118.21397295840889,0.058441162,3.0538788,0.135948911107388,1456,1455,0.9993131868131868
513,-4.5192566,901.3497,118.33381928317328,0.026947021,3.0389252,0.11984632476439393,1445,1441,0.9972318339100346
514,-4.5055237,904.3903,118.44128480965486,0.01373291,3.0406342,0.10746552648158063,1478,1475,0.9979702300405954
515,-4.477722,907.4668,118.52465497955336,0.027801514,3.0764465,0.08337016989850135,1463,1460,0.9979494190020506
516,-4.452423,910.61865,118.60889305625868,0.025299072,3.151825,0.08423807670531447,1439,1437,0.9986101459346769
517,-4.4952087,913.7063,118.69220197001893,-0.042785645,3.0876617,0.0833089137602527,1444,1438,0.9958448753462604
518,-4.494049,916.8067,118.79146882093612,0.001159668,3.1004028,0.09926685091718507,1438,1435,0.997913769123783
519,-4.5106506,919.9102,118.88456371401995,-0.016601562,3.1035156,0.09309489308382653,1446,1440,0.995850622406639
520,-4.523285,922.9819,118.99513187588106,-0.012634277,3.07164,0.11056816186110939,1437,1431,0.9958246346555324
521,-4.541931,926.1041,119.08726794896401,-0.01864624,3.122284,0.09213607308295678,1454,1444,0.9931224209078404
522,-4.557892,929.15393,119.18967399339333,-0.015960693,3.04982,0.10240604442931561,1448,1441,0.9951657458563536
523,-4.580963,932.3111,119.29441512334455,-0.023071289,3.1571503,0.10474112995122703,1475,1469,0.9959322033898305
524,-4.7853394,935.47925,119.48805111142322,-0.20437622,3.1681519,0.19363598807867163,1427,1424,0.9978976874562018
525,-4.822632,938.5586,119.5690786947346,-0.03729248,3.0793762,0.08102758331137609,1414,1411,0.9978783592644979
526,-4.8598633,941.6549,119.6325906336355,-0.037231445,3.0962982,0.06351193890090384,1405,1399,0.995729537366548
527,-4.8732605,944.7359,119.77088364015819,-0.013397217,3.081009,0.13829300652268758,1409,1407,0.9985805535841022
528,-4.9405823,947.82324,119.83870487865155,-0.06732178,3.0873566,0.06782123849336293,1425,1421,0.9971929824561403
529,-4.9401245,950.9209,119.89728798755375,0.00045776367,3.0976715,0.05858310890219984,1447,1444,0.9979267449896337
530,-5.051544,953.93787,119.98224389733613,-0.11141968,3.0169983,0.0849559097823793,1424,1416,0.9943820224719101
531,-5.082245,956.96924,120.0420060017675,-0.030700684,3.031372,0.059762104431369374,1449,1442,0.9951690821256038
532,-5.06662,960.1145,120.06641601217889,0.015625,3.145279,0.024410010411389384,1471,1468,0.9979605710401088
533,-5.1066895,963.1708,120.14283170326797,-0.04006958,3.056244,0.07641569108907885,1465,1463,0.9986348122866894
534,-5.151245,966.21106,120.2094763582205,-0.044555664,3.0403137,0.06664465495252352,1427,1423,0.9971969166082691
535,-5.2313538,969.14307,120.37336749354314,-0.08010864,2.932022,0.16389113532263766,1437,1434,0.9979123173277662
536,-5.2226562,972.1665,120.45032486961044,0.00869751,3.023407,0.07695737606730284,1437,1432,0.9965205288796103
537,-5.233673,975.1333,120.52722486721682,-0.011016846,2.9668121,0.07689999760637374,1457,1449,0.9945092656142759
538,-5.2861023,978.16486,120.6258061709014,-0.0524292,3.03154,0.09858130368457922,1435,1425,0.9930313588850174
539,-5.288849,981.24194,120.83433493858968,-0.002746582,3.077118,0.20852876768828024,1413,1402,0.9922151450813871
540,-5.343872,984.2044,120.95333921109406,-0.055023193,2.9624634,0.11900427250437688,1425,1420,0.9964912280701754
541,-5.240204,987.3013,121.10846920557857,0.10366821,3.0968475,0.15512999448450876,1440,1436,0.9972222222222222
542,-5.333435,990.25555,121.16777296615787,-0.0932312,2.9542847,0.05930376057929707,1462,1455,0.9952120383036935
543,-5.373413,993.4644,121.29947295955559,-0.039978027,3.2088776,0.1316999933977219,1467,1460,0.9952283571915473
544,-5.3916016,996.7396,121.37733994724594,-0.018188477,3.275177,0.07786698769035152,1465,1458,0.995221843003413
545,-5.479309,999.78613,121.4260754536538,-0.08770752,3.0464783,0.04873550640785802,1456,1448,0.9945054945054945
546,-5.5095825,1002.77545,121.45164119075814,-0.030273438,2.9893188,0.02556573710434734,1471,1467,0.9972807613868117
547,-5.543518,1005.4385,121.64277205077413,-0.033935547,2.6629944,0.19113086001598312,1469,1465,0.9972770592239619
548,-5.5828247,1008.17444,121.69115449470557,-0.03930664,2.7359467,0.04838244393144009,1515,1512,0.998019801980198
549,-5.5330505,1010.6875,121.805710676335,0.04977417,2.513031,0.11455618162942892,1485,1483,0.9986531986531987
550,-5.571747,1013.10425,121.8540262100278,-0.03869629,2.4167786,0.04831553369280608,1489,1480,0.9939556749496307
551,-5.599121,1015.5464,121.88692405202978,-0.027374268,2.4421082,0.032897842001986526,1497,1492,0.9966599866399466
552,-5.59198,1017.8264,121.91144995968922,0.0071411133,2.280014,0.02452590765943823,1473,1468,0.9966055668703326
553,-5.6476135,1019.9324,121.95039742780062,-0.055633545,2.1059265,0.03894746811139825,1526,1525,0.9993446920052425
554,-5.7083435,1021.98584,122.03353902446912,-0.06072998,2.0534363,0.0831415966684963,1529,1523,0.9960758665794637
555,-5.793335,1023.93774,122.00264116122865,-0.084991455,1.9519348,-0.030897863240471148,1481,1477,0.9972991222147198
556,-5.8015747,1025.7811,122.07056461003465,-0.008239746,1.843338,0.06792344880599313,1525,1523,0.9986885245901639
557,-5.8884277,1027.4639,122.09865004774623,-0.08685303,1.6826935,0.028085437711579044,1530,1527,0.9980392156862745
558,-5.9773254,1029.2582,122.09047555544443,-0.088897705,1.794342,-0.008174492301804944,1514,1510,0.9973579920739762
559,-5.959503,1030.9684,122.19863983670886,0.017822266,1.7101593,0.10816428126443867,1517,1509,0.994726433750824
560,-5.9511414,1032.7528,122.23757897800203,0.008361816,1.784378,0.03893914129317649,1492,1486,0.9959785522788204
561,-6.017639,1034.3396,122.28193272378392,-0.0664978,1.586731,0.044353745781884425,1516,1513,0.9980211081794196
562,-6.1166687,1036.0248,122.28771880357739,-0.09902954,1.6851501,0.005786079793461244,1496,1491,0.9966577540106952
563,-6.1481934,1037.6013,122.3570027941746,-0.03152466,1.576477,0.06928399059721699,1518,1513,0.9967061923583662
564,-6.2693787,1039.4554,122.3948991470677,-0.1211853,1.8540955,0.03789635289310455,1492,1483,0.9939678284182306
565,-6.426941,1041.2592,122.40886192816664,-0.15756226,1.8036804,0.013962781098943706,1350,1345,0.9962962962962963
566,-6.471649,1043.0609,122.48117557807274,-0.044708252,1.8017578,0.0723136499060989,1488,1479,0.9939516129032258
567,-6.5290527,1044.8657,122.48526188949756,-0.057403564,1.804779,0.004086311424829026,1331,1322,0.9932381667918858
568,-6.57547,1046.5522,122.54491715116136,-0.046417236,1.6864777,0.059655261663789386,1361,1353,0.994121969140338
569,-6.668518,1048.122,122.56167907009805,-0.093048096,1.5697327,0.016761918936696044,1338,1329,0.9932735426008968
570,-6.7602844,1049.7695,122.57994319188252,-0.09176636,1.6475372,0.018264121784472325,1306,1297,0.9931087289433385
571,-6.930725,1051.2412,122.58912399043,-0.17044067,1.471695,0.009180798547475501,1291,1282,0.9930286599535244
572,-7.087982,1052.6626,122.56978274190011,-0.15725708,1.4214325,-0.019341248529878598,1445,1442,0.9979238754325259
573,-7.110016,1053.949,122.6340028333118,-0.022033691,1.2863922,0.06422009141168512,1481,1478,0.9979743416610398
574,-7.1707153,1055.1254,122.6467664189489,-0.060699463,1.1764069,0.012763585637107932,1480,1474,0.995945945945946
575,-7.2751465,1056.113,122.65790162840129,-0.10443115,0.98765564,0.01113520945239431,1545,1540,0.9967637540453075
576,-7.308319,1056.7876,122.70186733061625,-0.033172607,0.6745148,0.043965702214958415,1546,1541,0.9967658473479948
577,-7.4123535,1057.453,122.70823659468064,-0.104034424,0.66545105,0.00636926406438583,1510,1507,0.9980132450331126
578,-7.517975,1057.7478,122.77659299770687,-0.10562134,0.29486084,0.06835640302622373,1459,1456,0.997943797121316
579,-7.606598,1058.0383,122.76595088604519,-0.08862305,0.29048157,-0.010642111661681957,1487,1481,0.995965030262273
580,-7.6921997,1058.2828,122.74232798899939,-0.08560181,0.24450684,-0.02362289704580191,1521,1516,0.9967126890203813
581,-7.7711487,1058.4142,122.72861137116976,-0.078948975,0.13139343,-0.013716617829629425,1596,1591,0.9968671679197995
582,-7.7957153,1058.4191,122.7129876055828,-0.02456665,0.00491333,-0.015623765586963196,1780,1778,0.998876404494382
583,-7.803589,1058.3849,122.70554487490224,-0.007873535,-0.034210205,-0.007442730680545538,1775,1773,0.9988732394366198
584,-7.826477,1058.3112,122.69938056013147,-0.022888184,-0.07369995,-0.00616431477076648,1755,1752,0.9982905982905983
585,-7.819916,1058.2786,122.69237661005805,0.0065612793,-0.03262329,-0.007003950073422701,1817,1817,1.0
586,-7.8222656,1058.2766,122.6830387663485,-0.0023498535,-0.0018920898,-0.00933784370953826,1788,1786,0.9988814317673378
587,-7.8352966,1058.2894,122.68282756519659,-0.013031006,0.012802124,-0.00021120115190951578,1787,1787,1.0
588,-7.833313,1058.3744,122.69572828970524,0.0019836426,0.08494568,0.012900724508658671,1709,1705,0.9976594499707431
589,-7.861023,1058.4105,122.68914558071295,-0.027709961,0.036102295,-0.006582708992293118,1726,1723,0.9982618771726536
590,-7.481415,1059.1077,119.42578202692808,0.37960815,0.6971588,-3.263363553784869,1207,1196,0.9908864954432477
591,-7.488434,1060.604,113.05655872372753,-0.007019043,1.4963531,-6.369223303200545,1042,1035,0.9932821497120922
592,-7.643402,1061.6421,105.93015661782003,-0.15496826,1.0380859,-7.1264021059074985,983,976,0.9928789420142421
593,-7.6442566,1062.4995,99.1485141940865,-0.0008544922,0.8574066,-6.78164242373353,1012,1006,0.9940711462450593
594,-7.9848022,1063.2726,92.38334694882262,-0.34054565,0.7730255,-6.76516724526388,1006,998,0.9920477137176938
595,-7.7901917,1063.8582,85.53149861051033,0.1946106,0.5855408,-6.851848338312298,1006,1000,0.9940357852882704
596,-7.895935,1064.4785,79.0417724736811,-0.10574341,0.62034607,-6.489726136829225,1082,1078,0.9963031423290203
597,-7.9237976,1064.88,72.48181672475084,-0.027862549,0.40145874,-6.559955748930266,1026,1018,0.9922027290448343
598,-8.061615,1065.8406,65.385690537533,-0.13781738,0.96055603,-7.096126187217843,1055,1046,0.9914691943127962
599,-8.14032,1066.5928,58.87483704057262,-0.078704834,0.7522125,-6.5108534969603715,963,956,0.9927310488058152
600,-8.095551,1067.2772,52.49970327871744,0.044769287,0.68447876,-6.375133761855184,1066,1060,0.9943714821763602
601,-8.1892395,1067.9901,47.05696561169243,-0.093688965,0.71292114,-5.442737667025007,1143,1131,0.989501312335958
602,-8.479492,1068.7142,42.84229130920483,-0.2902527,0.7240906,-4.214674302487601,1197,1189,0.9933166248955723
603,-8.697113,1069.5117,40.043317388695556,-0.21762085,0.7975006,-2.7989739205092796,1266,1259,0.9944707740916272
604,-9.0980835,1070.6083,37.938422137464826,-0.40097046,1.0965576,-2.1048952512307264,1310,1305,0.9961832061068703
605,-9.291565,1071.5317,36.69392541815107,-0.19348145,0.9234772,-1.2444967193137577,1334,1322,0.9910044977511244
606,-9.4418335,1072.6052,35.658178150467094,-0.15026855,1.0734253,-1.0357472676839705,1362,1348,0.9897209985315712
607,-9.669098,1073.9353,34.91916086761853,-0.2272644,1.3300171,-0.7390172828485628,1421,1418,0.9978888106966924
608,-9.952362,1075.6193,34.343617308048884,-0.28326416,1.6839905,-0.5755435595696421,1416,1413,0.9978813559322034
609,-10.064667,1077.2755,33.90916114433792,-0.11230469,1.6562805,-0.4344561637109621,1431,1422,0.9937106918238994
610,-10.13147,1079.1621,33.61537742651457,-0.06680298,1.8866119,-0.29378371782335283,1440,1437,0.9979166666666667
611,-10.185272,1081.1676,33.44029626898986,-0.05380249,2.0055084,-0.17508115752470652,1396,1388,0.994269340974212
612,-10.245392,1083.3802,33.31281710004039,-0.06011963,2.212616,-0.12747916894946865,1432,1427,0.9965083798882681
613,-10.315308,1085.7646,33.27632401934248,-0.06991577,2.3843384,-0.03649308069790938,1440,1440,1.0
614,-10.292114,1088.4872,33.28799850560294,0.02319336,2.7225342,0.011674486260457929,1377,1371,0.9956427015250545
615,-10.279785,1091.3439,33.33846558396808,0.012329102,2.856659,0.05046707836514069,1387,1382,0.996395097332372
616,-10.185883,1094.5354,33.38672415489622,0.09390259,3.191513,0.04825857092814352,1347,1342,0.9962880475129918
617,-10.14679,1097.804,33.441579609687594,0.039093018,3.2685852,0.05485545479137175,1340,1335,0.996268656716418
618,-10.098663,1101.2048,33.49440809650461,0.04812622,3.400879,0.05282848681701257,1345,1338,0.9947955390334573
619,-10.140533,1104.8586,33.55445261010366,-0.041870117,3.6537476,0.06004451359905244,1267,1257,0.9921073401736386
620,-10.06488,1108.5216,33.53188197662105,0.075653076,3.6629486,-0.02257063348260968,1439,1435,0.9972202918693537
621,-9.971466,1112.1254,33.49632425545581,0.09341431,3.603775,-0.03555772116524104,1435,1433,0.9986062717770035
622,-9.838287,1115.727,33.477946515994276,0.13317871,3.6017456,-0.018377739461538267,1464,1457,0.9952185792349727
623,-9.75354,1119.2269,33.45948339814049,0.084747314,3.4999084,-0.018463117853783493,1428,1424,0.9971988795518207
624,-9.687561,1122.7559,33.439772925042305,0.065979004,3.5289001,-0.01971047309818655,1441,1434,0.9951422623178349
625,-9.571442,1126.2064,33.46137434839343,0.116119385,3.450592,0.021601423351122532,1436,1432,0.9972144846796658
626,-9.467987,1129.6794,33.50134728673527,0.10345459,3.472992,0.03997293834184368,1401,1397,0.9971448965024983
627,-9.388794,1133.0972,33.55178510054198,0.079193115,3.4177551,0.050437813806712854,1402,1400,0.9985734664764622
628,-9.394623,1136.1625,33.75430885678915,-0.0058288574,3.0653229,0.20252375624717261,1414,1411,0.9978783592644979
629,-9.342865,1139.3152,33.88219987479188,0.051757812,3.1527405,0.1278910180027267,1340,1332,0.9940298507462687
630,-9.269409,1142.4377,33.98285192545951,0.07345581,3.1226196,0.10065205066762543,1334,1330,0.9970014992503748
631,-9.223328,1145.5902,34.08880310820988,0.046081543,3.1524353,0.10595118275037292,1325,1322,0.9977358490566037
632,-9.1866455,1148.7048,34.16173839760509,0.03668213,3.114624,0.07293528939521103,1377,1371,0.9956427015250545
633,-9.196381,1151.8251,34.23784059926421,-0.009735107,3.120224,0.07610220165911845,1439,1436,0.9979152189020153
634,-9.216095,1154.9014,34.340955590046114,-0.019714355,3.0762787,0.10311499078190665,1485,1471,0.9905723905723905
635,-9.159271,1157.9384,34.47669878763604,0.05682373,3.0369568,0.1357431975899244,1478,1472,0.9959404600811907
636,-9.124451,1160.8928,34.57366720478283,0.034820557,2.9544983,0.09696841714679276,1493,1489,0.9973208305425318
637,-9.039307,1163.9777,34.69982187709895,0.08514404,3.0848236,0.1261546723161201,1481,1475,0.9959486833220796
638,-9.107971,1167.0303,34.88043314957553,-0.06866455,3.0525665,0.18061127247658018,1515,1509,0.996039603960396
639,-9.054169,1170.1487,34.996189921460605,0.05380249,3.1184082,0.1157567718850745,1480,1477,0.9979729729729729
640,-9.048859,1173.1875,35.130869133657725,0.0053100586,3.0387878,0.13467921219711754,1469,1464,0.9965963240299524
641,-8.986755,1176.2921,35.267083377482166,0.06210327,3.1045837,0.13621424382444372,1455,1452,0.9979381443298969
642,-8.993561,1179.2834,35.39005921502661,-0.00680542,2.991333,0.12297583754444592,1451,1447,0.9972432804962095
643,-9.016083,1182.3209,35.514456519915356,-0.022521973,3.0374908,0.124397304888748,1465,1462,0.9979522184300341
644,-8.989502,1185.337,35.640767591638344,0.02658081,3.0161438,0.1263110717229844,1500,1493,0.9953333333333333
645,-9.028412,1188.4528,35.69445960833076,-0.038909912,3.1157684,0.05369201669241857,1477,1475,0.998645903859174
646,-9.02356,1191.4043,35.81401556245981,0.004852295,2.9514923,0.11955595412904862,1481,1470,0.9925725860904794
647,-8.99823,1194.4434,35.93713055314056,0.02532959,3.0390167,0.12311499068075328,1455,1448,0.9951890034364261
648,-8.982422,1197.4655,36.071607933394915,0.015808105,3.0220642,0.13447738025435207,1487,1485,0.9986550100874243
649,-8.979614,1200.4734,36.1546726385995,0.0028076172,3.007904,0.0830647052045824,1470,1468,0.998639455782313
650,-9.001984,1203.5212,36.23539380367662,-0.022369385,3.047882,0.08072116507711907,1435,1428,0.9951219512195122
651,-9.013306,1206.6132,36.35283543838528,-0.0113220215,3.0918732,0.1174416347086546,1451,1447,0.9972432804962095
652,-9.021088,1209.6561,36.45214647889977,-0.0077819824,3.0429688,0.09931104051449388,1484,1479,0.9966307277628033
653,-9.050995,1212.7091,36.56647427545981,-0.029907227,3.0529785,0.11432779656003783,1483,1480,0.9979770734996628
654,-9.109802,1215.7562,36.65853100938431,-0.058807373,3.0471497,0.09205673392450095,1460,1457,0.9979452054794521
655,-9.217926,1218.8046,36.834508471808675,-0.10812378,3.0483398,0.17597746242436324,1459,1454,0.9965729952021933
656,-9.216522,1221.8146,36.938539714936795,0.0014038086,3.009964,0.10403124312811822,1457,1449,0.9945092656142759
657,-9.296509,1224.821,37.074238871588086,-0.07998657,3.006485,0.13569915665129134,1477,1468,0.993906567366283
658,-9.337677,1227.8,37.195107777122175,-0.041168213,2.9789734,0.12086890553408865,1437,1435,0.9986082115518441
659,-9.341064,1230.8881,37.291908451705694,-0.0033874512,3.0880127,0.09680067458352212,1449,1443,0.9958592132505176
660,-9.34729,1233.8484,37.462488774751336,-0.006225586,2.960312,0.1705803230456389,1432,1429,0.9979050279329609
661,-9.339722,1236.8185,37.575552647150495,0.0075683594,2.9701233,0.11306387239915626,1441,1438,0.9979181124219292
662,-9.403259,1239.939,37.63777434805819,-0.0635376,3.1205292,0.06222170090769161,1436,1435,0.9993036211699164
663,-9.421936,1242.9475,37.74266297299395,-0.018676758,3.008484,0.10488862493576359,1461,1452,0.9938398357289527
664,-9.511658,1245.9613,37.81605042466451,-0.08972168,3.0137634,0.07338745167056239,1459,1452,0.9952021932830706
665,-9.585785,1248.9603,37.8949757731948,-0.0741272,2.9990082,0.0789253485302913,1455,1452,0.9979381443298969
666,-9.653595,1251.9707,37.97901066531589,-0.06781006,3.010315,0.08403489212108746,1442,1441,0.9993065187239945
667,-9.894714,1254.8722,38.153988202892016,-0.24111938,2.901535,0.1749775375761267,1467,1462,0.9965916837082481
668,-10.036255,1257.8285,38.223918699748076,-0.14154053,2.956253,0.06993049685605837,1457,1454,0.9979409746053535
669,-10.044525,1260.8522,38.30688583033803,-0.008270264,3.0236511,0.08296713058995726,1469,1463,0.9959155888359428
670,-10.173096,1263.829,38.37883260321415,-0.12857056,2.9768524,0.0719467728761168,1441,1436,0.9965301873698821
671,-10.218842,1266.8434,38.456361931492914,-0.04574585,3.0144348,0.07752932827876254,1473,1465,0.9945689069925322
672,-10.264862,1269.8877,38.518753156753924,-0.046020508,3.044281,0.06239122526100965,1418,1413,0.9964739069111425
673,-10.34079,1272.8385,38.65360447005844,-0.075927734,2.9507904,0.13485131330451575,1456,1453,0.9979395604395604
674,-10.388733,1275.9385,38.695888822055394,-0.047943115,3.1000214,0.04228435199695183,1444,1438,0.9958448753462604
675,-10.321808,1279.0388,38.65783870710726,0.06692505,3.100357,-0.03805011494813212,1465,1462,0.9979522184300341
676,-10.346924,1282.0227,38.73492761430163,-0.025115967,2.9839172,0.07708890719437111,1457,1450,0.9951956074124915
677,-10.437927,1284.9714,38.79951032155721,-0.09100342,2.9486694,0.06458270725557129,1465,1461,0.9972696245733789
678,-10.480194,1287.9199,38.87242249895643,-0.042266846,2.9485168,0.07291217739922592,1460,1453,0.9952054794520548
679,-10.551453,1290.9379,38.90620975980882,-0.071258545,3.017929,0.03378726085238729,1439,1431,0.9944405837387075
680,-10.544556,1293.9799,38.959562682225254,0.0068969727,3.0419464,0.05335292241643475,1456,1454,0.9986263736263736
681,-10.668335,1296.794,38.999942271268004,-0.1237793,2.8140564,0.04037958904275261,1418,1414,0.997179125528914
682,-10.767395,1299.68,39.073251251738974,-0.09906006,2.8861542,0.0733089804709712,1457,1450,0.9951956074124915
683,-10.826538,1302.6489,39.11820788274564,-0.059143066,2.968933,0.044956631006663195,1390,1389,0.9992805755395684
684,-10.97406,1305.5411,39.158377156691685,-0.14752197,2.8921967,0.040169273946047815,1449,1446,0.9979296066252588
685,-11.018707,1308.4949,39.23324667307423,-0.044647217,2.95372,0.07486951638253916,1431,1429,0.9986023759608665
686,-11.125397,1311.4581,39.26107158737678,-0.10668945,2.9632263,0.02782491430255603,1448,1446,0.9986187845303868
687,-11.220825,1314.3892,39.285302616453095,-0.09542847,2.931015,0.024231029076308686,1428,1426,0.9985994397759104
688,-11.33429,1317.3109,39.31042452058195,-0.113464355,2.9217072,0.02512190412885444,1448,1441,0.9951657458563536
689,-11.384888,1320.2205,39.3550616507202,-0.050598145,2.909607,0.04463713013825275,1428,1423,0.9964985994397759
690,-11.494202,1323.1254,39.38573433003904,-0.109313965,2.9048767,0.03067267931884317,1420,1415,0.9964788732394366
691,-11.647308,1326.0067,39.352696601414706,-0.15310669,2.8813934,-0.03303772862433326,1446,1444,0.9986168741355463
692,-11.700958,1328.8739,39.33838986573678,-0.053649902,2.867218,-0.014306735677925519,1436,1429,0.995125348189415
693,-11.754181,1331.7996,39.369105763684935,-0.053222656,2.925705,0.030715897948158027,1334,1331,0.9977511244377811
694,-11.802246,1334.7003,39.43545952479253,-0.048065186,2.9007874,0.06635376110759364,1392,1388,0.9971264367816092
695,-11.957336,1337.5692,39.44145035415214,-0.15509033,2.8689423,0.005990829359607404,1363,1359,0.9970652971386648
696,-11.983765,1340.4387,39.443768654266485,-0.026428223,2.8694763,0.0023183001143455353,1398,1392,0.9957081545064378
697,-12.120911,1343.3207,39.425941748154045,-0.137146,2.8819275,-0.017826906112440633,1414,1406,0.9943422913719944
698,-12.210785,1346.2864,39.4255365480545,-0.08987427,2.965683,-0.00040520009954513384,1336,1329,0.9947604790419161
699,-12.32373,1349.2914,39.43603385138933,-0.11294556,3.0049744,0.010497303334830165,1405,1403,0.998576512455516
700,-12.4374695,1352.262,39.43278434708234,-0.11373901,2.970581,-0.003249504306991097,1382,1379,0.9978292329956585
701,-12.582642,1355.3195,39.443732237763776,-0.14517212,3.0574646,0.010947890681437894,1426,1420,0.9957924263674615
702,-12.717194,1358.3741,39.41058502588552,-0.134552,3.0546875,-0.03314721187825724,1418,1411,0.9950634696755994
703,-12.815674,1361.418,39.402212786618854,-0.098480225,3.043808,-0.008372239266660371,1403,1400,0.9978617248752673
704,-12.969238,1364.445,39.38287109482866,-0.15356445,3.0269928,-0.019341691790195088,1424,1422,0.9985955056179775
705,-13.102875,1367.481,39.38944830849502,-0.13363647,3.036026,0.006577213666358286,1431,1427,0.9972047519217331
706,-13.223419,1370.5154,39.39793494953853,-0.12054443,3.0343933,0.008486641043510693,1419,1413,0.9957716701902748
707,-13.363159,1373.596,39.36927677007726,-0.13973999,3.0806274,-0.028658179461266038,1452,1449,0.9979338842975206
708,-13.518829,1376.7499,39.351989471768405,-0.15567017,3.1539612,-0.017287298308855576,1398,1393,0.9964234620886981
709,-13.694855,1379.7432,39.33205707378906,-0.17602539,2.9932556,-0.019932397979346282,1413,1411,0.9985845718329794
710,-13.812805,1382.8575,39.31879683243369,-0.11795044,3.1143494,-0.013260241355368357,1396,1390,0.995702005730659
711,-13.999725,1385.9319,39.291746537762634,-0.18692017,3.074356,-0.027050294671053392,1385,1379,0.9956678700361011
712,-14.169128,1388.9695,39.27450176224952,-0.16940308,3.0376587,-0.017244775513111817,1396,1394,0.998567335243553
713,-14.33371,1392.0427,39.26101200169931,-0.1645813,3.073288,-0.013489760550213833,1390,1384,0.99568345323741
714,-14.469696,1395.0588,39.228851820275935,-0.13598633,3.016098,-0.03216018142337193,1424,1417,0.9950842696629213
715,-14.613495,1398.1665,39.19309851046334,-0.14379883,3.107727,-0.035753309812596286,1417,1412,0.9964714184897672
716,-14.700806,1401.2715,39.17398289952329,-0.08731079,3.1050262,-0.019115610940047375,1380,1374,0.9956521739130435
717,-15.002106,1404.2875,39.028373189857405,-0.30130005,3.015976,-0.14560970966588052,1391,1384,0.9949676491732566
718,-15.13324,1407.3398,39.00364168441224,-0.13113403,3.0524292,-0.024731505445169118,1419,1416,0.9978858350951374
719,-15.2388,1410.4094,38.98494518776765,-0.1055603,3.06958,-0.01869649664458509,1412,1409,0.9978753541076487
720,-15.384338,1413.5385,38.91415636009618,-0.14553833,3.129013,-0.07078882767146799,1377,1370,0.9949164851125636
721,-15.4921875,1416.6388,38.88741645130586,-0.10784912,3.1003265,-0.02673990879031999,1427,1417,0.9929922915206727
722,-15.628906,1419.6583,38.87775163371259,-0.13671875,3.019516,-0.009664817593270685,1405,1401,0.9971530249110321
723,-15.678284,1422.8174,38.84763605766329,-0.04937744,3.1590729,-0.030115576049303868,1410,1405,0.9964539007092199
724,-15.746887,1425.9214,38.8470089489853,-0.068603516,3.1040497,-0.0006271086779872385,1413,1407,0.9957537154989384
725,-15.870758,1429.0139,38.813545671817494,-0.12387085,3.0925293,-0.03346327716780466,1395,1390,0.996415770609319
726,-15.991577,1432.1228,38.76407973679667,-0.12081909,3.108841,-0.04946593502082557,1418,1413,0.9964739069111425
727,-16.048828,1435.2695,38.7251592006243,-0.057250977,3.1466827,-0.03892053617236721,1437,1436,0.9993041057759221
728,-16.126923,1438.4049,38.747315843973254,-0.07809448,3.1353607,0.022156643348958782,1405,1401,0.9971530249110321
729,-16.167358,1441.6613,38.71406167084788,-0.04043579,3.2563477,-0.03325417312537169,1430,1429,0.9993006993006993
730,-16.200592,1444.924,38.673308259684056,-0.033233643,3.262741,-0.040753411163827476,1375,1372,0.9978181818181818
731,-16.236115,1448.1858,38.650353624511425,-0.03552246,3.2618866,-0.022954635172632062,1391,1388,0.9978432782171099
732,-16.30777,1451.373,38.62328981732996,-0.07165527,3.1872864,-0.027063807181465775,1407,1403,0.9971570717839374
733,-16.384186,1454.3997,38.60824747090452,-0.076416016,3.026596,-0.01504234642543616,1407,1403,0.9971570717839374
734,-16.454742,1457.3292,38.587475061709085,-0.07055664,2.9295807,-0.020772409195435892,1432,1429,0.9979050279329609
735,-16.49707,1460.2144,38.56334355370186,-0.04232788,2.8851013,-0.024131508007219873,1455,1454,0.9993127147766323
736,-16.54892,1463.0277,38.534484001300896,-0.051849365,2.8134003,-0.028859552400963284,1443,1440,0.997920997920998
737,-16.600311,1465.6724,38.50130381729476,-0.0513916,2.6445923,-0.033180184006137335,1454,1449,0.9965612104539202
738,-16.635742,1468.2781,38.42128091709126,-0.03543091,2.6057434,-0.08002290020350368,1456,1455,0.9993131868131868
739,-16.698944,1470.7263,38.37449963503842,-0.063201904,2.4483032,-0.04678128205283843,1451,1448,0.9979324603721571
740,-16.801239,1473.1233,38.296319067990915,-0.10229492,2.3969574,-0.07818056704750409,1490,1488,0.9986577181208054
741,-16.821136,1475.355,38.24699599426776,-0.019897461,2.2317505,-0.04932307372315407,1466,1461,0.9965893587994543
742,-16.854279,1477.5654,38.190520529126275,-0.03314209,2.2104187,-0.056475465141486304,1475,1472,0.9979661016949153
743,-16.84961,1479.5818,38.17624264524238,0.0046691895,2.0163422,-0.014277883883888863,1500,1498,0.9986666666666667
744,-16.849945,1481.6096,38.13144736577624,-0.00033569336,2.0278625,-0.04479527946614326,1483,1481,0.9986513823331086
745,-16.912537,1483.5239,38.070305114170864,-0.06259155,1.9142609,-0.061142251605372705,1511,1505,0.9960291197882197
746,-16.880768,1485.4308,38.051566534641566,0.0317688,1.9068604,-0.018738579529295172,1470,1466,0.9972789115646259
747,-16.917145,1487.2797,38.013585046920795,-0.036376953,1.8489075,-0.037981487720771985,1506,1502,0.99734395750332
748,-17.030762,1489.0991,37.91722792936732,-0.11361694,1.8194733,-0.09635711755347286,1500,1497,0.998
749,-16.960876,1490.9348,37.88311646706774,0.069885254,1.8356323,-0.03411146229958496,1357,1352,0.9963154016212233
750,-17.008545,1492.7568,37.81253758960701,-0.047668457,1.8219604,-0.07057887746072848,1402,1398,0.9971469329529244
751,-17.076355,1494.6035,37.74897144306532,-0.06781006,1.8466797,-0.06356614654168935,1337,1335,0.9985041136873598
752,-16.997772,1496.529,37.77951173332247,0.07858276,1.9255219,0.030540290257149653,1353,1350,0.9977827050997783
753,-17.03949,1498.4192,37.76636200004324,-0.04171753,1.8901672,-0.01314973327923461,1334,1329,0.9962518740629686
754,-17.018494,1500.2365,37.765245712830406,0.020996094,1.8173065,-0.0011162872128286175,1313,1311,0.9984767707539984
755,-17.023712,1502.0717,37.73809772531181,-0.005218506,1.8352203,-0.02714798751859938,1474,1471,0.9979647218453188
756,-17.034943,1503.8074,37.71880879111743,-0.011230469,1.7357178,-0.01928893419437575,1465,1461,0.9972696245733789
757,-17.02536,1505.481,37.71008884847257,0.0095825195,1.6736145,-0.008719942644856177,1453,1444,0.993805918788713
758,-17.037354,1507.0656,37.68608225267755,-0.011993408,1.58461,-0.024006595795019327,1433,1425,0.994417306350314
759,-17.062958,1508.5977,37.62008984367655,-0.025604248,1.532074,-0.06599240900099512,1464,1461,0.9979508196721312
760,-17.088623,1509.989,37.60232553607142,-0.025665283,1.3914032,-0.01776430760513607,1510,1503,0.9953642384105961
761,-17.131989,1511.1112,37.58033220106427,-0.04336548,1.1222076,-0.02199333500714849,1509,1507,0.998674618952949
762,-17.124664,1512.0852,37.56591515086413,0.0073242188,0.9739685,-0.014417050200146702,1520,1517,0.9980263157894737
763,-17.159363,1512.9285,37.45367185484025,-0.034698486,0.843277,-0.11224329602387574,1499,1498,0.9993328885923949
764,-17.16858,1513.6077,37.419428113575385,-0.009216309,0.6792145,-0.034243741264866547,1449,1448,0.9993098688750862
765,-17.183105,1514.1995,37.38991979387453,-0.014526367,0.5918274,-0.029508319700853148,1449,1443,0.9958592132505176
766,-17.14914,1514.6304,37.36585184093216,0.033966064,0.43095398,-0.024067952942377773,1482,1480,0.9986504723346828
767,-17.172455,1514.952,37.31298959250845,-0.02331543,0.32167053,-0.052862248423708444,1473,1471,0.9986422267481331
768,-17.173431,1515.2031,37.307029424943494,-0.0009765625,0.2511444,-0.005960167564959249,1524,1522,0.9986876640419947
769,-17.165283,1515.4294,37.31375207657869,0.008148193,0.22634888,0.006722651635193696,1570,1569,0.9993630573248408
770,-17.177277,1515.6152,37.29540464630373,-0.011993408,0.1857605,-0.01834743027495613,1614,1611,0.9981412639405205
771,-17.149475,1515.6523,37.2803387832623,0.027801514,0.037078857,-0.015065863041428675,1693,1691,0.9988186650915535
772,-17.097626,1515.7283,37.27401642498985,0.051849365,0.0758667,-0.006322358272445535,1711,1707,0.9976621858562245
773,-17.026367,1515.748,37.27403150000057,0.071258545,0.019714355,1.5075010714902575e-05,1657,1654,0.9981894990947495
774,-16.92807,1515.7665,37.27159541128286,0.09829712,0.018432617,-0.0024360887177102774,1628,1627,0.9993857493857494
775,-16.83667,1515.7556,37.28203358464662,0.09140015,-0.010803223,0.01043817336376131,1612,1609,0.9981389578163772
776,-16.756287,1515.7711,37.26870220824208,0.0803833,0.015457153,-0.0133313764045343,1601,1600,0.9993753903810119
777,-16.161682,1515.8164,36.185346806594445,0.5946045,0.045288086,-1.083355401647638,1298,1293,0.9961479198767335
778,-15.832153,1516.351,30.30427988427529,0.3295288,0.5345154,-5.8810669223191585,1036,1029,0.9932432432432432
779,-15.874023,1516.8838,24.269986998195613,-0.041870117,0.5328369,-6.034292886079678,1046,1036,0.9904397705544933
780,-16.032013,1517.4584,19.04027130632423,-0.1579895,0.5746002,-5.229715691871383,1023,1018,0.9951124144672532
781,-16.127808,1517.855,15.24564255465801,-0.09579468,0.39660645,-3.7946287516662185,1078,1072,0.9944341372912802
782,-16.410156,1518.3899,12.757337345127347,-0.28234863,0.53486633,-2.4883052095306635,1139,1130,0.9920983318700615
783,-16.60141,1518.9137,11.142178912778594,-0.19125366,0.52375793,-1.615158432348753,1207,1206,0.9991714995857498
784,-16.755707,1519.4954,9.961329940973021,-0.15429688,0.58166504,-1.1808489718055726,1267,1266,0.9992107340173638
785,-16.90747,1520.0857,8.95473139821027,-0.15176392,0.5903778,-1.0065985427627506,1305,1297,0.9938697318007663
786,-17.074371,1520.664,8.084776688187326,-0.16690063,0.57821655,-0.8699547100229454,1266,1258,0.9936808846761453
787,-17.273682,1521.1787,7.304600023419236,-0.1993103,0.5147095,-0.7801766647680898,1314,1310,0.9969558599695586
788,-17.485596,1521.8071,6.754788834786179,-0.21191406,0.62841797,-0.5498111886330566,1347,1344,0.9977728285077951
789,-17.536377,1522.4662,6.4251472941208085,-0.05078125,0.6590271,-0.3296415406653708,1338,1330,0.9940209267563528
790,-17.62967,1523.2349,6.116652393574158,-0.09329224,0.76867676,-0.30849490054665024,1318,1312,0.9954476479514416
791,-17.754608,1524.0537,5.890090089369688,-0.124938965,0.81881714,-0.2265623042044703,1408,1406,0.9985795454545454
792,-17.924469,1525.011,5.669694584775298,-0.16986084,0.9572754,-0.22039550459439058,1382,1379,0.9978292329956585
793,-18.000488,1526.0659,5.505668673111956,-0.07601929,1.0549774,-0.16402591166334166,1331,1327,0.9969947407963937
794,-18.023315,1527.1768,5.4083935274059245,-0.022827148,1.1108398,-0.09727514570603149,1438,1434,0.9972183588317107
795,-18.137146,1528.5828,5.289972963694532,-0.11383057,1.4059753,-0.11842056371139278,1323,1319,0.9969765684051398
796,-18.155731,1530.248,5.217129141744728,-0.018585205,1.665329,-0.07284382194980359,1428,1423,0.9964985994397759
797,-18.212402,1532.0311,5.145438626683078,-0.056671143,1.7830505,-0.07169051506164975,1458,1453,0.9965706447187929
798,-18.20108,1534.0446,5.099138324845362,0.0113220215,2.0133972,-0.046300301837716,1441,1437,0.9972241498959056
799,-18.199768,1536.2817,5.076958869888551,0.0013122559,2.2372284,-0.022179454956811517,1442,1438,0.9972260748959778
800,-18.232483,1538.7236,5.037656296879793,-0.032714844,2.4418793,-0.03930257300875794,1438,1431,0.9951321279554938
801,-18.26056,1541.4215,5.026853198260991,-0.028076172,2.6979218,-0.010803098618801812,1420,1419,0.9992957746478873
802,-18.280487,1544.329,5.015786689629007,-0.019927979,2.907425,-0.0110665086319838,1410,1402,0.9943262411347518
803,-18.296722,1547.4288,5.010835786091595,-0.016235352,3.099823,-0.004950903537412131,1425,1420,0.9964912280701754
804,-18.19101,1550.8324,5.05548045128694,0.10571289,3.4035492,0.044644665195344886,1360,1356,0.9970588235294118
805,-18.16861,1554.3933,5.080308544725844,0.022399902,3.560913,0.024828093438903943,1376,1376,1.0
806,-18.082123,1558.0912,5.128191960429362,0.08648682,3.6978455,0.047883415703518464,1357,1352,0.9963154016212233
807,-18.091736,1561.8098,5.118231115121788,-0.009613037,3.7186432,-0.0099608453075733,1353,1344,0.9933481152993349
808,-18.054169,1565.564,5.095497746554931,0.03756714,3.7541351,-0.022733368566857665,1360,1355,0.9963235294117647
809,-18.011688,1569.2617,5.08415740441827,0.04248047,3.697815,-0.011340342136661213,1342,1339,0.9977645305514158
810,-18.048706,1573.0721,5.053030472758365,-0.037017822,3.8104248,-0.031126931659904926,1324,1319,0.9962235649546828
811,-17.983704,1576.7397,5.048850158482685,0.06500244,3.667633,-0.004180314275680301,1346,1340,0.9955423476968797
812,-17.977783,1580.4406,4.987307446868014,0.00592041,3.70076,-0.061542711614670134,1341,1338,0.9977628635346756
813,-17.972168,1584.0311,4.95533722795089,0.0056152344,3.5905762,-0.03197021891712419,1359,1351,0.9941133186166299
814,-17.939972,1587.6338,4.965390089301921,0.032196045,3.6026611,0.010052861351030491,1405,1399,0.995729537366548
815,-17.870117,1591.1703,4.9642188765616995,0.06985474,3.5364532,-0.0011712127402211025,1362,1352,0.9926578560939795
816,-17.817444,1594.6691,4.985611193735412,0.05267334,3.498825,0.021392317173712375,1383,1380,0.9978308026030369
817,-17.760132,1598.075,4.978900103097995,0.05731201,3.4059143,-0.00671109063741706,1384,1374,0.9927745664739884
818,-17.668121,1601.3824,4.98773911348295,0.0920105,3.307541,0.008839010384954549,1385,1382,0.9978339350180505
819,-17.524841,1604.7683,4.999043316925013,0.14328003,3.3859253,0.011304203442063277,1358,1350,0.9941089837997055
820,-17.436829,1607.986,5.054204015220441,0.088012695,3.217636,0.055160698295428766,1348,1343,0.9962908011869436
821,-17.399231,1611.2218,5.066670994473152,0.037597656,3.2358093,0.012466979252710472,1333,1330,0.9977494373593399
822,-17.305328,1614.4398,5.073655770521481,0.09390259,3.2180176,0.0069847760483292155,1378,1373,0.9963715529753265
823,-17.192902,1617.6268,5.099248964635938,0.11242676,3.1870422,0.025593194114456597,1391,1380,0.9920920201294033
824,-17.22351,1620.8718,5.1189785888281385,-0.03060913,3.245041,0.019729624192200607,1386,1381,0.9963924963924964
825,-17.157715,1624.0483,5.161516896509874,0.0657959,3.1764832,0.04253830768173572,1410,1402,0.9943262411347518
826,-17.107208,1627.1862,5.182972725022931,0.05050659,3.1378174,0.02145582851305686,1386,1382,0.9971139971139971
827,-17.051147,1630.3616,5.19620818471833,0.05606079,3.1754456,0.01323545969539879,1387,1383,0.9971160778658976
828,-16.988037,1633.4852,5.228927522016667,0.06311035,3.1236877,0.03271933729833694,1361,1356,0.9963262307127112
829,-16.921448,1636.6882,5.252689282586949,0.066589355,3.2029877,0.023761760570281534,1388,1380,0.9942363112391931
830,-16.90091,1639.813,5.266849789788008,0.02053833,3.1247864,0.014160507201058903,1400,1393,0.995
831,-16.796234,1642.969,5.301974455457755,0.10467529,3.1559753,0.03512466566974687,1407,1405,0.9985785358919688
832,-16.782623,1646.1553,5.319599529731874,0.01361084,3.186264,0.01762507427411916,1391,1384,0.9949676491732566
833,-16.701447,1649.4165,5.38761683798706,0.08117676,3.2612915,0.06801730825518625,1378,1373,0.9963715529753265
834,-16.73285,1652.6289,5.391315838065313,-0.031402588,3.2124329,0.0036990000782534363,1384,1378,0.9956647398843931
835,-16.674622,1655.8169,5.426830670802565,0.05822754,3.188034,0.03551483273725215,1376,1370,0.9956395348837209
836,-16.65802,1658.9886,5.441953176511357,0.016601562,3.1717377,0.015122505708791808,1391,1382,0.9935298346513299
837,-16.658508,1662.1091,5.4432114032013015,-0.00048828125,3.1204987,0.001258226689943753,1363,1359,0.9970652971386648
838,-16.617401,1665.2662,5.471836826828808,0.041107178,3.1571503,0.02862542362750662,1363,1353,0.9926632428466617
839,-16.498474,1668.4133,5.51172458439772,0.118927,3.147049,0.039887757568911726,1370,1362,0.9941605839416059
840,-16.481415,1671.5962,5.519043422049188,0.017059326,3.1828918,0.00731883765146893,1350,1344,0.9955555555555555
841,-16.505157,1674.7913,5.509328389883348,-0.023742676,3.1950989,-0.009715032165840654,1356,1352,0.9970501474926253
842,-16.52417,1678.0225,5.4927974671961435,-0.019012451,3.2311401,-0.016530922687204328,1372,1362,0.9927113702623906
843,-16.53946,1681.2112,5.491039290010789,-0.015289307,3.188736,-0.00175817718535373,1326,1321,0.9962292609351433
844,-16.574554,1684.3354,5.481855387430193,-0.035095215,3.1243134,-0.009183902580596044,1389,1384,0.9964002879769619
845,-16.582489,1687.4945,5.485611226387081,-0.00793457,3.1590576,0.0037558389568882436,1389,1384,0.9964002879769619
846,-16.596619,1690.6162,5.480743178765697,-0.014129639,3.1217346,-0.004868047621384393,1390,1384,0.99568345323741
847,-16.598724,1693.7236,5.506900075852428,-0.002105713,3.1074219,0.026156897086731096,1377,1372,0.9963689179375453
848,-16.624908,1696.8352,5.499224030151494,-0.026184082,3.1116333,-0.0076760457009345095,1360,1357,0.9977941176470588
849,-16.638184,1700.0159,5.499313089520515,-0.0132751465,3.1806335,8.905936902199404e-05,1374,1369,0.9963609898107715
850,-16.657745,1703.1249,5.518955291356275,-0.019561768,3.108963,0.01964220183576001,1354,1348,0.9955686853766618
851,-16.683624,1706.2771,5.50881199221174,-0.025878906,3.152237,-0.010143299144535248,1400,1392,0.9942857142857143
852,-16.699036,1709.403,5.5208731224344545,-0.015411377,3.1258545,0.012061130222714848,1393,1387,0.9956927494615937
853,-16.698944,1712.5397,5.489356116606261,9.1552734e-05,3.1367188,-0.031517005828192675,1363,1360,0.9977989728539985
854,-16.676147,1715.5967,5.490814149036832,0.02279663,3.0570374,0.001458032430570358,1401,1397,0.9971448965024983
855,-16.716492,1718.7389,5.477605531951765,-0.04034424,3.142212,-0.01320861708506754,1357,1351,0.9955784819454679
856,-16.6734,1721.8733,5.4826625020493225,0.04309082,3.134369,0.005056970097557732,1389,1383,0.9956803455723542
857,-16.669678,1724.9528,5.492579203244223,0.0037231445,3.0794373,0.009916701194900918,1372,1365,0.9948979591836735
858,-16.687042,1728.121,5.488863349545512,-0.017364502,3.1681824,-0.003715853698711008,1382,1373,0.9934876989869754
859,-16.666748,1731.2666,5.47975628217582,0.02029419,3.145584,-0.009107067369692669,1366,1357,0.9934114202049781
860,-16.671509,1734.4316,5.462387778386383,-0.004760742,3.1650696,-0.017368503789437478,1352,1347,0.996301775147929
861,-16.699036,1737.5292,5.467768663992819,-0.027526855,3.0974884,0.005380885606436494,1373,1367,0.9956300072833212
862,-16.703186,1740.6145,5.476417623431153,-0.0041503906,3.0853271,0.008648959438333456,1345,1337,0.9940520446096655
863,-16.709717,1743.7635,5.466259680238863,-0.0065307617,3.1490936,-0.010157943192288715,1360,1357,0.9977941176470588
864,-16.731415,1746.9198,5.445811941205849,-0.021697998,3.1562347,-0.02044773903301417,1348,1342,0.9955489614243324
865,-16.740906,1750.0912,5.448057623041428,-0.009490967,3.1713715,0.002245681835578384,1383,1376,0.9949385394070861
866,-16.825104,1753.2036,5.407254356370447,-0.084198,3.1124268,-0.04080326667098086,1384,1374,0.9927745664739884
867,-16.891327,1756.2902,5.329599881723003,-0.066223145,3.0865936,-0.07765447464744361,1375,1375,1.0
868,-16.954315,1759.4725,5.313217096985728,-0.06298828,3.1823883,-0.016382784737275308,1397,1392,0.9964209019327129
869,-16.939453,1762.6735,5.319686822491967,0.014862061,3.2009277,0.00646972550623906,1386,1379,0.9949494949494949
870,-17.066528,1765.8439,5.282267825019903,-0.1270752,3.1704102,-0.037418997472063835,1370,1364,0.9956204379562044
871,-17.113556,1769.0018,5.249726233643047,-0.047027588,3.1579132,-0.03254159137685576,1358,1352,0.9955817378497791
872,-17.312775,1772.2035,5.176718444796659,-0.19921875,3.201645,-0.07300778884638819,1350,1345,0.9962962962962963
873,-17.34317,1775.3763,5.159930474832468,-0.030395508,3.172882,-0.016787969964191157,1382,1374,0.9942112879884226
874,-17.449585,1778.4596,5.121399579395068,-0.106414795,3.0832672,-0.038530895437399765,1356,1352,0.9970501474926253
875,-17.483643,1781.6744,5.138582716369473,-0.034057617,3.2148438,0.017183136974404243,1361,1357,0.997060984570169
876,-17.539581,1784.7852,5.1150768562100986,-0.05593872,3.1106567,-0.02350586015937381,1360,1356,0.9970588235294118
877,-17.593506,1787.8955,5.125202853477103,-0.05392456,3.1104126,0.01012599726700453,1301,1295,0.9953881629515757
878,-17.685272,1790.9609,5.1145155399587034,-0.09176636,3.0654602,-0.010687313518399405,1364,1360,0.9970674486803519
879,-17.763733,1794.0986,5.085192687525117,-0.07846069,3.1377563,-0.029322852433586444,1375,1371,0.9970909090909091
880,-17.855927,1797.1837,5.076011285572363,-0.0921936,3.0850525,-0.009181401952753684,1348,1344,0.9970326409495549
881,-17.947632,1800.302,5.045272970901955,-0.09170532,3.1182404,-0.03073831467040826,1329,1316,0.9902182091798345
882,-18.024017,1803.4542,5.0171765384389335,-0.0763855,3.152176,-0.02809643246302184,1366,1366,1.0
883,-18.1427,1806.5972,4.9947304024340164,-0.11868286,3.1429749,-0.022446136004917242,1387,1381,0.9956741167988464
884,-18.246338,1809.7285,4.967551486023383,-0.103637695,3.131363,-0.027178916410633573,1367,1361,0.9956108266276518
885,-18.368256,1812.9476,4.919234593832403,-0.121917725,3.219101,-0.04831689219097959,1385,1383,0.9985559566787003
886,-18.35138,1816.1267,4.9022739642028395,0.01687622,3.179062,-0.016960629629563646,1379,1373,0.9956490210297317
887,-18.387207,1819.3629,4.860360719230822,-0.035827637,3.236206,-0.04191324497201752,1369,1365,0.9970781592403214
888,-18.463074,1822.5327,4.828940810774086,-0.0758667,3.1698303,-0.03141990845673531,1358,1354,0.9970544918998527
889,-18.509155,1825.6881,4.803739794936684,-0.046081543,3.1554108,-0.0252010158374025,1369,1363,0.9956172388604821
890,-18.49762,1828.8264,4.782711020860999,0.0115356445,3.1382446,-0.02102877407568515,1375,1368,0.9949090909090909
891,-18.587585,1831.9648,4.7381651390008805,-0.08996582,3.1384125,-0.044545881860118944,1383,1378,0.9963846710050615
892,-18.573578,1835.1493,4.731039164591238,0.014007568,3.184494,-0.0071259744096418085,1369,1367,0.9985390796201608
893,-18.749817,1838.2413,4.698306129539685,-0.17623901,3.092041,-0.03273303505155338,1412,1406,0.9957507082152974
894,-18.789398,1841.3933,4.686591103927429,-0.0395813,3.152008,-0.011715025612256194,1392,1388,0.9971264367816092
895,-18.777863,1844.5454,4.662627161696607,0.0115356445,3.1521454,-0.02396394223082248,1394,1388,0.9956958393113343
896,-18.788849,1847.7322,4.652556889771897,-0.010986328,3.1867065,-0.01007027192471025,1412,1410,0.9985835694050992
897,-18.843231,1850.9307,4.648844224831037,-0.054382324,3.1984253,-0.003712664940859878,1396,1391,0.9964183381088825
898,-18.872559,1854.1036,4.634682880690611,-0.029327393,3.172943,-0.01416134414042581,1408,1402,0.9957386363636364
899,-18.867981,1857.2225,4.61969950437582,0.0045776367,3.1188965,-0.014983376314790867,1390,1385,0.9964028776978417
900,-18.946747,1860.3976,4.588132541801656,-0.07876587,3.175003,-0.03156696257416387,1359,1354,0.9963208241353937
901,-18.929443,1863.5455,4.573415646149078,0.017303467,3.1479492,-0.014716895652578018,1365,1362,0.9978021978021978
902,-18.982056,1866.6873,4.550400092187222,-0.052612305,3.1417847,-0.023015553961856082,1401,1398,0.9978586723768736
903,-18.978088,1869.7772,4.5350633383718675,0.003967285,3.08992,-0.015336753815354829,1412,1407,0.9964589235127479
904,-18.929138,1872.9393,4.4991857295524875,0.048950195,3.1621246,-0.035877608819379785,1390,1389,0.9992805755395684
905,-19.000397,1876.1018,4.465617012359187,-0.071258545,3.1625366,-0.033568717193300214,1405,1401,0.9971530249110321
906,-18.975006,1879.2545,4.46230585699879,0.025390625,3.1527252,-0.003311155360397749,1442,1434,0.9944521497919556
907,-18.910583,1882.4452,4.479843929655257,0.06442261,3.1906738,0.01753807265646683,1420,1409,0.9922535211267606
908,-18.890259,1885.574,4.446321044293994,0.020324707,3.1288147,-0.033522885361261814,1418,1411,0.9950634696755994
909,-18.893005,1888.7428,4.4104473905266195,-0.002746582,3.1687927,-0.03587365376737536,1389,1386,0.9978401727861771
910,-18.907562,1891.864,4.418982769920986,-0.014556885,3.121231,0.008535379394367184,1360,1354,0.9955882352941177
911,-18.915344,1894.9904,4.387314882563002,-0.0077819824,3.1263428,-0.031667887357984426,1411,1407,0.997165131112686
912,-18.951752,1898.0732,4.374599446323405,-0.03640747,3.0829315,-0.012715436239597653,1375,1371,0.9970909090909091
913,-18.945435,1901.1683,4.335224703367449,0.0063171387,3.0951233,-0.039374742955956304,1364,1359,0.9963343108504399
914,-18.909088,1904.258,4.336033876921103,0.036346436,3.0896912,0.0008091735536541946,1372,1362,0.9927113702623906
915,-18.943695,1907.3359,4.320037230591881,-0.034606934,3.077835,-0.015996646329222073,1358,1348,0.9926362297496318
916,-18.98767,1910.4274,4.277856446451825,-0.04397583,3.0914307,-0.042180784140056264,1377,1373,0.9970951343500363
917,-18.98944,1913.4982,4.263004225939977,-0.0017700195,3.0707855,-0.014852220511847222,1357,1352,0.9963154016212233
918,-18.980164,1916.587,4.235650918282965,0.009277344,3.0888214,-0.027353307657012077,1363,1357,0.9955979457079971
919,-19.068848,1919.7368,4.168869136146073,-0.08868408,3.149765,-0.0667817821368919,1355,1349,0.9955719557195571
920,-19.059692,1922.7953,4.152928255416467,0.009155273,3.0585022,-0.015940880729605866,1390,1385,0.9964028776978417
921,-18.991333,1925.7737,4.158524097704011,0.068359375,2.978363,0.005595842287544316,1409,1402,0.9950319375443577
922,-19.025757,1928.6779,4.138987805794906,-0.034423828,2.90419,-0.01953629190910562,1393,1385,0.994256999282125
923,-18.987427,1931.5037,4.123574761147886,0.038330078,2.825821,-0.015413044647020094,1386,1381,0.9963924963924964
924,-19.013458,1934.2046,4.105509583867652,-0.026031494,2.7009888,-0.018065177280234032,1420,1418,0.9985915492957746
925,-19.008148,1936.7522,4.1286543137411025,0.0053100586,2.547638,0.023144729873450842,1415,1409,0.9957597173144876
926,-18.98294,1939.2028,4.123276410054783,0.02520752,2.4505768,-0.005377903686319876,1411,1405,0.9957476966690291
927,-19.01712,1941.5243,4.085311437442204,-0.034179688,2.3215637,-0.0379649726125785,1421,1419,0.9985925404644617
928,-19.02481,1943.7296,4.084337520030394,-0.0076904297,2.2053375,-0.0009739174118101852,1420,1410,0.9929577464788732
929,-19.015045,1945.905,4.070416210277237,0.009765625,2.1753693,-0.013921309753156986,1447,1441,0.9958534899792675
930,-19.054565,1947.9393,4.059691457113485,-0.039520264,2.0343475,-0.010724753163752578,1400,1392,0.9942857142857143
931,-19.1203,1949.9596,4.028511401446266,-0.06573486,2.0202942,-0.031180055667218317,1444,1437,0.9951523545706371
932,-19.081177,1951.9025,4.039998908139197,0.039123535,1.9429169,0.011487506692930891,1438,1432,0.9958275382475661
933,-19.124298,1953.8291,4.038252251573449,-0.043121338,1.92659,-0.0017466565657482404,1474,1468,0.9959294436906377
934,-19.131134,1955.7128,4.032845061601028,-0.0068359375,1.8836823,-0.005407189972420968,1448,1441,0.9951657458563536
935,-19.159546,1957.6257,4.037047341750069,-0.028411865,1.9129333,0.004202280149041135,1408,1405,0.9978693181818182
936,-19.161682,1959.461,4.003825341216755,-0.0021362305,1.8352814,-0.03322200053331385,1440,1428,0.9916666666666667
937,-19.338593,1961.3054,4.156023188704011,-0.1769104,1.8443146,0.15219784748725568,1430,1426,0.9972027972027973
938,-19.363312,1963.1426,4.143099890932385,-0.024719238,1.8371277,-0.012923297771625685,1428,1420,0.9943977591036415
939,-19.395813,1964.9817,4.142145594892645,-0.03250122,1.8391571,-0.0009542960397404588,1419,1410,0.9936575052854123
940,-19.353851,1966.7928,4.18969582119926,0.04196167,1.8111572,0.04755022630661578,1446,1441,0.9965421853388658
941,-19.33075,1968.5775,4.209679151006187,0.023101807,1.7846222,0.019983329806926492,1412,1409,0.9978753541076487
942,-19.38623,1970.2523,4.185518593215139,-0.055480957,1.6747742,-0.024160557791047716,1399,1396,0.997855611150822
943,-19.382965,1972.0042,4.200811640488301,0.0032653809,1.75177,0.015293047273161907,1412,1409,0.9978753541076487
944,-19.38855,1973.6492,4.18421354170867,-0.005584717,1.6449738,-0.01659809877963203,1420,1413,0.9950704225352113
945,-19.41629,1975.2344,4.17130040412926,-0.027740479,1.585144,-0.012913137579409012,1409,1399,0.992902767920511
946,-19.407745,1976.6691,4.170751310630198,0.008544922,1.4347229,-0.000549093499061918,1439,1432,0.995135510771369
947,-19.424377,1977.9532,4.152270980550476,-0.01663208,1.2842255,-0.018480330079722013,1476,1468,0.994579945799458
948,-19.340057,1979.1333,4.171227098428191,0.08432007,1.1801147,0.01895611787771461,1493,1491,0.9986604152712659
949,-19.352234,1980.1436,4.173500482738972,-0.012176514,1.0102997,0.0022733843107807486,1537,1535,0.9986987638256344
950,-19.407776,1981.0592,4.143552635557978,-0.055541992,0.9156494,-0.029947847180994122,1516,1511,0.9967018469656992
951,-19.398071,1981.831,4.128914939874278,0.00970459,0.7718353,-0.014637695683700533,1502,1499,0.9980026631158455
952,-19.350708,1982.4728,4.128756018059115,0.04736328,0.6417389,-0.00015892181516287808,1458,1455,0.9979423868312757
953,-19.382263,1982.9915,4.1131814542874885,-0.031555176,0.51867676,-0.015574563771627076,1459,1455,0.9972583961617546
954,-19.41037,1983.4601,4.076935956256284,-0.02810669,0.4685974,-0.036245498031204686,1446,1440,0.995850622406639
955,-19.359375,1983.8965,4.08636041457506,0.050994873,0.4363861,0.009424458318775603,1416,1412,0.9971751412429378
956,-19.355652,1984.1841,4.0726821470345,0.0037231445,0.2876587,-0.013678267540559789,1476,1474,0.9986449864498645
957,-19.309692,1984.3337,4.046645231062052,0.045959473,0.14964294,-0.026036915972447845,1551,1550,0.9993552546744036
958,-19.293823,1984.4155,4.013390641726929,0.01586914,0.081832886,-0.033254589335123055,1641,1639,0.9987812309567337
959,-19.219818,1984.478,3.9984701452880933,0.07400513,0.0625,-0.014920496438835269,1601,1600,0.9993753903810119
960,-19.165405,1984.5,3.9798392499545945,0.05441284,0.021987915,-0.018630895333498633,1661,1659,0.9987959060806743
961,-19.11734,1984.481,3.9593733614317492,0.048065186,-0.018997192,-0.020465888522845407,1706,1706,1.0
962,-19.066315,1984.4735,3.950407519397628,0.05102539,-0.0074310303,-0.008965842034121608,1724,1721,0.9982598607888631
963,-18.983704,1984.4304,3.9547056011710686,0.082611084,-0.043151855,0.004298081773440795,1675,1670,0.9970149253731343
964,-18.688782,1984.31,3.8019190351593983,0.29492188,-0.12034607,-0.15278656601167026,1456,1452,0.9972527472527473
965,-18.24054,1984.4695,-0.9814920842497581,0.4482422,0.1594696,-4.783411119409156,1013,1005,0.9921026653504442
966,-18.150604,1985.08,-7.59180809384301,0.0899353,0.6104584,-6.6103160095932525,968,960,0.9917355371900827
967,-18.2388,1986.0099,-14.20315282716708,-0.0881958,0.9299469,-6.61134473332407,952,942,0.9894957983193278
968,-18.485992,1986.8691,-20.738089255804127,-0.24719238,0.8592377,-6.534936428637045,1001,991,0.99000999000999
969,-18.659882,1987.7361,-26.382671869254047,-0.17388916,0.8669739,-5.644582613449919,1079,1062,0.9842446709916589
970,-18.936096,1988.3656,-30.647505664838025,-0.2762146,0.6295166,-4.264833795583978,1120,1111,0.9919642857142857
971,-19.08728,1989.073,-33.43026691277707,-0.15118408,0.7074585,-2.7827612479390473,1239,1232,0.9943502824858758
972,-19.22229,1989.6279,-35.19627672254478,-0.13500977,0.5549164,-1.7660098097677117,1250,1244,0.9952
973,-19.276306,1990.2142,-36.64382045624286,-0.054016113,0.5862732,-1.447543733698078,1261,1249,0.9904837430610627
974,-19.163574,1990.6628,-37.97693291510953,0.11273193,0.44857788,-1.3331124588666694,1307,1300,0.9946442234123948
975,-19.144653,1991.1334,-38.90665103197932,0.018920898,0.47061157,-0.9297181168697912,1301,1294,0.994619523443505
976,-19.166382,1991.7028,-39.65613190003362,-0.021728516,0.5693054,-0.7494808680543006,1321,1316,0.9962149886449659
977,-19.21399,1992.3489,-40.26433125736871,-0.047607422,0.64616394,-0.6081993573350851,1348,1343,0.9962908011869436
978,-19.203918,1993.0999,-40.767498944945494,0.010070801,0.7510376,-0.5031676875767847,1319,1311,0.9939347990902199
979,-19.207245,1993.7074,-41.25109210345776,-0.003326416,0.6075134,-0.48359315851226153,1309,1306,0.9977081741787625
980,-19.235596,1994.7357,-41.53310441923435,-0.02835083,1.0283508,-0.28201231577659336,1315,1308,0.9946768060836502
981,-19.177307,1995.8103,-41.7648160337853,0.058288574,1.0745544,-0.23171161455095055,1333,1326,0.994748687171793
982,-19.173248,1996.9838,-42.000758378116274,0.004058838,1.1735077,-0.23594234433096897,1364,1354,0.9926686217008798
983,-19.161926,1998.4945,-42.1346704293175,0.0113220215,1.5107574,-0.1339120512012296,1403,1396,0.9950106913756237
984,-19.234955,2000.1072,-42.28185442385391,-0.073028564,1.6127319,-0.14718399453640196,1416,1406,0.9929378531073446
985,-19.22995,2001.9569,-42.37964988188849,0.005004883,1.849762,-0.09779545803458468,1412,1404,0.9943342776203966
986,-19.193848,2004.0359,-42.2960751499592,0.036102295,2.0790405,0.08357473192928667,1386,1376,0.9927849927849928
987,-19.229858,2006.269,-42.34401817566983,-0.036010742,2.2331543,-0.04794302571063177,1388,1384,0.9971181556195965
988,-19.214233,2008.6779,-42.35279151368245,0.015625,2.4088287,-0.008773338012616214,1385,1377,0.9942238267148015
989,-19.185333,2011.3324,-42.34197882904481,0.028900146,2.6545105,0.010812684637636245,1378,1368,0.9927431059506531
990,-19.154358,2014.1562,-42.353014152341835,0.030975342,2.8238678,-0.011035323297019176,1374,1368,0.9956331877729258
991,-19.150574,2017.1732,-42.31946421919353,0.0037841797,3.0170135,0.03354993314830492,1370,1360,0.9927007299270073
992,-19.161469,2020.3352,-42.285755156178304,-0.010894775,3.1619873,0.03370906301522288,1398,1391,0.9949928469241774
993,-19.161133,2023.6841,-42.257340692477605,0.00033569336,3.3489075,0.028414463700698,1393,1391,0.9985642498205313
994,-19.184357,2027.1094,-42.23207990505587,-0.023223877,3.425354,0.025260787421739404,1400,1394,0.9957142857142857
995,-19.166077,2030.5212,-42.18374121953711,0.01828003,3.4119263,0.04833868551875482,1390,1384,0.99568345323741
996,-19.133911,2034.0217,-42.07159053351609,0.032165527,3.500534,0.11215068602102508,1407,1404,0.997867803837953
997,-19.109253,2037.4934,-42.00867689778024,0.024658203,3.471634,0.06291363573584331,1369,1364,0.9963476990504018
998,-19.123901,2040.9039,-41.94784444514448,-0.0146484375,3.4105682,0.06083245263576062,1419,1412,0.9950669485553206
999,-19.125824,2044.2327,-41.938854761835515,-0.0019226074,3.3287964,0.008989683308969085,1423,1420,0.9978917779339423
1000,-19.151062,2047.5488,-41.88463311654111,-0.025238037,3.3161926,0.05422164529440204,1394,1385,0.9935437589670014
1001,-19.163391,2050.8108,-41.815520343468314,-0.012329102,3.2619934,0.06911277307279633,1440,1430,0.9930555555555556
1002,-19.154114,2052.4348,-41.7738409278616,0.009277344,1.6239471,0.04167941560671422,1419,1417,0.9985905567300916
1003,-19.165344,2055.732,-41.71805348255444,-0.011230469,3.2970428,0.055787445307162384,1405,1401,0.9971530249110321
1004,-19.15448,2058.919,-41.64775215003995,0.010864258,3.186905,0.07030133251449135,1380,1374,0.9956521739130435
1005,-19.178741,2062.0352,-41.588154370136415,-0.024261475,3.1161804,0.05959777990353287,1399,1390,0.993566833452466
1006,-19.209625,2065.1084,-41.52569630048279,-0.030883789,3.0733643,0.06245806965362065,1419,1410,0.9936575052854123
1007,-19.196045,2068.1284,-41.47625760135238,0.013580322,3.0199127,0.04943869913041076,1395,1390,0.996415770609319
1008,-19.233398,2071.1218,-41.40641813430038,-0.037353516,2.993515,0.0698394670519963,1420,1412,0.9943661971830986
1009,-19.258118,2074.0486,-41.33852055580306,-0.024719238,2.9268188,0.06789757849732313,1394,1388,0.9956958393113343
1010,-19.262299,2076.9956,-41.301143055278445,-0.004180908,2.9469604,0.03737750052461394,1395,1392,0.9978494623655914
1011,-19.295654,2079.8955,-41.225571554092355,-0.033355713,2.8998413,0.07557150118608826,1398,1392,0.9957081545064378
1012,-19.270111,2082.834,-41.14385716894497,0.025543213,2.9384308,0.0817143851473844,1391,1385,0.99568655643422
1013,-19.304504,2085.8208,-41.04484607013468,-0.03439331,2.9867706,0.0990110988102893,1415,1412,0.9978798586572438
1014,-19.335968,2088.7788,-41.01748451482444,-0.031463623,2.958023,0.027361555310242466,1407,1401,0.9957356076759062
1015,-19.307983,2091.7515,-40.9339738482013,0.02798462,2.9725952,0.08351066662313851,1400,1390,0.9928571428571429
1016,-19.251251,2094.8726,-40.865969493438584,0.056732178,3.121048,0.06800435476271208,1361,1356,0.9963262307127112
1017,-19.253723,2097.8547,-40.80153111503763,-0.0024719238,2.9821625,0.06443837840095339,1398,1395,0.9978540772532188
1018,-19.27005,2100.7732,-40.73507664767803,-0.016326904,2.9185028,0.06645446735960236,1389,1384,0.9964002879769619
1019,-19.335083,2103.7197,-40.66576730607671,-0.06503296,2.94664,0.06930934160131773,1364,1357,0.9948680351906158
1020,-19.332184,2106.5981,-40.606806100898815,0.00289917,2.8783875,0.05896120517789758,1364,1358,0.9956011730205279
1021,-19.32898,2109.505,-40.52536008339523,0.0032043457,2.9066315,0.08144601750358439,1349,1343,0.9955522609340252
1022,-19.366882,2112.4292,-40.43835910064414,-0.037902832,2.924408,0.08700098275108908,1352,1348,0.9970414201183432
1023,-19.350006,2115.3547,-40.3521071787339,0.01687622,2.9254608,0.08625192191023609,1367,1360,0.9948792977322605
1024,-19.34851,2118.228,-40.26810633997393,0.0014953613,2.8731995,0.08400083875997305,1362,1354,0.9941262848751835
1025,-19.368073,2121.1104,-40.20142205108514,-0.019561768,2.8823853,0.06668428888879607,1351,1348,0.997779422649889
1026,-19.387146,2123.9688,-40.11597320668899,-0.019073486,2.8583374,0.0854488443961441,1356,1351,0.9963126843657817
1027,-19.42566,2126.9307,-40.04649931687982,-0.038513184,2.9618225,0.06947388980917496,1365,1362,0.9978021978021978
1028,-19.4245,2129.875,-39.9759990267261,0.001159668,2.9444427,0.07050029015371502,1334,1333,0.9992503748125937
1029,-19.451355,2132.7432,-39.894562107560475,-0.026855469,2.8680878,0.08143691916562512,1362,1359,0.9977973568281938
1030,-19.457703,2135.6963,-39.81646282628879,-0.0063476562,2.9530945,0.07809928127168053,1371,1365,0.9956236323851203
1031,-19.519257,2138.5444,-39.74739959334646,-0.061553955,2.8482513,0.06906323294233155,1344,1342,0.9985119047619048
1032,-19.47226,2141.4487,-39.666333172457236,0.04699707,2.9042664,0.08106642088922256,1392,1387,0.9964080459770115
1033,-19.499237,2144.3455,-39.56905566826779,-0.026977539,2.8967743,0.09727750418945141,1361,1357,0.997060984570169
1034,-19.569244,2147.248,-39.530384424772926,-0.070007324,2.9025116,0.038671243494859286,1345,1343,0.9985130111524163
1035,-19.534668,2150.1519,-39.43904250305885,0.034576416,2.9037933,0.09134192171407395,1366,1359,0.9948755490483162
1036,-19.55835,2153.0278,-39.36394951321895,-0.02368164,2.876007,0.0750929898399029,1363,1353,0.9926632428466617
1037,-19.585144,2155.933,-39.2863029951207,-0.026794434,2.905304,0.07764651809824896,1363,1356,0.9948642699926632
1038,-19.64096,2158.8657,-39.21026572467582,-0.05581665,2.9325714,0.07603727044487613,1315,1311,0.996958174904943
1039,-19.653534,2161.7915,-39.14113809645657,-0.012573242,2.9258118,0.06912762821924792,1351,1346,0.996299037749815
1040,-19.63086,2164.6973,-39.03194099718923,0.02267456,2.9057007,0.10919709926733993,1332,1327,0.9962462462462462
1041,-19.604706,2167.6257,-38.96581419956888,0.026153564,2.9284058,0.06612679762034605,1350,1342,0.9940740740740741
1042,-19.631195,2170.4565,-38.90005198635972,-0.026489258,2.8309174,0.06576221320916278,1359,1356,0.9977924944812362
1043,-19.63507,2173.3132,-38.83491090942708,-0.0038757324,2.85672,0.06514107693264262,1343,1339,0.9970215934475056
1044,-19.698792,2176.1528,-38.756105079852475,-0.0637207,2.8395844,0.0788058295746035,1346,1342,0.9970282317979198
1045,-19.718964,2179.0317,-38.67198743095589,-0.02017212,2.8788757,0.08411764889658606,1306,1303,0.9977029096477795
1046,-19.739655,2181.8835,-38.58258364284095,-0.020690918,2.8517303,0.08940378811493936,1295,1285,0.9922779922779923
1047,-19.719055,2184.7898,-38.51753630203486,0.020599365,2.9063568,0.06504734080609037,1342,1335,0.9947839046199702
1048,-19.719086,2187.602,-38.439764968351675,-3.0517578e-05,2.81221,0.07777133368319063,1339,1336,0.9977595220313666
1049,-19.708527,2190.4165,-38.3488395448773,0.010559082,2.8144226,0.09092542347437078,1353,1350,0.9977827050997783
1050,-19.831116,2193.3079,-38.25986443886776,-0.12258911,2.8912659,0.08897510600954195,1296,1290,0.9953703703703703
1051,-19.852692,2196.2085,-38.19168747023339,-0.021575928,2.9006958,0.06817696863436978,1313,1304,0.9931454683929931
1052,-19.833282,2199.0752,-38.09354192932377,0.01940918,2.8665771,0.0981455409096223,1321,1314,0.9947009841029523
1053,-19.872955,2201.8499,-38.02547234677292,-0.03967285,2.7745514,0.06806958255085081,1334,1327,0.9947526236881559
1054,-19.886536,2204.6448,-37.9521636088198,-0.013580322,2.7950134,0.07330873795311639,1322,1313,0.9931921331316188
1055,-19.918518,2207.4087,-37.871559255160165,-0.031982422,2.763794,0.08060435365963763,1341,1335,0.9955257270693513
1056,-19.943817,2210.2322,-37.78778065841274,-0.025299072,2.8234863,0.08377859674742211,1318,1311,0.9946889226100152
1057,-19.930695,2213.0513,-37.70073566774492,0.013122559,2.8192139,0.08704499066781958,1332,1325,0.9947447447447447
1058,-19.985443,2215.854,-37.6291409629032,-0.054748535,2.802719,0.0715947048417225,1325,1320,0.9962264150943396
1059,-19.95456,2218.6753,-37.535153348186824,0.030883789,2.8213348,0.09398761471637386,1330,1323,0.9947368421052631
1060,-19.996124,2221.543,-37.46842735881121,-0.04156494,2.8676758,0.06672598937561393,1312,1309,0.9977134146341463
1061,-20.048553,2224.4297,-37.36273163667037,-0.0524292,2.886673,0.1056957221408448,1285,1280,0.9961089494163424
1062,-20.121307,2227.1973,-37.3034028772297,-0.072753906,2.7676086,0.059328759440666345,1316,1308,0.993920972644377
1063,-20.143494,2230.0115,-37.226668295488466,-0.02218628,2.8141632,0.07673458174123492,1309,1303,0.9954163483575248
1064,-20.167236,2232.7983,-37.16633652015523,-0.023742676,2.7868042,0.06033177533324104,1303,1300,0.9976976208749041
1065,-20.171814,2235.6047,-37.09931104555276,-0.0045776367,2.806427,0.06702547460246776,1338,1331,0.9947683109118086
1066,-20.253662,2238.4019,-37.02985220425346,-0.081848145,2.7970886,0.06945884129929789,1321,1313,0.9939439818319455
1067,-20.204315,2241.1912,-36.967331558576674,0.049346924,2.7893677,0.06252064567678321,1338,1332,0.9955156950672646
1068,-20.243164,2243.9458,-36.90330631579231,-0.038848877,2.7547455,0.06402524278436995,1289,1285,0.9968968192397207
1069,-20.279266,2246.702,-36.83781253421592,-0.036102295,2.7561798,0.06549378157638479,1342,1331,0.9918032786885246
1070,-20.291565,2249.5088,-36.754146351586336,-0.012298584,2.8070068,0.0836661826295827,1332,1328,0.996996996996997
1071,-20.31018,2252.2646,-36.70921657697355,-0.018615723,2.755951,0.04492977461278392,1317,1313,0.996962794229309
1072,-20.304718,2254.9844,-36.60843516800189,0.0054626465,2.7198486,0.10078140897166611,1337,1333,0.9970082273747195
1073,-20.327545,2257.7722,-36.54663620596029,-0.022827148,2.7878418,0.06179896204159806,1331,1321,0.9924868519909842
1074,-20.359375,2260.517,-36.46656829599542,-0.031829834,2.7449493,0.08006790996486507,1332,1327,0.9962462462462462
1075,-20.372131,2263.382,-36.38010238972076,-0.012756348,2.864975,0.0864659062746641,1307,1301,0.9954093343534812
1076,-20.407837,2266.2083,-36.29740117753988,-0.035705566,2.8261566,0.08270121218087859,1328,1322,0.9954819277108434
1077,-20.379639,2269.0793,-36.16162749909013,0.028198242,2.871048,0.1357736784497507,1331,1327,0.9969947407963937
1078,-20.39154,2271.8696,-36.076101363236255,-0.0119018555,2.7903748,0.0855261358538764,1353,1347,0.9955654101995566
1079,-20.459747,2274.6968,-36.00628654988765,-0.06820679,2.8272247,0.06981481334861048,1312,1309,0.9977134146341463
1080,-20.412476,2277.5193,-35.913237886274395,0.04727173,2.822586,0.09304866361325144,1339,1332,0.9947722180731889
1081,-20.437592,2280.3074,-35.849906161225896,-0.025115967,2.788086,0.06333172504849799,1272,1268,0.9968553459119497
1082,-20.49704,2283.1777,-35.77564795751954,-0.059448242,2.8703613,0.07425820370635601,1287,1279,0.9937839937839937
1083,-20.554108,2286.0447,-35.691694725763895,-0.05706787,2.8668518,0.08395323175564033,1295,1290,0.9961389961389961
1084,-20.590881,2288.9153,-35.61934670326342,-0.03677368,2.8707123,0.07234802250048059,1368,1361,0.9948830409356725
1085,-20.615387,2291.7847,-35.529452614468774,-0.024505615,2.8695068,0.08989408879464382,1305,1303,0.9984674329501916
1086,-20.647858,2294.577,-35.43394573002595,-0.032470703,2.7921753,0.0955068844428279,1317,1312,0.9962034927866363
1087,-20.71997,2297.4048,-35.37644126003194,-0.07211304,2.8279572,0.057504469994006255,1330,1319,0.9917293233082707
1088,-20.742615,2300.037,-35.2922968510246,-0.022644043,2.63237,0.0841444090073384,1272,1269,0.9976415094339622
1089,-20.78714,2302.6697,-35.200351319589586,-0.044525146,2.6326294,0.09194553143501834,1309,1304,0.9961802902979373
1090,-20.817963,2305.185,-35.13463600390255,-0.030822754,2.5153503,0.06571531568703491,1303,1298,0.9961627014581734
1091,-20.85669,2307.565,-35.05667670983216,-0.038726807,2.379776,0.07795929407039111,1336,1331,0.9962574850299402
1092,-20.922241,2309.8728,-35.003166801418296,-0.06555176,2.3078918,0.0535099084138665,1423,1416,0.9950808151791989
1093,-20.946838,2312.0908,-34.94792911506283,-0.024597168,2.2180634,0.05523768635546638,1434,1429,0.9965132496513249
1094,-21.026764,2314.0754,-34.94618278391657,-0.07992554,1.9845276,0.0017463311462554635,1384,1376,0.9942196531791907
1095,-21.040924,2316.071,-34.9262931344963,-0.014160156,1.9955902,0.019889649420271254,1413,1400,0.9907997169143666
1096,-21.075684,2317.9265,-34.923076976153034,-0.03475952,1.8553925,0.0032161583432664324,1338,1334,0.9970104633781763
1097,-21.128815,2319.6938,-34.93955986120251,-0.053131104,1.7674255,-0.01648288504947913,1334,1323,0.9917541229385307
1098,-21.068695,2321.4717,-34.90195237520928,0.06011963,1.7777405,0.03760748599323103,1316,1307,0.993161094224924
1099,-21.07843,2323.2031,-34.89252909515102,-0.009735107,1.7313995,0.009423280058259499,1326,1324,0.9984917043740573
1100,-21.048157,2324.9463,-34.83340787541595,0.030273438,1.7432404,0.05912121973506621,1348,1341,0.994807121661721
1101,-21.065582,2326.612,-34.79455308010967,-0.017425537,1.6656799,0.03885479530627806,1345,1340,0.9962825278810409
1102,-21.048645,2328.3887,-34.74818783971439,0.016937256,1.7766266,0.04636524039528273,1365,1358,0.9948717948717949
1103,-21.085266,2330.109,-34.732600769754384,-0.036621094,1.720108,0.015587069960002475,1326,1319,0.9947209653092006
1104,-21.14386,2331.7312,-34.72339837048532,-0.05859375,1.6222992,0.009202399269065686,1325,1317,0.9939622641509434
1105,-21.21164,2333.297,-34.6820448851157,-0.06777954,1.5658417,0.0413534853696209,1298,1292,0.9953775038520801
1106,-21.25354,2334.8562,-34.64494472688196,-0.041900635,1.5589752,0.03710015823374008,1382,1374,0.9942112879884226
1107,-21.19754,2336.4573,-34.53997478486475,0.055999756,1.6009674,0.1049699420172127,1314,1305,0.9931506849315068
1108,-21.290985,2338.0225,-34.49609645384841,-0.093444824,1.5652466,0.043878331016337715,1339,1329,0.9925317401045557
1109,-21.339722,2339.556,-34.46659438566394,-0.048736572,1.5334625,0.02950206818446774,1307,1303,0.9969395562356542
1110,-21.361664,2340.9978,-34.427056677434486,-0.021942139,1.4420013,0.03953770822945604,1323,1320,0.9977324263038548
1111,-21.465515,2342.369,-34.39160821095169,-0.10385132,1.3710785,0.03544846648280109,1344,1337,0.9947916666666666
1112,-21.48883,2343.698,-34.36155789024083,-0.02331543,1.3291321,0.03005032071085631,1392,1382,0.992816091954023
1113,-21.55957,2345.028,-34.33169360349498,-0.070739746,1.3300323,0.029864286745851273,1392,1387,0.9964080459770115
1114,-21.658417,2346.152,-34.37926811241771,-0.098846436,1.1241302,-0.04757450892272633,1452,1450,0.9986225895316805
1115,-21.702118,2347.1636,-34.36967265483327,-0.043701172,1.0114136,0.00959545758443633,1470,1468,0.998639455782313
1116,-21.739105,2348.0547,-34.383184889811176,-0.036987305,0.8911896,-0.013512234977899154,1435,1431,0.997212543554007
1117,-21.736969,2348.6838,-34.42115047095114,0.0021362305,0.6291199,-0.037965581139961464,1385,1377,0.9942238267148015
1118,-21.769867,2349.2764,-34.420981791665255,-0.03289795,0.59243774,0.00016867928588261478,1324,1320,0.9969788519637462
1119,-21.799469,2349.7354,-34.452341388402665,-0.02960205,0.4589386,-0.03135959673740746,1363,1353,0.9926632428466617
1120,-21.806976,2350.0237,-34.489998935140676,-0.007507324,0.28834534,-0.037657546738011353,1364,1361,0.9978005865102639
1121,-21.81955,2350.293,-34.50011215021647,-0.012573242,0.26930237,-0.010113215075790712,1372,1366,0.9956268221574344
1122,-21.79602,2350.5334,-34.50398383746606,0.023529053,0.24047852,-0.0038716872495945086,1438,1433,0.9965229485396384
1123,-21.795044,2350.6616,-34.49164824612792,0.0009765625,0.12815857,0.012335591338136576,1544,1544,1.0
1124,-21.761292,2350.7285,-34.480431247625766,0.03375244,0.06677246,0.011216998502157186,1630,1628,0.9987730061349693
1125,-21.721252,2350.7197,-34.47469374602193,0.040039062,-0.008865356,0.005737501603840966,1774,1772,0.9988726042841037
1126,-21.674866,2350.6995,-34.47593488574012,0.04638672,-0.02029419,-0.0012411397181954162,1674,1672,0.998805256869773
1127,-21.645813,2350.658,-34.46798766515843,0.029052734,-0.041519165,0.007947220581688435,1659,1657,0.9987944544906571
1128,-21.605896,2350.6143,-34.45756991721044,0.039916992,-0.04359436,0.010417747947989879,1583,1582,0.9993682880606444
1129,-21.58957,2350.5464,-34.46172128574759,0.016326904,-0.06776428,-0.004151368537150845,1572,1568,0.9974554707379135
1130,-21.514923,2350.4006,-34.50349694586041,0.074645996,-0.14576721,-0.041775660112818025,1605,1601,0.9975077881619938
1131,-21.16858,2350.7097,-37.39589668817649,0.346344,0.30917358,-2.8923997423160785,1087,1079,0.9926402943882244
1132,-21.195465,2351.0735,-41.63115448743092,-0.026885986,0.36383057,-4.235257799254425,1089,1077,0.9889807162534435
1133,-21.396729,2351.5178,-44.76137133861237,-0.20126343,0.4443512,-3.130216851181451,1120,1113,0.99375
1134,-21.59729,2351.7717,-46.80095354594811,-0.20056152,0.2538147,-2.039582207335738,1189,1175,0.9882253994953742
1135,-21.779724,2352.0725,-48.20960299198887,-0.18243408,0.3006897,-1.4086494460407561,1200,1190,0.9916666666666667
1136,-21.873108,2352.4167,-49.322716447786476,-0.09338379,0.34422302,-1.1131134557976126,1248,1241,0.9943910256410257
1137,-21.995544,2352.8335,-50.282878918603465,-0.12243652,0.41671753,-0.9601624708169885,1207,1199,0.9933719966859983
1138,-22.070251,2353.2346,-51.07202005416576,-0.07470703,0.40112305,-0.7891411355622973,1236,1231,0.9959546925566343
1139,-22.211609,2353.6565,-51.719425823231,-0.14135742,0.42190552,-0.647405769065238,1249,1244,0.9959967974379503
1140,-22.2706,2354.0928,-52.237452570813396,-0.05899048,0.43632507,-0.518026747582396,1306,1305,0.9992343032159265
1141,-22.322662,2354.531,-52.64160259869149,-0.05206299,0.43832397,-0.40415002787809323,1327,1321,0.9954785229841748
1142,-22.311005,2355.1472,-52.9018193909385,0.011657715,0.6162262,-0.2602167922470055,1289,1286,0.9976726144297905
1143,-22.341522,2355.8672,-53.09683355667275,-0.030517578,0.71987915,-0.19501416573425248,1373,1368,0.9963583394027676
1144,-22.309357,2356.5889,-53.29995574070555,0.032165527,0.72161865,-0.20312218403280166,1400,1396,0.9971428571428571
1145,-22.300385,2357.3643,-53.481785925878114,0.008972168,0.7754822,-0.1818301851725659,1377,1372,0.9963689179375453
1146,-22.290833,2358.2349,-53.639845946459,0.009552002,0.87060547,-0.1580600205808859,1375,1373,0.9985454545454545
1147,-22.228394,2359.2476,-53.75680936509464,0.062438965,1.012619,-0.11696341863563917,1333,1332,0.9992498124531133
1148,-22.203339,2360.3623,-53.81242975776006,0.025054932,1.1148682,-0.055620392665418905,1357,1350,0.9948415622697127
1149,-22.160736,2361.693,-53.86781392569373,0.04260254,1.3308105,-0.05538416793367576,1302,1299,0.9976958525345622
1150,-22.164734,2363.2437,-53.90675658130706,-0.0039978027,1.5504456,-0.03894265561332506,1308,1303,0.996177370030581
1151,-22.088348,2364.9966,-53.916111942080114,0.0763855,1.752945,-0.009355360773056435,1373,1365,0.9941733430444283
1152,-22.079926,2366.8926,-53.92874459679294,0.008422852,1.8959045,-0.012632654712823507,1413,1404,0.9936305732484076
1153,-22.04419,2368.9526,-53.88710771377008,0.035736084,2.0599823,0.04163688302285709,1429,1423,0.9958012596221134
1154,-22.051239,2371.203,-53.899872852042506,-0.0070495605,2.25029,-0.012765138272428648,1353,1348,0.9963045084996305
1155,-22.03897,2373.6338,-53.87228202752943,0.012268066,2.4309845,0.027590824513078302,1280,1276,0.996875
1156,-22.043945,2376.3628,-53.86449425407927,-0.0049743652,2.7290344,0.007787773450157823,1282,1278,0.9968798751950078
1157,-22.03656,2379.236,-53.829975710654615,0.007385254,2.87323,0.03451854342465628,1349,1347,0.9985174203113417
1158,-22.00766,2382.2214,-53.76240741310706,0.028900146,2.985443,0.06756829754755478,1421,1410,0.9922589725545391
1159,-22.045166,2385.389,-53.73890810247634,-0.037506104,3.1674347,0.023499310630724607,1428,1422,0.9957983193277311
1160,-22.074738,2388.5732,-53.68649532306014,-0.029571533,3.184372,0.05241277941619309,1390,1386,0.9971223021582734
1161,-22.116577,2391.7944,-53.62814009495184,-0.0418396,3.2213135,0.05835522810830463,1369,1365,0.9970781592403214
1162,-22.144836,2395.0034,-53.607529995208616,-0.028259277,3.2090454,0.020610099743222813,1366,1362,0.9970717423133236
1163,-22.17566,2398.208,-53.54650895432808,-0.030822754,3.2046204,0.06102104088053343,1407,1402,0.9964463397299218
1164,-22.178833,2401.415,-53.49752281004783,-0.0031738281,3.2070923,0.048986144280250866,1393,1387,0.9956927494615937
1165,-22.202026,2404.5532,-53.44497334372244,-0.02319336,3.13826,0.052549466325397476,1407,1404,0.997867803837953
1166,-22.225983,2407.6577,-53.39793464728723,-0.023956299,3.1045532,0.04703869643521074,1375,1368,0.9949090909090909
1167,-22.24405,2410.7021,-53.340261786956596,-0.018066406,3.044342,0.05767286033063678,1355,1352,0.9977859778597786
1168,-22.256989,2413.6802,-53.29295188155313,-0.012939453,2.9779663,0.04730990540346682,1343,1337,0.9955323901712584
1169,-22.296997,2416.6519,-53.23990964238736,-0.040008545,2.971695,0.05304223916577288,1299,1291,0.993841416474211
1170,-22.275452,2419.6157,-53.15248996541147,0.02154541,2.9638367,0.08741967697588922,1283,1279,0.9968823070927514
1171,-22.333374,2422.5737,-53.11248162909899,-0.057922363,2.9579315,0.04000833631248467,1314,1305,0.9931506849315068
1172,-22.311768,2425.3782,-53.04514456600468,0.021606445,2.804428,0.06733706309430965,1300,1289,0.9915384615384616
1173,-22.303589,2428.223,-52.98631971885633,0.008178711,2.8446655,0.0588248471483491,1331,1325,0.9954921111945906
1174,-22.347137,2430.9973,-52.92710181583019,-0.043548584,2.7744446,0.05921790302613983,1333,1331,0.9984996249062266
1175,-22.318817,2433.7893,-52.87053596588325,0.028320312,2.7919617,0.056565849946941506,1338,1332,0.9955156950672646
1176,-22.345154,2436.5845,-52.805664741815704,-0.02633667,2.795227,0.06487122406754378,1313,1308,0.9961919268849961
1177,-22.345428,2439.3904,-52.745765001422036,-0.0002746582,2.8059692,0.05989974039366906,1320,1312,0.9939393939393939
1178,-22.338531,2442.104,-52.70652207057391,0.0068969727,2.7136536,0.039242930848127064,1311,1303,0.9938977879481312
1179,-22.359924,2444.952,-52.63003586664407,-0.021392822,2.8478699,0.07648620392983607,1340,1336,0.9970149253731343
1180,-22.354034,2447.7793,-52.565509408598494,0.0058898926,2.8273163,0.06452645804557948,1368,1361,0.9948830409356725
1181,-22.32016,2450.545,-52.47717639939916,0.03387451,2.765503,0.08833300919932853,1319,1316,0.9977255496588324
1182,-22.290466,2453.3286,-52.39986479118678,0.029693604,2.7837524,0.07731160821238003,1321,1315,0.9954579863739591
1183,-22.324036,2456.1174,-52.32338997891932,-0.033569336,2.7888794,0.0764748122674572,1327,1324,0.9977392614920875
1184,-22.324768,2458.8965,-52.24315760366562,-0.0007324219,2.7790833,0.08023237525370341,1331,1325,0.9954921111945906
1185,-22.375824,2461.678,-52.1609592436434,-0.05105591,2.781601,0.08219836002222605,1335,1330,0.9962546816479401
1186,-22.391968,2464.411,-52.068010022360646,-0.016143799,2.7329102,0.09294922128275225,1345,1342,0.9977695167286246
1187,-22.452148,2467.1555,-52.01634736473121,-0.060180664,2.7447052,0.05166265762943822,1323,1317,0.9954648526077098
1188,-22.47934,2469.8958,-51.93804127694854,-0.027191162,2.740158,0.07830608778267313,1322,1318,0.9969742813918305
1189,-22.5336,2472.7112,-51.87696895219442,-0.054260254,2.8153992,0.061072324754123705,1330,1325,0.9962406015037594
1190,-22.51419,2475.4727,-51.77805175922279,0.01940918,2.7615051,0.09891719297162581,1332,1328,0.996996996996997
1191,-22.56601,2478.2915,-51.69947441875773,-0.051818848,2.818756,0.07857734046506147,1344,1340,0.9970238095238095
1192,-22.591736,2481.072,-51.621909059945274,-0.025726318,2.7804565,0.07756535881245707,1314,1311,0.997716894977169
1193,-22.585968,2483.896,-51.548897053244524,0.0057678223,2.8239136,0.07301200670075231,1310,1306,0.9969465648854962
1194,-22.605316,2486.6946,-51.47787114582055,-0.019348145,2.7986755,0.07102590742397343,1345,1339,0.995539033457249
1195,-22.54953,2489.4739,-51.3639634227251,0.055786133,2.7793732,0.11390772309545144,1304,1295,0.9930981595092024
1196,-22.57837,2492.2856,-51.318755013426504,-0.028839111,2.8117218,0.04520840929859343,1333,1322,0.991747936984246
1197,-22.586975,2495.094,-51.24455090643264,-0.008605957,2.8082428,0.0742041069938583,1309,1305,0.9969442322383499
1198,-22.588074,2497.8542,-51.14986300074248,-0.0010986328,2.7602997,0.09468790569016303,1357,1352,0.9963154016212233
1199,-22.574951,2500.633,-51.0373778074061,0.013122559,2.7788086,0.11248519333637524,1356,1352,0.9970501474926253
1200,-22.577576,2503.4248,-50.961307558946245,-0.0026245117,2.7916412,0.07607024845985873,1336,1332,0.9970059880239521
1201,-22.626617,2506.2834,-50.90983195523444,-0.049041748,2.858551,0.05147560371180943,1328,1325,0.9977409638554217
1202,-22.593536,2509.0479,-50.773852695442635,0.033081055,2.7642822,0.13597925979180037,1341,1337,0.9970171513795675
1203,-22.668274,2511.8906,-50.72278738792168,-0.07473755,2.8427582,0.051065307520955,1328,1321,0.9947289156626506
1204,-22.685486,2514.7249,-50.64571997158743,-0.017211914,2.8342743,0.07706741633424623,1341,1337,0.9970171513795675
1205,-22.732513,2517.5134,-50.580113668584055,-0.047027588,2.7886505,0.0656063030033746,1341,1335,0.9955257270693513
1206,-22.725494,2520.3667,-50.474582807707115,0.007019043,2.8531647,0.1055308608769402,1337,1332,0.9962602842183994
1207,-22.764832,2523.1646,-50.41533741475674,-0.03933716,2.797821,0.05924539295037544,1338,1329,0.9932735426008968
1208,-22.783447,2525.9624,-50.31309496468821,-0.018615723,2.7979736,0.102242450068531,1335,1327,0.9940074906367041
1209,-22.777832,2528.751,-50.22199235436806,0.0056152344,2.788681,0.09110261032014713,1326,1320,0.995475113122172
1210,-22.83493,2531.5476,-50.16063234530171,-0.05709839,2.7965698,0.06136000906635735,1345,1334,0.9918215613382899
1211,-22.868866,2534.4028,-50.124237097581734,-0.033935547,2.8552399,0.03639524771997586,1378,1370,0.9941944847605225
1212,-22.924652,2537.1653,-50.07738758284284,-0.055786133,2.762497,0.046849514738895814,1367,1361,0.9956108266276518
1213,-22.893097,2539.9224,-49.957524837302316,0.031555176,2.7571259,0.1198627455405233,1373,1367,0.9956300072833212
1214,-22.90744,2542.7136,-49.88876446380303,-0.014343262,2.791214,0.06876037349928787,1328,1324,0.9969879518072289
1215,-22.980804,2545.5586,-49.843472473505905,-0.07336426,2.8450623,0.04529199029712052,1383,1379,0.9971077368040492
1216,-22.966644,2548.3481,-49.75932264258753,0.014160156,2.7896118,0.08414983091837851,1349,1347,0.9985174203113417
1217,-22.97882,2551.0757,-49.71305748607191,-0.012176514,2.7274628,0.04626515651561401,1358,1348,0.9926362297496318
1218,-23.010284,2553.9265,-49.64172476761694,-0.031463623,2.8507538,0.0713327184549651,1390,1385,0.9964028776978417
1219,-23.071655,2556.649,-49.55981045428641,-0.06137085,2.7224731,0.08191431333053223,1357,1355,0.9985261606484893
1220,-23.111115,2559.429,-49.49372176767274,-0.03945923,2.779953,0.06608868661367392,1353,1343,0.9926090169992609
1221,-23.10019,2562.2307,-49.43603289831258,0.010925293,2.8016968,0.05768886936015611,1374,1371,0.9978165938864629
1222,-23.113617,2564.9888,-49.38352671072331,-0.013427734,2.7580261,0.052506187589274826,1385,1379,0.9956678700361011
1223,-23.138184,2567.7957,-49.320847863622454,-0.02456665,2.8068237,0.0626788471008575,1355,1350,0.996309963099631
1224,-23.140625,2570.6606,-49.247578095977886,-0.0024414062,2.8650818,0.07326976764456551,1352,1346,0.9955621301775148
1225,-23.223694,2573.4604,-49.20716400246924,-0.08306885,2.79982,0.04041409350864297,1359,1357,0.9985283296541575
1226,-23.265686,2576.2688,-49.16018183182351,-0.041992188,2.8083954,0.04698217064573249,1376,1373,0.9978197674418605
1227,-23.26538,2579.1135,-49.05734728529491,0.00030517578,2.8447876,0.102834546528601,1347,1340,0.9948032665181886
1228,-23.33075,2581.9482,-49.00802712396865,-0.06536865,2.8347015,0.04932016132625668,1373,1362,0.9919883466860888
1229,-23.423706,2584.7815,-49.06364106682925,-0.09295654,2.833252,-0.05561394286059772,1369,1364,0.9963476990504018
1230,-23.45697,2587.5676,-48.99843436662838,-0.03326416,2.7860565,0.06520670020086478,1372,1363,0.9934402332361516
1231,-23.499146,2590.3918,-48.972152221300476,-0.042175293,2.8241577,0.02628214532790749,1392,1391,0.9992816091954023
1232,-23.558014,2593.199,-48.909497808741726,-0.05886841,2.807022,0.06265441255875001,1364,1361,0.9978005865102639
1233,-23.599213,2596.0806,-48.855871308310476,-0.04119873,2.881668,0.053626500431252874,1354,1347,0.9948301329394387
1234,-23.62497,2598.947,-48.813143260916156,-0.025756836,2.8664703,0.042728047394318895,1359,1347,0.9911699779249448
1235,-23.704895,2601.8103,-48.78575640904354,-0.07992554,2.863327,0.027386851872614672,1358,1354,0.9970544918998527
1236,-23.804749,2604.6743,-48.77245150138943,-0.099853516,2.8640594,0.013304907654112932,1373,1367,0.9956300072833212
1237,-23.817291,2607.5732,-48.71975434135323,-0.012542725,2.8988953,0.05269716003620622,1390,1384,0.99568345323741
1238,-23.889557,2610.4316,-48.68048511298821,-0.072265625,2.8583984,0.03926922836502419,1383,1374,0.9934924078091106
1239,-23.951935,2613.26,-48.655763407359736,-0.06237793,2.828476,0.02472170562847483,1365,1361,0.9970695970695971
1240,-23.98346,2616.143,-48.615532181678525,-0.03152466,2.8831787,0.04023122568121166,1361,1352,0.9933872152828802
1241,-24.039642,2618.9492,-48.60271600734296,-0.05618286,2.8061676,0.012816174335558976,1397,1390,0.9949892627057981
1242,-24.084991,2621.7747,-48.57972402363623,-0.04534912,2.825409,0.02299198370673493,1389,1384,0.9964002879769619
1243,-24.135681,2624.5862,-48.542243450713976,-0.050689697,2.8115234,0.0374805729222584,1409,1399,0.992902767920511
1244,-24.174377,2627.3936,-48.50893501580176,-0.03869629,2.8074799,0.03330843491221691,1376,1375,0.9992732558139535
1245,-24.22049,2630.1914,-48.46330624143869,-0.04611206,2.7978668,0.04562877436307171,1363,1358,0.9963316214233309
1246,-24.281494,2633.0913,-48.46262728690995,-0.06100464,2.8998718,0.0006789545287343413,1370,1363,0.9948905109489051
1247,-24.341187,2636.0195,-48.43768136169203,-0.059692383,2.9281158,0.02494592521792362,1410,1403,0.9950354609929078
1248,-24.418884,2638.8936,-48.44020145969145,-0.077697754,2.874115,-0.00252009799942395,1386,1381,0.9963924963924964
1249,-24.448883,2641.6714,-48.407114802058494,-0.02999878,2.777771,0.03308665763295438,1404,1393,0.9921652421652422
1250,-24.520294,2644.239,-48.42633189832492,-0.07141113,2.5675201,-0.019217096266420416,1377,1371,0.9956427015250545
1251,-24.53476,2646.7173,-48.4132467573051,-0.014465332,2.478363,0.013085141019816768,1399,1392,0.9949964260185847
1252,-24.59909,2649.0867,-48.40968359269451,-0.064331055,2.3694916,0.0035631646105898306,1392,1387,0.9964080459770115
1253,-24.646637,2651.3606,-48.41909179335832,-0.047546387,2.2740173,-0.009408200663805962,1435,1426,0.9937282229965156
1254,-24.68628,2653.528,-48.407985037505114,-0.039642334,2.1674194,0.011106755853204909,1444,1435,0.9937673130193906
1255,-24.757507,2655.6074,-48.425064601103976,-0.07122803,2.0792542,-0.017079563598864426,1454,1451,0.9979367262723521
1256,-24.723053,2657.6843,-48.40264853364892,0.034454346,2.0769348,0.022416067455055564,1487,1480,0.9952925353059852
1257,-24.786041,2659.6191,-48.40255015199381,-0.06298828,1.9348602,9.838165511433418e-05,1463,1455,0.9945317840054683
1258,-24.743225,2661.562,-48.39453217448354,0.042816162,1.9429932,0.00801797751026901,1433,1426,0.9951151430565248
1259,-24.7742,2663.4136,-48.37463493315286,-0.030975342,1.851593,0.01989724133067155,1432,1422,0.9930167597765364
1260,-24.781372,2665.321,-48.320421254394454,-0.007171631,1.9074707,0.05421367875840584,1421,1413,0.9943701618578465
1261,-24.787048,2667.113,-48.302924510810584,-0.0056762695,1.7919464,0.017496743583872654,1386,1379,0.9949494949494949
1262,-24.760223,2668.885,-48.26958744156698,0.026824951,1.7718964,0.03333706924359769,1410,1401,0.9936170212765958
1263,-24.750916,2670.6274,-48.27515999818479,0.009307861,1.7425232,-0.005572556617805578,1427,1422,0.9964961457603364
1264,-24.745972,2672.3818,-48.26201221781403,0.0049438477,1.7544403,0.013147780370759287,1426,1423,0.9978962131837307
1265,-24.749786,2674.028,-48.283909688649565,-0.0038146973,1.646347,-0.02189747083553447,1402,1394,0.9942938659058488
1266,-24.722412,2675.7808,-48.269089607756904,0.027374268,1.7525635,0.014820080892660735,1414,1409,0.9964639321074965
1267,-24.748352,2677.418,-48.26030276650515,-0.025939941,1.6371918,0.008786841251751732,1411,1407,0.997165131112686
1268,-24.72113,2679.229,-48.22434934571029,0.02722168,1.8111115,0.03595342079486143,1401,1398,0.9978586723768736
1269,-24.712738,2680.9307,-48.23446925725057,0.008392334,1.7017365,-0.010119911540284916,1403,1396,0.9950106913756237
1270,-24.700256,2682.607,-48.2138774708606,0.012481689,1.676239,0.020591786389969786,1389,1383,0.9956803455723542
1271,-24.68158,2684.2314,-48.18916648108856,0.018676758,1.624527,0.024710989772037218,1392,1383,0.9935344827586207
1272,-24.628723,2685.7869,-48.18115631189569,0.052856445,1.5553436,0.00801016919287057,1356,1349,0.9948377581120944
1273,-24.606232,2687.266,-48.20752391273686,0.022491455,1.4793396,-0.026367600841168338,1357,1348,0.993367722918202
1274,-24.604218,2688.6868,-48.179180893562204,0.0020141602,1.4207001,0.02834301917465511,1392,1380,0.9913793103448276
1275,-24.578186,2689.9475,-48.15042719230674,0.026031494,1.2607574,0.028753701255461728,1466,1458,0.9945429740791268
1276,-24.613678,2691.0789,-48.15463002588967,-0.035491943,1.1312714,-0.004202833582921591,1511,1504,0.9953673064195897
1277,-24.598267,2691.9905,-48.10783902145826,0.015411377,0.9115448,0.046791004431406796,1521,1516,0.9967126890203813
1278,-24.622284,2692.778,-48.12923496343361,-0.024017334,0.7876129,-0.021395941975352814,1403,1401,0.9985744832501782
1279,-24.54425,2693.5361,-48.03843147876276,0.07803345,0.75801086,0.09080348467085075,1416,1408,0.9943502824858758
1280,-24.597382,2694.037,-48.05755432566521,-0.053131104,0.50090027,-0.019122846902450676,1393,1390,0.9978463747307968
1281,-24.642487,2694.2766,-48.039622422769845,-0.04510498,0.23944092,0.017931902895362617,1474,1469,0.9966078697421981
1282,-24.673706,2694.7178,-48.0134603891604,-0.031219482,0.44122314,0.026162033609443518,1385,1378,0.9949458483754513
1283,-24.69394,2695.09,-48.00620226559442,-0.020233154,0.37234497,0.00725812356598148,1425,1419,0.9957894736842106
1284,-24.694122,2695.2354,-48.0008359446508,-0.00018310547,0.14523315,0.00536632094361533,1556,1549,0.9955012853470437
1285,-24.709595,2695.272,-47.995378694940776,-0.015472412,0.036727905,0.005457249710026732,1713,1709,0.9976649153531816
1286,-24.732117,2695.25,-48.000423718155275,-0.022521973,-0.022018433,-0.005045023214502365,1787,1787,1.0
1287,-24.735107,2695.2056,-47.99415415305608,-0.0029907227,-0.044509888,0.006269565099198995,1709,1705,0.9976594499707431
1288,-24.753418,2695.1064,-48.0098291392035,-0.018310547,-0.09915161,-0.015674986147419506,1638,1635,0.9981684981684982
1289,-24.75589,2694.9717,-48.01048135327295,-0.0024719238,-0.13482666,-0.0006522140694559425,1628,1627,0.9993857493857494
1290,-24.74823,2694.8694,-47.99342092351589,0.007659912,-0.10221863,0.017060429757059493,1616,1612,0.9975247524752475
1291,-24.748352,2694.7988,-47.99468324043669,-0.00012207031,-0.07048035,-0.0012623169208001892,1609,1604,0.9968924798011187
1292,-24.470856,2694.599,-49.33870463287086,0.27749634,-0.1998291,-1.344021392434164,1236,1231,0.9959546925566343
1293,-24.560974,2695.0261,-55.36049867285528,-0.09011841,0.42692566,-6.021794039984423,1004,990,0.9860557768924303
1294,-24.472198,2695.8318,-62.04975675418446,0.088775635,0.80555725,-6.6892580813291795,1002,996,0.9940119760479041
1295,-24.568756,2696.651,-68.9549348934724,-0.09655762,0.818985,-6.905178139287941,978,974,0.9959100204498977
1296,-24.680817,2697.6113,-75.13244921392844,-0.11206055,0.9603882,-6.177514320456037,990,979,0.9888888888888889
1297,-24.674469,2698.511,-80.11385861442247,0.0063476562,0.89974976,-4.981409400494027,1024,1011,0.9873046875
1298,-24.667603,2699.1748,-83.5623129841823,0.006866455,0.66374207,-3.448454369759828,1138,1129,0.992091388400703
1299,-24.568237,2699.6895,-85.88950924604706,0.099365234,0.5147705,-2.32719626186476,1146,1137,0.9921465968586387
1300,-24.394257,2700.0793,-87.6199266445397,0.17398071,0.38998413,-1.730417398492646,1221,1212,0.9926289926289926
1301,-24.186401,2700.4536,-88.98725638966307,0.20785522,0.37423706,-1.3673297451233666,1258,1253,0.9960254372019078
1302,-23.953491,2700.8726,-90.08254786808183,0.23291016,0.41905212,-1.0952914784187524,1294,1286,0.9938176197836167
1303,-23.80481,2701.3562,-90.97036219861704,0.14868164,0.48355103,-0.8878143305352059,1323,1316,0.9947089947089947
1304,-23.609528,2701.915,-91.67731628488582,0.19528198,0.5588684,-0.7069540862687731,1329,1324,0.9962377727614747
1305,-23.44516,2702.5405,-92.25931016028736,0.16436768,0.62550354,-0.5819938754015305,1360,1356,0.9970588235294118
1306,-23.265991,2703.2395,-92.71461309997507,0.1791687,0.6990051,-0.45530293968770613,1356,1347,0.9933628318584071
1307,-23.21576,2704.0327,-93.0858071318047,0.050231934,0.7931824,-0.3711940318296322,1333,1325,0.9939984996249063
1308,-23.15921,2704.8728,-93.39607551846959,0.056549072,0.84002686,-0.3102683866648845,1378,1370,0.9941944847605225
1309,-23.120575,2705.8743,-93.6706591884944,0.038635254,1.0013885,-0.27458367002481227,1410,1405,0.9964539007092199
1310,-23.131256,2707.2297,-93.88123177204017,-0.010681152,1.3553619,-0.2105725835457711,1399,1393,0.995711222301644
1311,-23.12265,2708.7744,-94.02338736287423,0.008605957,1.544754,-0.14215559083406976,1369,1365,0.9970781592403214
1312,-23.128937,2710.543,-94.12882657949244,-0.006286621,1.76857,-0.10543921661820958,1418,1411,0.9950634696755994
1313,-23.184967,2712.4604,-94.22848277971225,-0.056030273,1.9174194,-0.09965620021980842,1409,1404,0.9964513839602555
1314,-23.217133,2714.6208,-94.26865830964586,-0.032165527,2.1603699,-0.040175529933601434,1423,1419,0.9971890372452565
1315,-23.257141,2716.9314,-94.31540889957634,-0.040008545,2.3106537,-0.04675058993048101,1449,1440,0.9937888198757764
1316,-23.233307,2719.4734,-94.36691421845262,0.023834229,2.5420074,-0.051505318876287606,1400,1393,0.995
1317,-23.222198,2722.2073,-94.41708904121437,0.011108398,2.733841,-0.05017482276175016,1412,1403,0.9936260623229461
1318,-23.214417,2725.1675,-94.45922214363131,0.0077819824,2.9601898,-0.04213310241693544,1421,1413,0.9943701618578465
1319,-23.161133,2728.3186,-94.46410117352869,0.05328369,3.1511383,-0.0048790298973784224,1424,1416,0.9943820224719101
1320,-23.178558,2731.5952,-94.51148087580557,-0.017425537,3.2767181,-0.04737970227689162,1384,1379,0.9963872832369942
1321,-23.174072,2734.9783,-94.55055027556712,0.004486084,3.3830566,-0.0390693997615427,1410,1402,0.9943262411347518
1322,-23.111603,2738.3503,-94.55412556895187,0.062469482,3.3720703,-0.0035752933847584883,1390,1386,0.9971223021582734
1323,-23.099762,2741.7727,-94.58608139098965,0.01184082,3.422409,-0.03195582203776698,1413,1407,0.9957537154989384
1324,-23.144775,2745.1953,-94.59825125500467,-0.045013428,3.4227295,-0.01216986401501587,1361,1354,0.9948567229977957
1325,-23.22403,2748.6255,-94.62700237093445,-0.07925415,3.4302979,-0.028751115929784892,1379,1374,0.9963741841914431
1326,-23.313416,2752.01,-94.590015106647,-0.08938599,3.38443,0.03698726428744059,1408,1403,0.9964488636363636
1327,-23.29419,2755.3574,-94.50403743032332,0.019226074,3.347412,0.08597767632368317,1391,1388,0.9978432782171099
1328,-23.351654,2758.5862,-94.49786097005953,-0.0574646,3.2288055,0.006176460263787105,1412,1408,0.9971671388101983
1329,-23.429626,2761.792,-94.43604936434164,-0.07797241,3.2058563,0.06181160571789403,1393,1387,0.9956927494615937
1330,-23.435608,2764.949,-94.4286941926089,-0.0059814453,3.1570587,0.007355171732746704,1426,1420,0.9957924263674615
1331,-23.491272,2768.1074,-94.43055162388576,-0.055664062,3.158554,-0.0018574312768655005,1408,1405,0.9978693181818182
1332,-23.521057,2771.2083,-94.41952952838174,-0.029785156,3.1007385,0.011022095504017169,1420,1414,0.995774647887324
1333,-23.51117,2774.264,-94.39722399773727,0.009887695,3.0556488,0.02230553064446959,1465,1452,0.9911262798634812
1334,-23.545807,2777.2478,-94.40715471355007,-0.03463745,2.9838257,-0.009930715812794562,1489,1482,0.9952988582941572
1335,-23.559631,2780.1252,-94.38737200789684,-0.013824463,2.8775482,0.019782705653225763,1468,1458,0.9931880108991825
1336,-23.53479,2783.0095,-94.3559361476218,0.024841309,2.884262,0.03143586027504548,1432,1427,0.9965083798882681
1337,-23.530426,2785.85,-94.34242562861034,0.0043640137,2.840561,0.013510519011462989,1426,1422,0.9971949509116409
1338,-23.493042,2788.6968,-94.31249803777315,0.037384033,2.846695,0.029927590837196497,1425,1418,0.9950877192982456
1339,-23.493256,2791.569,-94.32265650388179,-0.00021362305,2.8723602,-0.01015846610863317,1448,1443,0.9965469613259669
1340,-23.501434,2794.4834,-94.32606787195435,-0.008178711,2.914383,-0.0034113680725639923,1448,1443,0.9965469613259669
1341,-23.639374,2797.3303,-94.3141267420366,-0.13793945,2.8469543,0.011941129917737365,1450,1444,0.9958620689655172
1342,-23.614044,2800.2627,-94.30275781826678,0.02532959,2.9322968,0.011368923769822698,1459,1454,0.9965729952021933
1343,-23.56784,2803.1938,-94.296550686239,0.046203613,2.931137,0.006207132027786377,1462,1457,0.9965800273597811
1344,-23.588104,2806.1753,-94.27629749550043,-0.020263672,2.9815063,0.02025319073856751,1463,1455,0.9945317840054683
1345,-23.600037,2809.0862,-94.28055133562225,-0.011932373,2.910965,-0.004253840121818236,1474,1462,0.9918588873812755
1346,-23.606903,2811.9229,-94.26292019517484,-0.006866455,2.8365936,0.017631140447408274,1486,1478,0.9946164199192463
1347,-23.586365,2814.8438,-94.29409848545849,0.02053833,2.9208221,-0.031178290283646323,1432,1431,0.9993016759776536
1348,-23.605804,2817.714,-94.28025435873683,-0.019439697,2.870407,0.013844126721660969,1479,1473,0.9959432048681541
1349,-23.569794,2820.6724,-94.27332131491539,0.036010742,2.9582062,0.006933043821434308,1452,1449,0.9979338842975206
1350,-23.612,2823.612,-94.27827251894158,-0.04220581,2.9396362,-0.004951204026187029,1487,1476,0.9926025554808339
1351,-23.562012,2826.6045,-94.27077859655076,0.049987793,2.9925537,0.0074939223908287635,1472,1462,0.9932065217391305
1352,-23.517609,2829.6033,-94.28110275812821,0.044403076,2.9988098,-0.010324161577459258,1456,1447,0.9938186813186813
1353,-23.568512,2832.567,-94.28727502548736,-0.05090332,2.9636078,-0.006172267359144911,1468,1463,0.9965940054495913
1354,-23.537079,2835.5671,-94.27709487536377,0.031433105,3.000183,0.010180150123584681,1459,1453,0.995887594242632
1355,-23.56668,2838.5127,-94.29051310471881,-0.02960205,2.9456177,-0.013418229355036981,1473,1461,0.9918533604887984
1356,-23.584381,2841.483,-94.28639461713209,-0.017700195,2.9701538,0.004118487586716078,1482,1481,0.9993252361673415
1357,-23.60556,2844.3633,-94.30405056008581,-0.0211792,2.880478,-0.01765594295372455,1463,1457,0.9958988380041012
1358,-23.576141,2847.4172,-94.29453252868568,0.029418945,3.0539093,0.009518031400139956,1458,1454,0.9972565157750343
1359,-23.575287,2850.3352,-94.32763610114421,0.0008544922,2.918045,-0.033103572458530545,1451,1447,0.9972432804962095
1360,-23.585052,2853.2188,-94.32651527850436,-0.009765625,2.883545,0.00112082263984192,1476,1470,0.9959349593495935
1361,-23.586182,2856.1272,-94.34504865122257,-0.0011291504,2.9084778,-0.018533372718216225,1484,1480,0.9973045822102425
1362,-23.590149,2859.0586,-94.32744435730191,-0.003967285,2.9313812,0.01760429392065829,1478,1470,0.9945872801082544
1363,-23.587463,2861.9927,-94.33962079083403,0.0026855469,2.9339752,-0.012176433532117248,1444,1439,0.9965373961218836
1364,-23.582367,2864.9165,-94.34611665974836,0.0050964355,2.9237366,-0.00649586891432169,1470,1467,0.9979591836734694
1365,-23.548065,2867.8396,-94.36039972789546,0.034301758,2.9230194,-0.014283068147095256,1477,1466,0.992552471225457
1366,-23.523499,2870.7903,-94.369199075211,0.02456665,2.950714,-0.008799347315542716,1456,1450,0.9958791208791209
1367,-23.473999,2873.8953,-94.2928879389475,0.04949951,3.105072,0.07631113626350162,1450,1447,0.9979310344827587
1368,-23.517395,2876.7734,-94.37055908335485,-0.043395996,2.8782349,-0.07767114440735352,1455,1451,0.9972508591065292
1369,-23.46759,2879.7205,-94.35151766056792,0.049804688,2.947113,0.019041422786922637,1445,1440,0.9965397923875432
1370,-23.538513,2882.6787,-94.41107495604311,-0.07092285,2.9582672,-0.05955729547518418,1461,1454,0.9952087611225188
1371,-23.569916,2885.5742,-94.42581468865485,-0.031402588,2.8955536,-0.014739732611741283,1464,1458,0.9959016393442623
1372,-23.574402,2888.4788,-94.44256235291219,-0.004486084,2.9044647,-0.016747664257338098,1464,1457,0.9952185792349727
1373,-23.576965,2891.3784,-94.42833558462716,-0.0025634766,2.8997498,0.014226768285021528,1451,1445,0.9958649207443143
1374,-23.584717,2894.2605,-94.4343476332211,-0.007751465,2.8821564,-0.006012048593936841,1444,1438,0.9958448753462604
1375,-23.627197,2896.993,-94.45881383090727,-0.04248047,2.7323456,-0.024466197686181492,1439,1432,0.995135510771369
1376,-23.720337,2899.86,-94.45281225547356,-0.09313965,2.8672333,0.006001575433713588,1445,1439,0.995847750865052
1377,-23.748932,2902.7,-94.47717941086165,-0.02859497,2.839859,-0.024367155388088257,1442,1434,0.9944521497919556
1378,-23.730743,2905.5728,-94.51060077448834,0.018188477,2.8727417,-0.033421363626692076,1437,1431,0.9958246346555324
1379,-23.75705,2908.3787,-94.52428297449853,-0.026306152,2.805954,-0.013682200010191018,1463,1456,0.9952153110047847
1380,-23.783142,2911.2593,-94.5373995104822,-0.02609253,2.8805542,-0.013116535983672623,1426,1419,0.9950911640953717
1381,-23.800323,2914.173,-94.47782694714384,-0.017181396,2.9138184,0.059572563338369,1431,1422,0.9937106918238994
1382,-23.808044,2917.1584,-94.34076948916179,-0.0077209473,2.9854126,0.13705745798205066,1462,1456,0.9958960328317373
1383,-23.821136,2920.086,-94.27634529133844,-0.013092041,2.9275513,0.06442419782334367,1464,1455,0.9938524590163934
1384,-23.726562,2923.0645,-94.22402435438464,0.094573975,2.9786224,0.05232093695380975,1410,1399,0.9921985815602837
1385,-23.717743,2925.9036,-94.22417585157093,0.00881958,2.839035,-0.0001514971862889261,1419,1410,0.9936575052854123
1386,-23.792725,2928.7075,-94.25547848457387,-0.07498169,2.8040771,-0.03130263300293151,1442,1435,0.9951456310679612
1387,-23.787628,2931.5435,-94.2364500955171,0.0050964355,2.8358765,0.019028389056771997,1416,1402,0.9901129943502824
1388,-23.781616,2934.3984,-94.26213068585358,0.006011963,2.8550415,-0.02568059033647188,1384,1380,0.9971098265895953
1389,-23.811676,2937.2146,-94.28096189753786,-0.030059814,2.8162384,-0.018831211684279668,1376,1368,0.9941860465116279
1390,-23.867737,2940.0564,-94.37861706511488,-0.05606079,2.8418121,-0.09765516757701455,1386,1373,0.9906204906204906
1391,-23.869537,2942.958,-94.39606051951516,-0.0018005371,2.901596,-0.0174434544002722,1402,1396,0.9957203994293866
1392,-24.04004,2945.734,-94.55676384009931,-0.17050171,2.7758026,-0.16070332058415138,1374,1368,0.9956331877729258
1393,-24.198181,2948.5984,-94.58994082300495,-0.15814209,2.864502,-0.03317698290564345,1370,1365,0.9963503649635036
1394,-24.2529,2951.527,-94.6473140138099,-0.054718018,2.9287415,-0.05737319080494969,1383,1372,0.9920462762111352
1395,-24.347656,2954.372,-94.70490187757004,-0.09475708,2.8448792,-0.05758786376012937,1357,1347,0.9926308032424466
1396,-24.53183,2957.3381,-94.6283387049218,-0.18417358,2.965973,0.0765631726482322,1371,1362,0.9934354485776805
1397,-24.533844,2960.1418,-94.65475017823464,-0.0020141602,2.8036346,-0.026411473312832577,1413,1404,0.9936305732484076
1398,-24.592224,2963.0132,-94.7175215451979,-0.058380127,2.8713226,-0.06277136696325744,1426,1414,0.9915848527349228
1399,-24.542511,2965.8535,-94.80331828256601,0.049713135,2.8402863,-0.08579673736811536,1420,1414,0.995774647887324
1400,-24.539093,2968.6694,-94.85054405751397,0.0034179688,2.81604,-0.047225774947954796,1396,1385,0.9921203438395415
1401,-24.588867,2971.48,-94.91828629018202,-0.04977417,2.8105316,-0.06774223266804931,1405,1400,0.99644128113879
1402,-24.546265,2974.3545,-94.93624840902513,0.04260254,2.8744202,-0.017962118843105734,1376,1366,0.9927325581395349
1403,-24.60846,2977.1829,-94.95828381228146,-0.062194824,2.8282928,-0.022035403256345103,1389,1381,0.994240460763139
1404,-24.61914,2980.0195,-94.98956918311926,-0.010681152,2.8366547,-0.03128537083779295,1386,1377,0.9935064935064936
1405,-24.677032,2982.8457,-95.04077262094364,-0.057891846,2.8261414,-0.051203437824382046,1390,1377,0.9906474820143885
1406,-24.697937,2985.6414,-95.08956474388674,-0.020904541,2.7956543,-0.04879212294309266,1397,1387,0.9928418038654259
1407,-24.709991,2988.5112,-95.13458007016315,-0.012054443,2.869751,-0.045015326276416544,1421,1412,0.9936664320900774
1408,-24.691437,2991.3044,-95.19756061137863,0.018554688,2.7931824,-0.06298054121548138,1427,1418,0.9936930623686054
1409,-24.805054,2994.2842,-95.10396743457758,-0.11361694,2.9798431,0.09359317680105016,1384,1367,0.9877167630057804
1410,-24.80661,2997.2375,-95.13869307122148,-0.0015563965,2.9533844,-0.034725636643904836,1385,1373,0.9913357400722022
1411,-24.868835,3000.068,-95.2287517479492,-0.06222534,2.830597,-0.09005867672771735,1355,1344,0.9918819188191882
1412,-24.966858,3002.908,-95.29285952297906,-0.09802246,2.8397675,-0.06410777502985207,1364,1355,0.9934017595307918
1413,-24.953583,3005.828,-95.39110495584299,0.0132751465,2.919876,-0.09824543286393238,1368,1362,0.9956140350877193
1414,-25.066559,3008.706,-95.45211930432103,-0.112976074,2.878128,-0.06101434847803372,1363,1356,0.9948642699926632
1415,-25.031006,3011.6501,-95.44929227555062,0.03555298,2.943985,0.0028270287704141787,1401,1392,0.9935760171306209
1416,-25.072815,3014.4346,-95.52152570143258,-0.041809082,2.7844543,-0.07223342588196009,1394,1386,0.994261119081779
1417,-25.135864,3017.319,-95.56593544035896,-0.06304932,2.8845215,-0.044409738926376126,1358,1343,0.9889543446244478
1418,-25.241608,3020.1653,-95.64908872164291,-0.10574341,2.8461456,-0.08315328128395731,1347,1336,0.991833704528582
1419,-25.443787,3023.0403,-95.71642861310464,-0.20217896,2.8749542,-0.06733989146172803,1371,1365,0.9956236323851203
1420,-25.496277,3025.8906,-95.7971799391109,-0.052490234,2.8503723,-0.08075132600626277,1363,1353,0.9926632428466617
1421,-25.559814,3028.9114,-95.90285534084276,-0.0635376,3.0206451,-0.10567540173186127,1382,1370,0.9913169319826338
1422,-25.596466,3031.787,-96.00827461536062,-0.03665161,2.8757782,-0.10541927451785649,1363,1358,0.9963316214233309
1423,-25.691559,3034.7368,-96.09911276644185,-0.09509277,2.9496155,-0.09083815108123187,1352,1344,0.9940828402366864
1424,-25.786438,3037.4756,-96.18124152273124,-0.09487915,2.738739,-0.08212875628939843,1347,1341,0.9955456570155902
1425,-25.837738,3040.139,-96.27976200735603,-0.05130005,2.663269,-0.09852048462478931,1340,1329,0.9917910447761195
1426,-25.922424,3042.5996,-96.37143560650733,-0.08468628,2.4607239,-0.09167359915130849,1346,1340,0.9955423476968797
1427,-25.987274,3044.9058,-96.46480912205132,-0.06484985,2.3062744,-0.09337351554399292,1384,1369,0.9891618497109826
1428,-26.066559,3047.16,-96.55161194292262,-0.07928467,2.254181,-0.08680282087130438,1422,1416,0.9957805907172996
1429,-26.12149,3049.269,-96.6149118596653,-0.05493164,2.1091766,-0.0632999167426831,1412,1406,0.9957507082152974
1430,-26.209991,3051.401,-96.67088782127352,-0.08850098,2.1318665,-0.05597596160823099,1409,1398,0.9921930447125621
1431,-26.10263,3053.2368,-96.75149218429534,0.10736084,1.835968,-0.08060436302181626,1393,1387,0.9956927494615937
1432,-26.159668,3055.1228,-96.81532262868333,-0.057037354,1.8858795,-0.06383044438799236,1398,1389,0.9935622317596566
1433,-26.244598,3056.9746,-96.87690034913899,-0.08493042,1.8518524,-0.061577720455656786,1382,1372,0.9927641099855282
1434,-26.249512,3058.7676,-96.90484089084407,-0.00491333,1.7930603,-0.027940541705081076,1386,1382,0.9971139971139971
1435,-26.291962,3060.5417,-96.96900213926617,-0.04244995,1.7742462,-0.06416124842209456,1390,1378,0.9913669064748202
1436,-26.368134,3062.4612,-96.92327907971192,-0.076171875,1.9193268,0.04572305955424196,1341,1325,0.9880686055182699
1437,-26.395355,3064.074,-96.98937198776062,-0.02722168,1.6127777,-0.0660929080487056,1364,1352,0.9912023460410557
1438,-26.396759,3065.5227,-97.14480002833028,-0.0014038086,1.448761,-0.1554280405696657,1383,1373,0.9927693420101229
1439,-26.501648,3067.1558,-97.22676215651379,-0.104888916,1.6329956,-0.08196212818350015,1368,1357,0.9919590643274854
1440,-26.557281,3068.837,-97.28699406074533,-0.055633545,1.6812592,-0.06023190423154277,1349,1333,0.9881393624907339
1441,-26.549713,3070.5374,-97.3239514245687,0.0075683594,1.7003326,-0.03695736382338246,1369,1357,0.9912344777209642
1442,-26.551697,3072.1326,-97.38826820690842,-0.0019836426,1.5951843,-0.06431678233971885,1365,1355,0.9926739926739927
1443,-26.646973,3073.7898,-97.44139965064413,-0.09527588,1.6572266,-0.053131443735701195,1366,1354,0.9912152269399708
1444,-26.704468,3075.34,-97.50143628472664,-0.057495117,1.5502014,-0.06003663408251028,1372,1355,0.9876093294460642
1445,-26.540527,3076.8696,-97.485528060517,0.16394043,1.5296173,0.015908224209641424,1352,1343,0.9933431952662722
1446,-26.530823,3078.3699,-97.52424924841982,0.00970459,1.5001678,-0.03872118790282968,1364,1353,0.9919354838709677
1447,-26.565948,3079.8076,-97.5805533099799,-0.035125732,1.4376221,-0.05630406156008934,1356,1346,0.9926253687315634
1448,-26.658356,3081.1414,-97.65158690217602,-0.09240723,1.3337097,-0.07103359219612036,1381,1368,0.9905865314989138
1449,-26.693817,3082.4897,-97.68634908006133,-0.035461426,1.3482819,-0.03476217788530775,1425,1418,0.9950877192982456
1450,-26.729736,3083.5615,-97.70809780561588,-0.03591919,1.0717163,-0.021748725554542034,1475,1469,0.9959322033898305
1451,-26.772247,3084.5295,-97.74459113707128,-0.042510986,0.96810913,-0.03649333145540149,1494,1480,0.9906291834002677
1452,-26.816284,3085.353,-97.75686460638303,-0.044036865,0.82354736,-0.012273469311754374,1444,1433,0.9923822714681441
1453,-26.780579,3085.9028,-97.77481442482149,0.035705566,0.549881,-0.01794981843845316,1390,1382,0.9942446043165467
1454,-26.776459,3086.4333,-97.82026182540528,0.004119873,0.5304718,-0.04544740058379448,1395,1385,0.992831541218638
1455,-26.891907,3086.872,-97.82561454731342,-0.115448,0.438797,-0.00535272190814142,1396,1389,0.9949856733524355
1456,-26.836365,3087.206,-97.83497868874628,0.055541992,0.33392334,-0.009364141432852184,1395,1389,0.9956989247311828
1457,-26.849945,3087.3684,-97.82495788008775,-0.013580322,0.16229248,0.010020808658529353,1486,1480,0.9959623149394348
1458,-26.882874,3087.4033,-97.8346653343169,-0.032928467,0.034805298,-0.009707454229148673,1758,1754,0.9977246871444824
1459,-26.911499,3087.3608,-97.82633317252255,-0.028625488,-0.042556763,0.00833216179433616,1666,1659,0.9957983193277311
1460,-26.981232,3087.2925,-97.82734889132776,-0.069732666,-0.0683136,-0.0010157188052043115,1576,1571,0.9968274111675127
1461,-27.040253,3087.2039,-97.8055310370543,-0.059020996,-0.08859253,0.021817854273468777,1531,1522,0.9941214892227302
1462,-27.100739,3087.069,-97.79547074301988,-0.06048584,-0.13478088,0.01006029403441722,1537,1537,1.0
1463,-27.13977,3086.9675,-97.77161221682167,-0.039031982,-0.10157776,0.023858526198216098,1535,1529,0.9960912052117263
1464,-27.190216,3086.8074,-97.76172383844579,-0.050445557,-0.1602478,0.009888378375873521,1508,1504,0.9973474801061007
1465,-27.152649,3086.8135,-98.50591588094723,0.03756714,0.006149292,-0.7441920425014452,1261,1250,0.9912767644726408
1466,-27.29541,3087.027,-102.89787140475507,-0.14276123,0.21368408,-4.391955523807833,1002,993,0.9910179640718563
1467,-27.852661,3087.0552,-107.15349081067971,-0.557251,0.028076172,-4.255619405924643,1013,999,0.9861796643632774
1468,-27.486328,3087.5034,-110.55675396137845,0.366333,0.4482422,-3.403263150698741,1089,1077,0.9889807162534435
1469,-27.571014,3088.1445,-112.59344008645529,-0.08468628,0.64123535,-2.036686125076843,1197,1184,0.9891395154553049
1470,-27.480469,3088.432,-114.08190577634748,0.090545654,0.28744507,-1.488465689892193,1195,1185,0.9916317991631799
1471,-27.347168,3088.7769,-115.29912325174678,0.13330078,0.34487915,-1.2172174753992993,1282,1275,0.9945397815912637
1472,-27.327454,3089.2244,-116.28904420913527,0.019714355,0.44752502,-0.9899209573884944,1275,1266,0.9929411764705882
1473,-27.11258,3089.599,-117.07804486595278,0.21487427,0.37472534,-0.7890006568175012,1277,1265,0.990602975724354
1474,-26.960266,3089.9536,-117.70342899354782,0.15231323,0.35450745,-0.6253841275950437,1324,1312,0.9909365558912386
1475,-25.287964,3091.0737,-118.5725688100404,1.6723022,1.1202087,-0.8691398164925831,1315,1200,0.9125475285171103
1476,-25.02533,3091.4944,-118.9583315821452,0.26263428,0.42060852,-0.3857627721048141,1318,1307,0.9916540212443096
1477,-25.044159,3091.957,-119.33432476796324,-0.018829346,0.46266174,-0.3759931858180253,1351,1343,0.9940784603997039
1478,-24.991821,3092.6343,-119.66342527260674,0.052337646,0.67718506,-0.32910050464350527,1373,1361,0.9912600145666424
1479,-24.829407,3093.255,-119.94912357157168,0.16241455,0.6207123,-0.2856982989649272,1386,1374,0.9913419913419913
1480,-24.792755,3094.0627,-120.19637904564887,0.03665161,0.8079376,-0.2472554740771928,1347,1341,0.9955456570155902
1481,-24.690735,3094.9395,-120.40662151410532,0.10202026,0.8767853,-0.21024246845646358,1331,1325,0.9954921111945906
1482,-24.860596,3095.9932,-120.54236333020191,-0.16986084,1.0536957,-0.13574181609657873,1399,1384,0.9892780557541101
1483,-25.851532,3096.717,-120.40973520162453,-0.9909363,0.7239075,0.13262812857737363,1416,1343,0.9484463276836158
1484,-24.75772,3098.8877,-120.79833173202093,1.093811,2.1707306,-0.3885965303963957,1413,1365,0.9660297239915074
1485,-24.822205,3100.6,-120.94816831868565,-0.06448364,1.7123413,-0.14983658666472544,1398,1386,0.9914163090128756
1486,-24.864044,3102.4114,-121.09691169466522,-0.0418396,1.8113708,-0.1487433759795821,1359,1346,0.9904341427520236
1487,-24.863525,3104.431,-121.23919161984536,0.0005187988,2.0194244,-0.14227992518012958,1381,1371,0.9927588703837799
1488,-24.890106,3106.6643,-121.38534665312883,-0.02658081,2.2334442,-0.14615503328348353,1371,1362,0.9934354485776805
1489,-24.951538,3109.0,-121.53865343938371,-0.061431885,2.3356323,-0.15330678625487584,1418,1408,0.9929478138222849
1490,-25.045319,3111.591,-121.72055724282235,-0.09378052,2.5910797,-0.181903803438645,1396,1390,0.995702005730659
1491,-25.111786,3114.3813,-121.86348304349897,-0.066467285,2.790268,-0.14292580067662589,1358,1354,0.9970544918998527
1492,-25.180634,3117.354,-122.02326366727537,-0.068847656,2.9726562,-0.15978062377639307,1333,1324,0.9932483120780196
1493,-25.267273,3120.4917,-122.19503020274844,-0.086639404,3.1378174,-0.1717665354730741,1331,1321,0.9924868519909842
1494,-24.486938,3123.9543,-122.53103887282862,0.7803345,3.462677,-0.336008670080173,1350,1337,0.9903703703703703
1495,-24.610931,3127.18,-122.64951629478925,-0.12399292,3.2256775,-0.11847742196063495,1317,1309,0.9939255884586181
1496,-24.620209,3130.4072,-122.72712613426009,-0.009277344,3.227295,-0.07760983947084135,1330,1324,0.9954887218045113
1497,-24.660614,3133.69,-122.84498311611648,-0.040405273,3.282608,-0.11785698185638827,1347,1340,0.9948032665181886
1498,-24.67398,3136.9111,-122.91451370726102,-0.013366699,3.2211914,-0.06953059114454457,1359,1350,0.9933774834437086
1499,-24.730621,3140.0613,-123.00591032278241,-0.056640625,3.1502533,-0.09139661552138871,1340,1328,0.991044776119403
1500,-24.781738,3143.1707,-123.09742429989853,-0.051116943,3.109375,-0.091513977116116,1323,1306,0.9871504157218443
1501,-24.82248,3146.2925,-123.18138222969516,-0.040740967,3.1218262,-0.08395792979662971,1316,1307,0.993161094224924
1502,-24.790375,3147.856,-123.22182251517877,0.032104492,1.5634155,-0.040440285483612864,1324,1313,0.9916918429003021
1503,-24.802094,3150.8704,-123.2702635625831,-0.01171875,3.0143585,-0.0484410474043279,1332,1323,0.9932432432432432
1504,-24.85254,3153.8735,-123.40814458141978,-0.050445557,3.0031128,-0.13788101883667972,1329,1318,0.9917231000752446
1505,-24.865479,3156.8137,-123.4822623946261,-0.012939453,2.9402618,-0.07411781320633165,1314,1304,0.9923896499238964
1506,-24.862213,3159.8037,-123.50411114577939,0.0032653809,2.9900665,-0.021848751153285273,1311,1305,0.9954233409610984
1507,-24.807281,3162.6921,-123.54458019566,0.05493164,2.8883972,-0.040469049880611146,1311,1304,0.9946605644546148
1508,-24.794586,3165.6174,-123.62739100833423,0.0126953125,2.9253235,-0.08281081267422749,1272,1268,0.9968553459119497
1509,-24.821198,3168.4946,-123.71022725724261,-0.026611328,2.8772125,-0.08283624890838054,1303,1293,0.9923254029163469
1510,-24.859253,3171.4565,-123.69604445236453,-0.03805542,2.961792,0.01418280487808018,1315,1302,0.9901140684410646
1511,-24.953064,3174.355,-123.74721964610187,-0.093811035,2.8985138,-0.05117519373733874,1314,1307,0.9946727549467276
1512,-24.967377,3177.2195,-123.77312612653401,-0.014312744,2.8644714,-0.02590648043213604,1316,1309,0.9946808510638298
1513,-25.009705,3180.113,-123.8533904004176,-0.04232788,2.8936462,-0.08026427388358405,1278,1265,0.9898278560250391
1514,-25.013916,3182.921,-123.92834765939412,-0.004211426,2.8079681,-0.07495725897653147,1290,1280,0.9922480620155039
1515,-25.081299,3185.7778,-123.97601997199172,-0.06738281,2.8568573,-0.047672312597600346,1318,1312,0.9954476479514416
1516,-25.075073,3188.637,-123.992566732649,0.006225586,2.859085,-0.016546760657271817,1295,1288,0.9945945945945946
1517,-25.138367,3191.5095,-124.07947137037232,-0.06329346,2.8726044,-0.08690463772332112,1285,1270,0.9883268482490273
1518,-25.163177,3194.3577,-124.09129764665781,-0.024810791,2.8481903,-0.011826276285483777,1267,1256,0.9913180741910024
1519,-25.273499,3197.2832,-124.164227769808,-0.110321045,2.9254456,-0.07293012315018142,1308,1301,0.9946483180428135
1520,-25.308624,3200.1172,-124.19885731922322,-0.035125732,2.8338928,-0.0346295494152248,1254,1242,0.9904306220095693
1521,-25.30841,3202.9102,-124.2958918418515,0.00021362305,2.7929382,-0.09703452262828055,1284,1276,0.9937694704049844
1522,-25.321075,3205.7249,-124.35041457933228,-0.012664795,2.8147888,-0.0545227374807769,1276,1263,0.9898119122257053
1523,-25.334564,3208.4888,-124.43091375744977,-0.0134887695,2.7638092,-0.0804991781174952,1235,1232,0.9975708502024292
1524,-25.264618,3211.2021,-124.4637458756868,0.06994629,2.7134857,-0.03283211823702205,1279,1270,0.9929632525410477
1525,-25.255829,3213.991,-124.51919264187731,0.0087890625,2.7888641,-0.05544676619050763,1257,1244,0.9896579156722355
1526,-25.216614,3216.6948,-124.5495990460819,0.039215088,2.7037811,-0.030406404204587872,1277,1272,0.9960845732184808
1527,-25.21814,3219.5295,-124.59521664362433,-0.0015258789,2.8348236,-0.04561759754243015,1287,1285,0.9984459984459985
1528,-25.381897,3222.1653,-124.63572504513176,-0.16375732,2.6358337,-0.04050840150744343,1237,1229,0.9935327405012127
1529,-25.419067,3224.957,-124.67864642055923,-0.03717041,2.7916565,-0.04292137542747282,1260,1249,0.9912698412698413
1530,-25.491913,3227.7917,-124.72565360776126,-0.07284546,2.8346252,-0.04700718720202162,1250,1246,0.9968
1531,-25.524841,3230.559,-124.77578820546726,-0.032928467,2.7672577,-0.05013459770600236,1254,1246,0.9936204146730463
1532,-25.42215,3233.2952,-124.82841921805219,0.10269165,2.736023,-0.05263101258491826,1256,1252,0.9968152866242038
1533,-25.389984,3236.1018,-124.84507947582757,0.032165527,2.806656,-0.016660257775382905,1240,1234,0.9951612903225806
1534,-25.345154,3238.8896,-124.90235179490573,0.044830322,2.787796,-0.05727231907815538,1252,1244,0.9936102236421726
1535,-25.345673,3241.6084,-124.95459134456722,-0.0005187988,2.7187653,-0.052239549661498526,1217,1204,0.9893179950698439
1536,-25.54831,3244.4482,-125.07714677648947,-0.20263672,2.8398285,-0.1225554319222541,1253,1244,0.9928172386272945
1537,-25.499176,3247.2493,-125.10656835756598,0.0491333,2.801117,-0.029421581076509336,1242,1234,0.9935587761674718
1538,-25.509857,3249.9475,-125.18956507567573,-0.010681152,2.6982117,-0.0829967181097521,1217,1213,0.9967132292522597
1539,-25.49704,3252.7678,-125.21206874466803,0.012817383,2.8203888,-0.022503668992306165,1236,1226,0.9919093851132686
1540,-25.47818,3255.5427,-125.25035736116992,0.018859863,2.7750092,-0.03828861650188386,1233,1223,0.991889699918897
1541,-25.443787,3258.2322,-125.31799029021391,0.03439331,2.689392,-0.06763292904399332,1237,1228,0.9927243330638642
1542,-25.463928,3260.9822,-125.38672020056461,-0.020141602,2.75,-0.06872991035069102,1208,1199,0.9925496688741722
1543,-25.391388,3263.6536,-125.44506847797814,0.07254028,2.6714783,-0.05834827741353284,1228,1216,0.990228013029316
1544,-25.333954,3266.4214,-125.4771742658812,0.057434082,2.7677307,-0.03210578790305754,1232,1227,0.9959415584415584
1545,-25.321777,3269.1716,-125.49842457423235,0.012176514,2.7502747,-0.021250308351135963,1267,1264,0.9976322020520916
1546,-25.320526,3271.9497,-125.5219628215495,0.0012512207,2.7780151,-0.02353824731715431,1226,1219,0.9942903752039152
1547,-25.302307,3274.6855,-125.54472333958867,0.018218994,2.735733,-0.022760518039180735,1259,1250,0.9928514694201748
1548,-25.269562,3277.4507,-125.58758049707885,0.03274536,2.7650757,-0.0428571574901747,1254,1246,0.9936204146730463
1549,-25.2341,3280.114,-125.59225941366381,0.035461426,2.6632843,-0.0046789165849657095,1222,1211,0.9909983633387889
1550,-25.298248,3282.8677,-125.71836525643893,-0.06414795,2.7536469,-0.1261058427751215,1218,1214,0.9967159277504105
1551,-25.246826,3285.6594,-125.74429580096236,0.05142212,2.791809,-0.025930544523429796,1237,1228,0.9927243330638642
1552,-25.24411,3288.3162,-125.76541481410973,0.0027160645,2.6567078,-0.021119013147375708,1201,1193,0.9933388842631141
1553,-25.178436,3291.0613,-125.76257548675568,0.06567383,2.7451782,0.002839327354051828,1223,1212,0.9910057236304171
1554,-25.104767,3293.8188,-125.79819782698027,0.07366943,2.7574615,-0.03562234022458993,1206,1193,0.9892205638474295
1555,-25.15506,3296.5671,-125.83903404797515,-0.05029297,2.7483673,-0.04083622099487058,1207,1193,0.9884009942004971
1556,-25.052216,3299.2278,-125.81761857876366,0.10284424,2.660553,0.021415469211492347,1210,1197,0.9892561983471074
1557,-25.0242,3301.8872,-125.86194543532478,0.028015137,2.6593933,-0.04432685656112694,1159,1151,0.9930974978429681
1558,-25.014832,3304.5823,-125.8380495856235,0.0093688965,2.6949615,0.023895849701290828,1209,1197,0.9900744416873449
1559,-24.954712,3307.2803,-125.8308385576287,0.06011963,2.6979065,0.007211027994805793,1197,1184,0.9891395154553049
1560,-24.877838,3309.9924,-125.81434942501231,0.07687378,2.7122192,0.016489132616388572,1164,1155,0.9922680412371134
1561,-24.78247,3312.7214,-125.82129604364226,0.09536743,2.7290497,-0.006946618629950561,1178,1168,0.9915110356536503
1562,-24.783508,3315.466,-125.80439318232482,-0.0010375977,2.7446747,0.016902861317447674,1151,1137,0.9878366637706343
1563,-24.7641,3318.163,-125.86026777806528,0.01940918,2.697113,-0.05587459574046959,1172,1159,0.9889078498293515
1564,-24.702576,3320.8125,-125.89795042792598,0.061523438,2.6494904,-0.03768264986069754,1160,1143,0.9853448275862069
1565,-24.648468,3323.518,-125.88933978482086,0.054107666,2.7055817,0.008610643105118962,1152,1138,0.9878472222222222
1566,-24.648651,3326.244,-125.90813427018995,-0.00018310547,2.7258148,-0.018794485369084086,1152,1137,0.9869791666666666
1567,-24.630219,3328.9402,-125.91635876221083,0.018432617,2.6962585,-0.008224492020883083,1165,1154,0.9905579399141631
1568,-24.550385,3331.6553,-125.91784973546307,0.079833984,2.7150574,-0.0014909732522243111,1166,1147,0.983704974271012
1569,-24.544098,3334.3804,-125.93469542798326,0.006286621,2.725113,-0.01684569252019651,1165,1153,0.9896995708154507
1570,-24.533997,3337.1052,-125.9273009385518,0.010101318,2.7247925,0.007394489431458642,1152,1143,0.9921875
1571,-24.524231,3339.8757,-125.93143387851092,0.009765625,2.7705536,-0.0041329399591251035,1100,1089,0.99
1572,-24.494598,3342.6143,-125.90309945912925,0.029632568,2.7384796,0.028334419381658208,1091,1077,0.9871677360219981
1573,-24.52118,3345.32,-125.9159012729621,-0.02658081,2.7057495,-0.012801813832849923,1097,1084,0.9881494986326345
1574,-24.526703,3347.9597,-125.9182230020273,-0.0055236816,2.639618,-0.0023217290652066433,1122,1107,0.9866310160427807
1575,-24.500977,3350.472,-125.91683759708421,0.025726318,2.5121918,0.0013854049430948204,1093,1079,0.9871912168344007
1576,-24.48526,3352.9424,-125.86404787063378,0.015716553,2.470337,0.052789726450425144,1123,1112,0.9902048085485308
1577,-24.462769,3355.245,-125.86547248328242,0.022491455,2.3028412,-0.001424612648636947,1141,1132,0.9921121822962313
1578,-24.41513,3357.4487,-125.86649271466825,0.04763794,2.2036133,-0.0010202313858424564,1220,1212,0.9934426229508196
1579,-24.427124,3359.5278,-125.85442427377782,-0.011993408,2.0791626,0.012068440890434223,1288,1275,0.9899068322981367
1580,-24.406525,3361.5642,-125.84528900880804,0.020599365,2.0364532,0.009135264969789942,1252,1244,0.9936102236421726
1581,-24.456146,3363.5415,-125.83374518378712,-0.049621582,1.9773407,0.01154382502092811,1176,1162,0.9880952380952381
1582,-24.424713,3365.3613,-125.80885137446285,0.031433105,1.8197937,0.024893809324270176,1172,1163,0.992320819112628
1583,-24.400482,3367.1335,-125.78742362810246,0.024230957,1.7723236,0.02142774636038944,1129,1117,0.9893711248892826
1584,-24.405792,3368.8572,-125.78119873756096,-0.0053100586,1.7236633,0.006224890541501928,1084,1067,0.9843173431734318
1585,-24.293976,3370.3833,-125.72257599759845,0.111816406,1.5261536,0.05862273996250118,1076,1061,0.9860594795539034
1586,-24.26175,3371.98,-125.72196934084361,0.032226562,1.5966797,0.0006066567548373752,1149,1123,0.9773716275021758
1587,-24.233063,3373.5576,-125.71468736453309,0.028686523,1.5776367,0.007281976310518766,1089,1081,0.992653810835629
1588,-24.164246,3375.0803,-125.71421394026079,0.06881714,1.5225983,0.000473424272305345,1107,1096,0.990063233965673
1589,-24.19397,3376.617,-125.74776096404945,-0.029724121,1.5365143,-0.03354702378865534,1128,1116,0.9893617021276596
1590,-24.102997,3378.0796,-125.72380945141565,0.0909729,1.4627686,0.02395151263379621,1106,1097,0.9918625678119349
1591,-24.041595,3379.6616,-125.73533674528275,0.061401367,1.5821381,-0.011527293867102743,1112,1101,0.9901079136690647
1592,-24.086884,3381.176,-125.74414302125366,-0.045288086,1.5145111,-0.008806275970917569,1109,1093,0.9855725879170424
1593,-24.047363,3382.6196,-125.78938383556361,0.039520264,1.4435425,-0.04524081430995014,1110,1097,0.9882882882882883
1594,-24.049591,3384.1562,-125.77034333765683,-0.0022277832,1.5365448,0.01904049790678446,1129,1108,0.9813994685562445
1595,-24.045654,3385.6238,-125.79611745042425,0.0039367676,1.4674835,-0.025774112767417943,1088,1075,0.9880514705882353
1596,-24.00238,3387.0193,-125.78456509739975,0.043273926,1.3955994,0.011552353024503388,1131,1123,0.9929266136162688
1597,-24.022614,3388.3818,-125.80725908990948,-0.020233154,1.3625793,-0.022693992509734893,1127,1113,0.9875776397515528
1598,-23.984497,3389.5793,-125.76084854923887,0.038116455,1.197403,0.04641054067061331,1165,1152,0.9888412017167382
1599,-23.99939,3390.7817,-125.77597572479259,-0.014892578,1.2023773,-0.015127175553712437,1205,1193,0.9900414937759336
1600,-23.983765,3391.902,-125.78942064652031,0.015625,1.1203613,-0.01344492172772772,1264,1252,0.990506329113924
1601,-23.989288,3392.879,-125.78442752434073,-0.0055236816,0.9766846,0.0049931221795891404,1325,1316,0.9932075471698113
1602,-23.936615,3393.6743,-125.77208032181619,0.05267334,0.79533386,0.01234720252454209,1198,1191,0.9941569282136895
1603,-23.918915,3394.3655,-125.7435166764481,0.017700195,0.6911316,0.028563645368092746,1105,1093,0.9891402714932127
1604,-23.83789,3394.9346,-125.69777932500783,0.08102417,0.56910706,0.045737351440272855,1065,1051,0.9868544600938968
1605,-23.835571,3395.343,-125.67959614388995,0.002319336,0.40853882,0.018183181117877416,1094,1083,0.9899451553930531
1606,-23.774292,3395.6814,-125.60378981012266,0.061279297,0.3383026,0.07580633376729348,1116,1099,0.9847670250896058
1607,-23.73468,3395.9656,-125.60374859835323,0.039611816,0.28425598,4.12117694318701e-05,1130,1116,0.9876106194690265
1608,-23.748962,3396.1863,-125.59101941698553,-0.014282227,0.22065735,0.012729181367699415,1177,1168,0.9923534409515717
1609,-23.726349,3396.271,-125.59050221968866,0.022613525,0.084747314,0.0005171972968710114,1385,1369,0.9884476534296028
1610,-23.739746,3396.3015,-125.5837732497976,-0.013397217,0.030532837,0.006728969891050151,1597,1596,0.9993738259236068
1611,-23.760895,3396.284,-125.5724867788439,-0.021148682,-0.017608643,0.01128647095370687,1700,1699,0.9994117647058823
1612,-23.772644,3396.2307,-125.55721664789938,-0.011749268,-0.05319214,0.015270130944509462,1597,1589,0.9949906073888541
1613,-23.814514,3396.1963,-125.54758267640166,-0.041870117,-0.034362793,0.009633971497720663,1494,1484,0.9933065595716198
1614,-23.835999,3396.1406,-125.5448864137201,-0.021484375,-0.05569458,0.0026962626815498062,1480,1468,0.9918918918918919
1615,-23.879059,3396.1094,-125.5263726236725,-0.043060303,-0.031311035,0.018513790047608333,1463,1460,0.9979494190020506
1616,-23.920135,3396.0286,-125.50596397724466,-0.04107666,-0.08078003,0.02040864642783325,1419,1408,0.9922480620155039
1617,-24.095215,3395.859,-125.28403528637675,-0.17507935,-0.16964722,0.2219286908679086,1110,1096,0.9873873873873874
1618,-24.188568,3395.71,-124.78351647416824,-0.09335327,-0.14881897,0.5005188122085121,1024,1010,0.986328125
1619,-24.238861,3395.7258,-124.38848163894875,-0.05029297,0.015823364,0.3950348352194879,1028,1017,0.9892996108949417
1620,-24.235443,3395.7688,-124.13930906769329,0.0034179688,0.043060303,0.2491725712554537,1096,1080,0.9854014598540146
1621,-24.236298,3395.9004,-123.98073042135788,-0.0008544922,0.13163757,0.15857864633541915,1169,1160,0.9923011120615911
1622,-24.19925,3396.0254,-123.84560738372262,0.03704834,0.12490845,0.13512303763524972,1260,1246,0.9888888888888889
1623,-24.162659,3396.1807,-123.70349236124268,0.036590576,0.15534973,0.14211502247994262,1247,1237,0.991980753809142
1624,-24.110535,3396.35,-123.57042561484582,0.052124023,0.1694336,0.13306674639685967,1279,1269,0.9921813917122753
1625,-24.07489,3396.606,-123.48626090761098,0.03564453,0.25582886,0.0841647072348308,1177,1164,0.9889549702633815
1626,-23.961304,3396.8325,-123.43351077243898,0.113586426,0.22650146,0.052750135172000334,1147,1139,0.993025283347864
1627,-23.906769,3397.1414,-123.37036058736157,0.054534912,0.3087921,0.06315018507740716,1141,1126,0.9868536371603857
1628,-23.867096,3397.5125,-123.31030098411921,0.03967285,0.3710785,0.06005960324236533,1131,1117,0.9876215738284704
1629,-23.844543,3398.0776,-123.25911522480116,0.02255249,0.565155,0.05118575931805214,1113,1102,0.9901168014375562
1630,-23.829346,3398.6934,-123.20881606211887,0.015197754,0.61569214,0.050299162682298615,1129,1118,0.9902568644818424
1631,-23.768341,3399.4102,-123.16814147537043,0.06100464,0.7167206,0.040674586748441474,1155,1145,0.9913419913419913
1632,-23.72882,3400.2256,-123.13274528905531,0.039520264,0.8155365,0.03539618631512296,1192,1176,0.9865771812080537
1633,-23.694916,3401.1685,-123.1128361834409,0.03390503,0.94288635,0.019909105614409454,1262,1257,0.9960380348652932
1634,-23.687805,3402.307,-123.08247625400756,0.0071105957,1.1383362,0.030359929433348278,1249,1233,0.9871897518014412
1635,-23.630005,3403.5708,-123.10338192520211,0.057800293,1.2638855,-0.020905671194556604,1088,1076,0.9889705882352942
1636,-23.60086,3405.065,-123.05145219044086,0.029144287,1.4940338,0.051929734761262836,1072,1063,0.9916044776119403
1637,-23.534515,3406.6467,-123.01449974623343,0.066345215,1.5818939,0.036952444207433925,1050,1030,0.9809523809523809
1638,-23.519165,3408.441,-123.00676944676242,0.015350342,1.7942963,0.007730299471013454,1075,1059,0.9851162790697674
1639,-23.467743,3410.4006,-122.98987114612977,0.05142212,1.9597168,0.016898300632642645,1198,1184,0.988313856427379
1640,-23.469696,3412.588,-123.01502821983927,-0.001953125,2.187271,-0.025157073709495267,1209,1200,0.9925558312655087
1641,-23.4693,3414.9126,-123.02986189635601,0.00039672852,2.3248138,-0.014833676516741943,1087,1072,0.9862005519779209
1642,-23.44806,3417.4363,-122.99852969506045,0.021240234,2.52359,0.03133220129555264,1022,1006,0.9843444227005871
1643,-23.48996,3420.087,-123.02923862862454,-0.041900635,2.6507263,-0.030708933564087014,1006,987,0.9811133200795229
1644,-23.522064,3422.8152,-123.00775234400363,-0.032104492,2.7282867,0.021486284620905217,971,957,0.9855818743563337
1645,-23.479462,3425.7393,-123.01070357602582,0.04260254,2.9241486,-0.002951232022184612,1080,1072,0.9925925925925926
1646,-23.508392,3428.7007,-123.0180278874587,-0.028930664,2.9615479,-0.007324311432883271,1083,1071,0.9889196675900277
1647,-23.581787,3431.5894,-123.02585801820888,-0.073394775,2.8885803,-0.00783013075017884,1089,1077,0.9889807162534435
1648,-23.65683,3434.5469,-122.98071900407531,-0.075042725,2.9575653,0.04513901413356646,1155,1145,0.9913419913419913
1649,-23.703156,3437.502,-122.97084651440557,-0.046325684,2.9550934,0.009872489669742279,1093,1080,0.9881061299176578
1650,-23.707428,3440.3777,-122.93624079902224,-0.004272461,2.875763,0.03460571538332326,1039,1029,0.9903753609239654
1651,-23.675323,3443.34,-122.91376670266644,0.032104492,2.9623718,0.022474096355802504,1065,1053,0.9887323943661972
1652,-23.663086,3446.23,-122.86759663293552,0.012237549,2.8899994,0.046170069730924475,1041,1029,0.9884726224783862
1653,-23.623657,3449.172,-122.83403145350798,0.03942871,2.9420624,0.03356517942753867,1041,1037,0.9961575408261287
1654,-23.610962,3452.03,-122.83634676517755,0.0126953125,2.8580017,-0.0023153116695731495,1048,1037,0.9895038167938931
1655,-23.610413,3454.8418,-122.79354425873001,0.0005493164,2.8117676,0.04280250644754475,1010,993,0.9831683168316832
1656,-23.628784,3457.6985,-122.75522549271264,-0.018371582,2.8567047,0.03831876601737491,1054,1043,0.9895635673624289
1657,-23.632324,3460.47,-122.71190092559496,-0.003540039,2.7714844,0.043324567117677744,969,956,0.9865841073271414
1658,-23.6232,3463.105,-122.66051929169693,0.009124756,2.6349335,0.05138163389803276,950,938,0.9873684210526316
1659,-23.642792,3465.8364,-122.61412223261216,-0.019592285,2.7313538,0.0463970590847724,976,965,0.9887295081967213
1660,-23.638916,3468.426,-122.61237087493126,0.0038757324,2.5896606,0.0017513576808956383,954,938,0.9832285115303984
1661,-23.65506,3471.131,-122.55992559166123,-0.016143799,2.7050476,0.05244528327002657,956,939,0.9822175732217573
1662,-23.654602,3473.736,-122.52589511280887,0.00045776367,2.6049042,0.03403047885235455,886,871,0.9830699774266366
1663,-23.66336,3476.3208,-122.51890768461391,-0.008758545,2.5848389,0.006987428194967753,908,890,0.9801762114537445
1664,-23.687103,3478.8914,-122.55482066946179,-0.023742676,2.570465,-0.035912984847877395,973,958,0.9845837615621789
1665,-23.706238,3481.463,-122.55698352541302,-0.019134521,2.5716095,-0.0021628559512317336,878,861,0.9806378132118451
1666,-23.77887,3484.0332,-122.55155149822413,-0.072631836,2.5702972,0.00543202718889528,941,929,0.9872476089266737
1667,-23.835327,3486.625,-122.56658947404603,-0.05645752,2.5917053,-0.015037975821900258,951,940,0.9884332281808622
1668,-23.841644,3489.2136,-122.55604963253128,-0.0063171387,2.5887146,0.010539841514744623,928,916,0.9870689655172413
1669,-23.903015,3491.777,-122.61333355066331,-0.06137085,2.563507,-0.057283918132028,929,910,0.9795479009687836
1670,-23.914368,3494.381,-122.6186508133213,-0.011352539,2.604004,-0.005317262657988806,932,918,0.9849785407725322
1671,-23.917114,3496.9102,-122.61176788432583,-0.002746582,2.5290375,0.006882928995471476,954,938,0.9832285115303984
1672,-23.990814,3499.5261,-122.63367114315483,-0.07369995,2.6158905,-0.021903258828999014,882,868,0.9841269841269841
1673,-24.013367,3502.0767,-122.62749529325724,-0.02255249,2.5506134,0.006175849897588932,932,915,0.9817596566523605
1674,-23.989899,3504.6807,-122.66312311680183,0.023468018,2.6038818,-0.0356278235445864,930,914,0.9827956989247312
1675,-23.956116,3507.2332,-122.64509381793567,0.03378296,2.5524902,0.0180292988661602,917,904,0.9858233369683751
1676,-23.991943,3509.8018,-122.62850816641652,-0.035827637,2.568512,0.01658565151914984,934,914,0.9785867237687366
1677,-23.981323,3512.3352,-122.63288349132716,0.010620117,2.5335236,-0.004375324910637526,927,911,0.982740021574973
1678,-23.98764,3514.8425,-122.64685835900745,-0.0063171387,2.5073853,-0.013974867680288997,943,931,0.9872746553552492
1679,-24.053497,3517.4102,-122.69552468159051,-0.06585693,2.5675354,-0.048666322583055026,938,931,0.9925373134328358
1680,-24.05783,3519.9573,-122.69040623071034,-0.004333496,2.5470276,0.005118450880176615,926,914,0.9870410367170627
1681,-24.068207,3522.5376,-122.74045386727029,-0.010375977,2.580368,-0.05004763655994572,955,942,0.9863874345549738
1682,-24.072266,3525.1682,-122.76023660792022,-0.004058838,2.6305847,-0.019782740649933225,955,939,0.9832460732984293
1683,-24.02594,3527.7053,-122.77974221821309,0.046325684,2.5371246,-0.019505610292866835,921,906,0.9837133550488599
1684,-24.087097,3530.307,-122.86562890759546,-0.061157227,2.601532,-0.08588668938238135,959,938,0.9781021897810219
1685,-24.08194,3532.9473,-122.8734142822791,0.0051574707,2.640335,-0.007785374683639247,921,907,0.9847991313789359
1686,-24.099304,3535.5115,-122.86632833046433,-0.017364502,2.5641022,0.007085951814778709,969,952,0.9824561403508771
1687,-24.118011,3538.1013,-122.87581413364451,-0.018707275,2.58992,-0.00948580318018671,947,937,0.989440337909187
1688,-24.178406,3540.7458,-122.89569008811198,-0.060394287,2.644516,-0.019875954467459597,922,911,0.9880694143167028
1689,-24.1633,3543.3005,-122.85508366274888,0.015106201,2.5547638,0.040606425363092946,924,908,0.9826839826839827
1690,-24.240295,3545.8564,-122.88196774498438,-0.07699585,2.5559692,-0.02688408223549471,925,900,0.972972972972973
1691,-24.171906,3548.4133,-122.85937971151516,0.06838989,2.5568695,0.022588033469216184,947,930,0.9820485744456178
1692,-24.242676,3551.0732,-122.91507518675711,-0.07077026,2.6598358,-0.05569547524194118,939,924,0.9840255591054313
1693,-24.276184,3553.618,-122.91371787711059,-0.0335083,2.5447845,0.001357309646528579,928,906,0.9762931034482759
1694,-24.326904,3556.259,-122.96455529054084,-0.050720215,2.6411743,-0.050837413430253574,927,914,0.9859762675296656
1695,-24.339722,3558.8433,-123.00534665561031,-0.012817383,2.5843353,-0.040791365069466436,922,902,0.9783080260303688
1696,-24.37387,3561.3364,-123.03047445351058,-0.03414917,2.4931946,-0.025127797900267788,924,915,0.9902597402597403
1697,-24.38858,3563.9177,-123.06954663774431,-0.014709473,2.5812378,-0.039072184233727165,926,912,0.9848812095032398
1698,-24.35849,3566.4863,-123.07603515793512,0.030090332,2.5685883,-0.006488520190817121,959,942,0.9822732012513035
1699,-24.369781,3569.0,-123.05469759885128,-0.011291504,2.5136871,0.021337559083840708,949,934,0.9841938883034773
1700,-24.43515,3571.6104,-123.09044618484434,-0.06536865,2.6103058,-0.035748585993065636,953,936,0.9821615949632738
1701,-24.481842,3574.1316,-123.16152265826582,-0.046691895,2.521225,-0.07107647342148311,928,908,0.978448275862069
1702,-24.454468,3576.7666,-123.13102069145631,0.027374268,2.6349945,0.030501966809506814,951,934,0.982124079915878
1703,-24.515991,3579.2725,-123.17669284498241,-0.061523438,2.5058289,-0.045672153526102266,976,952,0.9754098360655737
1704,-24.492767,3581.8325,-123.17836973218913,0.023223877,2.5599365,-0.0016768872067185405,955,936,0.9801047120418848
1705,-24.513458,3584.3782,-123.14723656962136,-0.020690918,2.5456238,0.031133162567763627,963,944,0.980269989615784
1706,-24.570862,3586.9285,-123.19572325765213,-0.057403564,2.550232,-0.04848668803078272,979,963,0.9836567926455567
1707,-24.613647,3589.482,-123.25889406142065,-0.042785645,2.5534363,-0.06317080376851729,971,947,0.9752832131822863
1708,-24.674408,3592.0984,-123.25775682737509,-0.060760498,2.6164398,0.001137234045561524,934,918,0.9828693790149893
1709,-24.75,3594.7378,-123.37658106833503,-0.07559204,2.6392822,-0.11882424095993331,1019,1001,0.9823356231599607
1710,-24.784363,3597.313,-123.42726823280918,-0.034362793,2.5752869,-0.05068716447415699,1013,999,0.9861796643632774
1711,-24.883636,3599.9458,-123.4682871722147,-0.09927368,2.6328735,-0.04101893940551745,972,959,0.9866255144032922
1712,-24.855408,3602.5786,-123.4606223107011,0.02822876,2.6327362,0.007664861513610435,1002,987,0.9850299401197605
1713,-24.922577,3605.2026,-123.46778611835535,-0.06716919,2.6240082,-0.00716380765424768,1015,993,0.9783251231527094
1714,-24.965973,3607.7666,-123.47997508057573,-0.043395996,2.563858,-0.012188962220385072,1065,1045,0.9812206572769953
1715,-24.96341,3610.4617,-123.49634195490232,0.0025634766,2.6949615,-0.016366874326599935,1043,1034,0.9913710450623202
1716,-24.991669,3613.1113,-123.5579458885096,-0.028259277,2.6497192,-0.06160393360727901,1071,1066,0.9953314659197012
1717,-24.954163,3615.8953,-123.56667355683469,0.037506104,2.783966,-0.008727668325086334,1082,1070,0.988909426987061
1718,-24.988037,3618.6362,-123.6258922223922,-0.03387451,2.741043,-0.059218665557510757,1105,1094,0.9900452488687783
1719,-25.041138,3621.1663,-123.68913594782819,-0.053100586,2.5300446,-0.06324372543600108,1050,1039,0.9895238095238095
1720,-25.105469,3623.591,-123.72119478371532,-0.064331055,2.4247437,-0.032058835887125034,1041,1031,0.9903938520653218
1721,-25.095764,3625.964,-123.72606745235697,0.00970459,2.3729553,-0.004872668641648889,1128,1118,0.9911347517730497
1722,-25.104828,3628.286,-123.76000008620358,-0.009063721,2.3217163,-0.03393263384660584,1126,1121,0.9955595026642984
1723,-25.059204,3630.5432,-123.78075564943266,0.04562378,2.2572327,-0.020755563229084478,1166,1154,0.9897084048027445
1724,-25.07608,3632.7495,-123.79131759060763,-0.01687622,2.2062378,-0.010561941174975524,1225,1212,0.9893877551020408
1725,-25.091797,3634.8523,-123.79103531995104,-0.015716553,2.1027222,0.00028227065660461925,1283,1264,0.9851909586905689
1726,-25.082642,3636.8809,-123.77738347425424,0.009155273,2.0286713,0.013651845696799,1220,1207,0.989344262295082
1727,-25.111603,3638.9585,-123.82851916892231,-0.028961182,2.077652,-0.05113569466807155,1267,1255,0.9905288082083662
1728,-25.126556,3640.8755,-123.79780198040739,-0.014953613,1.9169006,0.030717188514926816,1249,1240,0.9927942353883107
1729,-25.167358,3642.7708,-123.74965890091089,-0.040802002,1.89534,0.04814307949649378,1227,1212,0.9877750611246944
1730,-25.181335,3644.5981,-123.73168392412767,-0.013977051,1.8274384,0.017974976783216016,1214,1200,0.9884678747940692
1731,-25.331848,3646.3674,-123.75582464619342,-0.1505127,1.7692108,-0.024140722065747473,1204,1187,0.9858803986710963
1732,-25.191833,3648.1821,-123.7272830486195,0.14001465,1.814743,0.02854159757392009,1154,1146,0.9930675909878682
1733,-25.224396,3649.911,-123.73046777398932,-0.032562256,1.728714,-0.0031847253698259644,1214,1196,0.985172981878089
1734,-25.257874,3651.5784,-123.72419693084964,-0.033477783,1.6675873,0.006270843139670255,1212,1205,0.9942244224422442
1735,-25.32132,3653.239,-123.72776447341141,-0.063446045,1.660553,-0.0035675425617630666,1217,1206,0.9909613804437141
1736,-25.449707,3655.1296,-123.73763230888568,-0.12838745,1.8906403,-0.009867835474266553,1243,1233,0.9919549477071601
1737,-25.543304,3656.701,-123.76948666787284,-0.09359741,1.5713501,-0.03185435898716792,1223,1210,0.9893704006541292
1738,-25.58841,3658.3628,-123.77069547401602,-0.04510498,1.661789,-0.0012088061431828024,1259,1240,0.9849086576648134
1739,-25.51361,3659.6914,-123.84239971428163,0.074798584,1.3284912,-0.07170424026559885,1250,1237,0.9896
1740,-25.51889,3661.1128,-123.88840316519659,-0.005279541,1.4213867,-0.04600345091497054,1281,1272,0.9929742388758782
1741,-25.50296,3662.6482,-123.89186820224394,0.015930176,1.5354309,-0.003465037047346903,1287,1278,0.993006993006993
1742,-25.554352,3664.1504,-123.91268233742215,-0.0513916,1.502182,-0.02081413517821697,1284,1276,0.9937694704049844
1743,-25.559937,3665.624,-123.9323731355958,-0.005584717,1.4737396,-0.019690798173643435,1279,1265,0.9890539483971853
1744,-25.616302,3666.9849,-123.94795661803882,-0.056365967,1.3608856,-0.015583482443019459,1285,1267,0.9859922178988327
1745,-25.63388,3668.2441,-123.95978722128437,-0.017578125,1.259201,-0.011830603245552901,1346,1340,0.9955423476968797
1746,-25.639496,3669.3232,-123.96487914736925,-0.0056152344,1.0790558,-0.005091926084870024,1407,1399,0.994314143567875
1747,-25.59555,3670.3362,-123.95322300224458,0.043945312,1.0128937,0.011656145124662936,1429,1414,0.9895031490552834
1748,-25.580872,3671.2336,-123.97754205778968,0.014678955,0.8973541,-0.02431905554509179,1407,1398,0.9936034115138592
1749,-25.514282,3672.05,-123.96944064729509,0.066589355,0.81632996,0.008101410494585558,1352,1340,0.9911242603550295
1750,-25.432526,3672.616,-123.9789192402449,0.08175659,0.56599426,-0.009478592949813715,1305,1295,0.9923371647509579
1751,-25.420471,3673.0552,-123.96346611249139,0.012054443,0.43927002,0.015453127753523628,1306,1294,0.9908116385911179
1752,-25.357819,3673.4324,-123.84510293760692,0.06265259,0.3772583,0.11836317488446707,1370,1358,0.9912408759124087
1753,-25.300262,3673.887,-123.78779099533155,0.057556152,0.45463562,0.05731194227537377,1292,1281,0.9914860681114551
1754,-25.203003,3674.157,-123.7443029334864,0.09725952,0.269989,0.043488061845156904,1339,1330,0.9932785660941
1755,-25.177185,3674.2708,-123.73932451090849,0.025817871,0.113861084,0.004978422577902382,1469,1463,0.9959155888359428
1756,-25.194916,3674.313,-123.72302753391463,-0.017730713,0.042175293,0.016296976993850656,1674,1671,0.9982078853046595
1757,-25.202057,3674.31,-123.70433956140243,-0.0071411133,-0.0028076172,0.018687972512189926,1650,1644,0.9963636363636363
1758,-25.261047,3674.2783,-123.68667081480012,-0.05899048,-0.03175354,0.017668746602311797,1576,1570,0.9961928934010152
1759,-25.341736,3674.2017,-123.6721071130757,-0.08068848,-0.076690674,0.014563701724425008,1529,1520,0.9941137998691956
1760,-25.400604,3674.1245,-123.64487735007279,-0.05886841,-0.07710266,0.027229763002903085,1464,1458,0.9959016393442623
1761,-25.477081,3674.0396,-123.63153974857192,-0.07647705,-0.08502197,0.013337601500863126,1461,1453,0.9945242984257358
1762,-25.577026,3673.886,-123.6227066412525,-0.09994507,-0.15351868,0.008833107319420335,1462,1452,0.9931600547195623
1763,-25.800964,3673.6309,-123.42062232862573,-0.22393799,-0.2551117,0.20208431262678755,1330,1311,0.9857142857142858
1764,-25.934662,3673.3503,-122.50117940478577,-0.13369751,-0.2805786,0.9194429238399593,1152,1142,0.9913194444444444
1765,-25.941315,3673.179,-121.66806016055862,-0.006652832,-0.17137146,0.8331192442271428,1146,1136,0.9912739965095986
1766,-25.89206,3673.1968,-121.16392917839902,0.04925537,0.017822266,0.5041309821596144,1177,1162,0.9872557349192863
1767,-25.871674,3673.3337,-120.84183583024732,0.020385742,0.1370697,0.3220933481517016,1226,1217,0.9926590538336052
1768,-25.82013,3673.4773,-120.61728149317781,0.05154419,0.1434784,0.22455433706950856,1302,1297,0.9961597542242704
1769,-25.747803,3673.676,-120.42291250022947,0.07232666,0.19865417,0.19436899294833648,1328,1320,0.9939759036144579
1770,-25.695374,3673.8967,-120.28440256800042,0.0524292,0.2207489,0.13850993222906124,1344,1336,0.9940476190476191
1771,-25.599243,3674.1467,-120.16108232216403,0.09613037,0.24989319,0.12332024583638182,1384,1376,0.9942196531791907
1772,-25.573822,3674.4414,-120.05189871404552,0.025421143,0.2946167,0.10918360811851877,1411,1391,0.9858256555634302
1773,-25.549591,3674.6938,-119.99649033304438,0.024230957,0.25254822,0.055408381001147526,1418,1409,0.9936530324400564
1774,-25.500854,3675.0085,-119.92668165399215,0.048736572,0.31477356,0.06980867905222814,1348,1336,0.9910979228486647
1775,-25.455963,3675.48,-119.8661552962422,0.044891357,0.47149658,0.06052635774994527,1331,1324,0.994740796393689
1776,-25.422302,3675.994,-119.8144362883246,0.03366089,0.51390076,0.051719007917596524,1317,1304,0.9901290812452543
1777,-25.41101,3676.6558,-119.76866880474378,0.011291504,0.66192627,0.04576748358081611,1328,1319,0.9932228915662651
1778,-25.35083,3677.3408,-119.73942336255497,0.060180664,0.68504333,0.029245442188816202,1364,1355,0.9934017595307918
1779,-25.325134,3678.2786,-119.70265025774837,0.0256958,0.9378052,0.036773104806601814,1377,1369,0.9941902687000727
1780,-25.243011,3679.3132,-119.67949323928225,0.0821228,1.0346222,0.023157018466125442,1409,1404,0.9964513839602555
1781,-25.25296,3680.5513,-119.6572857476969,-0.0099487305,1.2381287,0.02220749158535503,1356,1343,0.9904129793510325
1782,-25.130096,3681.8853,-119.65471066486732,0.12286377,1.3339691,0.002575082829584086,1267,1260,0.994475138121547
1783,-25.110046,3683.47,-119.662596781725,0.020050049,1.5847168,-0.007886116857678599,1271,1260,0.991345397324941
1784,-25.082489,3685.1807,-119.68253098276638,0.027557373,1.7108002,-0.019934201041374163,1322,1310,0.9909228441754917
1785,-25.092804,3687.1465,-119.67954704132163,-0.010314941,1.9659424,0.002983941444759324,1359,1353,0.9955849889624724
1786,-25.104492,3689.3406,-119.68749861663143,-0.011688232,2.1940155,-0.007951575309801411,1309,1303,0.9954163483575248
1787,-25.077911,3691.6914,-119.6878593769994,0.02658081,2.350769,-0.0003607603679748445,1259,1249,0.9920571882446386
1788,-25.155945,3694.4211,-119.66360601152392,-0.07803345,2.7297516,0.024253365475471172,1228,1222,0.995114006514658
1789,-25.203278,3697.1162,-119.69178527604589,-0.047332764,2.69516,-0.028179264521963707,1259,1251,0.9936457505957109
1790,-25.208893,3700.0002,-119.67283307884007,-0.0056152344,2.8839264,0.01895219720581868,1238,1230,0.9935379644588045
1791,-25.187408,3703.0205,-119.70246915385115,0.021484375,3.0201874,-0.029636075011089228,1269,1255,0.9889676910953507
1792,-25.213867,3706.135,-119.67391267500047,-0.02645874,3.114441,0.02855647885068204,1281,1273,0.9937548790007806
1793,-25.195251,3709.2832,-119.65455266301512,0.018615723,3.148178,0.019360011985347206,1259,1248,0.9912629070691025
1794,-25.217438,3712.4207,-119.63686510395691,-0.02218628,3.1374664,0.017687559058221475,1300,1292,0.9938461538461538
1795,-25.240082,3715.604,-119.62606455398894,-0.022644043,3.1833649,0.010800549967970462,1284,1278,0.9953271028037384
1796,-25.220703,3718.8328,-119.60563762266665,0.019378662,3.2287445,0.02042693132229063,1317,1311,0.9954441913439636
1797,-25.24524,3721.9368,-119.58424179980916,-0.024536133,3.1040344,0.02139582285748886,1302,1292,0.9923195084485407
1798,-25.285645,3725.0972,-119.57146708104948,-0.040405273,3.1604156,0.012774718759680953,1330,1319,0.9917293233082707
1799,-25.280914,3728.1963,-119.56003612449898,0.0047302246,3.0991364,0.011430956550493837,1328,1322,0.9954819277108434
1800,-25.315094,3731.3176,-119.53525368952297,-0.034179688,3.121292,0.02478243497600577,1326,1322,0.9969834087481146
1801,-25.318024,3734.4233,-119.49976597941918,-0.0029296875,3.105713,0.03548771010378836,1324,1316,0.9939577039274925
1802,-25.357208,3737.2883,-119.45323481860136,-0.03918457,2.8648987,0.04653116081782311,1289,1282,0.9945694336695112
1803,-25.366669,3740.3306,-119.34361282482185,-0.009460449,3.042328,0.10962199377950571,1342,1332,0.992548435171386
1804,-25.333618,3743.305,-119.32693313720796,0.033050537,2.9743347,0.016679687613891374,1319,1311,0.9939347990902199
1805,-25.31717,3746.374,-119.26965534780055,0.016448975,3.0691833,0.05727778940741434,1296,1286,0.9922839506172839
1806,-25.272858,3749.2693,-119.26147997131659,0.044311523,2.8952026,0.008175376483964842,1313,1306,0.9946686976389947
1807,-25.181396,3752.3115,-119.25544040716156,0.09146118,3.0423431,0.006039564155024431,1324,1317,0.9947129909365559
1808,-25.20987,3755.2456,-119.20971226537725,-0.0284729,2.9340973,0.04572814178430251,1324,1319,0.9962235649546828
1809,-25.189056,3758.1514,-119.16181467569695,0.020812988,2.9056854,0.04789758968029922,1358,1349,0.9933726067746687
1810,-25.152893,3761.1108,-119.12979764841135,0.03616333,2.9593964,0.032017027285594975,1362,1356,0.9955947136563876
1811,-25.091461,3763.9514,-119.09886943864659,0.061431885,2.8406677,0.030928209764768858,1362,1357,0.9963289280469897
1812,-25.13324,3767.0408,-119.0664223718632,-0.041778564,3.0893097,0.03244706678339729,1355,1350,0.996309963099631
1813,-25.180298,3769.9797,-119.05350394636726,-0.047058105,2.9389954,0.012918425495937936,1364,1356,0.9941348973607038
1814,-25.331665,3772.764,-118.99047498045199,-0.15136719,2.7841644,0.06302896591525879,1326,1321,0.9962292609351433
1815,-25.296997,3775.7148,-118.98100211212349,0.03466797,2.9509735,0.009472868328497135,1357,1349,0.9941046425939573
1816,-25.249298,3778.5786,-118.96102335509293,0.047698975,2.8638458,0.019978757030552036,1323,1315,0.9939531368102796
1817,-25.267914,3781.453,-118.93162312195778,-0.018615723,2.8743591,0.02940023313514263,1339,1335,0.9970126960418223
1818,-25.373444,3784.365,-118.91781744654318,-0.105529785,2.91214,0.013805675414599301,1346,1342,0.9970282317979198
1819,-25.361542,3787.229,-118.88863336127632,0.0119018555,2.8641357,0.02918408526686529,1349,1345,0.9970348406226834
1820,-25.364868,3790.1306,-118.85173130776445,-0.003326416,2.901657,0.03690205351186168,1329,1324,0.9962377727614747
1821,-25.316498,3793.0251,-118.83658126948266,0.04837036,2.8945007,0.015150038281783126,1359,1353,0.9955849889624724
1822,-25.33847,3795.9243,-118.8266462774321,-0.021972656,2.8992767,0.009934992050565706,1364,1360,0.9970674486803519
1823,-25.358704,3798.7974,-118.80031259322956,-0.020233154,2.8730469,0.026333684202536286,1345,1343,0.9985130111524163
1824,-25.380737,3801.6228,-118.77929860652074,-0.022033691,2.8255157,0.021013986708818967,1346,1340,0.9955423476968797
1825,-25.437927,3804.6033,-118.76633751299198,-0.05718994,2.9804688,0.012961093528754991,1333,1325,0.9939984996249063
1826,-25.473541,3807.4795,-118.77033734529759,-0.035614014,2.8761444,-0.003999832305615909,1302,1296,0.9953917050691244
1827,-25.504395,3810.418,-118.74087548816428,-0.030853271,2.9383545,0.029461857133314295,1343,1337,0.9955323901712584
1828,-25.589355,3813.2751,-118.74806229084948,-0.08496094,2.8571014,-0.007186802685192258,1333,1327,0.9954988747186797
1829,-25.596924,3816.1475,-118.71508124723813,-0.0075683594,2.8724365,0.032981043611348015,1360,1355,0.9963235294117647
1830,-25.567352,3819.148,-118.71215478521981,0.029571533,3.000534,0.002926462018321137,1369,1363,0.9956172388604821
1831,-25.568604,3822.0264,-118.6731272567281,-0.0012512207,2.878418,0.03902752849170868,1347,1344,0.9977728285077951
1832,-25.589233,3824.9114,-118.65097436560754,-0.020629883,2.885025,0.022152891120551382,1360,1354,0.9955882352941177
1833,-25.571686,3827.8079,-118.62668511139688,0.017547607,2.896515,0.024289254210654785,1377,1375,0.9985475671750181
1834,-25.585846,3830.7239,-118.62478405030821,-0.014160156,2.9159088,0.0019010610886730347,1376,1373,0.9978197674418605
1835,-25.580017,3833.6267,-118.58787385810254,0.0058288574,2.9027863,0.036910192205662044,1356,1349,0.9948377581120944
1836,-25.560455,3836.532,-118.57186248385597,0.019561768,2.905365,0.016011374246579092,1389,1380,0.9935205183585313
1837,-25.562775,3839.4429,-118.55507285563208,-0.002319336,2.9108124,0.016789628223883024,1399,1393,0.995711222301644
1838,-25.560364,3842.3384,-118.55238584734543,0.0024108887,2.895523,0.002687008286636286,1398,1396,0.9985693848354793
1839,-25.546143,3845.1768,-118.5315242442411,0.014221191,2.838501,0.02086160310433435,1400,1393,0.995
1840,-25.564941,3848.041,-118.54426287565308,-0.018798828,2.8642426,-0.012738631411984142,1383,1373,0.9927693420101229
1841,-25.548676,3850.8674,-118.51926734195038,0.01626587,2.8263092,0.024995533702696984,1351,1344,0.9948186528497409
1842,-25.555176,3853.7834,-118.48016225382233,-0.006500244,2.916031,0.03910508812806015,1398,1391,0.9949928469241774
1843,-25.52353,3856.6274,-118.44679730615057,0.03164673,2.8441162,0.03336494767175787,1376,1372,0.997093023255814
1844,-25.53003,3859.4502,-118.4156701098931,-0.006500244,2.822815,0.031127196257467408,1397,1394,0.9978525411596277
1845,-25.45987,3862.299,-118.38295361056082,0.07015991,2.848938,0.03271649933227826,1418,1412,0.995768688293371
1846,-25.459045,3865.114,-118.37118612028117,0.0008239746,2.8149567,0.011767490279655799,1385,1380,0.9963898916967509
1847,-25.481506,3867.919,-118.37609118308636,-0.022460938,2.8049774,-0.004905062805191267,1436,1429,0.995125348189415
1848,-25.539886,3870.7622,-118.38400701143306,-0.058380127,2.843155,-0.00791582834669809,1401,1395,0.9957173447537473
1849,-25.554077,3873.611,-118.3490421364863,-0.014190674,2.8489532,0.03496487494675173,1429,1425,0.9972008397480756
1850,-25.566498,3876.3452,-118.34447573549471,-0.012420654,2.7342072,0.0045664009915924505,1423,1421,0.9985945186226283
1851,-25.59732,3879.1272,-118.32963035884876,-0.030822754,2.782013,0.014845376645954967,1374,1371,0.9978165938864629
1852,-25.596039,3881.839,-118.31774694881298,0.0012817383,2.711914,0.01188341003577953,1372,1365,0.9948979591836735
1853,-25.566833,3884.6245,-118.29991085693838,0.029205322,2.7852783,0.017836091874604,1418,1415,0.9978843441466855
1854,-25.568024,3887.344,-118.2902029132716,-0.0011901855,2.719513,0.009707943666786843,1404,1402,0.9985754985754985
1855,-25.608246,3890.1284,-118.25682927975977,-0.040222168,2.7843933,0.033373633511828274,1427,1424,0.9978976874562018
1856,-25.59079,3892.9988,-118.29740510903619,0.017456055,2.8703613,-0.04057582927641522,1381,1377,0.997103548153512
1857,-25.57315,3895.8613,-118.24877379487168,0.01763916,2.8625336,0.04863131416450449,1398,1397,0.9992846924177397
1858,-25.557617,3898.6355,-118.23027083247061,0.015533447,2.774063,0.018502962401070078,1431,1429,0.9986023759608665
1859,-25.57074,3901.356,-118.20783590899481,-0.013122559,2.7204132,0.022434923475800592,1377,1371,0.9956427015250545
1860,-25.539185,3903.9033,-118.19099520304354,0.031555176,2.5474854,0.01684070595126846,1359,1352,0.9948491537895512
1861,-25.523926,3906.3215,-118.16830384358428,0.015258789,2.4182587,0.02269135945925706,1382,1378,0.9971056439942113
1862,-25.449371,3908.7056,-118.12812030545986,0.07455444,2.3841095,0.04018353812442726,1349,1346,0.9977761304670126
1863,-25.432465,3910.863,-118.10027278610244,0.016906738,2.1574402,0.027847519357415404,1328,1323,0.9962349397590361
1864,-25.460693,3913.061,-118.10176467141773,-0.02822876,2.1979828,-0.0014918853152858485,1412,1405,0.9950424929178471
1865,-25.45169,3915.1565,-118.07513869022465,0.009002686,2.0953674,0.02662598119307415,1469,1458,0.9925119128658951
1866,-25.50235,3917.0906,-118.09304913557446,-0.05065918,1.9340057,-0.01791044534981688,1457,1447,0.9931365820178449
1867,-25.635742,3919.1074,-118.08066998240275,-0.13339233,2.0168457,0.012379153171709312,1449,1441,0.9944789510006902
1868,-25.696411,3921.051,-118.07960304772926,-0.060668945,1.9436646,0.0010669346734921439,1445,1433,0.9916955017301038
1869,-25.652954,3922.9097,-118.04691714697066,0.04345703,1.8586426,0.032685900758602296,1429,1420,0.9937018894331701
1870,-25.743958,3924.6,-118.01825872850614,-0.09100342,1.6903229,0.028658418464520257,1411,1404,0.9950389794472005
1871,-25.975922,3926.0417,-117.96212621212322,-0.23196411,1.4416809,0.05613251638291084,1434,1423,0.9923291492329149
1872,-25.920715,3927.657,-117.95654085756308,0.0552063,1.6152039,0.005585354560144922,1400,1392,0.9942857142857143
1873,-25.896942,3929.2466,-117.93911948371529,0.023773193,1.5895386,0.017421373847790377,1393,1385,0.994256999282125
1874,-25.948303,3930.9014,-117.94993218531,-0.051361084,1.6546783,-0.010812701594709847,1402,1391,0.9921540656205421
1875,-26.104828,3932.5732,-117.95009686179581,-0.15652466,1.6719055,-0.0001646764858164477,1386,1380,0.9956709956709957
1876,-26.06482,3934.1892,-117.92765883404205,0.040008545,1.6159515,0.022438027753767055,1370,1362,0.9941605839416059
1877,-26.09021,3935.7852,-117.95477216314724,-0.025390625,1.5959473,-0.027113329105197592,1386,1382,0.9971139971139971
1878,-26.052094,3937.4321,-117.92818845793609,0.038116455,1.647049,0.02658370521114666,1369,1367,0.9985390796201608
1879,-26.065063,3938.9956,-117.9387248195251,-0.012969971,1.5635529,-0.010536361589024597,1392,1385,0.9949712643678161
1880,-26.100128,3940.5217,-117.95601832516911,-0.035064697,1.5261078,-0.017293505644005152,1381,1370,0.9920347574221579
1881,-26.09497,3941.8293,-117.92795936343454,0.0051574707,1.307663,0.028058961734573628,1402,1397,0.9964336661911555
1882,-26.07962,3943.2402,-117.91926871394547,0.015350342,1.4107666,0.00869064948907022,1386,1382,0.9971139971139971
1883,-26.115387,3944.5562,-117.93129741160072,-0.0357666,1.3158112,-0.012028697655252584,1396,1387,0.9935530085959885
1884,-25.98291,3945.7542,-117.89599249892775,0.1324768,1.1980286,0.03530491267297232,1421,1408,0.9908515130190007
1885,-26.000092,3946.897,-117.8868833393057,-0.017181396,1.1428223,0.009109159622058615,1497,1489,0.9946559786239145
1886,-25.998962,3947.9084,-117.88834429705979,0.0011291504,1.0114746,-0.0014609577540970868,1526,1521,0.9967234600262124
1887,-25.976593,3948.7673,-117.85415606480466,0.022369385,0.858902,0.03418823225512836,1494,1487,0.9953145917001339
1888,-25.911285,3949.465,-117.83971381839599,0.06530762,0.6977539,0.014442246408665123,1449,1441,0.9944789510006902
1889,-25.918854,3950.025,-117.82058375610949,-0.0075683594,0.559845,0.01913006228650681,1412,1405,0.9950424929178471
1890,-25.89981,3950.5288,-117.79731841702451,0.019042969,0.50382996,0.023265339084965506,1388,1380,0.9942363112391931
1891,-25.908997,3950.8958,-117.72526692921119,-0.009185791,0.36689758,0.07205148781333157,1454,1451,0.9979367262723521
1892,-25.89154,3951.1843,-117.68746685205775,0.017456055,0.28848267,0.03780007715343704,1431,1427,0.9972047519217331
1893,-25.928253,3951.408,-117.68887952946284,-0.036712646,0.22363281,-0.0014126774050920408,1475,1472,0.9979661016949153
1894,-25.932861,3951.4663,-117.68741474549336,-0.0046081543,0.058410645,0.0014647839694794833,1670,1666,0.9976047904191617
1895,-25.94394,3951.4666,-117.6851774371601,-0.011077881,0.00035095215,0.0022373083332435035,1819,1817,0.9989004947773502
1896,-25.951935,3951.4392,-117.66963158308468,-0.0079956055,-0.027328491,0.015545854075421929,1716,1712,0.9976689976689976
1897,-25.952332,3951.3672,-117.64824552258553,-0.00039672852,-0.07199097,0.021386060499154157,1670,1665,0.9970059880239521
1898,-25.986328,3951.3176,-117.64069695096252,-0.033996582,-0.04949951,0.007548571623011577,1688,1688,1.0
1899,-26.02658,3951.2532,-117.64902984553083,-0.040252686,-0.0644989,-0.008332894568311803,1674,1673,0.9994026284348865
1900,-26.027863,3951.212,-117.64326108508548,-0.0012817383,-0.0413208,0.005768760445348819,1659,1656,0.9981916817359855
1901,-25.951385,3950.8896,-118.22960816424806,0.07647705,-0.3222351,-0.5863470791625736,1306,1300,0.9954058192955589
1902,-25.878021,3951.0266,-122.08494139780713,0.07336426,0.1370697,-3.8553332335590604,1029,1020,0.9912536443148688
1903,-26.122833,3951.561,-126.16488148183963,-0.24481201,0.5343628,-4.079940084032505,1006,995,0.989065606361829
1904,-25.867249,3951.8066,-129.2371369060056,0.25558472,0.24563599,-3.0722554241659528,1075,1067,0.9925581395348837
1905,-25.920074,3952.2263,-131.53411023715157,-0.052825928,0.41963196,-2.2969733311459852,1145,1130,0.9868995633187773
1906,-25.870178,3952.5977,-133.0472069350571,0.04989624,0.3714447,-1.513096697905519,1261,1242,0.9849325931800159
1907,-25.775604,3952.9067,-134.1262237460972,0.094573975,0.3091278,-1.0790168110400915,1248,1240,0.9935897435897436
1908,-25.666077,3953.2295,-135.1154617241256,0.10952759,0.3227539,-0.9892379780284093,1302,1288,0.989247311827957
1909,-25.509033,3953.4956,-135.8333476307132,0.15704346,0.26615906,-0.7178859065876018,1297,1290,0.9946029298380878
1910,-25.227722,3953.8105,-136.45541080086107,0.28131104,0.31481934,-0.6220631701478704,1325,1315,0.9924528301886792
1911,-25.077911,3954.1545,-136.92742430871013,0.14981079,0.34407043,-0.4720135078490684,1342,1338,0.9970193740685543
1912,-24.987427,3954.5996,-137.29011725333726,0.09048462,0.44519043,-0.3626929446271308,1363,1350,0.9904622157006603
1913,-24.80603,3955.0723,-137.60967258716684,0.18139648,0.47268677,-0.31955533382959617,1356,1351,0.9963126843657817
1914,-24.673645,3955.6323,-137.89016839020994,0.13238525,0.5601654,-0.2804958030430839,1351,1347,0.997039230199852
1915,-24.542572,3956.2175,-138.10082998126794,0.131073,0.5851898,-0.21066159105798732,1383,1379,0.9971077368040492
1916,-24.41095,3956.9773,-138.31556815774155,0.13162231,0.75987244,-0.21473817647362486,1388,1379,0.9935158501440923
1917,-24.331482,3957.7268,-138.46648039663938,0.07946777,0.749527,-0.15091223889783562,1385,1381,0.9971119133574007
1918,-24.215973,3958.5686,-138.62441586026725,0.11550903,0.8417969,-0.15793546362786795,1405,1401,0.9971530249110321
1919,-24.17038,3959.7642,-138.7574244201527,0.04559326,1.1955566,-0.13300855988542903,1392,1382,0.992816091954023
1920,-24.089294,3961.1235,-138.84745345326564,0.081085205,1.3592682,-0.09002903311295776,1388,1381,0.9949567723342939
1921,-24.154785,3962.7473,-138.96804880057525,-0.06549072,1.6238098,-0.12059534730959383,1423,1413,0.9929725931131412
1922,-24.137695,3964.509,-139.0534212057524,0.017089844,1.761673,-0.08537240517712934,1435,1426,0.9937282229965156
1923,-24.111755,3966.4004,-139.1155600227545,0.025939941,1.8912659,-0.06213881700212129,1409,1404,0.9964513839602555
1924,-24.11853,3968.4937,-139.1871229187423,-0.0067749023,2.093277,-0.07156289598780531,1444,1434,0.9930747922437673
1925,-24.085327,3970.7463,-139.2225251511138,0.033203125,2.2526093,-0.03540223237151709,1453,1445,0.9944941500344116
1926,-24.120026,3973.2646,-139.31964251898057,-0.034698486,2.5184174,-0.09711736786675386,1428,1423,0.9964985994397759
1927,-24.14862,3975.9429,-139.36641336764086,-0.02859497,2.6782532,-0.046770848660283484,1395,1389,0.9956989247311828
1928,-24.223999,3978.7634,-139.400080992707,-0.07537842,2.8206482,-0.03366762506613958,1441,1427,0.9902845246356696
1929,-24.272797,3981.7456,-139.4691604946033,-0.048797607,2.9822388,-0.06907950189631584,1399,1392,0.9949964260185847
1930,-24.324066,3984.8816,-139.54351233261897,-0.05126953,3.1360474,-0.07435183801567692,1389,1384,0.9964002879769619
1931,-24.362488,3987.9834,-139.57261448986864,-0.03842163,3.1018982,-0.029102157249662013,1416,1407,0.9936440677966102
1932,-24.410553,3991.069,-139.57545883133307,-0.048065186,3.0858002,-0.0028443414644209516,1452,1441,0.9924242424242424
1933,-24.372803,3994.2834,-139.5470584807913,0.037750244,3.2144012,0.028400350541779296,1427,1421,0.9957953749124037
1934,-24.393677,3997.4326,-139.50630734772577,-0.020874023,3.1492615,0.04075113306552986,1453,1448,0.9965588437715073
1935,-24.464294,4000.562,-139.50054123426742,-0.070617676,3.1292725,0.005766113458363763,1419,1412,0.9950669485553206
1936,-24.507538,4003.6128,-139.48014895132596,-0.04324341,3.0507965,0.02039228294144743,1405,1399,0.995729537366548
1937,-24.512909,4006.6335,-139.44160544049134,-0.0053710938,3.0206604,0.038543510834614034,1464,1456,0.994535519125683
1938,-24.567352,4009.6858,-139.3886599909579,-0.05444336,3.052353,0.05294544953343012,1444,1432,0.9916897506925207
1939,-24.605835,4012.635,-139.35466736889381,-0.038482666,2.9493103,0.03399262206408388,1424,1417,0.9950842696629213
1940,-24.668762,4015.5828,-139.3346239774773,-0.062927246,2.9478302,0.020043391416508016,1413,1410,0.9978768577494692
1941,-24.675507,4018.447,-139.2955178195251,-0.0067443848,2.8642426,0.03910615795219686,1460,1454,0.9958904109589041
1942,-24.75644,4021.3909,-139.28957062006336,-0.08093262,2.9437408,0.0059471994617351,1423,1420,0.9978917779339423
1943,-24.850311,4024.1636,-139.24622023037668,-0.09387207,2.7726288,0.043350389686668246,1407,1402,0.9964463397299218
1944,-24.882507,4026.9744,-139.2238988644109,-0.032196045,2.8107605,0.022321365965772454,1402,1398,0.9971469329529244
1945,-24.882324,4029.8127,-139.22742331778963,0.00018310547,2.8383636,-0.003524453378738948,1445,1441,0.9972318339100346
1946,-24.892487,4032.6055,-139.18917577098009,-0.0101623535,2.7927704,0.03824754680954587,1456,1452,0.9972527472527473
1947,-24.934692,4035.262,-139.1679023369716,-0.04220581,2.6564026,0.021273434008484266,1404,1400,0.9971509971509972
1948,-24.911499,4038.0496,-139.14313782341387,0.02319336,2.7875214,0.024764513557738607,1416,1407,0.9936440677966102
1949,-24.89743,4040.802,-139.11914852753276,0.0140686035,2.752411,0.023989295881117114,1413,1410,0.9978768577494692
1950,-24.8768,4043.5195,-139.0624475724698,0.020629883,2.7175446,0.05670095506296117,1392,1386,0.9956896551724138
1951,-24.9151,4046.2021,-139.04461463271065,-0.03829956,2.6825867,0.017832939759156053,1440,1427,0.9909722222222223
1952,-24.875458,4048.8616,-139.0028092335876,0.039642334,2.6595001,0.04180539912303469,1432,1427,0.9965083798882681
1953,-24.875366,4051.4941,-138.96755466503964,9.1552734e-05,2.6325684,0.0352545685479615,1439,1429,0.9930507296733843
1954,-24.939789,4054.1184,-138.93819047606112,-0.06442261,2.624237,0.029364188978507424,1434,1424,0.99302649930265
1955,-24.915161,4056.7502,-138.90114344894198,0.024627686,2.6317596,0.037047027119137224,1440,1435,0.9965277777777778
1956,-24.924866,4059.4473,-138.903385815606,-0.00970459,2.6969604,-0.0022423666640106017,1436,1431,0.9965181058495822
1957,-24.93631,4062.127,-138.8744352639449,-0.011444092,2.679596,0.028950551661087846,1466,1456,0.9931787175989086
1958,-24.948792,4064.9185,-138.85368949090739,-0.012481689,2.791626,0.020745773037494416,1466,1454,0.9918144611186903
1959,-24.988647,4067.6445,-138.8469332702025,-0.039855957,2.7260437,0.006756220704882445,1426,1418,0.9943899018232819
1960,-25.038055,4070.3237,-138.83848192798598,-0.04940796,2.6792297,0.008451342216503677,1464,1461,0.9979508196721312
1961,-25.1232,4073.0225,-138.83202651254703,-0.08514404,2.6986847,0.006455415438963304,1436,1429,0.995125348189415
1962,-25.138428,4075.7783,-138.81111127781838,-0.0152282715,2.755783,0.02091523472863378,1433,1427,0.9958129797627355
1963,-25.114319,4078.666,-138.7855040621299,0.024108887,2.8876648,0.02560721568848666,1406,1399,0.9950213371266002
1964,-25.096283,4081.5654,-138.7639863496807,0.018035889,2.8993225,0.021517712449182408,1451,1449,0.9986216402481047
1965,-25.171509,4084.3462,-138.76543246997247,-0.07522583,2.7806702,-0.001446120291783346,1396,1391,0.9964183381088825
1966,-25.248138,4086.915,-138.74099956297556,-0.07662964,2.5689087,0.024432906996895015,1400,1394,0.9957142857142857
1967,-25.27063,4089.4424,-138.7061934077545,-0.022491455,2.5272827,0.034806155221058406,1388,1381,0.9949567723342939
1968,-25.3732,4091.866,-138.69011221848206,-0.10256958,2.423645,0.016081189272455738,1405,1399,0.995729537366548
1969,-25.459442,4094.2063,-138.67200399561705,-0.086242676,2.3403015,0.018108222864998604,1405,1398,0.9950177935943061
1970,-25.443817,4096.4316,-138.63479259335008,0.015625,2.2253723,0.03721140226695187,1407,1401,0.9957356076759062
1971,-25.50415,4098.6553,-138.61336611047116,-0.060333252,2.2235565,0.021426482878920027,1434,1429,0.9965132496513249
1972,-25.537872,4100.7114,-138.57972078649726,-0.033721924,2.0559387,0.03364532397391088,1447,1440,0.995162404975812
1973,-25.58194,4102.709,-138.55101027997432,-0.044067383,1.9976807,0.028710506522951398,1464,1457,0.9952185792349727
1974,-25.604034,4104.5815,-138.4948845895107,-0.022094727,1.872406,0.05612569046363862,1462,1456,0.9958960328317373
1975,-25.624512,4106.4253,-138.4696893178124,-0.020477295,1.8437958,0.025195271698286413,1442,1436,0.9958391123439667
1976,-25.662018,4108.207,-138.4390248553758,-0.037506104,1.7815704,0.030664462436586673,1412,1405,0.9950424929178471
1977,-25.684845,4109.93,-138.4164147199132,-0.022827148,1.7232208,0.022610135462595948,1448,1436,0.9917127071823204
1978,-25.632202,4111.6465,-138.38852469205926,0.052642822,1.7165375,0.02789002785394231,1417,1411,0.9957657021877205
1979,-25.63272,4113.37,-138.36625748220766,-0.0005187988,1.7238312,0.022267209851619257,1421,1416,0.9964813511611541
1980,-25.668976,4115.001,-138.3413476556236,-0.036254883,1.6309052,0.024909826584066132,1425,1419,0.9957894736842106
1981,-25.635315,4116.612,-138.32595550560222,0.03366089,1.6106415,0.015392150021374031,1412,1404,0.9943342776203966
1982,-25.555298,4118.224,-138.2728355147675,0.08001709,1.6120758,0.05311999083472847,1413,1406,0.9950460014154282
1983,-25.56018,4119.753,-138.2533976899941,-0.0048828125,1.5285645,0.019437824773401554,1456,1446,0.9931318681318682
1984,-25.61435,4121.2993,-138.24592320319314,-0.0541687,1.546463,0.007474486800948885,1423,1414,0.9936753338018272
1985,-25.634644,4122.8354,-138.23526094565628,-0.02029419,1.5360718,0.010662257536863513,1434,1428,0.99581589958159
1986,-25.64206,4124.484,-138.2395870206222,-0.0074157715,1.6484375,-0.00432607496590838,1415,1405,0.9929328621908127
1987,-25.590027,4126.0615,-138.2198421287982,0.05203247,1.577713,0.019744891823984777,1446,1438,0.9944674965421854
1988,-25.643646,4127.608,-138.2072970981453,-0.053619385,1.5463104,0.012545030652919346,1453,1446,0.9951823812801102
1989,-25.631805,4129.0522,-138.19658069627368,0.01184082,1.444397,0.010716401871608161,1437,1432,0.9965205288796103
1990,-25.655823,4130.3677,-138.18104350137426,-0.024017334,1.3153534,0.015537194899419144,1446,1443,0.9979253112033195
1991,-25.664032,4131.6704,-138.18195585757783,-0.0082092285,1.3027649,-0.0009123562035601487,1467,1461,0.9959100204498977
1992,-25.681396,4132.796,-138.16877338510304,-0.017364502,1.1255035,0.013182472474784646,1503,1497,0.9960079840319361
1993,-25.697235,4133.878,-138.1424431886004,-0.015838623,1.0822601,0.026330196502650116,1525,1516,0.9940983606557378
1994,-25.655396,4134.8374,-138.09831196953934,0.0418396,0.9593811,0.04413121906106913,1569,1563,0.9961759082217974
1995,-25.786896,4135.6265,-138.098048554179,-0.13150024,0.7889252,0.0002634153603464699,1499,1488,0.9926617745163442
1996,-25.795837,4136.2534,-138.05216763254603,-0.00894165,0.6268921,0.04588092163296052,1450,1443,0.9951724137931034
1997,-25.79303,4136.8076,-138.02165556230253,0.0028076172,0.5540161,0.03051207024349673,1432,1429,0.9979050279329609
1998,-25.811829,4137.2466,-138.00626194829945,-0.018798828,0.43876648,0.015393614003075418,1446,1444,0.9986168741355463
1999,-25.853485,4137.5664,-137.9375246804974,-0.041656494,0.32003784,0.06873726780204659,1609,1606,0.9981354878806712
2000,-25.874664,4137.8657,-137.91842626188023,-0.0211792,0.2993927,0.019098418617186978,1536,1536,1.0
2001,-25.897095,4138.1113,-137.90404845794134,-0.02243042,0.24559021,0.014377803938892169,1550,1546,0.9974193548387097
2002,-25.90799,4138.1714,-137.89461229416028,-0.010894775,0.060272217,0.009436163781072848,1696,1695,0.9994103773584906
2003,-25.926727,4138.19,-137.88893937261474,-0.018737793,0.018508911,0.005672921545525873,1832,1832,1.0
2004,-25.9422,4138.1953,-137.87829193331098,-0.015472412,0.005554199,0.010647439303774875,1802,1801,0.9994450610432852
2005,-25.982544,4138.161,-137.86984574713145,-0.04034424,-0.034317017,0.008446186179538918,1727,1724,0.998262883613202
2006,-26.003296,4138.1113,-137.86177725921158,-0.020751953,-0.049926758,0.00806848791985771,1714,1710,0.9976662777129521
2007,-26.017365,4138.086,-137.84860146918513,-0.0140686035,-0.02520752,0.013175790026450952,1692,1687,0.9970449172576832
2008,-26.035797,4138.044,-137.84293567345094,-0.018432617,-0.04185486,0.005665795734192436,1718,1714,0.9976717112922002
2009,-26.087158,4137.9976,-137.84256139129369,-0.051361084,-0.046203613,0.0003742821572640276,1716,1716,1.0
2010,-25.892975,4138.3696,-140.11268181953966,0.19418335,0.37191772,-2.2701204282459857,1147,1139,0.993025283347864
2011,-26.213165,4139.0723,-146.24058893095906,-0.32019043,0.7024689,-6.127907111419405,920,910,0.9891304347826086
2012,-26.418701,4140.04,-152.8149606798777,-0.20553589,0.9678345,-6.574371748918636,841,831,0.9881093935790726
2013,-26.394775,4141.0586,-159.48100402167478,0.023925781,1.0183411,-6.666043341797094,876,866,0.9885844748858448
2014,-26.51715,4142.1396,-166.16461897485766,-0.12237549,1.0811157,-6.6836149531828735,869,855,0.9838895281933256
2015,-26.60553,4143.3486,-172.8139096718798,-0.088378906,1.2091217,-6.649290697022145,899,885,0.9844271412680756
2016,-26.683899,4144.4165,-179.5281318087422,-0.07836914,1.0680695,-6.7142221368623884,990,983,0.9929292929292929
2017,-26.621704,4145.504,-186.16662000697204,0.062194824,1.087616,-6.638488198229851,949,934,0.9841938883034773
2018,-26.545227,4146.4067,-192.78709038798058,0.07647705,0.9029999,-6.620470381008538,870,864,0.993103448275862
2019,-26.519989,4147.3975,-199.4669087936947,0.025238037,0.99095154,-6.679818405714109,936,928,0.9914529914529915
2020,-26.478912,4148.2534,-206.0878175949315,0.04107666,0.8559265,-6.620908801236802,930,924,0.9935483870967742
2021,-26.38089,4148.978,-212.722897074669,0.09802246,0.7245178,-6.635079479737497,998,990,0.9919839679358717
2022,-26.22702,4149.5713,-219.41271009547398,0.15386963,0.5931854,-6.689813020805003,983,971,0.987792472024415
2023,-26.00055,4150.0527,-225.9484691701761,0.22647095,0.48156738,-6.535759074702126,929,922,0.9924650161463939
2024,-25.949799,4150.4844,-231.9704519048638,0.050750732,0.43171692,-6.021982734687696,920,912,0.991304347826087
2025,-26.14917,4151.103,-237.09786438886383,-0.19937134,0.61868286,-5.127412484000014,1020,1014,0.9941176470588236
2026,-25.985138,4151.4907,-240.66490568539245,0.16403198,0.38763428,-3.5670412965286165,1081,1073,0.9925994449583718
2027,-25.982117,4152.6284,-242.9510176738257,0.0030212402,1.13768,-2.286111988433256,1206,1199,0.9941956882255389
2028,-26.028137,4153.799,-244.30512125729365,-0.046020508,1.1702576,-1.3541035834679487,1306,1300,0.9954058192955589
2029,-26.149445,4155.082,-245.4897006508278,-0.12130737,1.2834167,-1.1845793935341733,1286,1282,0.9968895800933126
2030,-26.217651,4156.605,-246.45392173033773,-0.06820679,1.5227661,-0.9642210795099112,1324,1314,0.9924471299093656
2031,-26.280914,4158.2866,-247.21810591820577,-0.06326294,1.6817474,-0.7641841878680439,1345,1337,0.9940520446096655
2032,-26.379456,4160.2114,-247.82828586028927,-0.09854126,1.9246063,-0.6101799420834915,1377,1369,0.9941902687000727
2033,-26.40451,4162.197,-248.2302798920526,-0.025054932,1.9852295,-0.40199403176334375,1369,1362,0.9948867786705624
2034,-26.505798,4164.461,-248.54470121395133,-0.10128784,2.2640076,-0.31442132189872135,1378,1368,0.9927431059506531
2035,-26.575684,4166.7896,-248.6799092631494,-0.069885254,2.3287048,-0.13520804919806395,1361,1357,0.997060984570169
2036,-26.586517,4169.443,-248.8211008867137,-0.01083374,2.6532593,-0.1411916235642986,1442,1434,0.9944521497919556
2037,-26.633392,4172.1978,-248.8834331035487,-0.046875,2.755066,-0.06233221683499394,1386,1381,0.9963924963924964
2038,-26.765045,4175.4,-249.0361054353668,-0.13165283,3.2020416,-0.15267233181812107,1402,1399,0.9978601997146933
2039,-26.800568,4178.3857,-249.03203560038511,-0.03552246,2.986023,0.004069834981698359,1414,1407,0.995049504950495
2040,-26.781067,4181.533,-249.09902107449892,0.019500732,3.147522,-0.06698547411380144,1451,1444,0.9951757408683667
2041,-26.79663,4184.771,-249.18783086199798,-0.015563965,3.2377625,-0.08880978749905229,1411,1404,0.9950389794472005
2042,-26.80304,4188.069,-249.29174748796487,-0.0064086914,3.297882,-0.10391662596688984,1399,1390,0.993566833452466
2043,-26.717346,4191.261,-249.3295494773895,0.08569336,3.1924133,-0.03780198942461279,1401,1394,0.9950035688793719
2044,-26.707397,4194.4854,-249.33954768513078,0.0099487305,3.2243042,-0.009998207741291372,1452,1445,0.9951790633608816
2045,-26.722992,4197.6514,-249.29345714466862,-0.015594482,3.165985,0.04609054046217128,1439,1436,0.9979152189020153
2046,-26.702484,4200.892,-249.2755243087253,0.020507812,3.2409363,0.017932835943318435,1425,1418,0.9950877192982456
2047,-26.691864,4204.0317,-249.23026263755696,0.010620117,3.139511,0.04526167116833891,1412,1405,0.9950424929178471
2048,-26.656982,4207.185,-249.17402935812478,0.03488159,3.1533203,0.05623327943218211,1401,1397,0.9971448965024983
2049,-26.633331,4210.339,-249.1273815369649,0.023651123,3.153885,0.04664782115990737,1415,1409,0.9957597173144876
2050,-26.619415,4213.4204,-249.08027439876628,0.013916016,3.081314,0.04710713819861091,1437,1428,0.9937369519832986
2051,-26.617432,4216.4204,-249.05832054401105,0.0019836426,3.0000458,0.021953854755226123,1438,1430,0.9944367176634215
2052,-26.60321,4219.3447,-249.02326135364044,0.014221191,2.9242249,0.03505919037061099,1457,1449,0.9945092656142759
2053,-26.57837,4222.2666,-249.01087826748898,0.024841309,2.921936,0.0123830861514644,1476,1471,0.9966124661246613
2054,-26.601349,4225.1304,-248.98060255892256,-0.022979736,2.863968,0.03027570856643259,1490,1482,0.9946308724832215
2055,-26.582764,4228.0225,-248.93427640984868,0.018585205,2.8922272,0.04632614907389,1464,1454,0.9931693989071039
2056,-26.547516,4230.8926,-248.8878675509844,0.035247803,2.8699036,0.046408858864272304,1464,1460,0.9972677595628415
2057,-26.498962,4233.777,-248.8433091293067,0.048553467,2.8840637,0.04455842167769057,1434,1428,0.99581589958159
2058,-26.459412,4236.5674,-248.80877635928755,0.03955078,2.7906036,0.03453277001914709,1445,1444,0.9993079584775086
2059,-26.484528,4239.452,-248.77465164692447,-0.025115967,2.884735,0.03412471236308408,1450,1439,0.9924137931034482
2060,-26.448792,4242.318,-248.75632723570854,0.035736084,2.8655853,0.018324411215939012,1461,1453,0.9945242984257358
2061,-26.46109,4244.7495,-248.55068651979227,-0.012298584,2.4318085,0.20564071591628652,1462,1457,0.9965800273597811
2062,-26.489197,4247.594,-248.5261376101837,-0.02810669,2.844635,0.02454890960856706,1456,1450,0.9958791208791209
2063,-26.503784,4250.4175,-248.48888710773107,-0.014587402,2.8232574,0.037250502452624575,1457,1448,0.9938229238160604
2064,-26.4805,4253.387,-248.46446779317648,0.023284912,2.9698486,0.024419314554601723,1437,1430,0.9951287404314544
2065,-26.5307,4256.328,-248.44156526867192,-0.050201416,2.9411163,0.02290252450454835,1461,1453,0.9945242984257358
2066,-26.522186,4259.154,-248.40430715132632,0.008514404,2.82547,0.03725811734560402,1431,1428,0.9979035639412998
2067,-26.487732,4262.1084,-248.3870050184155,0.034454346,2.9545135,0.017302132910814873,1454,1450,0.9972489683631361
2068,-26.490784,4264.9795,-248.33845815366317,-0.0030517578,2.8711548,0.04854686475231171,1438,1435,0.997913769123783
2069,-26.507751,4267.8926,-248.2941272753838,-0.016967773,2.9129639,0.04433087827936866,1415,1409,0.9957597173144876
2070,-26.509521,4270.682,-248.26714585926263,-0.0017700195,2.7896423,0.026981416121177968,1457,1451,0.9958819492107069
2071,-26.488495,4273.5283,-248.2309983065567,0.021026611,2.845993,0.03614755270592002,1433,1430,0.9979064898813678
2072,-26.566772,4276.3643,-248.2388621346908,-0.07827759,2.8361053,-0.007863828134110018,1454,1450,0.9972489683631361
2073,-26.557678,4279.2246,-248.21044420230405,0.009094238,2.860199,0.028417932386770834,1486,1480,0.9959623149394348
2074,-26.50418,4282.1104,-248.18156416087172,0.053497314,2.8855896,0.028880041432337238,1476,1470,0.9959349593495935
2075,-26.55545,4285.0435,-248.1418213145514,-0.05126953,2.933075,0.03974284632031041,1456,1447,0.9938186813186813
2076,-26.555573,4287.8867,-248.11086787493767,-0.00012207031,2.8434448,0.030953439613748787,1449,1439,0.9930986887508627
2077,-26.536652,4290.862,-248.0872843591589,0.018920898,2.9752808,0.02358351577877504,1435,1429,0.9958188153310105
2078,-26.558716,4293.653,-248.0675224597448,-0.022064209,2.7911682,0.019761899414119724,1475,1466,0.9938983050847457
2079,-26.527802,4296.5234,-248.03027336147693,0.030914307,2.8707275,0.03724909826785953,1496,1490,0.9959893048128342
2080,-26.517303,4299.3486,-247.9931742633153,0.010498047,2.8249664,0.03709909816163297,1453,1449,0.9972470750172058
2081,-26.429108,4302.24,-247.95015518039426,0.0881958,2.8914185,0.04301908292103498,1457,1448,0.9938229238160604
2082,-26.369476,4305.0693,-247.89992177452618,0.059631348,2.8288727,0.05023340586807909,1483,1476,0.99527983816588
2083,-26.288239,4307.872,-247.83839304952096,0.08123779,2.8025665,0.06152872500522903,1467,1463,0.9972733469665985
2084,-26.30484,4310.7476,-247.8438554484023,-0.016601562,2.8756561,-0.005462398881350729,1464,1460,0.9972677595628415
2085,-26.32138,4313.614,-247.80452756971576,-0.016540527,2.8660583,0.03932787868656253,1434,1430,0.99721059972106
2086,-26.338135,4316.534,-247.77013909261032,-0.01675415,2.9206543,0.034388477105428916,1450,1445,0.996551724137931
2087,-26.293121,4319.497,-247.7042239365191,0.045013428,2.9627228,0.0659151560912109,1456,1451,0.9965659340659341
2088,-26.28601,4322.3315,-247.66670528800785,0.0071105957,2.8343048,0.03751864851125789,1442,1434,0.9944521497919556
2089,-26.332672,4325.0503,-247.63640562011756,-0.046661377,2.7187958,0.030299667890286142,1425,1419,0.9957894736842106
2090,-26.240662,4327.715,-247.59131563914528,0.0920105,2.6645355,0.045089980972270925,1434,1430,0.99721059972106
2091,-26.169006,4330.2134,-247.51933403183057,0.07165527,2.4983673,0.07198160731470168,1409,1404,0.9964513839602555
2092,-26.125763,4332.583,-247.47327620277622,0.04324341,2.3694305,0.04605782905433764,1407,1403,0.9971570717839374
2093,-26.102203,4334.8735,-247.42011356175638,0.02355957,2.2907562,0.05316264101984635,1443,1440,0.997920997920998
2094,-26.082184,4336.991,-247.3381167511341,0.020019531,2.117752,0.08199681062229376,1491,1485,0.9959758551307847
2095,-26.08078,4339.049,-247.29177041882534,0.0014038086,2.0578156,0.046346332308755865,1474,1469,0.9966078697421981
2096,-26.082916,4341.034,-247.24917847476465,-0.0021362305,1.9852295,0.04259194406069532,1505,1503,0.998671096345515
2097,-26.066803,4342.996,-247.21752679020452,0.016113281,1.9619751,0.031651684560142015,1482,1476,0.9959514170040485
2098,-26.053772,4344.788,-247.14992391733094,0.013031006,1.7918396,0.06760287287358115,1506,1502,0.99734395750332
2099,-26.032532,4346.5693,-247.07820284895348,0.021240234,1.7812347,0.07172106837746729,1499,1492,0.9953302201467645
2100,-26.075775,4348.3687,-247.05755788788005,-0.04324341,1.7994995,0.020644961073421623,1468,1464,0.997275204359673
2101,-26.04773,4350.02,-247.00104206711887,0.028045654,1.6511688,0.05651582076117758,1437,1431,0.9958246346555324
2102,-26.101929,4351.4976,-246.8401813188403,-0.05419922,1.4777374,0.1608607482785622,1409,1402,0.9950319375443577
2103,-26.075897,4353.0986,-246.7818836745296,0.026031494,1.6008911,0.0582976443106855,1442,1439,0.9979195561719834
2104,-26.060425,4354.7246,-246.7021476526717,0.015472412,1.6257629,0.07973602185792368,1426,1423,0.9978962131837307
2105,-26.16452,4356.2295,-246.6739374855743,-0.10409546,1.5048676,0.028210167097393248,1452,1446,0.9958677685950413
2106,-26.143097,4357.9023,-246.66350927565858,0.02142334,1.6729736,0.010428209915717619,1429,1425,0.9972008397480756
2107,-26.158112,4359.496,-246.61961304368864,-0.015014648,1.5938721,0.04389623196994096,1439,1437,0.9986101459346769
2108,-26.16095,4361.2646,-246.61284501015308,-0.0028381348,1.7685547,0.006768033535565499,1449,1442,0.9951690821256038
2109,-26.115479,4362.7754,-246.56815629798106,0.04547119,1.5106964,0.04468871217201613,1446,1439,0.9951590594744122
2110,-26.138031,4364.2393,-246.56651896143083,-0.02255249,1.4641113,0.0016373365502219844,1414,1411,0.9978783592644979
2111,-26.096313,4365.6313,-246.50689064363334,0.04171753,1.3920898,0.05962831779750331,1438,1434,0.9972183588317107
2112,-26.09378,4367.1035,-246.45644222947948,0.002532959,1.4724121,0.050448414153870386,1447,1441,0.9958534899792675
2113,-26.03656,4368.4995,-246.4068184582984,0.05722046,1.396164,0.04962377118108516,1458,1454,0.9972565157750343
2114,-26.026215,4369.7505,-246.4144016681595,0.010345459,1.2511902,-0.007583209861114522,1474,1471,0.9979647218453188
2115,-26.024536,4371.0303,-246.40049009859982,0.0016784668,1.279953,0.013911569559684329,1482,1477,0.9966261808367072
2116,-26.010101,4372.053,-246.35543427908328,0.014434814,1.0230103,0.04505581951653603,1542,1536,0.9961089494163424
2117,-26.039246,4373.0713,-246.35240175027806,-0.029144287,1.0178833,0.0030325288052222713,1578,1576,0.9987325728770595
2118,-25.970734,4373.849,-246.2844808423754,0.06851196,0.7777252,0.06792090790268374,1495,1491,0.9973244147157191
2119,-26.03125,4374.515,-246.2723035990843,-0.060516357,0.66596985,0.012177243291083842,1423,1421,0.9985945186226283
2120,-26.006226,4375.076,-246.2235460803924,0.025024414,0.56111145,0.04875751869189658,1425,1421,0.9971929824561403
2121,-25.977417,4375.478,-246.20361161612513,0.028808594,0.4016571,0.01993446426725673,1423,1421,0.9985945186226283
2122,-25.91101,4375.7803,-246.16793742268248,0.06640625,0.30223083,0.035674193442635976,1474,1474,1.0
2123,-25.900177,4375.933,-246.1484169240212,0.01083374,0.15281677,0.019520498661265602,1534,1533,0.999348109517601
2124,-25.893555,4376.021,-246.13839107386283,0.0066223145,0.08769226,0.010025850158378745,1650,1649,0.9993939393939394
2125,-25.885132,4376.0483,-246.13294992678183,0.008422852,0.027435303,0.0054411470810007655,1829,1828,0.9994532531437944
2126,-25.924591,4376.0386,-246.1338353744998,-0.03945923,-0.009994507,-0.0008854477179537311,1845,1844,0.9994579945799458
2127,-25.948975,4376.016,-246.126467050481,-0.024383545,-0.022247314,0.00736832401878604,1770,1768,0.9988700564971752
2128,-26.029388,4375.9614,-246.1269464968387,-0.08041382,-0.054626465,-0.000479446357691275,1720,1719,0.9994186046511628
2129,-26.112274,4375.922,-246.1294524308885,-0.08288574,-0.039474487,-0.0025059340498073093,1657,1656,0.9993964996982498
2130,-26.171661,4375.925,-246.12960006272547,-0.059387207,0.0030059814,-0.00014763183696980226,1701,1699,0.9988242210464433
2131,-26.19513,4375.929,-246.1150031572994,-0.023468018,0.004257202,0.014596905426054038,1698,1697,0.9994110718492344
2132,-26.335907,4375.9307,-246.11030504989492,-0.14077759,0.0014343262,0.004698107404506801,1604,1604,1.0
2133,-26.420868,4375.9976,-246.15270110722426,-0.08496094,0.06687927,-0.042396057329341305,1508,1504,0.9973474801061007
2134,-26.43216,4376.021,-246.35779580769113,-0.011291504,0.02330017,-0.20509470046687603,1403,1401,0.9985744832501782
2135,-26.409363,4376.007,-246.59200338157908,0.02279663,-0.014007568,-0.2342075738879289,1441,1436,0.9965301873698821
2136,-26.39743,4376.0225,-246.7264229859942,0.011932373,0.015594482,-0.1344196044151054,1472,1470,0.998641304347826
2137,-26.370728,4376.057,-246.83727295803857,0.02670288,0.03466797,-0.11084997204437344,1510,1506,0.9973509933774835
2138,-26.310242,4376.067,-246.91751231344932,0.06048584,0.00970459,-0.08023935541075888,1535,1533,0.9986970684039088
2139,-26.253357,4376.1006,-246.9930391051795,0.056884766,0.03388977,-0.07552679173016974,1561,1558,0.9980781550288277
2140,-26.189117,4376.135,-247.06809370482813,0.0642395,0.034179688,-0.07505459964862922,1563,1561,0.9987204094689699
2141,-26.1044,4376.236,-247.12873749299945,0.0847168,0.10127258,-0.06064378817132944,1611,1609,0.9987585350713842
2142,-26.056427,4376.3853,-247.18991156905028,0.047973633,0.14962769,-0.061174076050832686,1670,1667,0.9982035928143712
2143,-25.950623,4376.5894,-247.2576669763564,0.10580444,0.20413208,-0.06775540730613126,1640,1638,0.998780487804878
2144,-25.896149,4376.869,-247.32815533648892,0.054473877,0.279953,-0.0704883601325009,1665,1663,0.9987987987987988
2145,-25.867645,4377.2373,-247.43203985559444,0.028503418,0.36831665,-0.10388451910552012,1578,1575,0.9980988593155894
2146,-25.773285,4377.8154,-247.53633288662417,0.09436035,0.5779114,-0.10429303102972382,1505,1501,0.9973421926910299
2147,-25.71994,4378.414,-247.69626334589213,0.053344727,0.59887695,-0.1599304592679613,1436,1433,0.9979108635097493
2148,-25.639221,4379.252,-247.77571785771448,0.080718994,0.83787537,-0.0794545118223513,1429,1427,0.9986004198740378
2149,-25.638,4380.393,-247.8292947751484,0.0012207031,1.1412659,-0.05357691743391629,1461,1459,0.998631074606434
2150,-25.597809,4381.676,-247.87714136156734,0.04019165,1.2826385,-0.04784658641892685,1485,1479,0.9959595959595959
2151,-25.509521,4383.182,-247.9256370137643,0.08828735,1.506485,-0.04849565219694473,1450,1444,0.9958620689655172
2152,-25.505188,4384.8047,-247.96535405157832,0.004333496,1.6226501,-0.039717037814030534,1414,1408,0.9957567185289957
2153,-25.458466,4386.6475,-247.9725322805238,0.046722412,1.8427734,-0.007178228945495855,1406,1400,0.9957325746799431
2154,-25.393341,4388.7236,-247.99243248118816,0.06512451,2.0763855,-0.01990020066435158,1461,1453,0.9945242984257358
2155,-25.365906,4390.9785,-248.0088760380455,0.027435303,2.254715,-0.016443556857343958,1423,1419,0.9971890372452565
2156,-25.361115,4393.4185,-248.02154002937937,0.0047912598,2.4397125,-0.012663991333865853,1391,1386,0.9964054636951833
2157,-25.329376,4396.011,-248.03692705246533,0.03173828,2.5928955,-0.015387023085964218,1357,1354,0.997789240972734
2158,-25.29654,4398.849,-248.05882610624582,0.032836914,2.838089,-0.021899053780500458,1401,1393,0.9942897930049964
2159,-25.212555,4401.868,-248.0080220203104,0.083984375,3.0192719,0.050804085935417666,1426,1422,0.9971949509116409
2160,-25.229889,4405.0317,-248.02941484647778,-0.017333984,3.1637878,-0.02139282616737464,1379,1376,0.9978245105148659
2161,-25.166534,4408.241,-248.04608205646574,0.06335449,3.2092285,-0.016667209987945058,1404,1400,0.9971509971509972
2162,-25.119965,4411.61,-248.07127384899232,0.046569824,3.368744,-0.025191792526587587,1389,1383,0.9956803455723542
2163,-25.010773,4414.916,-248.0002277134488,0.109191895,3.306366,0.07104613554352773,1386,1380,0.9956709956709957
2164,-24.939697,4418.3184,-247.90259594220282,0.07107544,3.4022675,0.09763177124597883,1400,1395,0.9964285714285714
2165,-24.902771,4421.6567,-247.82311263293977,0.03692627,3.3383179,0.07948330926306195,1404,1395,0.9935897435897436
2166,-24.858307,4424.9653,-247.7271222830893,0.04446411,3.3085938,0.09599034985047289,1380,1373,0.994927536231884
2167,-24.832458,4428.209,-247.6085947387424,0.025848389,3.2437897,0.11852754434690842,1384,1376,0.9942196531791907
2168,-24.799744,4431.4985,-247.4587320988067,0.032714844,3.2893982,0.14986263993570004,1400,1398,0.9985714285714286
2169,-24.811096,4434.729,-247.3371043712067,-0.011352539,3.230484,0.12162772760000344,1377,1372,0.9963689179375453
2170,-24.795929,4437.9326,-247.23859839671644,0.015167236,3.2037811,0.09850597449024985,1405,1402,0.997864768683274
2171,-24.768097,4441.1035,-247.15282652373318,0.027832031,3.1706696,0.08577187298325625,1402,1394,0.9942938659058488
2172,-24.708588,4444.1885,-247.05950160038577,0.059509277,3.0847473,0.09332492334740515,1368,1363,0.9963450292397661
2173,-24.7016,4447.242,-246.968742522558,0.0069885254,3.0538025,0.09075907782778006,1368,1364,0.9970760233918129
2174,-24.6568,4450.2407,-246.88371078366717,0.044799805,2.9983368,0.08503173889081724,1373,1370,0.9978150036416606
2175,-24.631378,4453.2124,-246.7949442966083,0.025421143,2.9718018,0.08876648705887417,1341,1338,0.9977628635346756
2176,-24.579102,4456.112,-246.70391171300156,0.05227661,2.899414,0.09103258360672313,1364,1360,0.9970674486803519
2177,-24.535461,4459.0615,-246.62145659988062,0.043640137,2.949829,0.08245511312094092,1384,1379,0.9963872832369942
2178,-24.569122,4461.8247,-246.57242016835983,-0.03366089,2.7630768,0.04903643152078494,1377,1375,0.9985475671750181
2179,-24.596466,4464.6035,-246.49090859961714,-0.02734375,2.7789001,0.08151156874268939,1422,1418,0.9971870604781997
2180,-24.5708,4467.505,-246.4172975595731,0.025665283,2.9014893,0.07361104004405658,1437,1431,0.9958246346555324
2181,-24.571503,4470.299,-246.36910133945602,-0.0007019043,2.7940369,0.04819622011706907,1445,1444,0.9993079584775086
2182,-24.584595,4473.0654,-246.29513143728548,-0.013092041,2.766388,0.0739699021705392,1430,1423,0.9951048951048951
2183,-24.550018,4475.9146,-246.23702266540818,0.034576416,2.8492126,0.05810877187730703,1433,1431,0.9986043265875785
2184,-24.625793,4478.7046,-246.18657225842335,-0.07577515,2.790039,0.05045040698482936,1429,1421,0.9944016794961511
2185,-24.658844,4481.4824,-246.1170643189148,-0.033050537,2.7779083,0.0695079395085419,1434,1428,0.99581589958159
2186,-24.63974,4484.2534,-246.0638898918748,0.019104004,2.7711487,0.05317442704000271,1430,1425,0.9965034965034965
2187,-24.65741,4487.0767,-246.02350669185802,-0.017669678,2.8232422,0.04038320001677597,1399,1398,0.9992852037169406
2188,-24.588898,4489.8843,-245.98320618902378,0.06851196,2.8078003,0.04030050283424614,1397,1392,0.9964209019327129
2189,-24.662964,4492.7407,-245.94115810389454,-0.07406616,2.856598,0.04204808512924271,1396,1393,0.9978510028653295
2190,-24.692505,4495.5454,-245.85212505854264,-0.029541016,2.8045197,0.08903304535189736,1413,1409,0.997169143665959
2191,-24.669983,4498.296,-245.75599768593278,0.022521973,2.750595,0.0961273726098643,1418,1417,0.9992947813822285
2192,-24.64093,4501.1157,-245.66645101719135,0.029052734,2.8196259,0.08954666874142127,1390,1386,0.9971223021582734
2193,-24.671997,4503.9355,-245.62512962374686,-0.031066895,2.8196259,0.04132139344448375,1419,1417,0.9985905567300916
2194,-24.659119,4506.739,-245.57782039251364,0.012878418,2.80307,0.04730923123322519,1371,1370,0.9992706053975201
2195,-24.656036,4509.5986,-245.52583886955748,0.0030822754,2.859909,0.05198152295617973,1400,1399,0.9992857142857143
2196,-24.605957,4512.2993,-245.44515894979486,0.050079346,2.7007446,0.08067991976262512,1379,1376,0.9978245105148659
2197,-24.624817,4515.0596,-245.35498875256513,-0.018859863,2.7600403,0.09017019722973396,1358,1355,0.9977908689248896
2198,-24.777893,4517.7827,-245.36861076529502,-0.15307617,2.7231598,-0.013622012729881977,1380,1379,0.9992753623188406
2199,-24.817535,4520.6455,-245.34313080547474,-0.039642334,2.862976,0.02547995982027873,1413,1407,0.9957537154989384
2200,-24.803833,4523.4326,-245.2684626475858,0.013702393,2.787323,0.07466815788893842,1391,1388,0.9978432782171099
2201,-24.833893,4526.2524,-245.23111835730745,-0.030059814,2.8199005,0.0373442902783511,1369,1363,0.9956172388604821
2202,-24.87497,4529.114,-245.12971805098618,-0.04107666,2.8611298,0.10140030632126425,1381,1376,0.99637943519189
2203,-24.89505,4531.891,-245.08373959821643,-0.020080566,2.7774506,0.0459784527697706,1414,1405,0.9936350777934936
2204,-24.826447,4534.626,-244.98810486508742,0.068603516,2.735077,0.09563473312899044,1394,1391,0.9978479196556671
2205,-24.790375,4537.4507,-244.9641650561729,0.036071777,2.8245544,0.023939808914507657,1403,1395,0.9942979330007128
2206,-24.78125,4540.1997,-244.82479396386287,0.009124756,2.7492523,0.1393710923100291,1394,1390,0.9971305595408895
2207,-24.848358,4543.006,-244.76567613077847,-0.067108154,2.8063812,0.059117833084405366,1398,1393,0.9964234620886981
2208,-24.874756,4545.794,-244.693122810845,-0.026397705,2.7883148,0.07255331993347292,1396,1393,0.9978510028653295
2209,-24.83963,4548.6567,-244.629222373521,0.035125732,2.8629303,0.0639004373239963,1424,1421,0.9978932584269663
2210,-24.88028,4551.5093,-244.59024032851994,-0.040649414,2.8527374,0.03898204500106384,1437,1429,0.9944328462073765
2211,-25.001587,4554.2144,-244.56161990014297,-0.12130737,2.705124,0.02862042837696804,1444,1434,0.9930747922437673
2212,-24.993805,4557.099,-244.52495048129683,0.0077819824,2.8845825,0.03666941884615826,1420,1419,0.9992957746478873
2213,-25.041107,4559.8945,-244.49769996566823,-0.047302246,2.7953186,0.027250515628595193,1420,1415,0.9964788732394366
2214,-25.038818,4562.7754,-244.44465524817056,0.0022888184,2.880844,0.05304471749766072,1439,1433,0.9958304378040306
2215,-24.962067,4565.451,-244.23928056580525,0.07675171,2.6759949,0.20537468236532277,1432,1428,0.9972067039106145
2216,-25.037445,4568.3027,-244.200325659468,-0.07537842,2.8513947,0.0389549063372494,1367,1361,0.9956108266276518
2217,-25.060303,4571.135,-244.19008946413493,-0.022857666,2.8319702,0.010236195333064768,1413,1412,0.9992922859164898
2218,-25.076843,4573.9463,-244.12083522201556,-0.016540527,2.8115997,0.06925424211937319,1405,1401,0.9971530249110321
2219,-25.100037,4576.76,-244.05071247948288,-0.02319336,2.8133698,0.07012274253267639,1427,1421,0.9957953749124037
2220,-25.109344,4579.5728,-244.03125271302864,-0.009307861,2.8130646,0.019459766454247924,1404,1400,0.9971509971509972
2221,-25.109985,4582.401,-243.96002415521735,-0.00064086914,2.8282928,0.07122855781126922,1408,1405,0.9978693181818182
2222,-25.185455,4585.24,-243.93560613245108,-0.07546997,2.8394012,0.024418022766262613,1389,1382,0.9949604031677466
2223,-25.223358,4588.0547,-243.89842704815675,-0.037902832,2.8144531,0.037179084294335994,1395,1390,0.996415770609319
2224,-25.257324,4590.8633,-243.84521762827404,-0.033966064,2.8087616,0.05320941988269752,1416,1414,0.998587570621469
2225,-25.23114,4593.6455,-243.7627935521242,0.026184082,2.7821045,0.08242407614984522,1429,1426,0.9979006298110566
2226,-25.286957,4596.479,-243.71358772525937,-0.05581665,2.833435,0.04920582686484641,1404,1399,0.9964387464387464
2227,-25.348938,4599.2705,-243.66356019072524,-0.0619812,2.7916107,0.0500275345341331,1406,1399,0.9950213371266002
2228,-25.37259,4602.059,-243.6151238829768,-0.023651123,2.7884674,0.04843630774841789,1443,1440,0.997920997920998
2229,-25.418121,4604.8843,-243.58718242880147,-0.045532227,2.8250732,0.027941454175346808,1398,1394,0.9971387696709585
2230,-25.376709,4607.646,-243.51440015428736,0.041412354,2.761734,0.07278227451412046,1429,1425,0.9972008397480756
2231,-25.380737,4610.476,-243.45581695815622,-0.0040283203,2.8301392,0.05858319613113443,1408,1404,0.9971590909090909
2232,-25.40683,4613.368,-243.40744790621036,-0.02609253,2.8919983,0.04836905194585827,1410,1404,0.9957446808510638
2233,-25.458344,4616.324,-243.42768499490347,-0.051513672,2.956192,-0.020237088693109306,1423,1419,0.9971890372452565
2234,-25.465942,4619.2607,-243.37135853446424,-0.007598877,2.936615,0.056326460439234546,1396,1387,0.9935530085959885
2235,-25.483093,4622.058,-243.33764526559779,-0.017150879,2.7975159,0.033713268866448196,1375,1371,0.9970909090909091
2236,-25.404175,4624.68,-243.24816572278812,0.07891846,2.6221466,0.08947954280968001,1397,1388,0.9935576234788833
2237,-25.45877,4626.873,-242.904828735465,-0.054595947,2.1929169,0.3433369873231022,1376,1371,0.9963662790697675
2238,-25.496674,4629.2363,-242.8620065110244,-0.037902832,2.3633423,0.04282222444060264,1386,1378,0.9942279942279942
2239,-25.535889,4631.4434,-242.81833207697406,-0.039215088,2.207077,0.04367443405034255,1415,1411,0.9971731448763251
2240,-25.560364,4633.585,-242.7804821699569,-0.024475098,2.1413574,0.03784990701715211,1416,1413,0.9978813559322034
2241,-25.576996,4635.6377,-242.72098218604194,-0.01663208,2.0529327,0.05949998391496605,1459,1454,0.9965729952021933
2242,-25.574005,4637.5664,-242.67606541575356,0.0029907227,1.9286804,0.044916770288382396,1452,1447,0.9965564738292011
2243,-25.626831,4639.439,-242.6266295522959,-0.052825928,1.8725739,0.04943586345766169,1474,1466,0.994572591587517
2244,-25.645935,4641.318,-242.58666478458176,-0.019104004,1.8788757,0.039964767714145324,1458,1455,0.9979423868312757
2245,-25.704712,4643.0654,-242.56341774487404,-0.058776855,1.7476044,0.023247039707716688,1426,1419,0.9950911640953717
2246,-25.623932,4644.972,-242.48503240900763,0.08078003,1.9068909,0.0783853358664069,1427,1422,0.9964961457603364
2247,-25.630188,4646.718,-242.4236063944118,-0.0062561035,1.7455139,0.06142601459583085,1425,1415,0.9929824561403509
2248,-25.654602,4648.4893,-242.4085356087525,-0.024414062,1.7714539,0.015070785659317099,1374,1367,0.99490538573508
2249,-25.62268,4650.1416,-242.34333303917992,0.031921387,1.6520996,0.06520256957255906,1388,1383,0.9963976945244957
2250,-25.662659,4651.8174,-242.32609766795252,-0.039978027,1.6759186,0.017235371227408605,1402,1397,0.9964336661911555
2251,-25.681915,4653.428,-242.27604367454302,-0.019256592,1.6108246,0.05005399340951788,1353,1352,0.9992609016999261
2252,-25.73764,4655.0767,-242.27676491821518,-0.055725098,1.6484528,-0.0007212436721546386,1415,1409,0.9957597173144876
2253,-25.847687,4656.6196,-242.23930073057085,-0.11004639,1.542984,0.03746418764432187,1407,1395,0.9914712153518124
2254,-25.865845,4658.321,-242.20218489287151,-0.018157959,1.7014008,0.03711583769932469,1408,1403,0.9964488636363636
2255,-25.91568,4659.936,-242.17679045649382,-0.049835205,1.6152344,0.025394436377681795,1365,1360,0.9963369963369964
2256,-25.957977,4661.5513,-242.18290645510905,-0.042297363,1.615036,-0.006115998615236387,1391,1385,0.99568655643422
2257,-25.996948,4663.0,-242.139222150911,-0.038970947,1.448822,0.043684304198041056,1424,1417,0.9950842696629213
2258,-25.98877,4664.476,-242.11231044819394,0.008178711,1.4759827,0.0269117027170718,1425,1424,0.9992982456140351
2259,-25.969788,4665.857,-242.03881580597786,0.018981934,1.3807068,0.07349464221608337,1409,1402,0.9950319375443577
2260,-26.0242,4667.199,-242.03421980177515,-0.05441284,1.3420868,0.004596004202700019,1449,1443,0.9958592132505176
2261,-26.04898,4668.4526,-242.0069348978895,-0.024780273,1.2536469,0.027284903885668923,1456,1455,0.9993131868131868
2262,-26.076355,4669.5054,-241.97952653023614,-0.027374268,1.0527954,0.027408367653352545,1522,1520,0.9986859395532195
2263,-26.105347,4670.4355,-241.95325071609952,-0.0289917,0.93032837,0.026275814136611914,1499,1495,0.9973315543695798
2264,-26.12497,4671.1357,-241.91824907402506,-0.019622803,0.7003479,0.035001642074463164,1452,1448,0.9972451790633609
2265,-26.150177,4671.6724,-241.8581281670679,-0.02520752,0.53663635,0.060120906957166265,1401,1397,0.9971448965024983
2266,-26.13443,4672.0625,-241.79801538079758,0.01574707,0.39013672,0.060112786270323265,1425,1421,0.9971929824561403
2267,-26.114014,4672.421,-241.75394582330284,0.02041626,0.3583374,0.04406955749474929,1415,1408,0.995053003533569
2268,-26.207642,4672.6255,-241.74249753175778,-0.09362793,0.20471191,0.011448291545073779,1491,1487,0.9973172367538564
2269,-26.216553,4672.68,-241.74812273694445,-0.008911133,0.05458069,-0.0056252051866737636,1677,1677,1.0
2270,-26.21228,4672.716,-241.7442120687209,0.004272461,0.035461426,0.003910668223526768,1758,1756,0.9988623435722411
2271,-26.228699,4672.724,-241.7362150296138,-0.016418457,0.008377075,0.007997039107112911,1834,1832,0.9989094874591058
2272,-26.21347,4672.688,-241.70267897033472,0.0152282715,-0.036209106,0.0335360592790709,1805,1802,0.9983379501385041
2273,-26.233124,4672.661,-241.6845394817822,-0.01965332,-0.026931763,0.01813948855252451,1772,1771,0.9994356659142212
2274,-26.260162,4672.6562,-241.67331944718123,-0.027038574,-0.005065918,0.011220034600958124,1720,1719,0.9994186046511628
2275,-26.291199,4672.648,-241.66322165407175,-0.031036377,-0.0084991455,0.010097793109472297,1764,1761,0.9982993197278912
2276,-26.346008,4672.635,-241.6615233900047,-0.05480957,-0.013137817,0.0016982640670466275,1753,1751,0.9988590986879635
2277,-26.39682,4672.6494,-241.6681552901418,-0.050811768,0.014450073,-0.006631900137122523,1715,1713,0.9988338192419826
2278,-26.739288,4672.72,-241.46651614360536,-0.34246826,0.07064819,0.20163914653646087,1406,1399,0.9950213371266002
2279,-27.001648,4672.5767,-240.51019534597367,-0.26235962,-0.14350891,0.9563207976316863,1272,1266,0.9952830188679245
2280,-26.958649,4672.5474,-239.58293396051528,0.042999268,-0.029251099,0.9272613854584033,1254,1249,0.9960127591706539
2281,-26.860504,4672.4277,-238.86285072217666,0.09814453,-0.1194458,0.7200832383386105,1302,1295,0.9946236559139785
2282,-26.81842,4672.284,-238.3932596450942,0.04208374,-0.14335632,0.4695910770824698,1315,1310,0.9961977186311787
2283,-26.706238,4672.047,-238.00314374860372,0.11218262,-0.23731995,0.3901158964904753,1344,1339,0.9962797619047619
2284,-26.503174,4671.8345,-237.6988465725507,0.20306396,-0.21244812,0.3042971760530099,1324,1317,0.9947129909365559
2285,-26.381378,4671.674,-237.4722086148392,0.121795654,-0.16041565,0.22663795771151704,1360,1351,0.9933823529411765
2286,-26.278137,4671.555,-237.28303676392187,0.10324097,-0.11843872,0.18917185091731872,1426,1419,0.9950911640953717
2287,-26.190796,4671.513,-237.20221091414294,0.08734131,-0.04222107,0.08082584977892757,1476,1473,0.9979674796747967
2288,-26.121674,4671.628,-237.16489820087656,0.069122314,0.11465454,0.03731271326636189,1553,1550,0.9980682549903412
2289,-26.093628,4671.76,-237.12216385239196,0.028045654,0.1318512,0.042734348484588465,1516,1511,0.9967018469656992
2290,-26.094116,4671.998,-237.08613735700868,-0.00048828125,0.23849487,0.036026495383273106,1490,1485,0.9966442953020134
2291,-26.112732,4672.302,-237.03653505703008,-0.018615723,0.30374146,0.04960229997859536,1415,1412,0.9978798586572438
2292,-26.099518,4672.889,-237.0449874597858,0.013214111,0.5873108,-0.008452402755709852,1416,1403,0.990819209039548
2293,-26.09555,4673.5425,-237.03250731859683,0.003967285,0.65353394,0.0124801411889772,1399,1394,0.9964260185847034
2294,-26.000732,4674.379,-236.96137448588874,0.094818115,0.8366699,0.07113283270809752,1486,1480,0.9959623149394348
2295,-26.014648,4675.4375,-236.95870217633922,-0.013916016,1.05867,0.0026723095495381614,1463,1457,0.9958988380041012
2296,-26.028992,4676.6646,-236.94683272822306,-0.014343262,1.2268829,0.011869448116168631,1484,1475,0.9939353099730458
2297,-25.944366,4678.0767,-236.88727447784575,0.084625244,1.4122009,0.05955825037730705,1416,1407,0.9936440677966102
2298,-25.998901,4679.719,-236.86075636229566,-0.054534912,1.6424103,0.02651811555009267,1379,1374,0.9963741841914431
2299,-25.967072,4681.6157,-236.8454553398789,0.031829834,1.8964081,0.015301022416761706,1447,1442,0.9965445749827229
2300,-25.977478,4683.598,-236.819455976341,-0.010406494,1.9822998,0.025999363537898668,1483,1476,0.99527983816588
2301,-25.967468,4685.8364,-236.78226392443304,0.010009766,2.2385101,0.037192051907967434,1451,1445,0.9958649207443143
2302,-25.971008,4688.2373,-236.7618216961583,-0.003540039,2.4006958,0.020442228274742427,1388,1380,0.9942363112391931
2303,-25.946411,4690.8457,-236.72220792865787,0.024597168,2.608551,0.0396137675004461,1364,1356,0.9941348973607038
2304,-25.903015,4693.6177,-236.6523695886566,0.043395996,2.7718964,0.06983834000127305,1386,1384,0.9985569985569985
2305,-25.959534,4696.6953,-236.62570248027168,-0.056518555,3.07753,0.02666710838491663,1393,1391,0.9985642498205313
2306,-25.948853,4699.9194,-236.6008216084822,0.010681152,3.2242432,0.02488087178948067,1357,1351,0.9955784819454679
2307,-25.974396,4703.148,-236.57861954421878,-0.025543213,3.2283936,0.022202064263410072,1352,1345,0.9948224852071006
2308,-25.940765,4706.4746,-236.51944888119684,0.03363037,3.326477,0.05917066302194851,1373,1364,0.9934450109249818
2309,-25.978027,4709.8633,-236.454710658007,-0.037261963,3.3887024,0.06473822318983889,1391,1381,0.9928109273903667
2310,-25.954285,4713.1816,-236.37803458997493,0.023742676,3.3185577,0.07667606803206045,1377,1372,0.9963689179375453
2311,-25.97052,4716.5137,-236.2909279291806,-0.016235352,3.3319702,0.0871066607943308,1399,1391,0.9942816297355254
2312,-25.97879,4719.814,-236.1847838345894,-0.008270264,3.3003845,0.10614409459120713,1364,1360,0.9970674486803519
2313,-26.026764,4723.106,-236.08769013395982,-0.047973633,3.291977,0.09709370062957193,1349,1342,0.9948109710896961
2314,-26.027924,4726.262,-236.00359799548335,-0.001159668,3.1563416,0.08409213847648674,1357,1353,0.9970523212969786
2315,-26.062164,4729.407,-235.8762190550107,-0.034240723,3.1452484,0.12737894047265524,1352,1342,0.992603550295858
2316,-26.087921,4732.5806,-235.80128410813097,-0.025756836,3.1734009,0.07493494687973087,1370,1365,0.9963503649635036
2317,-26.141785,4735.6533,-235.74140572062197,-0.053863525,3.0728912,0.059878387508992326,1379,1372,0.9949238578680203
2318,-26.217041,4738.674,-235.68062592714065,-0.07525635,3.0203552,0.06077979348133034,1364,1358,0.9956011730205279
2319,-26.209381,4741.653,-235.6209597035732,0.007659912,2.9787903,0.05966622356746338,1404,1398,0.9957264957264957
2320,-26.200104,4744.63,-235.52105062828613,0.009277344,2.977127,0.09990907528706326,1376,1370,0.9956395348837209
2321,-26.21289,4747.555,-235.4429241602648,-0.012786865,2.925354,0.07812646802132557,1378,1370,0.9941944847605225
2322,-26.19522,4750.489,-235.330229037615,0.017669678,2.9335785,0.11269512264978244,1381,1377,0.997103548153512
2323,-26.201721,4753.413,-235.2589528048789,-0.006500244,2.9241333,0.0712762327361085,1428,1421,0.9950980392156863
2324,-26.19815,4756.362,-235.159319713687,0.0035705566,2.9489594,0.09963309119189104,1386,1379,0.9949494949494949
2325,-26.240112,4759.238,-235.10040755803013,-0.04196167,2.876114,0.05891215565688853,1390,1386,0.9971223021582734
2326,-26.248657,4762.035,-235.0051970099946,-0.008544922,2.79747,0.09521054803555075,1396,1392,0.997134670487106
2327,-26.330017,4764.7886,-234.97066967975687,-0.08135986,2.7532349,0.03452733023773264,1392,1387,0.9964080459770115
2328,-26.303284,4767.6597,-234.89920103950783,0.026733398,2.8712158,0.07146864024904828,1404,1398,0.9957264957264957
2329,-26.365631,4770.4478,-234.8978631593803,-0.062347412,2.7879486,0.001337880127531238,1418,1406,0.9915373765867419
2330,-26.346771,4773.274,-234.80524869723607,0.018859863,2.8260956,0.0926144621442526,1407,1406,0.9992892679459844
2331,-26.360931,4776.039,-234.73925187425087,-0.014160156,2.765091,0.06599682298519123,1427,1421,0.9957953749124037
2332,-26.344116,4778.8667,-234.68188154863918,0.016815186,2.8277893,0.057370325611680414,1399,1394,0.9964260185847034
2333,-26.36789,4781.668,-234.64505024630313,-0.023773193,2.8012848,0.0368313023360656,1400,1394,0.9957142857142857
2334,-26.39148,4784.52,-234.59087711575475,-0.023590088,2.851822,0.054173130548369725,1383,1377,0.9956616052060737
2335,-26.41449,4787.306,-234.54084431411997,-0.023010254,2.786148,0.05003280163478174,1424,1418,0.9957865168539326
2336,-26.42569,4790.1855,-234.4908054747469,-0.011199951,2.879486,0.05003883937304535,1446,1438,0.9944674965421854
2337,-26.429016,4792.989,-234.47338674120985,-0.003326416,2.8034058,0.017418733537046538,1389,1384,0.9964002879769619
2338,-26.411835,4795.805,-234.43481309605687,0.017181396,2.8165588,0.03857364515296988,1416,1405,0.992231638418079
2339,-26.392212,4798.674,-234.35132842931787,0.019622803,2.8685913,0.08348466673900004,1394,1389,0.996413199426112
2340,-26.47342,4801.406,-234.3189012878372,-0.081207275,2.7320557,0.03242714148066948,1419,1415,0.9971811134601832
2341,-26.454132,4804.2617,-234.25981021928465,0.01928711,2.8559723,0.05909106855257356,1432,1428,0.9972067039106145
2342,-26.41159,4807.1494,-234.15290315896155,0.042541504,2.8876953,0.1069070603230827,1440,1430,0.9930555555555556
2343,-26.460052,4809.942,-234.12069799625004,-0.048461914,2.7926025,0.03220516271151699,1405,1397,0.994306049822064
2344,-26.399017,4812.785,-234.0648489613858,0.061035156,2.8433228,0.05584903486425838,1430,1421,0.9937062937062937
2345,-26.497131,4815.6113,-234.0587418897917,-0.09811401,2.8264008,0.006107071594109736,1417,1410,0.995059985885674
2346,-26.520355,4818.391,-234.0106753370468,-0.023223877,2.7796936,0.04806655274488497,1383,1376,0.9949385394070861
2347,-26.531067,4821.17,-233.96390141229253,-0.01071167,2.7790527,0.04677392475427002,1407,1403,0.9971570717839374
2348,-26.56015,4823.986,-233.9197184062612,-0.029083252,2.8159027,0.04418300603132527,1378,1376,0.9985486211901307
2349,-26.5802,4826.718,-233.96482182849974,-0.020050049,2.7319489,-0.04510342223851669,1378,1368,0.9927431059506531
2350,-26.574188,4829.5347,-233.9106370568996,0.006011963,2.8168793,0.05418477160014064,1408,1401,0.9950284090909091
2351,-26.614166,4832.39,-233.86665890219774,-0.039978027,2.8553162,0.0439781547018599,1391,1384,0.9949676491732566
2352,-26.573425,4835.2026,-233.80101871613329,0.040740967,2.8126068,0.06564018606445425,1404,1398,0.9957264957264957
2353,-26.678986,4838.0317,-233.7801384720384,-0.1055603,2.8289948,0.0208802440948696,1401,1390,0.9921484653818701
2354,-26.670776,4840.786,-233.72852697654443,0.0082092285,2.754364,0.05161149549396355,1381,1373,0.9942070963070239
2355,-26.69635,4843.4165,-233.69748328052043,-0.02557373,2.6304626,0.031043696023986458,1393,1388,0.9964106245513281
2356,-26.64386,4846.0444,-233.61057029472724,0.052490234,2.627777,0.08691298579319667,1408,1404,0.9971590909090909
2357,-26.696014,4848.4775,-233.58446777155442,-0.05215454,2.4332886,0.026102523172812277,1408,1400,0.9943181818181818
2358,-26.731415,4850.7183,-233.53229243897817,-0.03540039,2.2409363,0.05217533257624003,1450,1437,0.9910344827586207
2359,-26.656769,4852.9175,-233.4450646624616,0.074645996,2.199112,0.08722777651659064,1474,1470,0.9972862957937585
2360,-26.728485,4854.9614,-233.43531275745542,-0.07171631,2.0439148,0.009751905006174661,1458,1448,0.9931412894375857
2361,-26.732971,4857.0117,-233.4041069958185,-0.004486084,2.0503693,0.031205761636931437,1447,1441,0.9958534899792675
2362,-26.754272,4858.935,-233.35334264950288,-0.02130127,1.923172,0.050764346315609526,1453,1447,0.9958706125258087
2363,-26.734528,4860.85,-233.30947925700744,0.019744873,1.9150238,0.04386339249543234,1454,1449,0.9965612104539202
2364,-26.774292,4862.6655,-233.2920044702299,-0.039764404,1.8155365,0.017474786777532305,1429,1423,0.9958012596221134
2365,-26.753937,4864.4824,-233.23348246845785,0.020355225,1.8166504,0.05852200177204116,1432,1428,0.9972067039106145
2366,-26.771606,4866.256,-233.19702575334156,-0.017669678,1.773468,0.036456715116277356,1396,1386,0.9928366762177651
2367,-26.765411,4867.964,-233.15169339000423,0.0061950684,1.7081757,0.045332363337350946,1400,1392,0.9942857142857143
2368,-26.717041,4869.7295,-233.10772416081656,0.04837036,1.7654114,0.043969229187667186,1405,1395,0.9928825622775801
2369,-26.761597,4871.3794,-233.05427288275334,-0.044555664,1.6499786,0.053451278063217166,1392,1383,0.9935344827586207
2370,-26.71521,4872.986,-233.0296349279486,0.04638672,1.6062775,0.02463795480473497,1417,1411,0.9957657021877205
2371,-26.814209,4874.688,-233.0680415977878,-0.09899902,1.7021637,-0.038406669839230176,1410,1404,0.9957446808510638
2372,-26.819763,4876.328,-233.0495216282563,-0.005554199,1.6399689,0.018519969531527684,1384,1378,0.9956647398843931
2373,-26.804443,4878.0977,-232.966586997702,0.015319824,1.7694855,0.08293463055428543,1408,1402,0.9957386363636364
2374,-26.852997,4879.791,-232.94656166894762,-0.048553467,1.693573,0.020025328754360652,1394,1383,0.9921090387374462
2375,-26.830475,4881.3667,-232.90253962882545,0.022521973,1.5754852,0.04402204012218116,1400,1394,0.9957142857142857
2376,-26.831299,4882.861,-232.90889995209048,-0.0008239746,1.4943695,-0.006360323265038189,1408,1398,0.9928977272727273
2377,-26.832977,4884.1826,-232.9988579677875,-0.0016784668,1.3216858,-0.08995801569702173,1439,1430,0.9937456567060459
2378,-26.893097,4885.536,-232.99071956329757,-0.06011963,1.3534088,0.008138404489918082,1434,1424,0.99302649930265
2379,-26.89328,4886.8403,-232.97515468166472,-0.00018310547,1.3041534,0.015564881632853722,1474,1466,0.994572591587517
2380,-26.934174,4887.998,-232.96171003453915,-0.040893555,1.1576538,0.013444647125568992,1530,1525,0.9967320261437909
2381,-26.875702,4889.221,-232.85669610617072,0.05847168,1.2233734,0.10501392836844123,1552,1549,0.9980670103092784
2382,-26.862,4890.2305,-232.85729419889094,0.013702393,1.0090485,-0.0005980927202178173,1542,1529,0.9915693904020753
2383,-26.894836,4891.157,-232.86347196822567,-0.032836914,0.92666626,-0.006177769334729828,1521,1517,0.997370151216305
2384,-26.90091,4891.8833,-232.8602762031414,-0.006072998,0.7260437,0.0031957650842493438,1412,1405,0.9950424929178471
2385,-26.904236,4892.488,-232.8615009947123,-0.003326416,0.60432434,-0.0012247915708657972,1382,1373,0.9934876989869754
2386,-26.911316,4892.9443,-232.84299317801123,-0.007080078,0.45646667,0.01850781670105015,1410,1403,0.9950354609929078
2387,-26.931519,4893.2153,-232.8587962674203,-0.020202637,0.27111816,-0.015803089409062734,1464,1460,0.9972677595628415
2388,-26.927948,4893.401,-232.8397322312205,0.0035705566,0.18539429,0.01906403619980831,1490,1483,0.9953020134228188
2389,-26.906616,4893.5195,-232.83285877801478,0.021331787,0.11880493,0.006873453205721951,1614,1613,0.9993804213135068
2390,-26.901123,4893.6255,-232.82012156161792,0.005493164,0.10598755,0.012737216396864414,1675,1671,0.9976119402985074
2391,-26.9245,4893.6636,-232.82342281157875,-0.023376465,0.03805542,-0.003301249960828259,1766,1763,0.9983012457531144
2392,-26.936584,4893.6797,-232.8205641828443,-0.012084961,0.016143799,0.002858628734469443,1770,1769,0.9994350282485875
2393,-26.957611,4893.6885,-232.8182615637218,-0.021026611,0.008743286,0.0023026191225033687,1755,1753,0.9988603988603989
2394,-27.009338,4893.702,-232.81564675386446,-0.051727295,0.013427734,0.0026148098573438557,1730,1726,0.9976878612716763
2395,-27.068573,4893.7246,-232.8162170823276,-0.05923462,0.022521973,-0.0005703284631432334,1619,1616,0.9981470043236566
2396,-27.107239,4893.7207,-232.81813380362905,-0.03866577,-0.004043579,-0.0019167213014528114,1693,1692,0.9994093325457767
2397,-27.679932,4893.851,-232.2884610542346,-0.5726929,0.1305542,0.5296727493944375,1291,1285,0.9953524399690162
2398,-28.01355,4893.3477,-226.88962625956074,-0.33361816,-0.50354004,5.398834794673849,966,955,0.9886128364389234
2399,-28.032715,4892.563,-220.5416804063672,-0.019165039,-0.7844391,6.347945853193549,985,978,0.9928934010152284
2400,-27.939362,4891.852,-214.0007138270742,0.09335327,-0.7109375,6.540966579292973,923,915,0.991332611050921
2401,-27.791473,4891.0825,-207.45605622796305,0.14788818,-0.7696228,6.544657599111168,919,909,0.9891186071817193
2402,-27.555908,4890.445,-200.83948285894473,0.23556519,-0.63768005,6.616573369018314,954,944,0.989517819706499
2403,-27.390991,4889.7144,-194.34131842804416,0.16491699,-0.7304535,6.498164430900562,998,990,0.9919839679358717
2404,-27.094757,4889.008,-188.43984861619523,0.29623413,-0.70658875,5.90146981184893,1006,993,0.9870775347912525
2405,-26.81668,4888.47,-183.7301825339065,0.27807617,-0.53778076,4.709666082288744,1043,1033,0.9904122722914669
2406,-26.588135,4888.171,-180.29561641330824,0.22854614,-0.29942322,3.4345661205982427,1069,1059,0.990645463049579
2407,-26.455475,4888.0405,-178.0576707866436,0.13265991,-0.13046265,2.2379456266646263,1115,1108,0.9937219730941704
2408,-26.321838,4888.1904,-176.53466835051148,0.13363647,0.14967346,1.5230024361321224,1181,1177,0.9966130397967824
2409,-26.234772,4888.408,-175.29183968199288,0.08706665,0.21794128,1.2428286685185892,1208,1200,0.9933774834437086
2410,-26.18872,4888.6865,-174.25961937015998,0.046051025,0.2781372,1.0322203118329105,1185,1177,0.9932489451476794
2411,-26.101898,4889.0654,-173.44357522374742,0.08682251,0.3786621,0.8160441464125725,1262,1258,0.9968304278922345
2412,-26.062988,4889.688,-172.85223794847204,0.038909912,0.6223297,0.5913372752753784,1286,1281,0.9961119751166407
2413,-26.018433,4890.469,-172.3702521491099,0.044555664,0.7810364,0.481985799362146,1292,1283,0.9930340557275542
2414,-26.022186,4891.354,-172.01814947175285,-0.003753662,0.884964,0.3521026773570487,1282,1275,0.9945397815912637
2415,-25.991608,4892.5312,-171.68350056123631,0.030578613,1.1770172,0.33464891051653967,1343,1333,0.992553983618764
2416,-25.90332,4893.8027,-171.46884666924586,0.08828735,1.2714996,0.21465389199044013,1305,1297,0.9938697318007663
2417,-25.892761,4895.24,-171.29852658036364,0.010559082,1.4375458,0.1703200888822079,1322,1318,0.9969742813918305
2418,-25.844788,4896.8945,-171.14402199202598,0.047973633,1.6545258,0.15450458833766958,1372,1368,0.9970845481049563
2419,-25.866241,4898.741,-171.08816096872653,-0.021453857,1.8464508,0.05586102329945365,1416,1409,0.9950564971751412
2420,-25.865204,4900.768,-171.0415241716162,0.0010375977,2.027069,0.046636797110329496,1419,1411,0.9943622269203665
2421,-25.876831,4902.9717,-170.987608299125,-0.011627197,2.2033691,0.05391587249120436,1375,1366,0.9934545454545455
2422,-25.852844,4905.4214,-170.91041431726615,0.023986816,2.4497833,0.0771939818588409,1349,1343,0.9955522609340252
2423,-25.840729,4908.091,-170.85502505175705,0.0121154785,2.6696625,0.05538926550908349,1323,1318,0.9962207105064248
2424,-25.801422,4910.944,-170.8016963333488,0.03930664,2.8529205,0.053328718408272094,1363,1359,0.9970652971386648
2425,-25.7771,4914.014,-170.72930622021522,0.02432251,3.0704346,0.0723901131335702,1341,1335,0.9955257270693513
2426,-25.733276,4917.1226,-170.62827751898573,0.043823242,3.1085968,0.10102870122949019,1365,1357,0.9941391941391942
2427,-25.68689,4920.3096,-170.53620814894148,0.04638672,3.1868896,0.09206937004425268,1349,1344,0.9962935507783544
2428,-25.663635,4923.483,-170.43225622006176,0.023254395,3.1734009,0.10395192887972808,1337,1334,0.9977561705310396
2429,-25.662415,4926.663,-170.30451199805594,0.0012207031,3.1801453,0.12774422200582175,1337,1331,0.9955123410620793
2430,-25.69159,4929.8184,-170.16561927008948,-0.029174805,3.155075,0.13889272796647256,1315,1313,0.9984790874524715
2431,-25.663696,4932.941,-169.9585710086543,0.027893066,3.1226196,0.20704826143518718,1318,1312,0.9954476479514416
2432,-25.697662,4936.02,-169.80898328238058,-0.033966064,3.0791168,0.14958772627373423,1321,1317,0.9969719909159728
2433,-25.685028,4939.089,-169.65139370001387,0.012634277,3.068756,0.15758958236671625,1377,1370,0.9949164851125636
2434,-25.666992,4942.2173,-169.49657919446508,0.018035889,3.1284943,0.1548145055487992,1346,1341,0.9962852897473997
2435,-25.66098,4945.327,-169.43162208241574,0.006011963,3.1099396,0.0649571120493466,1409,1404,0.9964513839602555
2436,-25.655396,4948.311,-169.3657378385006,0.005584717,2.9841156,0.06588424391513636,1419,1415,0.9971811134601832
2437,-25.641632,4951.2446,-169.28963412557619,0.013763428,2.9335327,0.07610371292440342,1410,1403,0.9950354609929078
2438,-25.703949,4954.1353,-169.21045303795265,-0.062316895,2.8906097,0.07918108762354131,1390,1385,0.9964028776978417
2439,-25.706146,4956.9756,-169.15323437604778,-0.0021972656,2.8404999,0.05721866190486776,1403,1396,0.9950106913756237
2440,-25.692963,4959.849,-169.0571528966072,0.013183594,2.8733978,0.09608147944058694,1402,1396,0.9957203994293866
2441,-25.674835,4962.661,-168.9974788793101,0.018127441,2.8117828,0.05967401729707982,1383,1379,0.9971077368040492
2442,-25.669342,4965.4185,-168.92851174250185,0.005493164,2.7575378,0.06896713680824644,1385,1380,0.9963898916967509
2443,-25.66568,4968.264,-168.86069430987715,0.0036621094,2.8457031,0.0678174326247142,1410,1408,0.9985815602836879
2444,-25.66684,4971.0024,-168.81237079936253,-0.001159668,2.7381592,0.048323510514617585,1399,1389,0.9928520371694067
2445,-25.611969,4973.819,-168.7146939230724,0.054870605,2.816208,0.09767687629012876,1383,1377,0.9956616052060737
2446,-25.496368,4976.591,-168.6520798352324,0.115600586,2.7719574,0.06261408783998612,1424,1421,0.9978932584269663
2447,-25.508667,4979.3354,-168.63019407326482,-0.012298584,2.744522,0.021885761967570676,1378,1375,0.997822931785196
2448,-25.460388,4982.0796,-168.57312850582483,0.04827881,2.7440948,0.05706556744000408,1381,1376,0.99637943519189
2449,-25.410065,4984.832,-168.5278227963831,0.050323486,2.7526093,0.045305709441715206,1382,1376,0.9956584659913169
2450,-25.380737,4987.539,-168.47981122984532,0.029327393,2.7072754,0.04801156653778003,1379,1371,0.994198694706309
2451,-25.391327,4990.2544,-168.43690950150273,-0.0105896,2.7154236,0.042901728342599935,1382,1378,0.9971056439942113
2452,-25.374207,4992.9756,-168.36711183907687,0.017120361,2.7209625,0.06979766242586621,1423,1417,0.9957835558678847
2453,-25.343079,4995.769,-168.33995964784893,0.03112793,2.7934723,0.027152191227936977,1433,1424,0.9937194696441033
2454,-25.336853,4998.5107,-168.29595869403778,0.006225586,2.741684,0.044000953811143446,1366,1363,0.9978038067349927
2455,-25.343475,5001.1387,-168.27019646459948,-0.0066223145,2.6280823,0.025762229438289114,1393,1386,0.9949748743718593
2456,-25.340576,5003.903,-168.2268508501519,0.00289917,2.7640686,0.04334561444759532,1399,1394,0.9964260185847034
2457,-25.309662,5006.6855,-168.1830026414727,0.030914307,2.7825012,0.04384820867917688,1408,1405,0.9978693181818182
2458,-25.265472,5009.342,-168.1456816220386,0.044189453,2.656189,0.03732101943409531,1416,1413,0.9978813559322034
2459,-25.260529,5012.0845,-168.11573665875335,0.0049438477,2.7425385,0.029944963285255092,1423,1417,0.9957835558678847
2460,-25.286652,5014.8994,-168.0684353593548,-0.026123047,2.814865,0.047301299398565234,1402,1395,0.9950071326676176
2461,-25.292816,5017.7324,-168.02313783535897,-0.006164551,2.8327942,0.04529752399582901,1422,1417,0.9964838255977496
2462,-25.28543,5020.537,-167.9995685567242,0.007385254,2.8047333,0.02356927863477548,1429,1425,0.9972008397480756
2463,-25.237793,5023.2314,-167.96689442533577,0.04763794,2.694458,0.03267413138842594,1403,1397,0.9957234497505346
2464,-25.222137,5025.7803,-167.9241500772246,0.015655518,2.5486908,0.042744348111160076,1384,1381,0.9978323699421965
2465,-25.281952,5028.203,-167.90703707240687,-0.059814453,2.4226837,0.017113004817725777,1384,1379,0.9963872832369942
2466,-25.27478,5030.653,-167.85329677388796,0.007171631,2.4494781,0.05374029851890756,1422,1418,0.9971870604781997
2467,-25.324707,5032.9204,-167.81230983307898,-0.049926758,2.2676392,0.040986940808969835,1423,1421,0.9985945186226283
2468,-25.347382,5035.123,-167.77297054812306,-0.02267456,2.2025604,0.03933928495592825,1449,1446,0.9979296066252588
2469,-25.387024,5037.271,-167.72875654645532,-0.039642334,2.148117,0.044214001667743974,1433,1426,0.9951151430565248
2470,-25.319427,5039.2715,-167.6804199577303,0.067596436,2.0004425,0.04833658872501939,1478,1472,0.9959404600811907
2471,-25.292267,5041.313,-167.63641020534735,0.027160645,2.0414124,0.04400975238294972,1454,1450,0.9972489683631361
2472,-25.314575,5043.168,-167.57572254526028,-0.02230835,1.8547516,0.060687660087082124,1457,1450,0.9951956074124915
2473,-25.33435,5044.9683,-167.56101243422697,-0.01977539,1.800293,0.014710111033306982,1434,1427,0.995118549511855
2474,-25.333649,5046.721,-167.52547225648772,0.0007019043,1.7528992,0.035540177739259715,1431,1425,0.9958071278825996
2475,-25.285461,5048.434,-167.47772305537538,0.048187256,1.7128296,0.04774920111232604,1403,1397,0.9957234497505346
2476,-25.286438,5050.168,-167.4330323785369,-0.0009765625,1.7340088,0.04469067683847744,1399,1394,0.9964260185847034
2477,-25.278168,5051.7793,-167.39737858309445,0.008270264,1.6110992,0.035653795442437554,1375,1368,0.9949090909090909
2478,-25.239227,5053.409,-167.35848289505174,0.03894043,1.6299591,0.03889568804272074,1375,1368,0.9949090909090909
2479,-25.242401,5054.982,-167.34621855814032,-0.0031738281,1.5728302,0.012264336911405887,1413,1407,0.9957537154989384
2480,-25.188507,5056.6147,-167.30307535989925,0.053894043,1.6328583,0.043143198241068846,1390,1385,0.9964028776978417
2481,-25.182556,5058.235,-167.26367554606685,0.0059509277,1.6203308,0.03939981383239984,1383,1381,0.9985538684020245
2482,-25.208496,5059.8584,-167.23206491065304,-0.025939941,1.6233368,0.03161063541379914,1359,1355,0.9970566593083149
2483,-25.207092,5061.502,-167.21418724090307,0.0014038086,1.6433563,0.017877669749966508,1398,1390,0.994277539341917
2484,-25.217102,5063.0894,-167.17955052011857,-0.010009766,1.5874329,0.03463672078451791,1383,1376,0.9949385394070861
2485,-25.210297,5064.591,-167.1563678038852,0.00680542,1.5013733,0.023182716233375245,1369,1358,0.9919649379108838
2486,-25.20996,5066.062,-167.14127674133792,0.00033569336,1.4712982,0.01509106254728416,1374,1368,0.9956331877729258
2487,-25.216492,5067.52,-167.10872409802167,-0.0065307617,1.4578247,0.032552643316242934,1392,1386,0.9956896551724138
2488,-25.25409,5068.75,-167.0970171358215,-0.037597656,1.2299347,0.011706962200186738,1434,1426,0.9944211994421199
2489,-25.253418,5069.981,-167.0725726454078,0.0006713867,1.2307281,0.024444490413696056,1430,1426,0.9972027972027973
2490,-25.28778,5071.061,-167.04946832086668,-0.034362793,1.0802155,0.023104324541123884,1496,1494,0.9986631016042781
2491,-25.323486,5071.9854,-167.03430777284035,-0.035705566,0.9243927,0.015160548026335893,1493,1491,0.9986604152712659
2492,-25.287415,5072.8687,-166.9804593421747,0.036071777,0.88323975,0.053848430665664526,1441,1434,0.9951422623178349
2493,-25.308746,5073.441,-166.94062850321234,-0.021331787,0.5724335,0.039830838962364445,1366,1362,0.9970717423133236
2494,-25.282623,5073.9844,-166.86487987714605,0.026123047,0.5432739,0.07574862606628611,1389,1385,0.9971202303815695
2495,-25.288513,5074.4316,-166.8231932307474,-0.0058898926,0.4474182,0.04168664639865249,1407,1404,0.997867803837953
2496,-25.268951,5074.817,-166.7202411841753,0.019561768,0.38546753,0.10295204657207581,1496,1494,0.9986631016042781
2497,-25.286102,5075.0444,-166.7064037294737,-0.017150879,0.22773743,0.01383745470161716,1485,1481,0.9973063973063973
2498,-25.370667,5075.2847,-166.69357877780286,-0.08456421,0.24020386,0.012824951670845137,1585,1583,0.9987381703470032
2499,-25.375427,5075.387,-166.6769564292242,-0.004760742,0.10253906,0.016622348578653242,1723,1723,1.0
2500,-25.4122,5075.4165,-166.66689175608622,-0.03677368,0.02949524,0.010064673137967125,1744,1744,1.0
2501,-25.445587,5075.4175,-166.65703452897932,-0.03338623,0.0011901855,0.009857227106882154,1710,1709,0.9994152046783625
2502,-25.50534,5075.432,-166.65692665628868,-0.059753418,0.014434814,0.00010787269065729902,1742,1739,0.9982778415614236
2503,-25.530151,5075.4375,-166.65608769197638,-0.024810791,0.0054626465,0.0008389643123002393,1773,1773,1.0
2504,-25.60434,5075.3926,-166.66400497404427,-0.07418823,-0.044906616,-0.007917282067900938,1683,1680,0.9982174688057041
2505,-25.647888,5075.366,-166.66310084011474,-0.043548584,-0.026260376,0.0009041339295292052,1652,1648,0.9975786924939467
2506,-25.718292,5075.3345,-166.65943834044702,-0.07040405,-0.0317688,0.003662499667721619,1649,1648,0.9993935718617344
2507,-26.470032,5074.7363,-162.78677675767003,-0.7517395,-0.5982666,3.8726615827770026,1050,1032,0.9828571428571429
2508,-26.566772,5073.8125,-156.46721666280516,-0.09674072,-0.9238739,6.31956009486486,895,888,0.9921787709497206
2509,-26.366516,5073.009,-150.26701832095762,0.20025635,-0.80381775,6.200198341847539,936,927,0.9903846153846154
2510,-26.150024,5072.2974,-144.98949583892573,0.2164917,-0.7115326,5.277522482031881,998,988,0.9899799599198397
2511,-25.828186,5071.7856,-140.9582808659924,0.32183838,-0.51194763,4.031214972933337,1077,1071,0.9944289693593314
2512,-25.531586,5071.569,-138.3046276926256,0.29660034,-0.21670532,2.653653173366816,1125,1115,0.9911111111111112
2513,-25.274567,5071.3813,-136.51634528875726,0.25701904,-0.1876831,1.7882824038683165,1209,1201,0.9933829611248967
2514,-25.099548,5071.422,-135.18170520498603,0.17501831,0.040496826,1.3346400837712478,1250,1244,0.9952
2515,-24.873444,5071.4478,-134.0466294108337,0.22610474,0.025650024,1.1350757941523204,1263,1259,0.9968329374505146
2516,-24.745178,5071.518,-133.15787148132517,0.12826538,0.0703125,0.8887579295085279,1224,1218,0.9950980392156863
2517,-24.563751,5071.7607,-132.4491369692401,0.181427,0.24282837,0.708734512085082,1268,1262,0.9952681388012619
2518,-24.392944,5072.0146,-131.8779096315096,0.17080688,0.25413513,0.5712273377304969,1312,1308,0.9969512195121951
2519,-24.169067,5072.4917,-131.39426877376405,0.22387695,0.477005,0.48364085774554444,1314,1309,0.9961948249619482
2520,-24.076172,5073.066,-130.98542212878834,0.09289551,0.57421875,0.4088466449757171,1298,1294,0.9969183359013868
2521,-24.049896,5073.7007,-130.69896719413393,0.026275635,0.63471985,0.2864549346544249,1344,1337,0.9947916666666666
2522,-23.983765,5074.4507,-130.4572353900552,0.06613159,0.7497711,0.24173180407873474,1376,1375,0.9992732558139535
2523,-23.996979,5075.2637,-130.25030955615117,-0.013214111,0.81300354,0.20692583390403427,1409,1407,0.9985805535841022
2524,-23.942657,5076.356,-130.14025234416556,0.05432129,1.0921631,0.11005721198560905,1389,1382,0.9949604031677466
2525,-23.892242,5077.6646,-130.0677950396962,0.05041504,1.3084412,0.0724573044693634,1421,1415,0.995777621393385
2526,-23.772614,5079.0884,-129.97909015015915,0.119628906,1.4238586,0.08870488953703062,1431,1425,0.9958071278825996
2527,-23.755219,5080.7007,-129.90978244995438,0.01739502,1.6120758,0.06930770020477821,1411,1405,0.9957476966690291
2528,-23.670685,5082.5205,-129.82990131335455,0.08453369,1.8197327,0.07988113659982003,1414,1409,0.9964639321074965
2529,-23.626068,5084.5938,-129.74821744875018,0.0446167,2.0733643,0.08168386460436938,1406,1395,0.9921763869132291
2530,-23.575531,5086.733,-129.69899736657072,0.05053711,2.139206,0.04922008217945366,1409,1406,0.9978708303761533
2531,-23.521393,5089.133,-129.6402664400874,0.054138184,2.4000244,0.0587309264833284,1390,1383,0.9949640287769784
2532,-23.533417,5091.7285,-129.5840297221885,-0.012023926,2.595581,0.05623671789892196,1388,1384,0.9971181556195965
2533,-23.419922,5094.602,-129.5416105748125,0.11349487,2.8736267,0.04241914737600252,1400,1397,0.9978571428571429
2534,-23.364594,5097.618,-129.501387374962,0.05532837,3.0158997,0.04022319985048124,1410,1403,0.9950354609929078
2535,-23.331177,5100.679,-129.43173841207175,0.033416748,3.0610352,0.06964896289025618,1395,1392,0.9978494623655914
2536,-23.29602,5103.83,-129.34336033151163,0.03515625,3.1510315,0.08837808056011141,1379,1377,0.9985496736765772
2537,-23.288483,5107.2075,-129.2921819381066,0.007537842,3.377472,0.05117839340501351,1385,1385,1.0
2538,-23.293304,5110.427,-129.19857485988192,-0.0048217773,3.2194214,0.0936070782247071,1357,1355,0.9985261606484893
2539,-23.361267,5113.6396,-129.11111562525173,-0.06796265,3.213089,0.08745923463019253,1371,1368,0.9978118161925602
2540,-23.352448,5116.896,-128.96359508115344,0.00881958,3.2565308,0.1475205440982798,1364,1362,0.998533724340176
2541,-23.359894,5120.1514,-128.80505480764148,-0.007446289,3.25531,0.15854027351195094,1363,1360,0.9977989728539985
2542,-23.314667,5123.2812,-128.65188558429386,0.04522705,3.1299133,0.1531692233476222,1357,1354,0.997789240972734
2543,-23.313873,5126.437,-128.46616564892108,0.00079345703,3.1557617,0.18571993537279977,1383,1372,0.9920462762111352
2544,-23.405243,5129.452,-128.2961201842886,-0.09136963,3.0149841,0.17004546463247494,1334,1332,0.9985007496251874
2545,-23.336365,5132.538,-128.10294984131343,0.068878174,3.0860443,0.19317034297516977,1348,1343,0.9962908011869436
2546,-23.374786,5135.508,-128.0141062574466,-0.03842163,2.9697876,0.0888435838668397,1348,1347,0.9992581602373887
2547,-23.34842,5138.393,-127.90760281500972,0.026367188,2.885147,0.10650344243687507,1382,1378,0.9971056439942113
2548,-23.308289,5141.245,-127.7874748549185,0.040130615,2.8519287,0.12012796009121922,1333,1331,0.9984996249062266
2549,-23.326416,5144.0117,-127.70876920675967,-0.018127441,2.7665863,0.07870564815883577,1373,1371,0.9985433357611071
2550,-23.315796,5146.797,-127.6019774342687,0.010620117,2.7850647,0.10679177249096816,1382,1380,0.9985528219971056
2551,-23.300476,5149.5786,-127.53036853266121,0.015319824,2.781601,0.07160890160748706,1414,1412,0.9985855728429985
2552,-23.292786,5152.3047,-127.44550256706196,0.0076904297,2.726181,0.08486596559924878,1408,1406,0.9985795454545454
2553,-23.314636,5155.0527,-127.37436466919102,-0.021850586,2.7481842,0.07113789787093776,1393,1392,0.9992821249102656
2554,-23.263763,5157.894,-127.3469224249481,0.050872803,2.8412018,0.027442244242913857,1412,1407,0.9964589235127479
2555,-23.354584,5160.6597,-127.29534059017719,-0.09082031,2.765625,0.05158183477090723,1406,1403,0.9978662873399715
2556,-23.362549,5163.507,-127.2247666084857,-0.007965088,2.8473358,0.07057398169148986,1395,1390,0.996415770609319
2557,-23.373749,5166.412,-127.18907443239924,-0.011199951,2.9050293,0.03569217608645615,1380,1378,0.9985507246376811
2558,-23.389954,5169.2764,-127.13608268393476,-0.016204834,2.8642426,0.05299174846447719,1408,1402,0.9957386363636364
2559,-23.414886,5172.0176,-127.08261648168751,-0.024932861,2.7410736,0.053466202247244764,1400,1396,0.9971428571428571
2560,-23.464966,5174.6436,-127.03563519671656,-0.050079346,2.6258392,0.0469812849709585,1375,1373,0.9985454545454545
2561,-23.437073,5177.1826,-126.97594726799777,0.027893066,2.5390472,0.05968792871878727,1367,1359,0.9941477688368691
2562,-23.495178,5179.7153,-126.9059693606996,-0.05810547,2.532547,0.069977907298174,1383,1381,0.9985538684020245
2563,-23.518524,5182.01,-126.86134244342044,-0.023345947,2.2943268,0.04462691727915438,1456,1454,0.9986263736263736
2564,-23.559143,5184.263,-126.80486429708452,-0.040618896,2.2533112,0.05647814633592292,1443,1440,0.997920997920998
2565,-23.568481,5186.398,-126.74756335834904,-0.009338379,2.134903,0.05730093873547774,1470,1465,0.9965986394557823
2566,-23.56018,5188.359,-126.69157943386628,0.008300781,1.9610901,0.05598392448276074,1427,1420,0.9950946040644709
2567,-23.62445,5190.2485,-126.66979086653875,-0.06427002,1.8896484,0.021788567327529,1459,1456,0.997943797121316
2568,-23.623535,5192.1733,-126.61684450566896,0.00091552734,1.9248047,0.052946360869776235,1453,1449,0.9972470750172058
2569,-23.599884,5194.018,-126.55902477126705,0.023651123,1.8447723,0.057819734401916845,1463,1458,0.9965823650034177
2570,-23.670502,5195.7925,-126.52059272960244,-0.070617676,1.7741852,0.03843204166460381,1482,1481,0.9993252361673415
2571,-23.67096,5197.5586,-126.47186422487552,-0.00045776367,1.7659912,0.04872850472691684,1436,1436,1.0
2572,-23.634766,5199.2583,-126.39484432830152,0.036193848,1.6998596,0.0770198965740023,1439,1434,0.9965253648366922
2573,-23.666443,5200.9766,-126.32745927892014,-0.031677246,1.718399,0.0673850493813704,1443,1436,0.9951489951489951
2574,-23.70456,5202.4897,-126.26999869830765,-0.038116455,1.5130615,0.057460580612496905,1434,1431,0.997907949790795
2575,-23.692963,5204.071,-126.22400998441718,0.01159668,1.5812378,0.04598871389047094,1399,1395,0.9971408148677627
2576,-23.74231,5205.84,-126.15958361350724,-0.049346924,1.769104,0.0644263709099443,1369,1363,0.9956172388604821
2577,-23.650269,5207.4995,-126.10388786935809,0.092041016,1.6597443,0.05569574414915429,1413,1407,0.9957537154989384
2578,-23.65039,5209.131,-126.0028283471569,-0.00012207031,1.6311798,0.1010595222011823,1436,1433,0.9979108635097493
2579,-23.637054,5210.7314,-125.95094725086582,0.013336182,1.6006012,0.05188109629108136,1417,1410,0.995059985885674
2580,-23.584106,5212.3423,-125.8870750254994,0.052947998,1.6109619,0.06387222536642016,1398,1394,0.9971387696709585
2581,-23.62436,5213.8525,-125.89711131304135,-0.040252686,1.5102997,-0.010036287541957376,1413,1411,0.9985845718329794
2582,-23.643738,5215.235,-125.82567801911296,-0.019378662,1.3822021,0.07143329392839173,1403,1400,0.9978617248752673
2583,-23.60669,5216.6763,-125.79389609722554,0.03704834,1.4412842,0.031781921887411975,1403,1399,0.9971489665003563
2584,-23.5997,5217.9683,-125.71860136605031,0.0069885254,1.2921906,0.07529473117524013,1475,1473,0.9986440677966102
2585,-23.58554,5219.09,-125.66486631952382,0.014160156,1.1217041,0.0537350465264851,1480,1475,0.9966216216216216
2586,-23.556793,5220.1914,-125.64583876404656,0.028747559,1.1015472,0.0190275554772623,1499,1496,0.9979986657771848
2587,-23.598389,5221.1353,-125.61506176586379,-0.04159546,0.9439087,0.030776998182777147,1518,1516,0.9986824769433466
2588,-23.632355,5221.9243,-125.59287207647922,-0.033966064,0.7891846,0.02218968938456015,1477,1475,0.998645903859174
2589,-23.59903,5222.7285,-125.51666494096902,0.033325195,0.8040619,0.07620713551019821,1457,1450,0.9951956074124915
2590,-23.640137,5223.3433,-125.46302894648399,-0.041107178,0.614563,0.05363599448503628,1429,1427,0.9986004198740378
2591,-23.671265,5223.7524,-125.36445646599543,-0.03112793,0.40924072,0.09857248048855188,1485,1483,0.9986531986531987
2592,-23.667114,5224.2285,-125.264180347012,0.0041503906,0.4761963,0.10027611898342864,1443,1441,0.9986139986139986
2593,-23.644592,5224.5527,-125.21637054398842,0.022521973,0.32400513,0.047809803023588685,1425,1424,0.9992982456140351
2594,-23.632904,5224.737,-125.19796215316552,0.011688232,0.18395996,0.01840839082290031,1519,1516,0.9980250164581962
2595,-23.672058,5224.849,-125.19154082902179,-0.039154053,0.11227417,0.006421324143730031,1610,1607,0.9981366459627329
2596,-23.697754,5224.902,-125.18169435636275,-0.0256958,0.052520752,0.009846472659029553,1739,1736,0.9982748706152962
2597,-23.738007,5224.922,-125.16394816555999,-0.040252686,0.019989014,0.017746190802761238,1693,1691,0.9988186650915535
2598,-23.804626,5224.9287,-125.15907090135228,-0.06661987,0.006713867,0.004877264207703834,1722,1722,1.0
2599,-23.912842,5224.908,-125.15634418460573,-0.10821533,-0.02053833,0.0027267167465570966,1631,1628,0.9981606376456161
2600,-24.016022,5224.8843,-125.16459587373451,-0.10317993,-0.024139404,-0.008251689128789937,1634,1632,0.9987760097919217
2601,-24.124207,5224.8267,-125.16885878182143,-0.108184814,-0.057434082,-0.004262908086912286,1598,1598,1.0
2602,-24.206177,5224.8057,-125.17412081127813,-0.081970215,-0.021133423,-0.005262029456706433,1608,1604,0.9975124378109452
2603,-24.557434,5224.6216,-124.63986838287863,-0.35125732,-0.18392944,0.5342524283995026,1337,1330,0.9947643979057592
2604,-24.760956,5224.426,-123.63731705555885,-0.20352173,-0.1956482,1.0025513273197775,1316,1313,0.9977203647416414
2605,-24.742615,5224.3794,-122.81410286558886,0.018341064,-0.046432495,0.8232141899699873,1302,1298,0.9969278033794163
2606,-24.763123,5224.3843,-122.33648714492989,-0.020507812,0.0048065186,0.47761572065896907,1333,1327,0.9954988747186797
2607,-24.819427,5224.5156,-122.0535828806679,-0.05630493,0.13154602,0.28290426426199045,1374,1369,0.9963609898107715
2608,-24.719269,5224.7134,-121.75665961230145,0.10015869,0.19752502,0.29692326836645205,1398,1394,0.9971387696709585
2609,-24.576782,5224.9053,-121.51379768753388,0.14248657,0.1920166,0.24286192476757257,1399,1397,0.9985704074338814
2610,-24.478546,5225.147,-121.34970230297236,0.098236084,0.24154663,0.16409538456151984,1433,1431,0.9986043265875785
2611,-24.385376,5225.3823,-121.21461158754478,0.093170166,0.23522949,0.13509071542758372,1466,1463,0.9979536152796725
2612,-24.307129,5225.645,-121.11138331438212,0.07824707,0.26287842,0.10322827316265584,1473,1470,0.9979633401221996
2613,-24.201813,5225.9814,-121.01468514230538,0.10531616,0.3366089,0.09669817207674795,1428,1422,0.9957983193277311
2614,-24.111633,5226.332,-120.92565056286922,0.09017944,0.3506775,0.0890345794361586,1440,1436,0.9972222222222222
2615,-24.028503,5226.8325,-120.85465236994733,0.08312988,0.5006561,0.07099819292189687,1390,1388,0.9985611510791367
2616,-23.905823,5227.3745,-120.73287441148486,0.122680664,0.54200745,0.12177795846247222,1395,1390,0.996415770609319
2617,-23.835846,5228.003,-120.64352182593167,0.06997681,0.62831116,0.0893525855531881,1379,1378,0.9992748368382887
2618,-23.755707,5228.8066,-120.5326591700604,0.08013916,0.80352783,0.11086265587127558,1426,1426,1.0
2619,-23.660187,5229.748,-120.44561595225393,0.09552002,0.94125366,0.08704321780646568,1441,1436,0.9965301873698821
2620,-23.645325,5230.9277,-120.38249904177323,0.014862061,1.1795654,0.06311691048069494,1438,1434,0.9972183588317107
2621,-23.553467,5232.2446,-120.32700758927527,0.09185791,1.3170471,0.055491452497963695,1386,1384,0.9985569985569985
2622,-23.542114,5233.7593,-120.29645862895147,0.011352539,1.5148621,0.03054896032380216,1367,1359,0.9941477688368691
2623,-23.491608,5235.4937,-120.25169452990058,0.05050659,1.7345428,0.044764099050896566,1395,1390,0.996415770609319
2624,-23.45401,5237.299,-120.19343122619495,0.037597656,1.8053131,0.0582633037056252,1419,1414,0.9964763918252291
2625,-23.420715,5239.3027,-120.13351793169858,0.033294678,2.0038757,0.05991329449636604,1476,1464,0.991869918699187
2626,-23.421967,5241.511,-120.10435916794582,-0.0012512207,2.2086792,0.02915876375275556,1488,1483,0.9966397849462365
2627,-23.385895,5243.8145,-120.06933549018814,0.036071777,2.303131,0.035023677757675745,1385,1382,0.9978339350180505
2628,-23.366272,5246.433,-120.02615939193073,0.019622803,2.618454,0.043176098257402325,1395,1394,0.9992831541218637
2629,-23.319183,5249.1743,-119.97573833846329,0.047088623,2.7411041,0.05042105346744133,1434,1430,0.99721059972106
2630,-23.296692,5252.1167,-119.99825073018405,0.022491455,2.942154,-0.02251239172077344,1433,1429,0.9972086531751571
2631,-23.2323,5255.173,-119.96864539870226,0.06439209,3.0562134,0.02960533148178735,1448,1444,0.9972375690607734
2632,-23.245026,5258.26,-119.9661092981096,-0.01272583,3.0868378,0.002536100592658236,1450,1447,0.9979310344827587
2633,-23.24054,5261.4556,-119.89772480649938,0.004486084,3.1959534,0.06838449161021574,1419,1416,0.9978858350951374
2634,-23.24768,5264.5386,-119.83255149253017,-0.0071411133,3.0831604,0.06517331396920568,1464,1461,0.9979508196721312
2635,-23.231445,5267.7505,-119.74338032936916,0.016235352,3.211914,0.08917116316101581,1445,1442,0.9979238754325259
2636,-23.246735,5270.9214,-119.6291271854146,-0.015289307,3.170929,0.1142531439545518,1442,1439,0.9979195561719834
2637,-23.232788,5274.0854,-119.47335021404743,0.013946533,3.1642914,0.15577697136717683,1415,1412,0.9978798586572438
2638,-23.29837,5277.172,-119.36239140558207,-0.065582275,3.0864868,0.11095880846535137,1401,1399,0.9985724482512491
2639,-23.33252,5280.194,-119.2120125875101,-0.03414917,3.022171,0.15037881807196857,1392,1389,0.9978448275862069
2640,-23.395447,5283.2,-119.09892215813422,-0.062927246,3.0062256,0.11309042937588062,1351,1349,0.9985196150999259
2641,-23.387878,5286.153,-118.9902019977757,0.0075683594,2.9528046,0.10872016035851585,1388,1386,0.9985590778097982
2642,-23.444,5289.024,-118.91466255002064,-0.056121826,2.8710938,0.07553944775505976,1388,1384,0.9971181556195965
2643,-23.474792,5291.874,-118.822059816881,-0.030792236,2.8503265,0.09260273313964477,1387,1382,0.996395097332372
2644,-23.402771,5294.674,-118.64711693199398,0.072021484,2.79982,0.17494288488701834,1367,1365,0.9985369422092173
2645,-23.450714,5297.4883,-118.58780943627147,-0.047943115,2.8145142,0.059307495722512045,1364,1362,0.998533724340176
2646,-23.469055,5300.3013,-118.4877457359013,-0.018341064,2.8130493,0.10006370037017381,1389,1387,0.9985601151907847
2647,-23.507233,5303.134,-118.41932396813255,-0.03817749,2.8327484,0.06842176776875232,1397,1388,0.9935576234788833
2648,-23.523438,5305.854,-118.33354905581969,-0.016204834,2.7202454,0.08577491231286255,1382,1379,0.9978292329956585
2649,-23.519684,5308.668,-118.2344080341542,0.003753662,2.8140259,0.09914102166549195,1401,1398,0.9978586723768736
2650,-23.501007,5311.397,-118.12394775456887,0.018676758,2.729187,0.11046027958532458,1417,1415,0.9985885673959068
2651,-23.49881,5314.227,-118.04259170996578,0.0021972656,2.8299408,0.08135604460309866,1416,1411,0.9964689265536724
2652,-23.549896,5316.972,-117.98949338815446,-0.051086426,2.7450714,0.053098321811325434,1397,1393,0.9971367215461704
2653,-23.553345,5319.7124,-117.90400216546516,-0.0034484863,2.7402344,0.08549122268930597,1411,1406,0.9964564138908576
2654,-23.565155,5322.435,-117.82052097215687,-0.011810303,2.7228851,0.08348119330828421,1401,1393,0.9942897930049964
2655,-23.572357,5325.1978,-117.77761205956566,-0.0072021484,2.7626343,0.04290891259122037,1404,1403,0.9992877492877493
2656,-23.524353,5327.9863,-117.68613011507239,0.04800415,2.788803,0.09148194449326073,1414,1410,0.9971711456859972
2657,-23.581604,5330.7524,-117.6487238435532,-0.057250977,2.76622,0.0374062715191889,1399,1395,0.9971408148677627
2658,-23.56012,5333.486,-117.57361020795979,0.021484375,2.7331848,0.07511363559340488,1446,1442,0.9972337482710927
2659,-23.52652,5336.22,-117.44494139223849,0.033599854,2.7344818,0.12866881572130295,1400,1396,0.9971428571428571
2660,-23.546844,5338.9526,-117.39013684852824,-0.020324707,2.732254,0.05480454371024464,1405,1404,0.999288256227758
2661,-23.527771,5341.681,-117.31702836390421,0.019073486,2.7283173,0.07310848462402655,1402,1400,0.9985734664764622
2662,-23.550934,5344.3716,-117.23569425266861,-0.023162842,2.6905975,0.08133411123560615,1401,1394,0.9950035688793719
2663,-23.549957,5347.1016,-117.16573567884825,0.0009765625,2.7298737,0.0699585738203605,1430,1424,0.9958041958041958
2664,-23.549805,5349.7964,-117.11688942942442,0.00015258789,2.694748,0.0488462494238352,1402,1398,0.9971469329529244
2665,-23.5896,5352.5337,-117.0713459860499,-0.039794922,2.7373505,0.04554344337451756,1388,1384,0.9971181556195965
2666,-23.605316,5355.25,-116.99492775754348,-0.015716553,2.7164764,0.07641822850642675,1402,1401,0.9992867332382311
2667,-23.622375,5357.9277,-116.92059498018428,-0.017059326,2.6777039,0.07433277735919962,1379,1376,0.9978245105148659
2668,-23.654236,5360.6636,-116.88043582128894,-0.03186035,2.7356873,0.04015915889532854,1394,1389,0.996413199426112
2669,-23.67157,5363.3667,-116.8062890591823,-0.017333984,2.702942,0.07414676210663132,1406,1402,0.9971550497866287
2670,-23.697601,5366.1104,-116.76906762574053,-0.026031494,2.7437592,0.03722143344176968,1373,1366,0.9949016751638747
2671,-23.642181,5368.9062,-116.65935174653283,0.055419922,2.7956848,0.10971587920769245,1370,1368,0.9985401459854014
2672,-23.615417,5371.721,-116.5741392782038,0.026763916,2.8147125,0.08521246832903923,1410,1409,0.999290780141844
2673,-23.64737,5374.453,-116.55875286676087,-0.031951904,2.7317657,0.01538641144293155,1381,1378,0.997827661115134
2674,-23.634338,5377.0317,-116.47460339658144,0.013031006,2.5787964,0.08414947017942728,1371,1371,1.0
2675,-23.652618,5379.566,-116.40479050566798,-0.01828003,2.5344086,0.06981289091346443,1379,1371,0.994198694706309
2676,-23.682037,5381.998,-116.35343959243694,-0.029418945,2.4320984,0.05135091323103195,1373,1370,0.9978150036416606
2677,-23.637054,5384.298,-116.27352513457656,0.04498291,2.299942,0.0799144578603875,1404,1400,0.9971509971509972
2678,-23.623688,5386.512,-116.21667677061575,0.013366699,2.214203,0.05684836396081252,1429,1424,0.9965010496850945
2679,-23.641357,5388.6787,-116.16330217705092,-0.017669678,2.1666718,0.05337459356483009,1482,1473,0.9939271255060729
2680,-23.67099,5390.8296,-116.08935788479289,-0.029632568,2.1510468,0.07394429225803698,1439,1434,0.9965253648366922
2681,-23.740631,5392.837,-116.03103465278795,-0.06964111,2.0072784,0.05832323200493299,1423,1421,0.9985945186226283
2682,-23.768158,5394.7686,-115.97015275241985,-0.027526855,1.9314117,0.060881900368104674,1443,1438,0.9965349965349966
2683,-23.754486,5396.614,-115.89321393754663,0.013671875,1.8453369,0.07693881487321039,1444,1441,0.9979224376731302
2684,-23.777344,5398.377,-115.82955570522255,-0.022857666,1.7629547,0.06365823232408147,1439,1434,0.9965253648366922
2685,-23.846375,5400.099,-115.68305789774715,-0.06903076,1.7223358,0.1464978074754032,1416,1410,0.9957627118644068
2686,-23.805603,5401.847,-115.59179097611353,0.040771484,1.7480774,0.09126692163361415,1416,1412,0.9971751412429378
2687,-23.779877,5403.627,-115.51614862441625,0.025726318,1.7797089,0.07564235169728334,1437,1436,0.9993041057759221
2688,-23.81894,5405.307,-115.47528856997936,-0.0390625,1.6799622,0.04086005443689584,1400,1397,0.9978571428571429
2689,-23.893524,5407.0195,-115.34845279824486,-0.07458496,1.7124634,0.1268357717344902,1438,1434,0.9972183588317107
2690,-23.894012,5408.7007,-115.30597892135205,-0.00048828125,1.6812134,0.042473876892812804,1409,1403,0.9957416607523066
2691,-23.93747,5410.3857,-115.25782135911956,-0.04345703,1.6852264,0.048157562232487454,1420,1416,0.9971830985915493
2692,-23.985504,5412.1265,-115.23795803291796,-0.048034668,1.7407837,0.01986332620160142,1395,1389,0.9956989247311828
2693,-24.022339,5413.81,-115.20333849153106,-0.036834717,1.683548,0.03461954138690916,1412,1407,0.9964589235127479
2694,-24.0047,5415.421,-115.13306131612684,0.01763916,1.6105957,0.07027717540421188,1397,1393,0.9971367215461704
2695,-24.003387,5417.0225,-115.06009419343349,0.0013122559,1.6015167,0.07296712269335251,1413,1412,0.9992922859164898
2696,-24.070282,5418.6025,-114.97948065087121,-0.06689453,1.5800018,0.08061354256227873,1424,1420,0.9971910112359551
2697,-24.081146,5420.0796,-114.92231423197745,-0.010864258,1.476944,0.057166418893755,1431,1425,0.9958071278825996
2698,-24.11316,5421.464,-114.82095549312321,-0.03201294,1.3845062,0.10135873885425004,1451,1447,0.9972432804962095
2699,-24.099335,5422.739,-114.75550063588756,0.013824463,1.2750092,0.06545485723564531,1460,1457,0.9979452054794521
2700,-24.145935,5423.8643,-114.73274993544918,-0.04660034,1.1255646,0.022750700438378065,1512,1506,0.996031746031746
2701,-24.173615,5424.8,-114.63247419330614,-0.027679443,0.93544006,0.10027574214304558,1539,1538,0.9993502274204028
2702,-24.19397,5425.7354,-114.59992531605201,-0.020355225,0.93566895,0.032548877254133295,1481,1480,0.9993247805536799
2703,-24.247711,5426.4775,-114.57414165320455,-0.053741455,0.74238586,0.025783662847462103,1427,1424,0.9978976874562018
2704,-24.193237,5427.105,-114.53822914191764,0.054473877,0.6273041,0.03591251128691451,1401,1397,0.9971448965024983
2705,-24.14856,5427.3804,-114.40492174114931,0.044677734,0.2752838,0.13330740076833636,1454,1449,0.9965612104539202
2706,-24.13327,5427.868,-114.30132400327552,0.015289307,0.4875946,0.10359773787377866,1496,1491,0.9966577540106952
2707,-24.10141,5428.1963,-114.26385700273777,0.03186035,0.3283081,0.03746700053776249,1400,1397,0.9978571428571429
2708,-24.098114,5428.4727,-114.23101099432165,0.0032958984,0.27619934,0.032846008416114354,1460,1458,0.9986301369863013
2709,-24.148895,5428.616,-114.21782602264432,-0.05078125,0.14370728,0.013184971677334215,1577,1575,0.9987317691819911
2710,-24.169373,5428.68,-114.20418325221516,-0.020477295,0.063934326,0.013642770429159998,1720,1718,0.9988372093023256
2711,-24.209473,5428.706,-114.19424634659647,-0.040100098,0.0259552,0.009936905618691741,1704,1703,0.9994131455399061
2712,-24.274536,5428.6895,-114.17144734295232,-0.06506348,-0.01638794,0.022799003644153708,1627,1625,0.9987707437000615
2713,-24.371674,5428.649,-114.17430099157139,-0.09713745,-0.040496826,-0.002853648619066052,1595,1593,0.9987460815047022
2714,-24.495575,5428.602,-114.19029013004027,-0.12390137,-0.046722412,-0.01598913846888791,1578,1575,0.9980988593155894
2715,-24.576752,5428.543,-114.18725177903734,-0.08117676,-0.058898926,0.0030383510029342283,1577,1576,0.9993658845909955
2716,-24.647797,5428.4985,-114.17872422683921,-0.07104492,-0.044662476,0.008527552198130355,1614,1610,0.9975216852540273
2717,-24.561646,5428.533,-115.67812412475045,0.08615112,0.034591675,-1.4993998979112484,1242,1235,0.9943639291465378
2718,-25.169983,5429.3765,-121.47370956585884,-0.6083374,0.84317017,-5.7955854411083925,989,978,0.9888776541961577
2719,-25.544006,5430.127,-127.53570190348304,-0.37402344,0.750412,-6.061992337624208,954,946,0.9916142557651991
2720,-25.682709,5430.9785,-132.9111343848223,-0.1387024,0.8513489,-5.375432481339262,1017,1011,0.9941002949852508
2721,-25.71466,5431.69,-137.10192918683404,-0.031951904,0.7114105,-4.190794802011749,1067,1063,0.9962511715089035
2722,-25.793427,5432.142,-139.8918411288105,-0.07876587,0.45237732,-2.7899119419764653,1168,1161,0.9940068493150684
2723,-25.62091,5432.3193,-141.5922210619915,0.17251587,0.17749023,-1.7003799331809832,1202,1195,0.9941763727121464
2724,-25.388733,5432.453,-142.85438880130866,0.23217773,0.13375854,-1.2621677393171633,1254,1248,0.9952153110047847
2725,-25.158203,5432.544,-143.79616584065207,0.23052979,0.090774536,-0.9417770393434022,1260,1254,0.9952380952380953
2726,-24.876099,5432.798,-144.60303669653365,0.2821045,0.25378418,-0.8068708558815754,1273,1268,0.9960722702278083
2727,-24.634674,5432.897,-145.2867381816843,0.24142456,0.099227905,-0.6837014851506527,1285,1280,0.9961089494163424
2728,-24.397217,5433.1387,-145.84229043891887,0.23745728,0.24147034,-0.5555522572345646,1333,1330,0.9977494373593399
2729,-24.112122,5433.358,-146.28568524932908,0.2850952,0.21914673,-0.4433948104101996,1324,1317,0.9947129909365559
2730,-23.880127,5433.711,-146.6825780256342,0.23199463,0.3530426,-0.3968927763051244,1313,1310,0.9977151561309977
2731,-23.621185,5434.237,-147.03252158231993,0.25894165,0.5257721,-0.3499435566857231,1323,1319,0.9969765684051398
2732,-23.461945,5434.824,-147.3391195801919,0.15924072,0.58717346,-0.3065979978719512,1370,1364,0.9956204379562044
2733,-23.405548,5435.5854,-147.60738606453424,0.056396484,0.7614441,-0.2682664843423426,1405,1402,0.997864768683274
2734,-23.301392,5436.622,-147.76662308505541,0.104156494,1.0367279,-0.15923702052117383,1374,1370,0.9970887918486172
2735,-23.268219,5437.841,-147.91460144053715,0.033172607,1.2189178,-0.14797835548174415,1395,1390,0.996415770609319
2736,-23.247864,5439.1846,-148.04563979783816,0.020355225,1.3436584,-0.1310383573010098,1406,1402,0.9971550497866287
2737,-23.241913,5440.763,-148.1200469423325,0.0059509277,1.5787811,-0.07440714449434147,1379,1371,0.994198694706309
2738,-23.246765,5442.4663,-148.20355415936848,-0.004852295,1.7033234,-0.08350721703598404,1436,1433,0.9979108635097493
2739,-23.268799,5444.385,-148.28204573438438,-0.022033691,1.918457,-0.07849157501589707,1376,1371,0.9963662790697675
2740,-23.296417,5446.4697,-148.33057727636316,-0.027618408,2.0850677,-0.04853154197877094,1408,1398,0.9928977272727273
2741,-23.289246,5448.7896,-148.3789912749612,0.007171631,2.319641,-0.048413998598039944,1414,1409,0.9964639321074965
2742,-23.292847,5451.322,-148.39491748301097,-0.0036010742,2.5323029,-0.015926208049768596,1389,1384,0.9964002879769619
2743,-23.329224,5454.083,-148.43819982576338,-0.036376953,2.7611542,-0.043282342752392906,1418,1414,0.997179125528914
2744,-23.343689,5457.0864,-148.5352467363495,-0.014465332,3.0035095,-0.09704691058613336,1326,1323,0.997737556561086
2745,-23.414612,5460.2344,-148.6384518341979,-0.07092285,3.1479492,-0.10320509784837592,1344,1341,0.9977678571428571
2746,-23.40622,5463.3955,-148.61234309806346,0.008392334,3.1613007,0.026108736134425253,1427,1422,0.9964961457603364
2747,-23.402527,5466.6553,-148.5613747805338,0.003692627,3.259781,0.05096831752966018,1430,1419,0.9923076923076923
2748,-23.43277,5469.955,-148.49486171635286,-0.03024292,3.299759,0.06651306418094073,1419,1416,0.9978858350951374
2749,-23.434723,5473.275,-148.4179115233826,-0.001953125,3.31987,0.076950192970266,1421,1417,0.9971850809289233
2750,-23.416687,5476.629,-148.30566909036136,0.018035889,3.3541718,0.11224243302122786,1414,1411,0.9978783592644979
2751,-23.472107,5479.9517,-148.16271594269753,-0.055419922,3.3229828,0.1429531476638316,1353,1350,0.9977827050997783
2752,-23.4357,5483.2485,-148.0101782200162,0.03640747,3.2968903,0.15253772268133503,1344,1339,0.9962797619047619
2753,-23.494873,5486.51,-147.83730510777863,-0.059173584,3.2609863,0.17287311223757165,1381,1374,0.9949312092686459
2754,-23.466583,5489.6494,-147.67572829035774,0.028289795,3.1394348,0.16157681742089686,1349,1346,0.9977761304670126
2755,-23.449432,5492.837,-147.52568268117358,0.017150879,3.1875305,0.15004560918417487,1332,1328,0.996996996996997
2756,-23.46347,5495.951,-147.40115024742747,-0.014038086,3.114441,0.12453243374611386,1395,1390,0.996415770609319
2757,-23.470703,5499.0215,-147.30647957387689,-0.007232666,3.0700684,0.09467067355057115,1393,1392,0.9992821249102656
2758,-23.493225,5501.9893,-147.22232772669238,-0.022521973,2.9680023,0.08415184718448705,1378,1374,0.9970972423802612
2759,-23.467865,5504.9277,-147.13846641538805,0.025360107,2.938385,0.08386131130434331,1402,1395,0.9950071326676176
2760,-23.480988,5507.8066,-147.06586903000374,-0.013122559,2.8787231,0.07259738538430076,1382,1377,0.9963820549927641
2761,-23.473602,5510.653,-147.00377715798516,0.007385254,2.846222,0.06209187201858554,1398,1397,0.9992846924177397
2762,-23.464294,5513.538,-146.91749620848603,0.009307861,2.8850555,0.08628094949912438,1415,1411,0.9971731448763251
2763,-23.40509,5516.3955,-146.8141168143124,0.0592041,2.8573456,0.10337939417363236,1408,1403,0.9964488636363636
2764,-23.410278,5519.275,-146.75193156457487,-0.0051879883,2.8794098,0.06218524973752375,1420,1415,0.9964788732394366
2765,-23.41626,5522.1143,-146.6766931714127,-0.0059814453,2.8394318,0.0752383931621896,1402,1395,0.9950071326676176
2766,-23.435272,5524.965,-146.6269114448181,-0.019012451,2.8506622,0.0497817265945898,1398,1390,0.994277539341917
2767,-23.410797,5527.7495,-146.5427141488258,0.024475098,2.7847748,0.08419729599227303,1411,1407,0.997165131112686
2768,-23.402313,5530.691,-146.48960808147424,0.008483887,2.9413147,0.05310606735155623,1377,1375,0.9985475671750181
2769,-23.440155,5533.7563,-146.40416947925934,-0.037841797,3.0653992,0.08543860221489659,1389,1387,0.9985601151907847
2770,-23.455719,5536.653,-146.3378778262678,-0.015563965,2.8966064,0.06629165299154377,1390,1385,0.9964028776978417
2771,-23.463562,5539.481,-146.28619936724138,-0.007843018,2.828003,0.05167845902642712,1390,1381,0.9935251798561151
2772,-23.501862,5542.205,-146.22120118593563,-0.03829956,2.7240753,0.06499818130576643,1369,1368,0.9992695398100804
2773,-23.544952,5544.793,-146.13856445867776,-0.04309082,2.5878448,0.08263672725785551,1390,1386,0.9971223021582734
2774,-23.615448,5547.2686,-146.08928264680998,-0.070495605,2.475647,0.049281811867792596,1420,1413,0.9950704225352113
2775,-23.616364,5549.6797,-146.02986607918828,-0.00091552734,2.4110413,0.05941656762170549,1450,1447,0.9979310344827587
2776,-23.669342,5551.9727,-145.95818754822542,-0.052978516,2.292801,0.0716785309628541,1425,1419,0.9957894736842106
2777,-23.705322,5554.128,-145.90939527376787,-0.035980225,2.1550446,0.0487922744575674,1431,1427,0.9972047519217331
2778,-23.723755,5556.252,-145.87264486555569,-0.018432617,2.1242218,0.036750408212173506,1431,1429,0.9986023759608665
2779,-23.739624,5558.212,-145.80204330487277,-0.01586914,1.9600525,0.07060156068292744,1444,1437,0.9951523545706371
2780,-23.781372,5560.1025,-145.75333377771503,-0.041748047,1.8906555,0.04870952715773239,1421,1419,0.9985925404644617
2781,-23.738678,5562.0776,-145.68293312276472,0.04269409,1.9752655,0.07040065495030658,1413,1407,0.9957537154989384
2782,-23.74591,5563.9424,-145.60921020096353,-0.007232666,1.864624,0.0737229218011854,1420,1416,0.9971830985915493
2783,-23.721771,5565.66,-145.58600332191082,0.024139404,1.7176819,0.023206879052695115,1430,1425,0.9965034965034965
2784,-23.712494,5567.338,-145.50663880950574,0.009277344,1.6778107,0.07936451240506562,1428,1423,0.9964985994397759
2785,-23.711945,5569.0117,-145.45586853771854,0.0005493164,1.6739349,0.05077027178719547,1460,1457,0.9979452054794521
2786,-23.74533,5570.6807,-145.39626472546064,-0.03338623,1.6687622,0.059603812257904655,1432,1425,0.9951117318435754
2787,-23.741486,5572.3833,-145.36384193768015,0.0038452148,1.7027893,0.03242278778049401,1432,1427,0.9965083798882681
2788,-23.760742,5573.994,-145.30524714470263,-0.019256592,1.6107635,0.05859479297750642,1426,1417,0.9936886395511921
2789,-23.797607,5575.5957,-145.28088136516774,-0.036865234,1.6015015,0.02436577953488913,1420,1416,0.9971830985915493
2790,-23.856506,5577.2065,-145.2597227149921,-0.058898926,1.6107178,0.021158650175639348,1391,1387,0.9971243709561467
2791,-23.877014,5578.8633,-145.21847591339798,-0.020507812,1.656784,0.04124680159411381,1383,1378,0.9963846710050615
2792,-23.929169,5580.4805,-145.20775076406952,-0.05215454,1.6171112,0.01072514932846456,1388,1385,0.9978386167146974
2793,-23.947937,5582.083,-145.16088583212294,-0.01876831,1.6025848,0.04686493194658336,1404,1401,0.9978632478632479
2794,-24.011871,5583.565,-145.14838470781274,-0.063934326,1.482132,0.012501124310191576,1424,1422,0.9985955056179775
2795,-24.044067,5584.9795,-145.1226758658703,-0.032196045,1.4145813,0.025708841942439897,1396,1390,0.995702005730659
2796,-24.057068,5586.328,-145.10758968287195,-0.013000488,1.3486633,0.015086182998345047,1487,1485,0.9986550100874243
2797,-24.090942,5587.572,-145.0953636113117,-0.03387451,1.2436981,0.012226071560230544,1501,1498,0.9980013324450366
2798,-24.098602,5588.7554,-145.06772999554727,-0.007659912,1.1838074,0.02763361576444325,1554,1553,0.9993564993564994
2799,-24.13562,5589.7046,-145.07050240820413,-0.037017822,0.94944763,-0.0027724126568703213,1515,1513,0.9986798679867986
2800,-24.148926,5590.6265,-145.05193564939512,-0.013305664,0.9216461,0.018566758809015198,1474,1471,0.9979647218453188
2801,-24.143799,5591.376,-145.08997868938133,0.005126953,0.74957275,-0.03804303998619822,1431,1427,0.9972047519217331
2802,-24.170715,5592.0205,-145.04885313424458,-0.026916504,0.6444702,0.04112555513674285,1407,1404,0.997867803837953
2803,-24.1792,5592.526,-145.00560012118382,-0.008483887,0.5052948,0.04325301306075804,1428,1426,0.9985994397759104
2804,-24.175781,5592.8047,-144.9577300047602,0.0034179688,0.2786255,0.04787011642361581,1569,1566,0.9980879541108987
2805,-24.194458,5593.0522,-144.8940458544685,-0.018676758,0.24739075,0.06368415029171258,1583,1579,0.9974731522425774
2806,-24.169586,5593.292,-144.88041716147973,0.024871826,0.23951721,0.013628692988773962,1487,1484,0.9979825151311366
2807,-24.166168,5593.49,-144.86888209780915,0.0034179688,0.1984253,0.011535063670574603,1554,1548,0.9961389961389961
2808,-24.146393,5593.596,-144.85820774086784,0.01977539,0.10574341,0.010674356941318955,1615,1612,0.9981424148606811
2809,-24.199677,5593.6333,-144.86003759289645,-0.05328369,0.037216187,-0.0018298520285993157,1673,1670,0.9982068141063957
2810,-24.26117,5593.6475,-144.86896828079563,-0.06149292,0.013977051,-0.008930687899182858,1691,1689,0.9988172678888232
2811,-24.31009,5593.66,-144.85921363936222,-0.048919678,0.0128479,0.009754641433398749,1665,1663,0.9987987987987988
2812,-24.414215,5593.635,-144.85257211836847,-0.10412598,-0.025283813,0.006641520993745456,1607,1602,0.9968886123210952
2813,-24.50418,5593.634,-144.8478899306289,-0.08996582,-0.000869751,0.004682187739577665,1566,1564,0.9987228607918263
2814,-24.578033,5593.608,-144.85405318201944,-0.07385254,-0.02583313,-0.006163251390540283,1591,1590,0.9993714644877436
2815,-24.646942,5593.4893,-145.21148593374255,-0.06890869,-0.118881226,-0.3574327517231118,1330,1324,0.9954887218045113
2816,-25.358978,5593.7505,-150.36399939441162,-0.71203613,0.26133728,-5.152513460669064,1050,1041,0.9914285714285714
2817,-25.780396,5594.64,-156.619519468068,-0.42141724,0.88986206,-6.255520073656382,1004,997,0.9930278884462151
2818,-25.878235,5595.5977,-162.53901810072,-0.097839355,0.95732117,-5.919498632651996,979,974,0.9948927477017364
2819,-25.922455,5596.37,-167.43787690604915,-0.04421997,0.7726288,-4.898858805329142,947,944,0.996832101372756
2820,-25.940552,5596.901,-171.01969113530933,-0.018096924,0.5305786,-3.5818142292601713,1046,1042,0.9961759082217974
2821,-25.858307,5597.211,-173.18082593615281,0.08224487,0.31025696,-2.16113480084349,1231,1226,0.9959382615759546
2822,-25.68219,5597.266,-174.43852369883282,0.17611694,0.05532837,-1.2576977626799986,1299,1296,0.9976905311778291
2823,-25.525543,5597.351,-175.44640802051725,0.15664673,0.08480835,-1.007884321684417,1302,1296,0.9953917050691244
2824,-25.321503,5597.497,-176.31577174470723,0.20404053,0.14582825,-0.8693637241899785,1310,1305,0.9961832061068703
2825,-25.111572,5597.6934,-177.01893035931064,0.20993042,0.19642639,-0.703158614603423,1326,1319,0.9947209653092006
2826,-25.003448,5597.915,-177.68480888604864,0.10812378,0.22161865,-0.6658785267380004,1296,1294,0.9984567901234568
2827,-24.834106,5598.066,-178.28613612436232,0.16934204,0.15068054,-0.601327238313684,1311,1309,0.9984744469870328
2828,-24.55478,5598.4585,-178.75227001356973,0.2793274,0.3926239,-0.46613388920741794,1327,1323,0.9969856819894499
2829,-24.391693,5598.875,-179.18665355701026,0.16308594,0.4163971,-0.4343835434405424,1367,1360,0.9948792977322605
2830,-24.24942,5599.423,-179.5605708318408,0.14227295,0.54782104,-0.3739172748305585,1369,1364,0.9963476990504018
2831,-24.160278,5600.22,-179.8791652924059,0.089141846,0.79759216,-0.3185944605650979,1389,1385,0.9971202303815695
2832,-24.05838,5601.2705,-180.10921766738886,0.10189819,1.0501862,-0.23005237498296074,1353,1352,0.9992609016999261
2833,-24.005615,5602.45,-180.3494795028445,0.052764893,1.1798706,-0.2402618354556517,1351,1347,0.997039230199852
2834,-24.03952,5603.794,-180.56811179582482,-0.03390503,1.3436584,-0.2186322929803288,1393,1391,0.9985642498205313
2835,-24.071686,5605.429,-180.7259732634553,-0.032165527,1.635025,-0.1578614676304689,1412,1406,0.9957507082152974
2836,-24.094604,5607.243,-180.84032206056472,-0.022918701,1.8141632,-0.11434879710942315,1403,1397,0.9957234497505346
2837,-24.092102,5609.287,-180.91884859055435,0.0025024414,2.0438843,-0.07852652998964144,1402,1394,0.9942938659058488
2838,-24.108643,5611.51,-180.98424636733725,-0.016540527,2.2225494,-0.06539777678289334,1417,1414,0.9978828510938603
2839,-24.121765,5614.006,-181.01304746420212,-0.013122559,2.495987,-0.02880109686486676,1381,1376,0.99637943519189
2840,-24.12503,5616.6406,-181.0525564668641,-0.0032653809,2.6346893,-0.03950900266199707,1387,1382,0.996395097332372
2841,-24.158691,5619.542,-181.14761082758335,-0.03366089,2.901413,-0.09505436071924059,1403,1398,0.9964362081254454
2842,-24.167603,5622.6426,-181.22609354164373,-0.008911133,3.1004791,-0.07848271406038915,1419,1412,0.9950669485553206
2843,-24.18512,5625.95,-181.2608796823038,-0.01751709,3.307602,-0.0347861406600596,1374,1367,0.99490538573508
2844,-24.19928,5629.3647,-181.42671884929172,-0.014160156,3.4144135,-0.1658391669879084,1352,1345,0.9948224852071006
2845,-24.279968,5632.8213,-181.56519134202287,-0.08068848,3.456421,-0.13847249273115747,1376,1372,0.997093023255814
2846,-24.277313,5636.465,-181.63694169427467,0.0026550293,3.6433563,-0.07175035225180525,1376,1368,0.9941860465116279
2847,-24.328217,5639.998,-181.63487765059182,-0.05090332,3.5330963,0.002064043682860604,1356,1351,0.9963126843657817
2848,-24.39328,5643.5815,-181.6557570925236,-0.06506348,3.5837097,-0.020879441931783656,1401,1396,0.9964311206281228
2849,-24.411346,5647.1416,-181.61469124308383,-0.018066406,3.5598297,0.041065849439762256,1418,1414,0.997179125528914
2850,-24.461853,5650.604,-181.5498626093365,-0.05050659,3.462326,0.06482863374732638,1329,1322,0.9947328818660647
2851,-24.490082,5654.0645,-181.44503312353976,-0.02822876,3.4605713,0.10482948579673768,1327,1322,0.9962321024868124
2852,-24.4823,5657.6846,-181.28172599294354,0.0077819824,3.6200714,0.16330713059622254,1327,1325,0.9984928409947249
2853,-24.545715,5661.0273,-181.2082846296593,-0.06341553,3.342865,0.07344136328425499,1342,1334,0.9940387481371088
2854,-24.572021,5664.2695,-181.11416029545572,-0.026306152,3.2421417,0.09412433420356625,1343,1341,0.9985107967237528
2855,-24.574768,5667.4653,-181.03801842337774,-0.002746582,3.195694,0.07614187207797678,1393,1386,0.9949748743718593
2856,-24.619415,5670.59,-181.0183346940538,-0.044647217,3.1246338,0.01968372932394306,1391,1387,0.9971243709561467
2857,-24.61444,5673.703,-180.97749569353317,0.0049743652,3.1130676,0.04083900052062011,1403,1399,0.9971489665003563
2858,-24.650421,5676.74,-180.98028828205412,-0.035980225,3.037033,-0.002792588520949726,1401,1396,0.9964311206281228
2859,-24.623016,5679.7603,-180.97615685364326,0.027404785,3.0201569,0.004131428410858399,1408,1404,0.9971590909090909
2860,-24.554535,5682.795,-180.9176518554319,0.068481445,3.0345001,0.05850499821135415,1409,1406,0.9978708303761533
2861,-24.615845,5685.846,-181.01839475463643,-0.061309814,3.0514526,-0.10074289920453752,1398,1394,0.9971387696709585
2862,-24.666504,5688.877,-181.05477756229465,-0.05065918,3.0305176,-0.0363828076582243,1430,1428,0.9986013986013986
2863,-24.661041,5691.971,-181.0391337267373,0.0054626465,3.0940704,0.01564383555734864,1437,1427,0.9930410577592206
2864,-24.681427,5694.943,-181.02357228381268,-0.020385742,2.9716644,0.01556144292462488,1431,1426,0.9965059399021663
2865,-24.759064,5697.9966,-181.05042662829948,-0.07763672,3.0535889,-0.026854344486794315,1428,1423,0.9964985994397759
2866,-24.81549,5700.9727,-181.07430273766596,-0.056427002,2.9758759,-0.023876109366492808,1420,1416,0.9971830985915493
2867,-24.85083,5703.967,-181.1183156187829,-0.035339355,2.9939117,-0.044012881116955005,1421,1419,0.9985925404644617
2868,-24.868256,5706.9917,-181.1480442559079,-0.017425537,3.0248566,-0.02972863712500323,1423,1416,0.9950808151791989
2869,-24.934326,5709.926,-181.1786815167747,-0.06607056,2.9339905,-0.03063726086679176,1430,1424,0.9958041958041958
2870,-24.986023,5712.9253,-181.23973688221147,-0.051696777,2.999298,-0.061055365436785615,1421,1417,0.9971850809289233
2871,-24.94992,5715.8315,-181.25014029180969,0.036102295,2.9063416,-0.010403409598204707,1419,1416,0.9978858350951374
2872,-25.003326,5718.8164,-181.32006411169516,-0.05340576,2.9850922,-0.06992381988547743,1466,1461,0.9965893587994543
2873,-25.00113,5721.758,-181.36018257189434,0.0021972656,2.9415894,-0.04011846019919088,1434,1427,0.995118549511855
2874,-25.07248,5724.694,-181.41737377107955,-0.0713501,2.9362488,-0.057191199185221,1451,1443,0.994486560992419
2875,-25.100403,5727.6743,-181.47352630740988,-0.027923584,2.9804535,-0.05615253633034383,1430,1427,0.9979020979020979
2876,-24.941284,5730.696,-181.52044760306893,0.15911865,3.021347,-0.04692129565905246,1431,1425,0.9958071278825996
2877,-25.014221,5733.6763,-181.56094027239013,-0.07293701,2.9805603,-0.040492669321185795,1445,1442,0.9979238754325259
2878,-25.042755,5736.576,-181.64179283773476,-0.028533936,2.8998108,-0.08085256534461517,1416,1413,0.9978813559322034
2879,-25.055786,5739.579,-181.69989515450257,-0.013031006,3.002884,-0.05810231676780418,1452,1443,0.993801652892562
2880,-25.099426,5742.589,-181.75259458704915,-0.043640137,3.0099487,-0.052699432546573895,1425,1423,0.9985964912280701
2881,-25.113617,5745.508,-181.77168359299316,-0.014190674,2.9191742,-0.019089005944007087,1412,1408,0.9971671388101983
2882,-25.119232,5748.6216,-181.8815393799766,-0.0056152344,3.1136322,-0.10985578698343501,1432,1427,0.9965083798882681
2883,-25.095886,5751.6265,-181.93805551591578,0.023345947,3.0049744,-0.05651613593918149,1425,1421,0.9971929824561403
2884,-25.167755,5754.5073,-181.99971781397446,-0.0718689,2.8809204,-0.0616622980586731,1437,1434,0.9979123173277662
2885,-25.192047,5757.3887,-182.04068130329972,-0.024291992,2.8811646,-0.040963489325276416,1406,1400,0.9957325746799431
2886,-25.22873,5760.294,-182.11206241591154,-0.03668213,2.905487,-0.07138111261181898,1437,1435,0.9986082115518441
2887,-25.280396,5763.1694,-182.15235278508774,-0.05166626,2.8752594,-0.04029036917620461,1437,1431,0.9958246346555324
2888,-25.329742,5766.186,-182.30695256964137,-0.049346924,3.0165558,-0.15459978455361859,1430,1425,0.9965034965034965
2889,-25.274109,5769.028,-182.34271190485507,0.055633545,2.8416443,-0.03575933521369361,1435,1429,0.9958188153310105
2890,-25.293243,5771.8887,-182.3838372304083,-0.019134521,2.8610535,-0.04112532555322975,1432,1426,0.9958100558659218
2891,-25.335907,5774.7905,-182.48239649178026,-0.042663574,2.9018707,-0.0985592613719876,1434,1430,0.99721059972106
2892,-25.33368,5777.653,-182.52909908121393,0.0022277832,2.8621368,-0.04670258943366351,1440,1434,0.9958333333333333
2893,-25.293945,5780.489,-182.6324277665127,0.039733887,2.8361053,-0.1033286852987734,1459,1457,0.9986291980808774
2894,-25.289215,5783.3457,-182.6732123836638,0.0047302246,2.8568878,-0.04078461715111704,1441,1438,0.9979181124219292
2895,-25.337708,5786.194,-182.72577447967802,-0.04849243,2.847931,-0.05256209601419973,1412,1404,0.9943342776203966
2896,-25.266052,5789.034,-182.73492048850636,0.07165527,2.8405457,-0.009146008828336086,1385,1378,0.9949458483754513
2897,-25.266266,5792.0127,-182.77578332903337,-0.00021362305,2.9784088,-0.04086284052701722,1421,1414,0.9950738916256158
2898,-25.252594,5794.877,-182.82223945050268,0.013671875,2.8641663,-0.04645612146930898,1424,1418,0.9957865168539326
2899,-25.240753,5797.864,-182.83040639886295,0.01184082,2.9866943,-0.008166948360255943,1395,1388,0.9949820788530466
2900,-25.2359,5800.724,-182.885315838483,0.004852295,2.8605804,-0.05490943962005591,1391,1384,0.9949676491732566
2901,-25.21936,5803.584,-182.9600580232946,0.016540527,2.8600464,-0.07474218481162193,1378,1364,0.9898403483309144
2902,-25.334198,5806.652,-183.00483719241413,-0.11483765,3.0681,-0.04477916911953268,1395,1389,0.9956989247311828
2903,-25.328064,5809.4824,-183.04122598584604,0.006134033,2.830597,-0.03638879343191522,1401,1395,0.9957173447537473
2904,-25.338287,5812.3364,-183.0680894204624,-0.010223389,2.8540802,-0.026863434616369135,1389,1386,0.9978401727861771
2905,-25.326355,5815.159,-183.07516425416767,0.011932373,2.8227997,-0.007074833705263968,1415,1412,0.9978798586572438
2906,-25.325012,5817.9937,-183.113356559656,0.0013427734,2.8343658,-0.03819230548833266,1397,1387,0.9928418038654259
2907,-25.336182,5820.8506,-183.1358007848327,-0.011169434,2.8569489,-0.02244422517668981,1409,1401,0.9943222143364088
2908,-25.368835,5823.782,-183.18032723055092,-0.03265381,2.931549,-0.04452644571822813,1384,1376,0.9942196531791907
2909,-25.369232,5826.6357,-183.2076496751218,-0.00039672852,2.8533478,-0.02732244457085848,1385,1378,0.9949458483754513
2910,-25.368347,5829.3364,-183.22909298768968,0.00088500977,2.7005768,-0.02144331256790356,1437,1427,0.9930410577592206
2911,-25.345428,5831.9077,-183.2421915206619,0.022918701,2.5713196,-0.013098532972199818,1421,1416,0.9964813511611541
2912,-25.353851,5834.376,-183.21850006680788,-0.008422852,2.4680176,0.02369145385400816,1412,1403,0.9936260623229461
2913,-25.32962,5836.653,-183.23637006913913,0.024230957,2.2770538,-0.017870002331252185,1396,1386,0.9928366762177651
2914,-25.343384,5838.7993,-183.22793377622259,-0.013763428,2.146576,0.008436292916552743,1433,1424,0.9937194696441033
2915,-25.370697,5840.8477,-183.34864112580757,-0.027313232,2.0483704,-0.12070734958498286,1469,1462,0.9952348536419333
2916,-25.346039,5842.837,-183.33151555278718,0.024658203,1.9894562,0.017125573020406046,1481,1475,0.9959486833220796
2917,-25.34842,5844.765,-183.324381791758,-0.002380371,1.9281769,0.007133761029183825,1434,1430,0.99721059972106
2918,-25.308441,5846.5845,-183.3090770308667,0.039978027,1.8195038,0.01530476089128681,1459,1453,0.995887594242632
2919,-25.184998,5848.501,-183.28812917009935,0.1234436,1.9164581,0.020947860767330156,1450,1442,0.9944827586206897
2920,-25.115143,5850.2876,-183.24501755821652,0.06985474,1.7864075,0.04311161188283223,1449,1439,0.9930986887508627
2921,-25.063171,5851.885,-183.23722314835757,0.051971436,1.5973511,0.007794409858956478,1433,1425,0.994417306350314
2922,-25.085297,5853.5034,-183.25485922440217,-0.022125244,1.6188202,-0.017636076044607495,1425,1415,0.9929824561403509
2923,-25.026123,5855.114,-183.24347371624344,0.059173584,1.6102753,0.011385508158738166,1423,1414,0.9936753338018272
2924,-25.011292,5856.6743,-183.2526078845247,0.014831543,1.5607147,-0.00913416828126426,1415,1403,0.9915194346289753
2925,-24.90863,5858.271,-183.2944532107093,0.10266113,1.5967407,-0.0418453261845925,1406,1398,0.9943100995732574
2926,-24.93988,5859.8643,-183.24996069032017,-0.03125,1.5933685,0.044492520389127356,1432,1420,0.9916201117318436
2927,-24.967377,5861.4062,-183.28356312608705,-0.027496338,1.5419922,-0.03360243576687626,1423,1415,0.994378074490513
2928,-24.943085,5862.935,-183.30186911661627,0.024291992,1.5288239,-0.018305990529220623,1405,1401,0.9971530249110321
2929,-25.01947,5864.5146,-183.32204357050398,-0.0763855,1.5795288,-0.020174453887694954,1444,1435,0.9937673130193906
2930,-25.095276,5866.1094,-183.29488950665367,-0.075805664,1.5949707,0.027154063850296756,1411,1403,0.9943302622253721
2931,-25.135712,5867.5938,-183.29948353257433,-0.04043579,1.4844513,-0.004594025920644055,1422,1412,0.9929676511954993
2932,-25.200806,5868.902,-183.3504538418377,-0.065093994,1.3081207,-0.050970309263360165,1430,1421,0.9937062937062937
2933,-25.234802,5870.334,-183.3458796046531,-0.033996582,1.4319153,0.004574237184585875,1452,1436,0.9889807162534435
2934,-25.277435,5871.593,-183.362301622369,-0.042633057,1.259018,-0.016422017715872143,1472,1461,0.9925271739130435
2935,-25.334717,5872.796,-183.35375579370873,-0.057281494,1.2032166,0.00854582866027273,1450,1442,0.9944827586206897
2936,-25.370667,5873.9067,-183.3641173540704,-0.035949707,1.1107635,-0.01036156036167556,1529,1522,0.9954218443427076
2937,-25.402008,5874.9175,-183.3429654503994,-0.031341553,1.01091,0.021151903671018484,1521,1508,0.9914529914529915
2938,-25.428894,5875.6772,-183.32703104382523,-0.026885986,0.7597809,0.01593440657416628,1507,1502,0.9966821499668215
2939,-25.461517,5876.2827,-183.33680908215223,-0.03262329,0.6056671,-0.009778038326988434,1459,1452,0.9952021932830706
2940,-25.452728,5876.824,-183.3136627969261,0.0087890625,0.5417175,0.023146285226112073,1434,1425,0.9937238493723849
2941,-25.478027,5877.2417,-183.29238951140692,-0.025299072,0.41734314,0.021273285519175792,1453,1450,0.9979353062629044
2942,-25.497406,5877.587,-183.26566177233198,-0.019378662,0.3451538,0.026727739074949856,1484,1480,0.9973045822102425
2943,-25.500916,5877.828,-183.2499242305292,-0.0035095215,0.24121094,0.015737541802794,1535,1526,0.9941368078175896
2944,-25.514404,5877.937,-183.2205459897454,-0.0134887695,0.10908508,0.029378240783790647,1560,1552,0.9948717948717949
2945,-25.495148,5878.0474,-183.20747035346446,0.019256592,0.11047363,0.01307563628095244,1643,1641,0.9987827145465612
2946,-25.51178,5878.084,-183.2030221966617,-0.01663208,0.036865234,0.004448156802757025,1727,1725,0.9988419224088014
2947,-25.549042,5878.125,-183.20064925587994,-0.037261963,0.040985107,0.0023729407817495067,1722,1721,0.9994192799070848
2948,-25.579376,5878.123,-183.18579041425966,-0.030334473,-0.0020751953,0.014858841620283515,1695,1693,0.9988200589970502
2949,-25.632355,5878.122,-183.1853840916587,-0.052978516,-0.0009460449,0.00040632260094253773,1658,1655,0.9981905910735827
2950,-25.737091,5878.161,-183.19435919310033,-0.10473633,0.03881836,-0.008975101441633665,1600,1593,0.995625
2951,-25.862854,5878.1934,-183.20175376519325,-0.12576294,0.03201294,-0.007394572092909702,1556,1550,0.9961439588688946
2952,-25.99176,5878.185,-183.21433267529582,-0.12890625,-0.008468628,-0.012578910102586632,1543,1537,0.9961114711600778
2953,-27.018341,5877.94,-181.12714542235122,-1.0265808,-0.24513245,2.087187252944604,1198,1184,0.988313856427379
2954,-27.596436,5877.266,-175.03860585965612,-0.5780945,-0.6738434,6.088539562695106,994,981,0.9869215291750503
2955,-27.786041,5876.4136,-168.49213125889418,-0.18960571,-0.85272217,6.546474600761932,939,930,0.9904153354632588
2956,-27.972717,5875.5103,-161.87478534284054,-0.18667603,-0.90348816,6.617345916053646,919,911,0.9912948857453754
2957,-27.803528,5874.7383,-155.21034392594694,0.16918945,-0.7719574,6.664441416893596,902,886,0.9822616407982262
2958,-27.475952,5874.249,-148.5329377831458,0.32757568,-0.489151,6.677406142801136,934,924,0.9892933618843683
2959,-27.160736,5873.788,-141.91976623452797,0.31521606,-0.46080017,6.61317154861782,879,870,0.9897610921501706
2960,-26.84842,5873.5317,-135.342508123936,0.3123169,-0.2561493,6.5772581105919645,965,949,0.983419689119171
2961,-26.523804,5873.2505,-128.8917325203614,0.32461548,-0.2810669,6.450775603574617,921,909,0.9869706840390879
2962,-26.2229,5872.958,-123.18748009554038,0.30090332,-0.29258728,5.704252424821005,989,980,0.9908998988877654
2963,-25.947662,5872.938,-118.89506117622511,0.27523804,-0.019866943,4.292418919315273,1106,1091,0.9864376130198915
2964,-25.778687,5873.3,-115.79279116408031,0.16897583,0.3618927,3.102270012144801,1152,1137,0.9869791666666666
2965,-25.58014,5873.7363,-113.64739275503737,0.19854736,0.4363098,2.1453984090429437,1213,1203,0.9917559769167353
2966,-25.591217,5874.2173,-112.21155060745446,-0.011077881,0.48072815,1.4358421475829222,1268,1260,0.9936908517350158
2967,-25.567078,5874.8364,-111.1022441863957,0.024139404,0.61917114,1.1093064210587675,1286,1282,0.9968895800933126
2968,-25.511902,5875.693,-110.16391920709259,0.05517578,0.8564148,0.9383249793030973,1318,1308,0.992412746585736
2969,-25.609161,5876.647,-109.5045503093002,-0.09725952,0.9541168,0.6593688977923937,1319,1315,0.9969673995451099
2970,-25.58722,5877.605,-108.98126366610278,0.021942139,0.95803833,0.5232866431974209,1446,1436,0.9930843706777317
2971,-25.574768,5878.7114,-108.59676265608068,0.012451172,1.1065674,0.3845010100220911,1424,1419,0.9964887640449438
2972,-25.655182,5880.0356,-108.30212204731389,-0.08041382,1.3240051,0.29464060876679926,1425,1417,0.9943859649122807
2973,-25.560242,5881.6294,-108.05405146091499,0.094940186,1.5939789,0.2480705863988985,1390,1379,0.9920863309352518
2974,-25.514984,5883.315,-107.92675651516319,0.04525757,1.6854706,0.12729494575179431,1383,1371,0.9913232104121475
2975,-25.419922,5885.3545,-107.81544747855799,0.095062256,2.0393372,0.11130903660520783,1431,1422,0.9937106918238994
2976,-25.424591,5887.569,-107.7949642854178,-0.0046691895,2.2145844,0.020483193140176315,1422,1413,0.9936708860759493
2977,-25.437927,5890.053,-107.7971923507289,-0.013336182,2.4843445,-0.0022280653110991547,1444,1441,0.9979224376731302
2978,-25.449371,5892.6484,-107.83169212841386,-0.011444092,2.595459,-0.034499777684953846,1406,1399,0.9950213371266002
2979,-25.417175,5895.49,-107.84049719671853,0.032196045,2.8416443,-0.008805068304667422,1418,1410,0.9943582510578279
2980,-25.307373,5898.5586,-107.78949810495115,0.109802246,3.0682983,0.05099909176737638,1439,1433,0.9958304378040306
2981,-25.342743,5901.6753,-107.80639815316209,-0.035369873,3.1165924,-0.01690004821094915,1410,1406,0.9971631205673759
2982,-25.31311,5904.863,-107.77536658734643,0.029632568,3.187439,0.031031565815662892,1409,1404,0.9964513839602555
2983,-25.277893,5908.0366,-107.82309026666087,0.035217285,3.1737976,-0.04772367931444767,1416,1412,0.9971751412429378
2984,-25.226196,5911.263,-107.80633220994967,0.051696777,3.2263794,0.016758056711192064,1421,1416,0.9964813511611541
2985,-25.232819,5914.435,-107.79061073724587,-0.0066223145,3.1717682,0.015721472703799158,1406,1397,0.9935988620199147
2986,-25.277954,5917.635,-107.77026350773893,-0.045135498,3.1996765,0.02034722950694517,1412,1405,0.9950424929178471
2987,-25.29779,5920.722,-107.7605937653292,-0.019836426,3.0873108,0.009669742409720499,1440,1435,0.9965277777777778
2988,-25.375061,5923.851,-107.75947593240517,-0.07727051,3.1291046,0.0011178329240331226,1448,1443,0.9965469613259669
2989,-25.356598,5926.951,-107.75384491896693,0.018463135,3.1002502,0.005631013438229758,1480,1477,0.9979729729729729
2990,-25.348358,5930.101,-107.76612208627151,0.008239746,3.1501007,-0.012277167304576075,1440,1434,0.9958333333333333
2991,-25.485077,5933.118,-107.79160545535974,-0.13671875,3.0169678,-0.025483369088239654,1413,1408,0.9964614295824487
2992,-25.523926,5936.06,-107.84523308033914,-0.038848877,2.941864,-0.053627624979403266,1479,1469,0.993238674780257
2993,-25.533325,5939.0044,-107.88113011418014,-0.009399414,2.944336,-0.03589703384099731,1425,1418,0.9950877192982456
2994,-25.57071,5941.8203,-107.93314668251688,-0.037384033,2.8157196,-0.052016568336735326,1459,1449,0.9931459904043866
2995,-25.58545,5944.7026,-107.98325192663526,-0.01473999,2.8821106,-0.05010524411838525,1427,1422,0.9964961457603364
2996,-25.674774,5947.6167,-108.05558741879035,-0.08932495,2.9139862,-0.07233549215509473,1433,1427,0.9958129797627355
2997,-25.705872,5950.5938,-108.0815455495645,-0.031097412,2.9768066,-0.02595813077414814,1455,1449,0.9958762886597938
2998,-25.735565,5953.471,-108.12970565015172,-0.029693604,2.8776093,-0.04816010058722006,1453,1450,0.9979353062629044
2999,-25.78479,5956.4243,-108.17939453023224,-0.049224854,2.9530945,-0.0496888800805308,1451,1447,0.9972432804962095
3000,-25.689697,5959.432,-108.26481549875045,0.09509277,3.0076141,-0.08542096851820473,1485,1477,0.9946127946127946
3001,-25.67154,5962.467,-108.31611064354372,0.018157959,3.0345917,-0.05129514479327137,1510,1508,0.9986754966887417
3002,-25.731323,5965.436,-108.35072828762671,-0.059783936,2.9692383,-0.03461764408298295,1469,1461,0.9945541184479237
3003,-25.779999,5968.344,-108.3824646166575,-0.048675537,2.908249,-0.031736329030788685,1480,1475,0.9966216216216216
3004,-25.747986,5969.6807,-108.37917887111864,0.03201294,1.3363037,0.003285745538856142,1487,1477,0.9932750504371217
3005,-25.744995,5972.344,-108.40945245226878,0.0029907227,2.663498,-0.030273581150146316,1441,1437,0.9972241498959056
3006,-25.805573,5974.853,-108.4404172713234,-0.060577393,2.50885,-0.030964819054622738,1456,1448,0.9945054945054945
3007,-25.791656,5977.2305,-108.47818800884006,0.013916016,2.3775024,-0.03777073751667302,1462,1456,0.9958960328317373
3008,-25.874939,5979.628,-108.5086217174006,-0.08328247,2.3975983,-0.03043370856053671,1501,1487,0.9906728847435043
3009,-25.912506,5981.789,-108.52574336230046,-0.03756714,2.161255,-0.01712164489985572,1510,1503,0.9953642384105961
3010,-25.939606,5983.871,-108.53091368706049,-0.02709961,2.081894,-0.0051703247600282,1524,1516,0.994750656167979
3011,-25.973663,5985.817,-108.55404913376996,-0.034057617,1.9457245,-0.02313544670947728,1529,1523,0.9960758665794637
3012,-25.95874,5987.651,-108.576486322041,0.014923096,1.833847,-0.022437188271044115,1476,1471,0.9966124661246613
3013,-26.007751,5989.4995,-108.59891518959517,-0.04901123,1.8484192,-0.022428867554168345,1469,1462,0.9952348536419333
3014,-26.089142,5991.2456,-108.63719570871238,-0.08139038,1.7460022,-0.03828051911720592,1483,1475,0.9946055293324343
3015,-26.16214,5992.9194,-108.68317012057608,-0.07299805,1.6740265,-0.045974411863695025,1451,1444,0.9951757408683667
3016,-26.191132,5994.7046,-108.71301608847978,-0.0289917,1.7849426,-0.029845967903701122,1469,1455,0.9904697072838666
3017,-26.344757,5996.4126,-108.76902342199236,-0.15362549,1.7082062,-0.056007333512584516,1476,1466,0.9932249322493225
3018,-26.346863,5998.076,-108.78795060058341,-0.002105713,1.6637421,-0.018927178591052946,1462,1451,0.9924760601915185
3019,-26.428833,5999.6665,-108.84502277576952,-0.081970215,1.5903625,-0.057072175186112475,1484,1478,0.9959568733153639
3020,-26.494537,6001.3184,-108.90368158167475,-0.065704346,1.6520691,-0.05865880590522525,1463,1458,0.9965823650034177
3021,-26.586395,6002.965,-108.97372049974983,-0.09185791,1.6463318,-0.07003891807509154,1505,1497,0.9946843853820598
3022,-26.6109,6004.6313,-109.02357663145922,-0.024505615,1.666626,-0.04985613170939211,1475,1464,0.9925423728813559
3023,-26.711182,6006.229,-109.07728908547294,-0.10028076,1.5975189,-0.05371245401371412,1449,1438,0.9924085576259489
3024,-26.733307,6007.8394,-109.12500972668717,-0.022125244,1.6102295,-0.047720641214229545,1465,1454,0.9924914675767919
3025,-26.72644,6009.406,-109.14277176031071,0.006866455,1.5664825,-0.017762033623538166,1442,1431,0.992371705963939
3026,-26.784637,6010.871,-109.21301356277289,-0.05819702,1.4655151,-0.0702418024621843,1461,1450,0.9924709103353867
3027,-26.839966,6012.237,-109.28525407073886,-0.05532837,1.3655548,-0.07224050796596697,1458,1445,0.9910836762688614
3028,-26.811737,6013.588,-109.31403022846051,0.02822876,1.3512726,-0.028776157721657925,1482,1469,0.9912280701754386
3029,-26.770905,6014.673,-109.32605076658325,0.04083252,1.0852051,-0.012020538122735193,1529,1521,0.9947678221059516
3030,-26.796783,6015.683,-109.36898350145631,-0.025878906,1.0102692,-0.04293273487305675,1550,1542,0.9948387096774194
3031,-26.779572,6016.6196,-109.38762528530361,0.017211914,0.9366455,-0.018641783847306897,1532,1517,0.9902088772845953
3032,-26.761536,6017.281,-109.40093807225016,0.018035889,0.6611481,-0.013312786946545387,1499,1491,0.9946631087391594
3033,-26.765808,6017.7607,-109.35225694491847,-0.004272461,0.48017883,0.04868112733168496,1521,1512,0.9940828402366864
3034,-26.733978,6018.2686,-109.28826171053933,0.031829834,0.50782776,0.06399523437913421,1514,1501,0.9914134742404227
3035,-26.788818,6018.69,-109.29640094434673,-0.054840088,0.42156982,-0.0081392338074024,1462,1456,0.9958960328317373
3036,-26.813934,6018.9517,-109.28812184802815,-0.025115967,0.26159668,0.00827909631857277,1523,1518,0.9967170059093894
3037,-26.849884,6019.078,-109.27359161696867,-0.035949707,0.12658691,0.014530231059479475,1619,1614,0.9969116738727609
3038,-26.907074,6019.067,-109.26025743339562,-0.05718994,-0.011169434,0.01333418357305397,1673,1665,0.9952181709503886
3039,-27.008545,6018.9985,-109.22621345682333,-0.10147095,-0.06843567,0.0340439765722911,1576,1570,0.9961928934010152
3040,-27.105133,6018.914,-109.1852478409922,-0.096588135,-0.084503174,0.04096561583112319,1582,1577,0.9968394437420987
3041,-27.191132,6018.8228,-109.14506338729473,-0.085998535,-0.09121704,0.04018445369747396,1563,1560,0.9980806142034548
3042,-27.242249,6018.724,-109.11667245034428,-0.051116943,-0.09844971,0.028390936950447976,1574,1569,0.9968233799237611
3043,-27.362427,6018.656,-109.10953477429904,-0.12017822,-0.06845093,0.007137676045246338,1587,1581,0.996219281663516
3044,-27.465302,6018.533,-109.13542926145143,-0.102874756,-0.122802734,-0.02589448715239826,1646,1640,0.9963547995139733
3045,-27.61795,6018.7007,-111.76222269205081,-0.15264893,0.16743469,-2.626793430599374,1224,1207,0.9861111111111112
3046,-27.912231,6019.065,-116.11187758163803,-0.294281,0.36410522,-4.3496548895872165,1067,1053,0.9868791002811621
3047,-28.2818,6019.591,-119.91461657313461,-0.36956787,0.5259094,-3.8027389914965757,1109,1097,0.9891794409377818
3048,-28.282593,6020.0327,-122.40243912993121,-0.00079345703,0.4417572,-2.4878225567966026,1129,1122,0.9937998228520815
3049,-28.385406,6020.345,-124.34416772664362,-0.10281372,0.31256104,-1.9417285967124112,1275,1256,0.9850980392156863
3050,-28.31488,6020.7227,-125.66388917864057,0.07052612,0.37721252,-1.3197214519969547,1312,1302,0.9923780487804879
3051,-28.149963,6021.0625,-126.65301753575005,0.16491699,0.33987427,-0.9891283571094779,1348,1334,0.9896142433234422
3052,-27.915405,6021.204,-127.53809539309722,0.2345581,0.14170837,-0.885077857347177,1344,1335,0.9933035714285714
3053,-27.640808,6021.5273,-128.20918566838498,0.27459717,0.32315063,-0.6710902752877566,1381,1369,0.9913106444605359
3054,-27.456299,6021.861,-128.77197985258823,0.18450928,0.3333435,-0.5627941842032487,1399,1390,0.993566833452466
3055,-27.22351,6022.278,-129.19598623362228,0.23278809,0.41712952,-0.42400638103403754,1461,1442,0.9869952087611226
3056,-27.015015,6022.675,-129.56220139397294,0.2084961,0.39683533,-0.36621516035065405,1460,1452,0.9945205479452055
3057,-26.820862,6023.1724,-129.88409315034332,0.19415283,0.49743652,-0.32189175637037826,1449,1446,0.9979296066252588
3058,-26.651459,6023.6616,-130.15409152999456,0.16940308,0.4893341,-0.2699983796512354,1395,1388,0.9949820788530466
3059,-26.49118,6024.307,-130.39845765756056,0.16027832,0.64553833,-0.2443661275659972,1422,1416,0.9957805907172996
3060,-26.342102,6025.0386,-130.6141283917786,0.14907837,0.73127747,-0.21567073421802624,1414,1410,0.9971711456859972
3061,-26.364166,6025.994,-130.90594740549096,-0.022064209,0.95539856,-0.29181901371236113,1432,1427,0.9965083798882681
3062,-26.229126,6026.9395,-131.08799509336902,0.13504028,0.9454193,-0.18204768787804718,1452,1445,0.9951790633608816
3063,-26.18158,6028.0845,-131.27100870081316,0.047546387,1.144928,-0.1830136074441361,1437,1423,0.9902574808629089
3064,-26.187744,6029.4316,-131.42409843664976,-0.006164551,1.3470459,-0.1530897358366057,1448,1439,0.9937845303867403
3065,-26.164001,6030.9614,-131.5742144965407,0.023742676,1.5296173,-0.15011605989092291,1450,1437,0.9910344827586207
3066,-26.101532,6032.7065,-131.7348581561197,0.062469482,1.7452087,-0.16064365957903307,1432,1422,0.9930167597765364
3067,-26.040344,6034.6504,-131.87590240199683,0.061187744,1.9437408,-0.14104424587711056,1425,1415,0.9929824561403509
3068,-26.011444,6036.7954,-132.00887573684176,0.028900146,2.1450043,-0.13297333484492987,1422,1414,0.9943741209563994
3069,-25.974274,6039.158,-132.11908056742385,0.03717041,2.3628235,-0.1102048305820945,1452,1439,0.9910468319559229
3070,-25.913452,6041.6543,-132.2470073355718,0.060821533,2.4962158,-0.1279267681479574,1455,1447,0.9945017182130584
3071,-25.915894,6044.314,-132.39010837615305,-0.0024414062,2.6598358,-0.14310104058124376,1423,1410,0.9908643710470836
3072,-25.862,6047.221,-132.53997245858054,0.053894043,2.9074554,-0.1498640824274897,1432,1421,0.99231843575419
3073,-25.86679,6050.264,-132.72455562150017,-0.0047912598,3.0428925,-0.1845831629196461,1412,1397,0.9893767705382436
3074,-25.788147,6053.3237,-132.87228444097826,0.0786438,3.0596924,-0.14772881947807742,1429,1419,0.9930020993701889
3075,-25.746643,6056.3984,-132.95578921556464,0.041503906,3.0744934,-0.08350477458636404,1464,1455,0.9938524590163934
3076,-25.708405,6059.5103,-133.01916444772732,0.038238525,3.1117096,-0.06337523216268642,1463,1454,0.9938482570061518
3077,-25.678314,6062.5557,-133.06771866488035,0.030090332,3.045456,-0.04855421715303644,1452,1445,0.9951790633608816
3078,-25.679352,6065.6255,-133.08455657017947,-0.0010375977,3.0697327,-0.016837905299128205,1406,1391,0.9893314366998578
3079,-25.702332,6068.663,-133.09544347741308,-0.022979736,3.0375366,-0.01088690723362373,1421,1415,0.995777621393385
3080,-25.760162,6071.6865,-133.07218480222244,-0.05783081,3.0232544,0.023258675190634306,1439,1428,0.9923558026407228
3081,-25.728638,6074.641,-133.0016172224087,0.03152466,2.9547424,0.07056757981375224,1439,1426,0.9909659485753995
3082,-25.765747,6077.6226,-132.98568387617416,-0.037109375,2.9814148,0.01593334623452452,1436,1431,0.9965181058495822
3083,-25.819763,6080.584,-133.0165503204357,-0.054016113,2.9615479,-0.030866444261523986,1432,1423,0.9937150837988827
3084,-25.795013,6083.483,-133.01681659951743,0.024749756,2.8988037,-0.00026627908173553654,1417,1412,0.9964714184897672
3085,-25.703796,6086.3667,-132.96477415551354,0.09121704,2.8838806,0.05204244400387971,1416,1405,0.992231638418079
3086,-25.717041,6089.102,-132.98739659520757,-0.013244629,2.7352295,-0.02262243969403405,1420,1410,0.9929577464788732
3087,-25.757782,6091.7207,-132.97016726125523,-0.040740967,2.618805,0.01722933395234649,1418,1402,0.9887165021156559
3088,-25.79779,6094.436,-133.0148673536737,-0.040008545,2.7153625,-0.04470009241846734,1406,1393,0.9907539118065434
3089,-25.76065,6097.124,-133.0210370435037,0.037139893,2.6881256,-0.006169689829985476,1406,1397,0.9935988620199147
3090,-25.734344,6099.783,-133.06924881871137,0.026306152,2.6592255,-0.048211775207683084,1415,1405,0.9929328621908127
3091,-25.714111,6102.4146,-133.05270579307924,0.020233154,2.6313782,0.016543025632128172,1435,1426,0.9937282229965156
3092,-25.705475,6105.0044,-133.08633094864956,0.008636475,2.5898895,-0.03362515557030873,1436,1423,0.9909470752089137
3093,-25.678223,6107.6504,-133.10999860571422,0.027252197,2.6459198,-0.023667657064665063,1434,1425,0.9937238493723849
3094,-25.65033,6110.1846,-133.11846052432637,0.027893066,2.5343323,-0.008461918612144306,1433,1423,0.9930216329378926
3095,-25.619324,6112.8003,-133.1400379267171,0.03100586,2.6156921,-0.0215774023907255,1426,1415,0.9922861150070126
3096,-25.592194,6115.4575,-133.1394091063306,0.027130127,2.6573029,0.0006288203865052665,1413,1401,0.9915074309978769
3097,-25.53244,6118.0835,-133.1440704975376,0.059753418,2.6257477,-0.00466139120700275,1396,1380,0.9885386819484241
3098,-25.470673,6120.7896,-133.17096667376703,0.061767578,2.7058868,-0.026896176229432387,1409,1401,0.9943222143364088
3099,-25.462921,6123.4365,-133.20175242400026,0.007751465,2.6469269,-0.030785750233246343,1415,1408,0.995053003533569
3100,-25.41864,6126.1357,-133.17544259335716,0.044281006,2.6994324,0.026309830643086708,1398,1388,0.9928469241773963
3101,-25.427277,6128.754,-133.21317102528954,-0.008636475,2.6183472,-0.037728431932369445,1423,1416,0.9950808151791989
3102,-25.363708,6131.358,-133.2445198031661,0.063568115,2.604065,-0.03134877787654528,1431,1423,0.9944095038434662
3103,-25.31601,6134.025,-133.25482717876278,0.047698975,2.666809,-0.010307375596681649,1389,1376,0.9906407487401008
3104,-25.29364,6136.681,-133.2892859086654,0.022369385,2.6564636,-0.03445872990262276,1404,1396,0.9943019943019943
3105,-25.320374,6139.3833,-133.3300426701487,-0.026733398,2.702179,-0.040756761483331384,1437,1427,0.9930410577592206
3106,-25.29892,6142.0366,-133.35865387006962,0.021453857,2.6535492,-0.028611199920894566,1436,1419,0.9881615598885793
3107,-25.32135,6144.652,-133.3821877972379,-0.02243042,2.6153717,-0.023533927168260985,1394,1382,0.9913916786226685
3108,-25.332489,6147.297,-133.40402036740366,-0.011138916,2.6452026,-0.021832570165758756,1387,1375,0.9913482335976929
3109,-25.32724,6149.887,-133.40275305045589,0.0052490234,2.5902252,0.0012673169477859676,1389,1382,0.9949604031677466
3110,-25.383331,6152.4688,-133.44083820101272,-0.05609131,2.581726,-0.03808515055683125,1419,1406,0.9908386187455955
3111,-25.368835,6155.0586,-133.48108559862476,0.01449585,2.5897675,-0.040247397612043684,1413,1403,0.9929228591648974
3112,-25.337677,6157.6187,-133.48206176403133,0.031158447,2.5599976,-0.0009761654065835648,1416,1401,0.989406779661017
3113,-25.34024,6160.1655,-133.50829705521633,-0.0025634766,2.546997,-0.02623529118498902,1405,1394,0.9921708185053381
3114,-25.37442,6162.722,-133.52549746480474,-0.034179688,2.5567627,-0.017200409588407566,1390,1382,0.9942446043165467
3115,-25.441956,6165.465,-133.5928429407818,-0.0675354,2.7425385,-0.0673454759770617,1413,1399,0.9900920028308563
3116,-25.436401,6168.2627,-133.60918836811882,0.005554199,2.7976227,-0.01634542733703332,1425,1415,0.9929824561403509
3117,-25.509552,6171.002,-133.6395209347666,-0.073150635,2.739151,-0.030332566647786958,1423,1412,0.9922698524244554
3118,-25.554932,6173.6567,-133.68378451062065,-0.04537964,2.654663,-0.04426357585403767,1385,1368,0.9877256317689531
3119,-25.568848,6176.1187,-133.66587640126903,-0.013916016,2.4620667,0.01790810935162967,1385,1376,0.9935018050541516
3120,-25.55072,6178.4424,-133.61509924572417,0.018127441,2.3237152,0.05077715554486867,1408,1398,0.9928977272727273
3121,-25.586243,6180.6675,-133.62683754894383,-0.03552246,2.225235,-0.011738303219655527,1417,1403,0.9901199717713479
3122,-25.591644,6182.773,-133.6027794002751,-0.0054016113,2.1053925,0.024058148668725673,1497,1487,0.9933199732798931
3123,-25.585022,6184.8506,-133.5885393073852,0.0066223145,2.0776062,0.014240092889907472,1523,1511,0.9921208141825345
3124,-25.597137,6186.808,-133.59137112810055,-0.0121154785,1.9573975,-0.002831820715362748,1496,1489,0.9953208556149733
3125,-25.62854,6188.5967,-133.59157593177875,-0.031402588,1.7884216,-0.00020480367820578888,1464,1457,0.9952185792349727
3126,-25.603668,6190.3506,-133.5589729655002,0.024871826,1.753952,0.032602966278559325,1400,1394,0.9957142857142857
3127,-25.607635,6192.0923,-133.5667862418584,-0.003967285,1.7418823,-0.007813276358208575,1415,1398,0.9879858657243816
3128,-25.605225,6193.744,-133.52104481588833,0.0024108887,1.6520844,0.0457414259700853,1395,1383,0.9913978494623656
3129,-25.623688,6195.3945,-133.5507503071373,-0.018463135,1.6505585,-0.029705491248973825,1404,1395,0.9935897435897436
3130,-25.616394,6196.839,-133.48797363344914,0.007293701,1.444397,0.06277667368816055,1426,1419,0.9950911640953717
3131,-25.647095,6198.3037,-133.51026681065846,-0.030700684,1.4646759,-0.02229317720931705,1398,1390,0.994277539341917
3132,-25.679993,6199.8237,-133.5375298140724,-0.03289795,1.5200348,-0.027263003413942378,1426,1418,0.9943899018232819
3133,-25.688538,6201.2603,-133.51605253235374,-0.008544922,1.4366455,0.02147728171865131,1413,1405,0.9943382873319179
3134,-25.669403,6202.697,-133.53557474444074,0.019134521,1.4363708,-0.01952221208700571,1390,1380,0.9928057553956835
3135,-25.658447,6204.172,-133.56253833216797,0.010955811,1.4750519,-0.02696358772723061,1426,1413,0.9908835904628331
3136,-25.690979,6205.653,-133.57693953781194,-0.03253174,1.4807892,-0.014401205643962014,1421,1411,0.9929627023223082
3137,-25.702057,6207.1357,-133.57722656076797,-0.011077881,1.482727,-0.00028702295602839903,1395,1386,0.9935483870967742
3138,-25.710815,6208.622,-133.588927075276,-0.008758545,1.4860992,-0.011700514508012311,1404,1395,0.9935897435897436
3139,-25.731781,6210.0977,-133.5963732083168,-0.020965576,1.4757385,-0.00744613304080368,1409,1396,0.9907735982966643
3140,-25.766785,6211.591,-133.62426539949934,-0.035003662,1.4932404,-0.02789219118254399,1395,1383,0.9913978494623656
3141,-25.75528,6212.933,-133.62049168707105,0.011505127,1.3421783,0.00377371242828601,1391,1382,0.9935298346513299
3142,-25.733063,6214.3223,-133.63305680691695,0.022216797,1.3890228,-0.012565119845893105,1393,1380,0.990667623833453
3143,-25.760284,6215.5537,-133.62690357012104,-0.02722168,1.2312317,0.006153236795913149,1407,1401,0.9957356076759062
3144,-25.772766,6216.8086,-133.613754226008,-0.012481689,1.2546539,0.01314934411303496,1454,1444,0.9931224209078404
3145,-25.770172,6217.84,-133.62616714131562,0.0025939941,1.0313873,-0.012412915307604147,1533,1525,0.994781474233529
3146,-25.781494,6218.7505,-133.64658409215792,-0.0113220215,0.91070557,-0.020416950842301076,1495,1485,0.9933110367892977
3147,-25.762451,6219.479,-133.63424652050037,0.019042969,0.72865295,0.012337571657563547,1438,1430,0.9944367176634215
3148,-25.76297,6220.0986,-133.5969361232007,-0.0005187988,0.61964417,0.037310397299667675,1384,1375,0.9934971098265896
3149,-25.75119,6220.585,-133.57383061071928,0.011779785,0.4861908,0.02310551248140874,1391,1384,0.9949676491732566
3150,-25.77127,6220.8257,-133.54982680088403,-0.020080566,0.24079895,0.024003809835247913,1472,1466,0.9959239130434783
3151,-25.736023,6221.162,-133.4377543895067,0.035247803,0.33641052,0.11207241137733993,1437,1430,0.9951287404314544
3152,-25.750488,6221.447,-133.43829086593007,-0.014465332,0.28459167,-0.000536476423384932,1406,1400,0.9957325746799431
3153,-25.734528,6221.621,-133.39842900252884,0.015960693,0.17445374,0.03986186340121436,1576,1569,0.9955583756345178
3154,-25.762238,6221.679,-133.3897624178353,-0.027709961,0.05809021,0.008666584693556712,1717,1713,0.9976703552708212
3155,-25.817474,6221.6597,-133.38318051009796,-0.055236816,-0.019378662,0.006581907737341839,1702,1699,0.9982373678025852
3156,-25.859253,6221.6045,-133.34738191533242,-0.041778564,-0.055023193,0.03579859476554808,1588,1584,0.9974811083123426
3157,-25.936646,6221.5054,-133.34703706234203,-0.07739258,-0.09890747,0.00034485299038859875,1560,1553,0.9955128205128205
3158,-26.021606,6221.4053,-133.3228478741106,-0.08496094,-0.10003662,0.024189188231414284,1510,1505,0.9966887417218543
3159,-26.11856,6221.312,-133.3273975003142,-0.096954346,-0.093307495,-0.0045496262035764155,1523,1516,0.9954038082731451
3160,-26.229126,6221.245,-133.31784087657869,-0.110565186,-0.066726685,0.009556623735502598,1525,1521,0.9973770491803279
3161,-26.206665,6220.9,-135.45079957926288,0.022460938,-0.3452301,-2.132958702684188,1140,1131,0.9921052631578947
3162,-27.11264,6221.3423,-141.5431345635793,-0.90597534,0.44226074,-6.0923349843164,918,901,0.9814814814814815
3163,-27.389435,6222.232,-148.06543166426667,-0.27679443,0.88957214,-6.522297100687395,886,870,0.981941309255079
3164,-27.3891,6223.125,-154.72658512075088,0.00033569336,0.8928528,-6.661153456484227,842,826,0.9809976247030879
3165,-27.505432,6224.168,-161.3908994365209,-0.11633301,1.0428467,-6.664314315770004,875,866,0.9897142857142858
3166,-27.312256,6225.2837,-167.98363754221643,0.19317627,1.1158295,-6.592738105695522,905,885,0.9779005524861878
3167,-27.305115,6226.127,-174.7699590381071,0.0071411133,0.8432312,-6.786321495890666,917,906,0.9880043620501636
3168,-27.31549,6226.796,-181.53604580926213,-0.010375977,0.66897583,-6.7660867711550345,909,897,0.9867986798679867
3169,-27.200134,6227.266,-188.36668397111316,0.115356445,0.4701538,-6.830638161851031,898,886,0.9866369710467706
3170,-26.94638,6227.433,-195.13160362890744,0.25375366,0.16688538,-6.76491965779428,831,826,0.9939831528279182
3171,-26.891296,6227.581,-201.95815437366704,0.05508423,0.14801025,-6.826550744759611,865,860,0.9942196531791907
3172,-26.849548,6227.6836,-208.7030105444552,0.041748047,0.10261536,-6.744856170788152,820,803,0.9792682926829268
3173,-26.816925,6227.7725,-215.46921630790933,0.03262329,0.08880615,-6.766205763454133,835,822,0.9844311377245509
3174,-26.726685,6228.148,-222.10737551016115,0.09024048,0.3757019,-6.638159202251807,835,825,0.9880239520958084
3175,-26.914734,6228.679,-228.8420710331159,-0.18804932,0.5311279,-6.734695522954744,755,749,0.9920529801324504
3176,-26.940582,6229.5703,-235.54066836332598,-0.025848389,0.8909149,-6.698597330210065,770,761,0.9883116883116884
3177,-27.14621,6230.8384,-242.34034692868227,-0.20562744,1.2680054,-6.799678565356276,825,817,0.9903030303030304
3178,-27.485748,6232.4414,-248.4990454311316,-0.33953857,1.6028748,-6.158698502449334,809,801,0.9901112484548825
3179,-27.694885,6234.136,-253.54646572753396,-0.20913696,1.6947479,-5.04742029640236,861,848,0.9849012775842044
3180,-27.563232,6236.0415,-256.9918033776099,0.13165283,1.9051361,-3.4453376500759485,981,972,0.9908256880733946
3181,-27.743835,6237.56,-258.9371032530375,-0.18060303,1.5186768,-1.9452998754275528,1124,1113,0.9902135231316725
3182,-27.850891,6239.261,-260.08619462628764,-0.107055664,1.7011261,-1.1490913732501442,1129,1124,0.995571302037201
3183,-27.902222,6240.98,-261.01594692384356,-0.051330566,1.7188263,-0.9297522975559204,1172,1167,0.9957337883959044
3184,-28.069702,6242.973,-261.7185265659837,-0.16748047,1.9933472,-0.702579642140158,1137,1129,0.9929639401934917
3185,-28.127777,6245.0103,-262.2399799076467,-0.05807495,2.0368805,-0.5214533416630239,1228,1220,0.993485342019544
3186,-28.218262,6247.571,-262.5591986225128,-0.09048462,2.5604858,-0.3192187148660817,1214,1207,0.9942339373970346
3187,-28.167206,6250.3223,-262.71133078880126,0.05105591,2.7516632,-0.15213216628846332,1215,1209,0.9950617283950617
3188,-28.20224,6253.122,-262.85975183493247,-0.03503418,2.7996674,-0.14842104613118812,1248,1241,0.9943910256410257
3189,-28.23233,6256.043,-262.93006432864655,-0.030090332,2.9206543,-0.07031249371410823,1264,1259,0.9960443037974683
3190,-28.317688,6259.0005,-263.0106980448924,-0.085357666,2.9576416,-0.08063371624584843,1280,1271,0.99296875
3191,-28.326996,6262.0396,-263.07938083316975,-0.009307861,3.0388947,-0.06868278827730506,1280,1273,0.99453125
3192,-28.366974,6265.11,-263.15799819736435,-0.039978027,3.0703735,-0.078617364194609,1229,1224,0.9959316517493898
3193,-28.370514,6268.137,-263.26746105405266,-0.003540039,3.0272217,-0.10946285668829762,1283,1278,0.9961028838659393
3194,-28.428223,6271.1567,-263.3174273472474,-0.05770874,3.019516,-0.04996629319474489,1312,1306,0.9954268292682927
3195,-28.400116,6274.195,-263.32431682621626,0.02810669,3.0382843,-0.006889478968825644,1300,1296,0.9969230769230769
3196,-28.455933,6277.067,-263.4190501386994,-0.05581665,2.872055,-0.09473331248311465,1327,1323,0.9969856819894499
3197,-28.419373,6280.0674,-263.380540812536,0.03656006,3.0003967,0.03850932616337294,1369,1360,0.9934258582907232
3198,-28.426727,6282.9883,-263.41923524863995,-0.0073547363,2.9209747,-0.03869443610392618,1323,1319,0.9969765684051398
3199,-28.45697,6286.01,-263.40452006437994,-0.03024292,3.0217285,0.014715184260014466,1355,1344,0.9918819188191882
3200,-28.435242,6288.919,-263.39519033684144,0.021728516,2.9092407,0.009329727538522183,1332,1318,0.9894894894894894
3201,-28.396881,6291.797,-263.41887446703697,0.038360596,2.8777924,-0.023684130195508236,1302,1298,0.9969278033794163
3202,-28.400116,6294.5996,-263.40888728751656,-0.0032348633,2.8026276,0.009987179520418837,1251,1243,0.9936051159072742
3203,-28.363037,6297.323,-263.3639089538994,0.037078857,2.7234497,0.04497833361717148,1298,1289,0.9930662557781201
3204,-28.371521,6300.0435,-263.4231456909208,-0.008483887,2.7203064,-0.05923673702140126,1300,1291,0.9930769230769231
3205,-28.390167,6302.7773,-263.40359646346604,-0.01864624,2.7338257,0.019549227454754577,1315,1306,0.9931558935361217
3206,-28.3956,6305.52,-263.42276291043,-0.005432129,2.742691,-0.019166446963952123,1315,1312,0.9977186311787072
3207,-28.301971,6308.16,-263.39701842162674,0.09362793,2.64003,0.02574448880323156,1264,1258,0.995253164556962
3208,-28.256134,6310.763,-263.3028324086007,0.045837402,2.6030579,0.09418601302607219,1293,1284,0.9930394431554525
3209,-28.302338,6313.4204,-263.2783470612076,-0.046203613,2.6573029,0.024485347393075174,1276,1275,0.9992163009404389
3210,-28.321716,6316.1216,-263.26905754404135,-0.019378662,2.7012177,0.009289517166254745,1311,1302,0.9931350114416476
3211,-28.27716,6318.748,-263.27967992877404,0.044555664,2.6265259,-0.01062238473268159,1315,1302,0.9901140684410646
3212,-28.284485,6321.3945,-263.23023852199833,-0.0073242188,2.646576,0.0494414067757239,1279,1261,0.9859265050820953
3213,-28.13675,6324.026,-263.18389538464373,0.1477356,2.6314392,0.046343137354624434,1265,1258,0.9944664031620554
3214,-28.166016,6326.704,-263.1929162614387,-0.029266357,2.6783752,-0.009020876794998196,1273,1261,0.99057344854674
3215,-28.147552,6329.36,-263.1789218754328,0.018463135,2.6559906,0.013994386005897834,1305,1297,0.9938697318007663
3216,-28.140533,6331.995,-263.17453211114133,0.007019043,2.6352692,0.00438976429148999,1352,1345,0.9948224852071006
3217,-28.115417,6334.6406,-263.1570006298366,0.025115967,2.6453094,0.01753148130471704,1302,1289,0.9900153609831029
3218,-28.15329,6337.3066,-263.16591642720005,-0.037872314,2.6660767,-0.00891579736342126,1238,1232,0.9951534733441034
3219,-28.19168,6339.9287,-263.11970239623133,-0.038391113,2.6221771,0.046214030968732,1280,1271,0.99296875
3220,-28.249939,6342.505,-263.15881119643063,-0.058258057,2.5760803,-0.03910880019930427,1262,1254,0.993660855784469
3221,-28.259064,6345.127,-263.1440687011728,-0.009124756,2.6221008,0.014742495257840792,1294,1284,0.9922720247295209
3222,-28.32788,6347.7466,-263.16521353600615,-0.06881714,2.6195984,-0.02114483483335469,1276,1257,0.9851097178683386
3223,-28.363617,6350.356,-263.11906087308284,-0.035736084,2.6093903,0.046152662923318356,1259,1250,0.9928514694201748
3224,-28.402283,6352.9766,-263.09340259914563,-0.03866577,2.6205902,0.025658273937213802,1268,1256,0.9905362776025236
3225,-28.425568,6355.546,-263.10862288045337,-0.023284912,2.5693512,-0.015220281307736389,1298,1289,0.9930662557781201
3226,-28.42276,6358.1973,-263.10336343004076,0.0028076172,2.651535,0.005259450412602692,1288,1280,0.9937888198757764
3227,-28.404968,6360.7925,-263.101712027293,0.017791748,2.595047,0.0016514027477917558,1330,1325,0.9962406015037594
3228,-28.416718,6363.4243,-263.10110174686304,-0.011749268,2.631836,0.0006102804299737895,1318,1308,0.992412746585736
3229,-28.444855,6365.9775,-263.1485676422729,-0.028137207,2.5533752,-0.04746589540986377,1305,1297,0.9938697318007663
3230,-28.443085,6368.58,-263.16074704026664,0.0017700195,2.6023407,-0.012179397993726089,1263,1259,0.9968329374505146
3231,-28.43689,6371.129,-263.17633071503224,0.0061950684,2.5490265,-0.015583674765571782,1300,1292,0.9938461538461538
3232,-28.450806,6373.7427,-263.1947671739191,-0.013916016,2.613617,-0.018436458886873716,1292,1277,0.9883900928792569
3233,-28.466888,6376.4106,-263.22075607779533,-0.016082764,2.668045,-0.02598890387621276,1288,1279,0.9930124223602484
3234,-28.480316,6379.0312,-263.21674481070255,-0.013427734,2.6206665,0.004011267092791831,1299,1285,0.9892224788298691
3235,-28.425201,6381.6147,-263.1998591376676,0.055114746,2.5833893,0.01688567303494802,1263,1258,0.9960411718131433
3236,-28.424744,6384.2334,-263.30069487656016,0.00045776367,2.6186829,-0.10083573889253106,1295,1283,0.9907335907335907
3237,-28.42212,6386.813,-263.3135311272246,0.0026245117,2.5797272,-0.012836250664472273,1313,1304,0.9931454683929931
3238,-28.472168,6389.3965,-263.3515597838164,-0.050048828,2.5836334,-0.038028656591809755,1313,1299,0.9893373952779894
3239,-28.47409,6392.0728,-263.3544006440897,-0.0019226074,2.6761322,-0.0028408602733083085,1305,1297,0.9938697318007663
3240,-28.524353,6394.615,-263.38847151312774,-0.05026245,2.5425415,-0.03407086903805764,1285,1276,0.9929961089494164
3241,-28.492584,6397.179,-263.2706974878337,0.0317688,2.5639496,0.11777402529407548,1340,1327,0.9902985074626866
3242,-28.521301,6399.807,-263.3069739035567,-0.028717041,2.628006,-0.036276415723030864,1273,1255,0.98586017282011
3243,-28.585205,6402.446,-263.32446007369214,-0.06390381,2.6385803,-0.017486170135438746,1265,1259,0.9952569169960475
3244,-28.633942,6404.9854,-263.3434932269316,-0.048736572,2.5394287,-0.01903315323947877,1263,1252,0.9912905779889153
3245,-28.58725,6407.5337,-263.32448588419857,0.046691895,2.5484772,0.019007342733074195,1293,1283,0.9922660479505027
3246,-28.671448,6410.11,-263.37897464240723,-0.084198,2.5759888,-0.054488758208646036,1274,1261,0.9897959183673469
3247,-28.762451,6412.7026,-263.3907641187745,-0.09100342,2.5928345,-0.011789476367235733,1302,1292,0.9923195084485407
3248,-28.799652,6415.3003,-263.4069919519312,-0.037200928,2.59758,-0.016227833156745478,1302,1289,0.9900153609831029
3249,-28.83197,6417.928,-263.386173645574,-0.032318115,2.628128,0.020818306357234053,1286,1275,0.9914463452566097
3250,-28.866333,6420.4575,-263.4195027063758,-0.034362793,2.5292969,-0.03332906080182234,1273,1264,0.992930086410055
3251,-28.864258,6423.071,-263.40557191585566,0.0020751953,2.613327,0.01393079052011836,1329,1317,0.9909706546275395
3252,-28.92334,6425.679,-263.45816545034864,-0.05908203,2.608429,-0.05259353449298042,1297,1290,0.9946029298380878
3253,-28.91742,6428.252,-263.4838135847342,0.00592041,2.5729218,-0.025648134385542306,1335,1324,0.9917602996254682
3254,-28.984558,6430.785,-263.49783274675684,-0.06713867,2.53302,-0.014019162022606708,1330,1322,0.9939849624060151
3255,-28.987488,6433.353,-263.5138282480058,-0.0029296875,2.567688,-0.015995501248960726,1322,1311,0.9916792738275341
3256,-29.005615,6435.8257,-263.4974097788475,-0.018127441,2.4727173,0.01641846915826243,1354,1338,0.9881831610044313
3257,-29.043945,6438.315,-263.5618172422218,-0.038330078,2.4894714,-0.0644074633743236,1280,1271,0.99296875
3258,-29.024841,6440.8574,-263.55879030334495,0.019104004,2.5423431,0.003026938876868028,1293,1279,0.9891724671307038
3259,-29.035492,6443.334,-263.57143635963644,-0.010650635,2.47641,-0.01264605629146549,1311,1301,0.992372234935164
3260,-29.071045,6445.84,-263.5929410362872,-0.03555298,2.5060883,-0.021504676650731285,1316,1297,0.9855623100303952
3261,-29.07373,6448.3027,-263.618178900319,-0.0026855469,2.4627838,-0.02523786403176863,1311,1304,0.9946605644546148
3262,-29.05487,6450.844,-263.6394104763842,0.018859863,2.5414734,-0.02123157606526855,1323,1313,0.9924414210128496
3263,-29.097565,6453.332,-263.66853545452585,-0.04269409,2.4877625,-0.029124978141640962,1319,1310,0.9931766489764974
3264,-29.112396,6455.9424,-263.6848768619075,-0.014831543,2.61055,-0.016341407381669813,1345,1337,0.9940520446096655
3265,-29.149078,6458.6514,-263.72256085761836,-0.03668213,2.7088623,-0.03768399571081731,1302,1288,0.989247311827957
3266,-29.17389,6461.3423,-263.76149800799226,-0.024810791,2.691101,-0.0389371503739125,1350,1343,0.9948148148148148
3267,-29.195618,6463.8647,-263.8144432193472,-0.021728516,2.5225372,-0.05294521135492159,1291,1280,0.9914794732765299
3268,-29.181732,6466.295,-263.8641408736311,0.013885498,2.430191,-0.049697654283883695,1298,1285,0.9899845916795069
3269,-29.225647,6468.5894,-263.8917658403937,-0.043914795,2.2942047,-0.02762496676263523,1355,1347,0.9940959409594096
3270,-29.2594,6470.7812,-263.90980355785405,-0.03375244,2.1921234,-0.018037717460321623,1410,1396,0.9900709219858156
3271,-29.279785,6472.942,-263.93252292973574,-0.020385742,2.160492,-0.022719371881673542,1424,1419,0.9964887640449438
3272,-29.288818,6474.9106,-263.9513743513265,-0.009033203,1.9686737,-0.018851421590734403,1422,1413,0.9936708860759493
3273,-29.308624,6476.8086,-263.9762371481149,-0.019805908,1.8977814,-0.02486279678836993,1384,1377,0.994942196531792
3274,-29.387665,6478.609,-263.98421616586927,-0.07904053,1.8004761,-0.007979017754396432,1359,1348,0.9919058130978661
3275,-29.466858,6480.32,-263.9882992720539,-0.079193115,1.7108002,-0.004083106184643005,1353,1340,0.9903917220990391
3276,-29.454681,6482.0273,-264.0083170397349,0.012176514,1.7074432,-0.020017767680989357,1326,1314,0.9909502262443439
3277,-29.469208,6483.6914,-264.01218679940524,-0.014526367,1.6638794,-0.003869759670369189,1365,1349,0.9882783882783883
3278,-29.478455,6485.359,-264.0159843127124,-0.009246826,1.667511,-0.003797513307193188,1343,1329,0.9895755770662695
3279,-29.485413,6487.0605,-264.01052372861386,-0.006958008,1.701477,0.005460584098565711,1330,1321,0.9932330827067669
3280,-29.543518,6488.6904,-264.04637780845485,-0.05810547,1.6298523,-0.035854079841009,1301,1296,0.9961568024596464
3281,-29.594055,6490.3096,-264.06700595449286,-0.05053711,1.6192322,-0.020628146037987315,1324,1313,0.9916918429003021
3282,-29.583466,6491.841,-264.08292226746835,0.0105896,1.5313568,-0.015916312975513783,1310,1299,0.9916030534351145
3283,-29.536835,6493.388,-264.11124624127774,0.04663086,1.5474396,-0.028323973809381637,1341,1327,0.9895600298284862
3284,-29.499023,6494.8735,-264.11800517172895,0.03781128,1.4853821,-0.00675893045118932,1336,1328,0.9940119760479041
3285,-29.48639,6496.4272,-264.1292636872233,0.012634277,1.5537415,-0.011258515494325232,1326,1307,0.9856711915535445
3286,-29.486755,6498.0117,-264.1418744676176,-0.00036621094,1.5846863,-0.012610780394323617,1314,1297,0.987062404870624
3287,-29.498627,6499.467,-264.1643012236616,-0.011871338,1.4552155,-0.022426756044008903,1328,1316,0.9909638554216867
3288,-29.439941,6500.8936,-264.15730457782917,0.058685303,1.4269257,0.00699664583240474,1327,1314,0.9902034664657121
3289,-29.463928,6502.25,-264.1894248746747,-0.023986816,1.3565216,-0.03212029684557131,1336,1326,0.9925149700598802
3290,-29.444672,6503.563,-264.1924458967116,0.019256592,1.3131561,-0.0030210220368979096,1343,1339,0.9970215934475056
3291,-29.42035,6504.855,-264.1940174373537,0.02432251,1.2919769,-0.001571540642087757,1356,1343,0.9904129793510325
3292,-29.40448,6506.0835,-264.21600996223924,0.01586914,1.2285309,-0.021992524885559955,1369,1357,0.9912344777209642
3293,-29.388733,6507.202,-264.1986739964697,0.01574707,1.1184692,0.017335965769519998,1406,1394,0.9914651493598862
3294,-29.323364,6508.2954,-264.19569243978736,0.06536865,1.0934906,0.002981556682381825,1426,1421,0.9964936886395512
3295,-29.346039,6509.2715,-264.18736220834506,-0.02267456,0.9759674,0.008330231442316567,1507,1500,0.9953550099535501
3296,-29.364594,6510.122,-264.1765702405383,-0.018554688,0.8506012,0.010791967806795139,1404,1395,0.9935897435897436
3297,-29.318573,6510.8193,-264.1733176286128,0.046020508,0.6970215,0.0032526119255440835,1333,1324,0.9932483120780196
3298,-29.35254,6511.331,-264.17533307138604,-0.033966064,0.5114746,-0.0020154427732324356,1326,1318,0.9939668174962293
3299,-29.346252,6511.692,-264.1505272306139,0.006286621,0.36080933,0.024805840772182307,1378,1364,0.9898403483309144
3300,-29.37909,6512.0107,-264.1270557866325,-0.032836914,0.31866455,0.023471443981372866,1401,1392,0.9935760171306209
3301,-29.386871,6512.3506,-264.1013265054645,-0.0077819824,0.3395996,0.02572928116804118,1353,1346,0.9948263118994827
3302,-29.401093,6512.456,-264.0884490564133,-0.014221191,0.105270386,0.012877449051192728,1509,1505,0.9973492379058979
3303,-29.414978,6512.5,-264.09651003158336,-0.013885498,0.043914795,-0.008060975170064918,1698,1695,0.9982332155477032
3304,-29.419922,6512.5137,-264.09048747009945,-0.0049438477,0.013580322,0.006022561483905906,1805,1800,0.997229916897507
3305,-29.414215,6512.526,-264.0881299535461,0.005706787,0.012359619,0.0023575165533163854,1810,1810,1.0
3306,-29.43631,6512.5254,-264.08652285232716,-0.022094727,-0.00047302246,0.0016071012189465717,1768,1764,0.997737556561086
3307,-29.46048,6512.5083,-264.0817686641278,-0.024169922,-0.016860962,0.004754188199349447,1791,1788,0.998324958123953
3308,-29.471039,6512.497,-264.07784823740855,-0.010559082,-0.011352539,0.003920426719292859,1819,1818,0.999450247388675
3309,-29.48764,6512.4966,-264.0802448491794,-0.016601562,-0.0002746582,-0.002396611770837247,1753,1752,0.9994295493439818
3310,-29.52884,6512.5044,-264.07721105712596,-0.04119873,0.007751465,0.0030337920534042875,1734,1732,0.9988465974625144
3311,-29.334381,6512.711,-264.39760950998004,0.19445801,0.20631409,-0.3203984528541007,1250,1242,0.9936
3312,-29.408356,6514.137,-269.43188629961,-0.07397461,1.4264832,-5.034276789629979,875,850,0.9714285714285714
3313,-29.284546,6515.309,-275.902968428725,0.123809814,1.1717987,-6.471082129114984,802,789,0.983790523690773
3314,-29.348633,6516.1074,-282.55175195624435,-0.064086914,0.79833984,-6.64878352751935,755,740,0.9801324503311258
3315,-29.37735,6516.799,-288.96272703540535,-0.028717041,0.69155884,-6.410975079160984,783,759,0.9693486590038314
3316,-29.247711,6517.2134,-295.5760220389621,0.12963867,0.414505,-6.613295003556769,754,741,0.9827586206896551
3317,-29.20517,6517.5205,-302.3708641986508,0.042541504,0.30693054,-6.79484215968871,815,798,0.9791411042944785
3318,-29.153137,6517.8647,-309.0734580538397,0.05203247,0.34413147,-6.7025938551889475,831,818,0.9843561973525873
3319,-29.154236,6518.1787,-315.8412954907502,-0.0010986328,0.3138275,-6.767837436910473,859,833,0.969732246798603
3320,-29.210571,6518.5425,-322.62111416520213,-0.05633545,0.36384583,-6.779818674451912,855,838,0.9801169590643275
3321,-29.348785,6518.94,-329.037794208818,-0.13821411,0.3975067,-6.416680043615865,896,884,0.9866071428571429
3322,-29.613098,6519.335,-334.54557107224235,-0.26431274,0.3952484,-5.507776863424344,953,940,0.9863588667366212
3323,-29.805267,6519.7646,-338.6538604549342,-0.19216919,0.42973328,-4.108289382691839,1074,1054,0.9813780260707635
3324,-30.039764,6520.211,-341.1702946086638,-0.23449707,0.4460907,-2.5164341537296147,1119,1107,0.9892761394101877
3325,-30.068024,6520.5864,-342.73647683089627,-0.028259277,0.37532043,-1.5661822222324608,1181,1169,0.9898391193903472
3326,-30.088928,6521.197,-343.873128257947,-0.020904541,0.6105194,-1.1366514270507098,1269,1251,0.9858156028368794
3327,-30.127167,6521.8516,-344.6858319027317,-0.038238525,0.6545563,-0.81270364478471,1262,1248,0.9889064976228209
3328,-30.136047,6522.7046,-345.3658914464322,-0.008880615,0.85289,-0.6800595437005107,1279,1266,0.9898358092259578
3329,-30.201324,6523.8633,-345.86748486213213,-0.0652771,1.158905,-0.5015934156998925,1316,1306,0.9924012158054711
3330,-30.19403,6525.1357,-346.2524019177766,0.007293701,1.2724609,-0.3849170556444708,1389,1381,0.994240460763139
3331,-30.292542,6526.4995,-346.5708288788163,-0.09851074,1.3636017,-0.3184269610397567,1376,1366,0.9927325581395349
3332,-30.251923,6528.1094,-346.7625875785747,0.040618896,1.6098022,-0.19175869975840723,1368,1350,0.9868421052631579
3333,-30.286041,6529.8213,-346.9131314933611,-0.034118652,1.7118073,-0.15054391478640264,1378,1364,0.9898403483309144
3334,-30.250244,6531.6973,-347.03070541172445,0.03579712,1.8760834,-0.11757391836332569,1386,1373,0.9906204906204906
3335,-30.34671,6533.774,-347.1946531583399,-0.096466064,2.076889,-0.16394774661545647,1395,1380,0.989247311827957
3336,-30.30832,6536.0156,-347.2855848006455,0.038391113,2.241516,-0.09093164230559375,1417,1402,0.9894142554693014
3337,-30.311432,6538.46,-347.39619038114813,-0.003112793,2.4442139,-0.11060558050261929,1404,1393,0.9921652421652422
3338,-30.284088,6541.1025,-347.500193123735,0.02734375,2.6425018,-0.10400274258689314,1349,1340,0.9933283914010378
3339,-30.335022,6544.0596,-347.6311632549764,-0.050933838,2.9571228,-0.1309701312414059,1332,1316,0.987987987987988
3340,-30.367615,6547.035,-347.7537211979184,-0.032592773,2.9754791,-0.12255794294205091,1371,1353,0.986870897155361
3341,-30.391083,6550.0186,-347.86298727382433,-0.023468018,2.9833527,-0.1092660759059007,1338,1329,0.9932735426008968
3342,-30.413452,6553.032,-347.9574948738522,-0.022369385,3.0137024,-0.09450760002787172,1349,1342,0.9948109710896961
3343,-30.376282,6556.0957,-348.06899202019633,0.03717041,3.0633087,-0.11149714634410986,1370,1355,0.9890510948905109
3344,-30.410126,6559.0894,-348.20263988026784,-0.033843994,2.9934692,-0.1336478600715323,1367,1352,0.9890270665691295
3345,-30.414642,6562.137,-348.2942700860436,-0.0045166016,3.047882,-0.09163020577575019,1360,1351,0.9933823529411765
3346,-30.492096,6565.066,-348.3899121923397,-0.07745361,2.9286041,-0.09564210629613054,1373,1362,0.9919883466860888
3347,-30.473785,6568.0034,-348.47530547076417,0.018310547,2.937317,-0.08539327842450013,1391,1380,0.9920920201294033
3348,-30.529114,6570.897,-348.51949530121584,-0.05532837,2.893753,-0.04418983045165195,1356,1349,0.9948377581120944
3349,-30.515106,6573.76,-348.5942884690996,0.014007568,2.862915,-0.07479316788372699,1395,1383,0.9913978494623656
3350,-30.604828,6576.6553,-348.67620458494684,-0.08972168,2.895462,-0.08191611584724198,1425,1410,0.9894736842105263
3351,-30.660858,6579.461,-348.7400380009837,-0.056030273,2.8056488,-0.06383341603684556,1385,1377,0.9942238267148015
3352,-30.6781,6582.262,-348.77804174590807,-0.017242432,2.801422,-0.038003744924380474,1375,1363,0.9912727272727273
3353,-30.713867,6585.021,-348.8198426527988,-0.0357666,2.7589111,-0.04180090689070533,1381,1370,0.9920347574221579
3354,-30.77597,6587.767,-348.85010058572374,-0.06210327,2.7462769,-0.030257932924961074,1372,1357,0.989067055393586
3355,-30.785767,6590.4604,-348.8561389151368,-0.009796143,2.6933136,-0.006038329413043944,1363,1351,0.9911958914159942
3356,-30.82251,6593.133,-348.882010487025,-0.036743164,2.6722717,-0.025871571888217555,1358,1340,0.9867452135493373
3357,-30.833954,6595.8457,-348.87127400732595,-0.011444092,2.7128448,0.01073647969903925,1339,1326,0.9902912621359223
3358,-30.85907,6598.4688,-348.89768730961515,-0.025115967,2.623169,-0.026413302289207654,1346,1332,0.9895988112927192
3359,-30.903809,6601.1484,-348.9155223928329,-0.04473877,2.6799164,-0.017835083217707885,1347,1329,0.9866369710467706
3360,-30.94336,6603.793,-348.9662374435465,-0.03955078,2.644577,-0.0507150507136402,1391,1379,0.99137311286844
3361,-30.955505,6606.4297,-348.96583225292824,-0.012145996,2.6365814,0.00040519061828430146,1369,1361,0.9941563184806428
3362,-30.96109,6609.047,-348.9632156161996,-0.005584717,2.6172638,0.0026166367286647643,1407,1392,0.9893390191897654
3363,-30.966919,6611.7085,-348.98473740510934,-0.0058288574,2.661728,-0.0215217889097516,1355,1340,0.988929889298893
3364,-30.982971,6614.3535,-348.99414046486356,-0.016052246,2.6447906,-0.009403059754199878,1360,1341,0.9860294117647059
3365,-30.95343,6617.0405,-348.95584944868585,0.029541016,2.6871643,0.03829101617769416,1357,1335,0.9837877671333825
3366,-30.963867,6619.6826,-348.96486515186757,-0.010437012,2.6420288,-0.009015703181717565,1362,1351,0.9919236417033774
3367,-30.959503,6622.28,-348.97203228754336,0.0043640137,2.5969849,-0.00716713567575919,1367,1348,0.986100950987564
3368,-31.005157,6624.9116,-348.9864242496329,-0.045654297,2.6316986,-0.014391962089536494,1349,1342,0.9948109710896961
3369,-30.937225,6627.523,-348.9847903330272,0.06793213,2.611496,0.0016339166056418013,1339,1327,0.9910380881254668
3370,-30.916077,6630.0674,-348.9462055428546,0.021148682,2.5442963,0.038584790172599616,1381,1364,0.9876900796524257
3371,-30.932648,6632.6353,-348.93315671705216,-0.016571045,2.5676422,0.013048825802440727,1356,1340,0.9882005899705014
3372,-30.946564,6635.225,-348.92917329649015,-0.013916016,2.5899963,0.00398342056198036,1310,1293,0.9870229007633587
3373,-30.940338,6637.8037,-348.9128266361432,0.006225586,2.5783997,0.016346660346927378,1370,1358,0.9912408759124087
3374,-30.982025,6640.4023,-348.935155888683,-0.04168701,2.598587,-0.022329252539824235,1351,1337,0.9896373056994818
3375,-31.00595,6642.929,-348.9742132867462,-0.023925781,2.5267487,-0.0390573980631723,1388,1376,0.9913544668587896
3376,-30.979095,6645.4634,-348.9559953655664,0.026855469,2.5340576,0.018217921179768223,1358,1347,0.991899852724595
3377,-31.009827,6647.994,-348.90755598327945,-0.030731201,2.5309143,0.048439382286943576,1359,1346,0.9904341427520236
3378,-31.003723,6650.5933,-348.89635893785214,0.0061035156,2.5990906,0.011197045427313384,1369,1357,0.9912344777209642
3379,-31.115326,6653.094,-348.9292692318163,-0.11160278,2.501175,-0.03291029396414269,1361,1345,0.988243938280676
3380,-31.100647,6655.7017,-348.9252969647614,0.014678955,2.6074066,0.003972267054909771,1357,1344,0.9904200442151806
3381,-31.167206,6658.236,-348.9362353690276,-0.06655884,2.5340118,-0.010938404266224657,1373,1357,0.9883466860888566
3382,-31.198425,6660.797,-348.926338878654,-0.031219482,2.5609741,0.009896490373575123,1344,1333,0.9918154761904762
3383,-31.190369,6663.3525,-348.9442620318011,0.008056641,2.5555878,-0.01792315314706244,1369,1353,0.9883126369612856
3384,-31.211578,6665.938,-348.91718557531243,-0.021209717,2.585434,0.027076456488632935,1358,1347,0.991899852724595
3385,-31.22052,6668.5527,-348.9232228308305,-0.00894165,2.6149597,-0.006037255518066586,1368,1350,0.9868421052631579
3386,-31.194702,6671.135,-348.89302449752506,0.025817871,2.5822296,0.030198333305440396,1352,1339,0.9903846153846154
3387,-31.25177,6673.747,-348.906916902162,-0.05706787,2.6121063,-0.013892404636897148,1380,1372,0.9942028985507246
3388,-31.241425,6676.297,-348.88564093834555,0.010345459,2.549881,0.02127596381644118,1343,1329,0.9895755770662695
3389,-31.256561,6678.8564,-348.9029267511467,-0.015136719,2.5596313,-0.01728581280118408,1333,1317,0.9879969992498124
3390,-31.229584,6681.431,-348.89565262794036,0.026977539,2.5746002,0.007274123206355066,1379,1369,0.9927483683828862
3391,-31.317322,6684.029,-348.9095659715352,-0.08773804,2.5975952,-0.013913343594810943,1357,1345,0.9911569638909359
3392,-31.391846,6686.6177,-348.8918973482505,-0.074523926,2.588913,0.017668623284681873,1349,1331,0.9866567828020756
3393,-31.361603,6689.1265,-348.8852080686859,0.03024292,2.5088959,0.006689279564579013,1358,1344,0.9896907216494846
3394,-31.42212,6691.658,-348.8961884791978,-0.060516357,2.5314941,-0.010980410511891175,1348,1336,0.9910979228486647
3395,-31.450989,6694.2246,-348.90933388105515,-0.028869629,2.5664673,-0.013145401857350745,1346,1331,0.9888558692421991
3396,-31.460632,6696.7197,-348.8784989519365,-0.009643555,2.4952545,0.030834929118665613,1321,1299,0.9833459500378501
3397,-31.460876,6699.3047,-348.87825596601294,-0.00024414062,2.5849,0.00024298592355078593,1370,1346,0.9824817518248176
3398,-31.460297,6701.8247,-348.84340995172715,0.000579834,2.5200043,0.034846014285782476,1393,1379,0.9899497487437185
3399,-31.508972,6704.294,-348.9170788842135,-0.048675537,2.469101,-0.07366893248634457,1340,1328,0.991044776119403
3400,-31.563507,6706.8438,-348.9010284913023,-0.054534912,2.5500183,0.016050392911170625,1348,1335,0.9903560830860534
3401,-31.582703,6709.3774,-348.88672598563613,-0.019195557,2.5334625,0.014302505666186117,1340,1324,0.9880597014925373
3402,-31.604614,6711.949,-348.8740616351299,-0.021911621,2.5716858,0.012664350506228233,1330,1321,0.9932330827067669
3403,-31.587158,6714.515,-348.8996728300608,0.017456055,2.5657349,-0.02561119493086837,1357,1338,0.9859985261606485
3404,-31.535492,6717.06,-348.8715860452027,0.05166626,2.5449066,0.02808678485811559,1332,1319,0.9902402402402403
3405,-31.508026,6719.6626,-348.8694546517372,0.02746582,2.6027374,0.002131393465484311,1348,1333,0.9888724035608308
3406,-31.455383,6722.222,-348.8554519442665,0.052642822,2.5594177,0.014002707470667055,1368,1355,0.9904970760233918
3407,-31.4935,6724.753,-348.8430866666305,-0.038116455,2.5308533,0.012365277636019512,1354,1343,0.9918759231905465
3408,-31.493988,6727.3013,-348.8481292476943,-0.00048828125,2.5482483,-0.005042581063818555,1349,1333,0.9881393624907339
3409,-31.506927,6729.8813,-348.84216381219824,-0.012939453,2.5802765,0.005965435496073643,1371,1359,0.9912472647702407
3410,-31.505493,6732.4478,-348.8276607455459,0.0014343262,2.5661774,0.014503066652321768,1328,1316,0.9909638554216867
3411,-31.533112,6734.9634,-348.8113047497066,-0.027618408,2.5155945,0.016355995839309048,1359,1343,0.9882266372332598
3412,-31.500458,6737.511,-348.81500404873634,0.03265381,2.5480194,-0.0036992990297100457,1345,1336,0.9933085501858736
3413,-31.524506,6740.057,-348.81276544694543,-0.024047852,2.5459137,0.002238601790932441,1389,1379,0.9928005759539237
3414,-31.549896,6742.5737,-348.82641956616425,-0.025390625,2.5164642,-0.013654119218808828,1351,1338,0.9903774981495189
3415,-31.558868,6745.0786,-348.7709839740529,-0.008972168,2.5050964,0.05543559211135013,1350,1333,0.9874074074074074
3416,-31.495483,6747.6294,-348.7109243550497,0.06338501,2.5506287,0.06005961900319805,1367,1353,0.9897585954645208
3417,-31.561768,6750.085,-348.7696016876944,-0.06628418,2.4553833,-0.05867733264468244,1388,1375,0.9906340057636888
3418,-31.596436,6752.6465,-348.7508931474896,-0.03466797,2.5615387,0.018708540204774495,1355,1335,0.985239852398524
3419,-31.628387,6755.1533,-348.7667787960934,-0.031951904,2.5067902,-0.015885648603762015,1362,1347,0.9889867841409692
3420,-31.641815,6757.7124,-348.7601909318317,-0.013427734,2.5588684,0.006587864261670308,1384,1365,0.986271676300578
3421,-31.663513,6760.193,-348.7663979534494,-0.021697998,2.480423,-0.006207021617723327,1384,1366,0.9869942196531792
3422,-31.673096,6762.765,-348.75442415402,-0.0095825195,2.5722504,0.01197379942944237,1354,1337,0.9874446085672083
3423,-31.70816,6765.2515,-348.7729379594094,-0.035064697,2.486374,-0.01851380538936778,1348,1335,0.9903560830860534
3424,-31.75531,6767.732,-348.7488824274332,-0.04714966,2.4805603,0.02405553197617661,1368,1358,0.9926900584795322
3425,-31.820435,6770.2393,-348.7606414116753,-0.06512451,2.5071716,-0.011758984242106581,1379,1360,0.9862218999274837
3426,-31.841919,6772.785,-348.72299829044186,-0.021484375,2.5458527,0.037643121233429756,1368,1352,0.9883040935672515
3427,-31.799164,6775.3555,-348.67624395293495,0.042755127,2.5705566,0.04675433750693429,1332,1320,0.990990990990991
3428,-31.859863,6777.8994,-348.6727898464248,-0.060699463,2.5438843,0.0034541065101683604,1365,1350,0.989010989010989
3429,-31.861847,6780.394,-348.6626093439876,-0.0019836426,2.4944763,0.01018050243719198,1367,1357,0.9926847110460864
