frame_idx,cum_x,cum_y,cum_yaw,dx,dy,dyaw,good_matches,inliers,inlier_ratio,mean_score
0,0.0,0.0,0.0,0.0,0.0,0.0,0,0,1.0,1.0
1,0.541687,0.11373901,0.00924655320021272,0.54168701171875,0.113739013671875,0.00924655320021272,192,190,0.9895833333333334,1.0
2,0.956604,0.44178772,-0.057123687790818785,0.4149169921875,0.3280487060546875,-0.0663702409910315,191,190,0.9947643979057592,1.0
3,1.38031,0.5674591,-0.05963192551665793,0.4237060546875,0.12567138671875,-0.0025082377258391405,183,183,1.0,1.0
4,1.7781677,0.796051,-0.04038559805385951,0.397857666015625,0.2285919189453125,0.01924632746279842,185,185,1.0,1.0
5,1.9173584,0.99020386,-0.2719236500908936,0.139190673828125,0.19415283203125,-0.23153805203703406,183,183,1.0,1.0
6,2.0878296,1.184967,-0.30922115093320146,0.17047119140625,0.19476318359375,-0.037297500842307846,191,191,1.0,1.0
7,2.3781128,1.4640503,-0.301538116227092,0.290283203125,0.279083251953125,0.007683034706109501,182,180,0.989010989010989,1.0
8,2.618042,1.7172089,-0.3290692724688608,0.23992919921875,0.2531585693359375,-0.02753115624176881,183,181,0.9890710382513661,1.0
9,3.0390625,1.9700317,-0.3275450870055678,0.4210205078125,0.2528228759765625,0.0015241854632930382,180,171,0.95,1.0
10,3.3755798,2.314682,-0.39919153592395135,0.336517333984375,0.3446502685546875,-0.07164644891838357,184,165,0.8967391304347826,1.0
11,3.3817444,2.6905823,-1.451772980016303,0.00616455078125,0.3759002685546875,-1.0525814440923518,181,172,0.9502762430939227,1.0
12,3.7294312,3.2275696,-3.2806773357971717,0.347686767578125,0.5369873046875,-1.8289043557808686,181,159,0.8784530386740331,1.0
13,3.8612366,3.5652008,-3.7727052876921903,0.131805419921875,0.3376312255859375,-0.49202795189501836,177,173,0.9774011299435028,1.0
14,4.223419,3.6988068,-5.402721503520792,0.3621826171875,0.13360595703125,-1.6300162158286013,168,163,0.9702380952380952,1.0
15,4.0488586,4.003952,-6.487839434291758,-0.174560546875,0.305145263671875,-1.0851179307709666,177,176,0.9943502824858758,1.0
16,4.34964,4.454422,-7.4156597982128005,0.30078125,0.450469970703125,-0.9278203639210425,179,177,0.9888268156424581,1.0
17,4.4673157,5.261032,-7.685180901557483,0.11767578125,0.806610107421875,-0.26952110334468204,184,182,0.9891304347826086,1.0
18,5.0400085,5.3885193,-8.336679038858426,0.57269287109375,0.1274871826171875,-0.6514981373009429,199,198,0.9949748743718593,1.0
19,5.6501465,5.923935,-8.830552171463623,0.610137939453125,0.5354156494140625,-0.49387313260519683,197,196,0.9949238578680203,1.0
20,5.8844604,6.239914,-9.303490629363951,0.23431396484375,0.31597900390625,-0.4729384579003291,196,189,0.9642857142857143,1.0
21,5.783783,7.0549164,-9.50089881435335,-0.100677490234375,0.81500244140625,-0.19740818498939833,201,196,0.9751243781094527,1.0
22,5.5689087,7.7156525,-9.686867207555295,-0.214874267578125,0.660736083984375,-0.18596839320194464,206,205,0.9951456310679612,1.0
23,5.804901,8.13562,-10.005309224921444,0.235992431640625,0.4199676513671875,-0.3184420173661478,214,213,0.9953271028037384,1.0
24,5.701233,8.345123,-10.153271549368878,-0.103668212890625,0.209503173828125,-0.14796232444743407,197,194,0.9847715736040609,1.0
25,5.7402954,8.848404,-10.33388894090004,0.0390625,0.5032806396484375,-0.18061739153116327,209,208,0.9952153110047847,1.0
26,5.5132446,9.502914,-10.377870992439112,-0.22705078125,0.654510498046875,-0.04398205153907091,204,203,0.9950980392156863,1.0
27,5.3098145,10.184387,-10.625615014309798,-0.20343017578125,0.6814727783203125,-0.24774402187068553,212,211,0.9952830188679245,1.0
28,5.3413696,10.430664,-10.771894178362354,0.03155517578125,0.24627685546875,-0.14627916405255664,207,207,1.0,1.0
29,5.3526917,10.702087,-11.084559526053784,0.011322021484375,0.27142333984375,-0.3126653476914294,213,212,0.9953051643192489,1.0
30,5.47583,10.998642,-11.483776109687508,0.123138427734375,0.2965545654296875,-0.3992165836337238,210,209,0.9952380952380953,1.0
31,5.8621216,11.096252,-12.012935445935277,0.38629150390625,0.0976104736328125,-0.5291593362477686,202,201,0.995049504950495,1.0
32,5.5967712,11.479401,-12.249750619725793,-0.265350341796875,0.383148193359375,-0.23681517379051542,203,202,0.9950738916256158,1.0
33,5.687134,11.712936,-12.463232300631802,0.090362548828125,0.2335357666015625,-0.21348168090600853,211,210,0.995260663507109,1.0
34,5.4416504,12.132843,-12.539652194279507,-0.2454833984375,0.4199066162109375,-0.0764198936477053,204,203,0.9950980392156863,1.0
35,5.227051,12.415222,-12.674471511914673,-0.214599609375,0.282379150390625,-0.1348193176351663,205,204,0.9951219512195122,1.0
36,5.5694275,12.470825,-13.075952960659516,0.342376708984375,0.05560302734375,-0.401481448744842,211,211,1.0,1.0
37,5.572296,12.587402,-13.339760866889979,0.00286865234375,0.1165771484375,-0.26380790623046263,214,214,1.0,1.0
38,5.3410645,12.905334,-13.450084243136864,-0.231231689453125,0.31793212890625,-0.1103233762468862,212,212,1.0,1.0
39,5.5152893,12.89888,-13.706669614942415,0.174224853515625,-0.0064544677734375,-0.25658537180555063,215,214,0.9953488372093023,1.0
40,5.385437,13.209595,-13.8432212837011,-0.129852294921875,0.3107147216796875,-0.1365516687586852,220,218,0.990909090909091,1.0
41,5.256256,13.29686,-13.859677184409948,-0.129180908203125,0.0872650146484375,-0.016455900708849017,218,217,0.9954128440366973,1.0
42,5.844055,13.375275,-14.201230341150993,0.587799072265625,0.0784149169921875,-0.34155315674104364,216,215,0.9953703703703703,1.0
43,5.5966797,13.524673,-14.28319660959949,-0.24737548828125,0.1493988037109375,-0.08196626844849732,214,213,0.9953271028037384,1.0
44,5.5539246,13.638031,-14.246906291929792,-0.042755126953125,0.1133575439453125,0.03629031766969829,214,213,0.9953271028037384,1.0
45,5.4727173,13.596359,-14.366092271882543,-0.081207275390625,-0.0416717529296875,-0.11918597995275201,214,213,0.9953271028037384,1.0
46,5.403839,13.634033,-14.467803754504496,-0.068878173828125,0.0376739501953125,-0.10171148262195358,218,218,1.0,1.0
47,5.4021606,13.648972,-14.561807995415368,-0.001678466796875,0.0149383544921875,-0.09400424091087167,211,210,0.995260663507109,1.0
48,5.3572083,13.66655,-14.537184821451506,-0.044952392578125,0.017578125,0.024623173963862592,223,221,0.9910313901345291,1.0
49,5.327881,13.647675,-14.595039554650832,-0.029327392578125,-0.0188751220703125,-0.05785473319932628,219,217,0.9908675799086758,1.0
50,5.238037,13.517136,-14.619111720802819,-0.08984375,-0.1305389404296875,-0.024072166151987463,217,217,1.0,1.0
51,5.13974,13.195007,-14.619888231858779,-0.098297119140625,-0.3221282958984375,-0.000776511055959499,222,220,0.990990990990991,1.0
52,5.178314,12.980774,-14.68719911811846,0.03857421875,-0.2142333984375,-0.0673108862596814,214,213,0.9953271028037384,1.0
53,5.083191,13.127502,-14.648896248746109,-0.095123291015625,0.146728515625,0.038302869372351375,201,200,0.9950248756218906,1.0
54,4.973938,13.187561,-14.60401272910694,-0.1092529296875,0.06005859375,0.04488351963917008,205,205,1.0,1.0
55,5.06427,13.034439,-14.601017173097,0.09033203125,-0.1531219482421875,0.0029955560099392767,206,205,0.9951456310679612,1.0
56,4.997711,12.69577,-14.666656746162005,-0.066558837890625,-0.3386688232421875,-0.0656395730650052,200,200,1.0,1.0
57,5.2194214,12.442688,-14.704257227555706,0.221710205078125,-0.253082275390625,-0.03760048139370192,222,220,0.990990990990991,1.0
58,5.234833,12.272293,-14.672071236374169,0.015411376953125,-0.1703948974609375,0.03218599118153774,214,213,0.9953271028037384,1.0
59,5.4735107,11.663879,-14.727628413676488,0.238677978515625,-0.6084136962890625,-0.05555717730231867,208,205,0.9855769230769231,1.0
60,5.6065674,11.481979,-14.666945461468671,0.133056640625,-0.1819000244140625,0.06068295220781694,214,212,0.9906542056074766,1.0
61,5.6177673,11.140747,-14.708990357264463,0.011199951171875,-0.3412322998046875,-0.04204489579579273,220,219,0.9954545454545455,1.0
62,5.6582947,11.06073,-14.675382510257913,0.04052734375,-0.08001708984375,0.03360784700655022,223,223,1.0,1.0
63,5.742981,10.941757,-14.655673047808692,0.084686279296875,-0.1189727783203125,0.019709462449221348,227,227,1.0,1.0
64,5.846527,10.835632,-14.686753091349857,0.103546142578125,-0.1061248779296875,-0.031080043541165267,214,214,1.0,1.0
65,5.90506,10.791214,-14.622070362960581,0.05853271484375,-0.0444183349609375,0.06468272838927613,220,217,0.9863636363636363,1.0
66,5.596222,10.658585,-14.64432111988861,-0.308837890625,-0.13262939453125,-0.02225075692802891,207,207,1.0,1.0
67,5.648285,10.438904,-14.64682830332992,0.05206298828125,-0.2196807861328125,-0.002507183441310392,208,208,1.0,1.0
68,5.632416,10.071823,-14.75541001373224,-0.015869140625,-0.3670806884765625,-0.10858171040231963,205,203,0.9902439024390244,1.0
69,5.5149536,9.782852,-14.75505657128197,-0.117462158203125,-0.288970947265625,0.0003534424502681125,219,217,0.9908675799086758,1.0
70,6.2012634,9.339874,-15.049310471395037,0.686309814453125,-0.4429779052734375,-0.2942539001130658,213,213,1.0,1.0
71,6.1335144,9.121414,-15.121418041576458,-0.0677490234375,-0.2184600830078125,-0.07210757018142157,209,208,0.9952153110047847,1.0
72,6.1135864,8.929474,-15.12194125613767,-0.019927978515625,-0.1919403076171875,-0.0005232145612128307,211,210,0.995260663507109,1.0
73,5.4895935,9.079773,-14.911060043846051,-0.623992919921875,0.150299072265625,0.2108812122916203,215,212,0.986046511627907,1.0
74,5.372345,8.883713,-14.9749795800832,-0.11724853515625,-0.1960601806640625,-0.06391953623714947,206,206,1.0,1.0
75,5.67865,8.592224,-15.181164308063037,0.306304931640625,-0.2914886474609375,-0.20618472797983672,207,207,1.0,1.0
76,5.708313,8.222504,-15.261763909635523,0.0296630859375,-0.369720458984375,-0.08059960157248489,203,202,0.9950738916256158,1.0
77,5.6906433,8.015945,-15.30302288103117,-0.017669677734375,-0.2065582275390625,-0.041258971395648034,197,195,0.9898477157360406,1.0
78,5.720093,7.5241394,-15.424683040570734,0.029449462890625,-0.4918060302734375,-0.12166015953956426,191,189,0.9895287958115183,1.0
79,6.031555,7.413559,-15.492117705153865,0.31146240234375,-0.1105804443359375,-0.06743466458313022,205,204,0.9951219512195122,1.0
80,6.2645874,7.2013397,-15.561191251619407,0.2330322265625,-0.21221923828125,-0.06907354646554273,201,198,0.9850746268656716,1.0
81,6.4097595,6.8511963,-15.722119197111189,0.145172119140625,-0.3501434326171875,-0.16092794549178144,200,197,0.985,1.0
82,6.5658875,6.706436,-15.756736034374791,0.1561279296875,-0.1447601318359375,-0.03461683726360233,202,202,1.0,1.0
83,6.6864624,6.6169586,-15.858454595663945,0.120574951171875,-0.0894775390625,-0.10171856128915306,198,194,0.9797979797979798,1.0
84,6.8954163,6.585617,-15.939649242259847,0.208953857421875,-0.031341552734375,-0.08119464659590282,195,190,0.9743589743589743,1.0
85,7.080963,6.4852753,-16.04882405068069,0.185546875,-0.100341796875,-0.10917480842084348,207,203,0.9806763285024155,1.0
86,7.1639404,6.7173615,-16.227124657568158,0.082977294921875,0.232086181640625,-0.1783006068874684,202,199,0.9851485148514851,1.0
87,7.2579346,6.8443604,-16.282286174742385,0.093994140625,0.1269989013671875,-0.05516151717422788,195,193,0.9897435897435898,1.0
88,7.3077087,6.97464,-16.364221343036228,0.049774169921875,0.130279541015625,-0.08193516829384262,196,195,0.9948979591836735,1.0
89,7.37558,7.2009583,-16.515222747494953,0.06787109375,0.226318359375,-0.15100140445872465,202,202,1.0,1.0
90,7.6276855,7.100647,-16.850846890375852,0.252105712890625,-0.100311279296875,-0.33562414288089876,195,192,0.9846153846153847,1.0
91,7.9644165,7.2124176,-17.082627330009405,0.33673095703125,0.1117706298828125,-0.23178043963355185,189,186,0.9841269841269841,1.0
92,8.20636,7.2604065,-17.270831247908387,0.241943359375,0.0479888916015625,-0.18820391789898064,198,197,0.9949494949494949,1.0
93,8.631592,7.441742,-17.516470518076236,0.42523193359375,0.18133544921875,-0.24563927016785114,194,193,0.9948453608247423,1.0
94,9.623627,6.9090576,-18.054739693492895,0.992034912109375,-0.532684326171875,-0.53826917541666,188,185,0.9840425531914894,1.0
95,9.626526,7.112076,-18.25814167897577,0.002899169921875,0.2030181884765625,-0.2034019854828733,186,184,0.989247311827957,1.0
96,10.098541,7.062393,-18.988062430897216,0.472015380859375,-0.0496826171875,-0.7299207519214488,190,184,0.968421052631579,1.0
97,10.639374,6.8161926,-19.16575011158498,0.54083251953125,-0.2462005615234375,-0.17768768068776356,183,181,0.9890710382513661,1.0
98,10.763641,6.892227,-19.311593394297667,0.124267578125,0.0760345458984375,-0.1458432827126877,179,177,0.9888268156424581,1.0
99,10.535309,6.744339,-19.593582370614495,-0.22833251953125,-0.14788818359375,-0.28198897631683006,191,190,0.9947643979057592,1.0
100,10.761871,6.7578278,-20.0915956243401,0.2265625,0.01348876953125,-0.4980132537256048,182,181,0.9945054945054945,1.0
101,10.603638,6.792694,-20.327798088570013,-0.158233642578125,0.0348663330078125,-0.2362024642299113,188,186,0.9893617021276596,1.0
102,10.370392,6.9352417,-20.62849481163935,-0.233245849609375,0.142547607421875,-0.30069672306933787,180,180,1.0,1.0
103,10.332672,7.0685577,-20.93938328754197,-0.0377197265625,0.1333160400390625,-0.31088847590262025,183,183,1.0,1.0
104,10.03653,7.3565826,-21.108113725887616,-0.296142578125,0.28802490234375,-0.16873043834564763,189,188,0.9947089947089947,1.0
105,9.892944,7.698059,-21.14362024776404,-0.143585205078125,0.3414764404296875,-0.03550652187642299,181,180,0.994475138121547,1.0
106,9.576202,7.8215485,-21.25329842021757,-0.316741943359375,0.1234893798828125,-0.10967817245352882,182,182,1.0,1.0
107,9.287018,7.9543457,-21.498819400088557,-0.2891845703125,0.1327972412109375,-0.24552097987098861,189,188,0.9947089947089947,1.0
108,9.073883,8.013306,-21.680445124149674,-0.213134765625,0.0589599609375,-0.18162572406111843,187,184,0.983957219251337,1.0
109,8.879486,8.082535,-21.798297493638817,-0.19439697265625,0.0692291259765625,-0.11785236948914231,183,180,0.9836065573770492,1.0
110,8.697235,8.064743,-21.95342586941957,-0.1822509765625,-0.017791748046875,-0.15512837578075134,184,184,1.0,1.0
111,8.416443,8.141159,-22.17520844178197,-0.280792236328125,0.076416015625,-0.2217825723624002,197,197,1.0,1.0
112,8.284485,8.462173,-22.281845049426973,-0.1319580078125,0.321014404296875,-0.1066366076450054,193,192,0.9948186528497409,1.0
113,7.993866,8.72908,-22.385735339089003,-0.290618896484375,0.26690673828125,-0.10389028966203032,187,184,0.983957219251337,1.0
114,7.8442383,8.940826,-22.571970865895928,-0.149627685546875,0.2117462158203125,-0.1862355268069235,193,192,0.9948186528497409,1.0
115,7.6661377,9.108887,-22.766788024400334,-0.1781005859375,0.168060302734375,-0.19481715850440717,187,187,1.0,1.0
116,7.556366,9.348434,-22.949245420660738,-0.109771728515625,0.2395477294921875,-0.18245739626040244,193,190,0.9844559585492227,1.0
117,7.572418,9.500259,-23.17657295192207,0.01605224609375,0.151824951171875,-0.22732753126133073,188,187,0.9946808510638298,1.0
118,7.515503,9.758835,-23.405333250899623,-0.056915283203125,0.258575439453125,-0.22876029897755437,180,179,0.9944444444444445,1.0
119,7.3750916,10.182526,-23.528367550148328,-0.140411376953125,0.4236907958984375,-0.12303429924870538,191,189,0.9895287958115183,1.0
120,7.289215,10.147018,-23.764224245244456,-0.08587646484375,-0.0355072021484375,-0.23585669509612794,194,194,1.0,1.0
121,7.2152405,10.139938,-23.878078185637627,-0.073974609375,-0.007080078125,-0.11385394039317102,191,191,1.0,1.0
122,7.0121765,10.437958,-23.819729551315266,-0.20306396484375,0.2980194091796875,0.05834863432236215,189,185,0.9788359788359788,1.0
123,6.92157,10.467163,-24.07823851784385,-0.090606689453125,0.029205322265625,-0.2585089665285848,187,186,0.9946524064171123,1.0
124,6.8845215,10.545166,-24.27295572158547,-0.03704833984375,0.0780029296875,-0.1947172037416182,189,186,0.9841269841269841,1.0
125,6.3563843,10.94281,-24.452889392720277,-0.52813720703125,0.39764404296875,-0.17993367113480982,192,192,1.0,1.0
126,6.3981934,10.8785095,-24.583612348110012,0.04180908203125,-0.064300537109375,-0.13072295538973713,192,192,1.0,1.0
127,6.455261,10.920685,-24.741542124338384,0.05706787109375,0.04217529296875,-0.15792977622837323,193,192,0.9948186528497409,1.0
128,6.439453,10.955688,-24.78379647419959,-0.01580810546875,0.035003662109375,-0.04225434986120645,195,193,0.9897435897435898,1.0
129,6.4179077,10.934708,-24.87861222989389,-0.02154541015625,-0.0209808349609375,-0.09481575569429761,194,194,1.0,1.0
130,6.4786377,10.738876,-24.883928132015647,0.06072998046875,-0.195831298828125,-0.005315902121759632,201,201,1.0,1.0
131,6.550873,10.826248,-24.99019180728384,0.072235107421875,0.087371826171875,-0.10626367526819007,199,198,0.9949748743718593,1.0
132,6.572815,10.828949,-25.13829725309555,0.021942138671875,0.0027008056640625,-0.148105445811713,199,198,0.9949748743718593,1.0
133,6.555908,10.847321,-25.17853011018282,-0.01690673828125,0.01837158203125,-0.04023285708726908,194,193,0.9948453608247423,1.0
134,6.637268,10.841904,-25.220327190267938,0.08135986328125,-0.0054168701171875,-0.04179708008511827,195,193,0.9897435897435898,1.0
135,6.671295,10.78154,-25.178412617104698,0.034027099609375,-0.06036376953125,0.04191457316323991,186,185,0.9946236559139785,1.0
136,6.6993103,10.639343,-25.370320494157887,0.02801513671875,-0.1421966552734375,-0.19190787705318818,203,202,0.9950738916256158,1.0
137,6.7559814,10.642914,-25.375839351364707,0.056671142578125,0.003570556640625,-0.0055188572068193015,192,192,1.0,1.0
138,6.7862244,10.6766815,-25.434473021892824,0.030242919921875,0.0337677001953125,-0.058633670528118645,197,196,0.9949238578680203,1.0
139,6.926544,10.595947,-25.50000344547939,0.14031982421875,-0.0807342529296875,-0.06553042358656423,195,194,0.9948717948717949,1.0
140,6.9991455,10.608459,-25.52226349117474,0.072601318359375,0.01251220703125,-0.02226004569535102,186,185,0.9946236559139785,1.0
141,7.028656,10.583649,-25.57887360214268,0.029510498046875,-0.024810791015625,-0.05661011096793971,189,189,1.0,1.0
142,7.213318,10.42392,-25.588907633439238,0.184661865234375,-0.15972900390625,-0.01003403129655844,197,197,1.0,1.0
143,7.164612,10.51181,-25.633759501056193,-0.0487060546875,0.087890625,-0.04485186761695578,208,208,1.0,1.0
144,7.420227,10.554031,-25.645022902880775,0.255615234375,0.0422210693359375,-0.011263401824582677,192,191,0.9947916666666666,1.0
145,7.7413635,10.53096,-25.715047884062884,0.321136474609375,-0.0230712890625,-0.07002498118210637,203,201,0.9901477832512315,1.0
146,7.8077087,10.498825,-25.726837810588307,0.06634521484375,-0.032135009765625,-0.01178992652542358,196,195,0.9948979591836735,1.0
147,7.985565,10.645493,-25.755460807018338,0.1778564453125,0.14666748046875,-0.02862299643003155,204,204,1.0,1.0
148,8.098785,10.796646,-25.840983327043695,0.11322021484375,0.151153564453125,-0.08552252002535723,203,203,1.0,1.0
149,8.188385,10.818207,-25.828664993578766,0.089599609375,0.0215606689453125,0.01231833346492784,205,201,0.9804878048780488,1.0
150,8.14978,11.060318,-25.98139997662835,-0.038604736328125,0.2421112060546875,-0.15273498304958336,194,192,0.9896907216494846,1.0
151,8.232788,11.04512,-25.952153714831894,0.0830078125,-0.01519775390625,0.029246261796455703,203,203,1.0,1.0
152,8.322968,11.019058,-26.01119872285142,0.090179443359375,-0.02606201171875,-0.05904500801952618,198,196,0.98989898989899,1.0
153,8.372162,11.098206,-26.045186840652203,0.0491943359375,0.0791473388671875,-0.03398811780078142,200,199,0.995,1.0
154,8.201477,11.148239,-26.07941689888412,-0.170684814453125,0.0500335693359375,-0.03423005823191451,197,197,1.0,1.0
155,8.244049,11.352158,-26.178114454231054,0.042572021484375,0.20391845703125,-0.0986975553469349,196,194,0.9897959183673469,1.0
156,8.224152,11.363907,-26.14484185831873,-0.0198974609375,0.011749267578125,0.033272595912321914,195,194,0.9948717948717949,1.0
157,8.1651,11.413086,-26.124256825210434,-0.059051513671875,0.0491790771484375,0.020585033108298293,198,198,1.0,1.0
158,8.032562,11.191849,-26.16499668611621,-0.132537841796875,-0.2212371826171875,-0.040739860905778816,194,194,1.0,1.0
159,8.0555725,11.308411,-26.063220862435674,0.02301025390625,0.1165618896484375,0.10177582368053811,206,206,1.0,1.0
160,8.011597,11.263184,-26.061526102939002,-0.043975830078125,-0.04522705078125,0.0016947594966740067,195,195,1.0,1.0
161,8.033173,11.0946045,-26.023343303094514,0.021575927734375,-0.1685791015625,0.03818279984448663,194,194,1.0,1.0
162,8.019592,11.2247925,-26.097219903484156,-0.013580322265625,0.13018798828125,-0.07387660038964369,203,203,1.0,1.0
163,8.077148,11.094254,-26.123616846233038,0.05755615234375,-0.1305389404296875,-0.026396942748882248,202,202,1.0,1.0
164,7.957123,11.084869,-26.087451320059113,-0.120025634765625,-0.0093841552734375,0.03616552617392487,200,200,1.0,1.0
165,7.936035,11.026154,-26.126447387626186,-0.021087646484375,-0.0587158203125,-0.0389960675670733,202,202,1.0,1.0
166,7.8724365,10.974411,-26.12374515031218,-0.0635986328125,-0.0517425537109375,0.002702237314008122,200,200,1.0,1.0
167,7.8969727,10.95607,-26.073149700677813,0.0245361328125,-0.018341064453125,0.05059544963436417,198,198,1.0,1.0
168,7.7896423,10.984665,-26.077603574676022,-0.107330322265625,0.028594970703125,-0.004453873998208752,201,201,1.0,1.0
169,7.8050537,11.04097,-26.103610296893795,0.015411376953125,0.056304931640625,-0.026006722217771342,205,204,0.9951219512195122,1.0
170,7.6936035,11.125153,-26.088930250520253,-0.1114501953125,0.0841827392578125,0.014680046373542024,206,205,0.9951456310679612,1.0
171,7.696228,11.157089,-26.124057995606737,0.00262451171875,0.0319366455078125,-0.03512774508648465,205,205,1.0,1.0
172,7.730072,11.232864,-26.097850374664123,0.033843994140625,0.075775146484375,0.02620762094261368,206,206,1.0,1.0
173,7.707855,11.267624,-26.072789272097676,-0.022216796875,0.034759521484375,0.02506110256644741,213,213,1.0,1.0
174,7.790161,11.217026,-26.050064691554535,0.082305908203125,-0.05059814453125,0.02272458054314007,211,211,1.0,1.0
175,7.7686462,11.149414,-26.063274138467065,-0.021514892578125,-0.0676116943359375,-0.0132094469125285,218,218,1.0,1.0
176,7.7530212,11.20932,-26.0620053686052,-0.015625,0.059906005859375,0.0012687698618661916,234,234,1.0,1.0
177,7.7740173,11.240677,-26.063359090887978,0.02099609375,0.0313568115234375,-0.0013537222827809795,227,227,1.0,1.0
178,7.742218,11.401428,-26.053113615744227,-0.03179931640625,0.1607513427734375,0.010245475143751945,223,223,1.0,1.0
179,7.6740723,11.554733,-26.03142265861831,-0.068145751953125,0.1533050537109375,0.021690957125914907,229,229,1.0,1.0
180,7.6519165,11.5466,-26.02918552842727,-0.02215576171875,-0.0081329345703125,0.0022371301910397282,226,226,1.0,1.0
181,7.602417,11.533508,-26.030896231644906,-0.04949951171875,-0.013092041015625,-0.0017107032176345714,234,234,1.0,1.0
182,7.6623535,11.526672,-26.026401544312606,0.0599365234375,-0.0068359375,0.004494687332301792,229,229,1.0,1.0
183,7.792206,11.515228,-26.020885439004292,0.129852294921875,-0.011444091796875,0.005516105308311859,226,226,1.0,1.0
184,7.8201294,11.374039,-26.026433979458222,0.027923583984375,-0.1411895751953125,-0.00554854045392803,228,227,0.9956140350877193,1.0
185,7.885559,11.210876,-26.0222373495793,0.0654296875,-0.1631622314453125,0.004196629878922152,219,219,1.0,1.0
186,7.97171,11.1315,-25.97295700259667,0.086151123046875,-0.079376220703125,0.04928034698262925,221,221,1.0,1.0
187,7.911072,11.211395,-25.333431070831963,-0.060638427734375,0.07989501953125,0.639525931764707,203,203,1.0,1.0
188,8.290375,10.369171,-20.07001008595084,0.379302978515625,-0.84222412109375,5.263420984881124,189,189,1.0,1.0
189,8.788361,9.719315,-13.666144603141797,0.49798583984375,-0.6498565673828125,6.403865482809044,191,191,1.0,1.0
190,8.980591,9.167831,-7.057867291111542,0.192230224609375,-0.551483154296875,6.608277312030255,205,205,1.0,1.0
191,9.159393,8.582535,-0.4716443770397083,0.178802490234375,-0.585296630859375,6.586222914071834,204,204,1.0,1.0
192,9.312378,7.9487457,6.149704867069701,0.152984619140625,-0.6337890625,6.6213492441094095,197,197,1.0,1.0
193,9.489044,7.250824,12.884555324157544,0.176666259765625,-0.6979217529296875,6.734850457087843,194,194,1.0,1.0
194,9.42804,6.3289948,19.4683343752248,-0.061004638671875,-0.9218292236328125,6.583779051067256,193,193,1.0,1.0
195,9.221924,5.206711,26.10584563687079,-0.20611572265625,-1.122283935546875,6.63751126164599,195,195,1.0,1.0
196,9.221497,3.740631,32.74374083605523,-0.00042724609375,-1.4660797119140625,6.637895199184439,191,191,1.0,1.0
197,9.261566,2.4072418,39.28668931306562,0.040069580078125,-1.3333892822265625,6.542948477010389,187,187,1.0,1.0
198,9.406372,0.9889374,45.96336513062594,0.144805908203125,-1.418304443359375,6.6766758175603185,197,197,1.0,1.0
199,9.448608,-0.30882263,52.6008004501398,0.042236328125,-1.297760009765625,6.6374353195138625,187,187,1.0,1.0
200,9.7204895,-1.4164886,59.29252272291781,0.271881103515625,-1.107666015625,6.691722272778007,185,184,0.9945945945945946,1.0
201,9.913269,-2.402359,66.16397354953575,0.192779541015625,-0.985870361328125,6.871450826617949,181,181,1.0,1.0
202,10.343933,-3.362152,72.78545681596347,0.4306640625,-0.9597930908203125,6.621483266427724,175,174,0.9942857142857143,1.0
203,10.675354,-3.4328613,79.44457403240327,0.3314208984375,-0.070709228515625,6.659117216439793,187,185,0.9893048128342246,1.0
204,11.170746,-3.3690948,86.15424742820986,0.495391845703125,0.0637664794921875,6.709673395806589,174,174,1.0,1.0
205,11.6311035,-3.1652985,92.66194464568332,0.460357666015625,0.20379638671875,6.507697217473458,174,173,0.9942528735632183,1.0
206,12.148376,-2.7357483,98.31210243910537,0.51727294921875,0.4295501708984375,5.650157793422047,173,172,0.9942196531791907,1.0
207,12.402679,-1.7726135,102.99855825645368,0.254302978515625,0.963134765625,4.686455817348302,185,184,0.9945945945945946,1.0
208,12.393188,-0.84861755,105.99529793170387,-0.009490966796875,0.9239959716796875,2.996739675250202,196,195,0.9948979591836735,1.0
209,12.562958,0.53915405,107.57290733779188,0.169769287109375,1.3877716064453125,1.5776094060880028,190,189,0.9947368421052631,1.0
210,12.669281,2.1913147,108.38500202870179,0.1063232421875,1.65216064453125,0.8120946909099218,191,190,0.9947643979057592,1.0
211,12.744293,4.1331177,109.19051842437997,0.07501220703125,1.941802978515625,0.8055163956781796,199,198,0.9949748743718593,1.0
212,12.852509,6.2131805,109.61894193491872,0.10821533203125,2.0800628662109375,0.42842351053874683,194,192,0.9896907216494846,1.0
213,12.911285,8.585083,109.7658567198168,0.05877685546875,2.3719024658203125,0.14691478489807655,196,195,0.9948979591836735,1.0
214,12.976624,11.073013,109.89903858680802,0.065338134765625,2.4879302978515625,0.13318186699122012,200,200,1.0,1.0
215,13.055695,13.843262,109.84577504525456,0.079071044921875,2.7702484130859375,-0.05326354155345762,201,198,0.9850746268656716,1.0
216,13.068054,16.710403,109.85778218603838,0.012359619140625,2.8671417236328125,0.012007140783816626,202,199,0.9851485148514851,1.0
217,13.007141,19.88881,109.75519509404795,-0.0609130859375,3.17840576171875,-0.10258709199042675,198,196,0.98989898989899,1.0
218,12.947784,23.304901,109.54228870761114,-0.059356689453125,3.4160919189453125,-0.21290638643681858,197,195,0.9898477157360406,1.0
219,12.929413,26.845993,109.30962023983423,-0.01837158203125,3.5410919189453125,-0.23266846777691003,191,187,0.9790575916230366,1.0
220,12.65448,30.571182,109.00484065133094,-0.274932861328125,3.725189208984375,-0.3047795885032921,197,197,1.0,1.0
221,12.375061,34.41423,108.70659461690488,-0.2794189453125,3.843048095703125,-0.29824603442606085,193,193,1.0,1.0
222,12.050232,38.550186,108.35338882857981,-0.3248291015625,4.135955810546875,-0.3532057883250637,179,175,0.9776536312849162,1.0
223,11.707123,42.82422,108.11422256663722,-0.343109130859375,4.2740325927734375,-0.2391662619425844,191,191,1.0,1.0
224,11.466217,47.29486,107.95445330672541,-0.24090576171875,4.47064208984375,-0.1597692599118048,198,196,0.98989898989899,1.0
225,11.167999,51.893463,107.84980296392511,-0.2982177734375,4.598602294921875,-0.10465034280030258,205,204,0.9951219512195122,1.0
226,10.801056,56.644424,107.73330552885068,-0.366943359375,4.7509613037109375,-0.1164974350744392,199,198,0.9949748743718593,1.0
227,10.482361,61.516678,107.56070997561214,-0.318695068359375,4.87225341796875,-0.17259555323853323,187,186,0.9946524064171123,1.0
228,10.163849,66.47278,107.4760005118364,-0.318511962890625,4.9561004638671875,-0.08470946377573707,197,195,0.9898477157360406,1.0
229,9.64859,71.67735,107.30640731792181,-0.5152587890625,5.2045745849609375,-0.1695931939145936,189,186,0.9841269841269841,1.0
230,9.216827,77.090515,107.28389771962854,-0.4317626953125,5.4131622314453125,-0.02250959829327219,194,192,0.9896907216494846,1.0
231,8.825714,82.74367,107.19913212801184,-0.39111328125,5.6531524658203125,-0.0847655916167046,192,190,0.9895833333333334,1.0
232,8.384277,88.487915,107.11688123442309,-0.441436767578125,5.7442474365234375,-0.08225089358874449,185,185,1.0,1.0
233,7.9339905,94.38573,106.94278938927818,-0.450286865234375,5.8978118896484375,-0.17409184514491435,203,202,0.9950738916256158,1.0
234,7.6178894,100.41933,106.90962165095668,-0.31610107421875,6.033599853515625,-0.033167738321497796,194,193,0.9948453608247423,1.0
235,7.052307,106.46359,106.79389805607538,-0.565582275390625,6.0442657470703125,-0.1157235948812967,199,199,1.0,1.0
236,6.5510864,112.58531,106.63446323688717,-0.501220703125,6.1217193603515625,-0.15943481918819988,189,189,1.0,1.0
237,6.1112976,118.90117,106.72414895177488,-0.439788818359375,6.31585693359375,0.08968571488770227,191,191,1.0,1.0
238,5.6653748,125.524826,106.81896082319687,-0.4459228515625,6.6236572265625,0.09481187142199968,192,192,1.0,1.0
239,5.1996155,131.55762,106.6620674844885,-0.46575927734375,6.0327911376953125,-0.15689333870837077,187,186,0.9946524064171123,1.0
240,4.5364075,137.40637,106.56025814401447,-0.6632080078125,5.8487548828125,-0.10180934047402834,185,185,1.0,1.0
241,4.150116,143.16968,106.44883937499038,-0.38629150390625,5.7633056640625,-0.11141876902408912,193,192,0.9948186528497409,1.0
242,3.7630615,149.16302,106.53624142752368,-0.387054443359375,5.99334716796875,0.087402052533298,189,188,0.9947089947089947,1.0
243,3.3847961,154.91533,106.46468297937918,-0.378265380859375,5.7523040771484375,-0.0715584481445028,196,194,0.9897959183673469,1.0
244,2.8504028,160.55678,106.3607591927401,-0.534393310546875,5.641448974609375,-0.1039237866390755,205,203,0.9902439024390244,1.0
245,2.425537,166.05939,106.26221926298666,-0.42486572265625,5.5026092529296875,-0.09853992975344457,202,200,0.9900990099009901,1.0
246,2.0743103,171.71413,106.2544029688732,-0.351226806640625,5.6547393798828125,-0.007816294113472712,196,194,0.9897959183673469,1.0
247,1.6946106,177.07019,106.1521252490891,-0.37969970703125,5.3560638427734375,-0.10227771978410401,197,197,1.0,1.0
248,1.3462219,182.49014,106.12082564594635,-0.348388671875,5.419952392578125,-0.03129960314274029,198,196,0.98989898989899,1.0
249,0.8846741,187.94473,106.06027430993473,-0.4615478515625,5.45458984375,-0.060551336011633705,179,179,1.0,1.0
250,0.6229553,193.40253,106.06599541638765,-0.26171875,5.457794189453125,0.00572110645292954,191,189,0.9895287958115183,1.0
251,0.16897583,198.78693,106.01643829799771,-0.4539794921875,5.3843994140625,-0.04955711838994728,195,194,0.9948717948717949,1.0
252,-0.29714966,204.19325,105.98341209154086,-0.46612548828125,5.4063262939453125,-0.033026206456853946,195,195,1.0,1.0
253,-0.54437256,209.598,105.96751643666519,-0.247222900390625,5.404754638671875,-0.01589565487566961,199,196,0.9849246231155779,1.0
254,-0.9432678,215.01013,105.93909548272926,-0.398895263671875,5.4121246337890625,-0.028420953935939106,195,195,1.0,1.0
255,-1.2172241,220.37866,105.89936571032693,-0.273956298828125,5.3685302734375,-0.039729772402320854,187,185,0.9893048128342246,1.0
256,-1.6550903,225.83269,105.8536231360953,-0.4378662109375,5.4540252685546875,-0.0457425742316343,201,199,0.9900497512437811,1.0
257,-2.0291748,231.18047,105.79936943912185,-0.37408447265625,5.3477783203125,-0.054253696973446466,199,198,0.9949748743718593,1.0
258,-2.422699,236.57245,105.7777299007964,-0.393524169921875,5.3919830322265625,-0.021639538325445917,196,196,1.0,1.0
259,-2.8856812,241.94125,105.76986937245113,-0.462982177734375,5.368804931640625,-0.007860528345276039,186,186,1.0,1.0
260,-3.1336975,247.36954,105.7700757085067,-0.248016357421875,5.42828369140625,0.0002063360555658115,200,198,0.99,1.0
261,-3.4975586,253.0678,105.79553167519627,-0.363861083984375,5.6982574462890625,0.025455966689579952,199,197,0.9899497487437185,1.0
262,-3.7355957,258.45898,105.78293243055761,-0.238037109375,5.39117431640625,-0.012599244638668718,199,197,0.9899497487437185,1.0
263,-3.877472,263.7588,105.7267364016001,-0.141876220703125,5.2997894287109375,-0.05619602895750476,195,194,0.9948717948717949,1.0
264,-4.1565247,269.03223,105.753666136591,-0.279052734375,5.2734375,0.02692973499089177,196,195,0.9948979591836735,1.0
265,-4.4756775,274.32593,105.69178203028041,-0.31915283203125,5.2937164306640625,-0.061884106310592046,190,188,0.9894736842105263,1.0
266,-4.697296,279.69434,105.68683589439885,-0.22161865234375,5.368408203125,-0.004946135881554503,196,196,1.0,1.0
267,-4.8019104,285.0452,105.66439687059253,-0.1046142578125,5.350860595703125,-0.02243902380633203,187,186,0.9946524064171123,1.0
268,-5.085144,290.3648,105.63516422009111,-0.283233642578125,5.319610595703125,-0.029232650501407442,191,190,0.9947643979057592,1.0
269,-5.3678894,295.66235,105.58945886140417,-0.282745361328125,5.2975311279296875,-0.045705358686937876,196,195,0.9948979591836735,1.0
270,-5.6400757,301.03583,105.5519857198026,-0.272186279296875,5.37347412109375,-0.03747314160156947,201,199,0.9900497512437811,1.0
271,-5.9114685,306.27002,105.51849460566292,-0.271392822265625,5.23419189453125,-0.03349111413967716,204,202,0.9901960784313726,1.0
272,-6.3026123,311.5969,105.49562438869933,-0.391143798828125,5.326873779296875,-0.022870216963592756,205,204,0.9951219512195122,1.0
273,-6.5356445,316.98572,105.48215793047176,-0.2330322265625,5.3888397216796875,-0.013466458227569223,202,201,0.995049504950495,1.0
274,-6.728668,322.35217,105.49365049860593,-0.193023681640625,5.3664703369140625,0.011492568134170744,194,193,0.9948453608247423,1.0
275,-7.0461426,327.67163,105.4550936417859,-0.317474365234375,5.3194580078125,-0.038556856820037164,197,197,1.0,1.0
276,-7.231018,333.0133,105.40783711598374,-0.18487548828125,5.3416900634765625,-0.04725652580215912,187,187,1.0,1.0
277,-7.5282593,338.21814,105.36033658890318,-0.2972412109375,5.204833984375,-0.047500527080561294,201,201,1.0,1.0
278,-7.7147217,343.39713,105.31807170679059,-0.18646240234375,5.178985595703125,-0.04226488211259645,202,202,1.0,1.0
279,-7.8632812,348.29602,105.2736744686444,-0.1485595703125,4.8989105224609375,-0.04439723814618707,197,196,0.9949238578680203,1.0
280,-8.046692,352.93555,105.26791771123338,-0.18341064453125,4.6395263671875,-0.00575675741101897,192,191,0.9947916666666666,1.0
281,-8.279144,357.54892,105.2157469043586,-0.232452392578125,4.613372802734375,-0.05217080687478266,185,185,1.0,1.0
282,-8.444275,361.86664,105.14850956420061,-0.165130615234375,4.3177032470703125,-0.06723734015798885,193,191,0.9896373056994818,1.0
283,-8.590057,366.02136,105.11246170262278,-0.145782470703125,4.15472412109375,-0.03604786157783081,197,196,0.9949238578680203,1.0
284,-8.765503,370.1362,105.04198365949631,-0.175445556640625,4.114837646484375,-0.07047804312646805,193,192,0.9948186528497409,1.0
285,-8.856628,373.99478,105.02008409056629,-0.09112548828125,3.85858154296875,-0.02189956893002506,190,189,0.9947368421052631,1.0
286,-8.9218445,377.77942,104.98130002137295,-0.065216064453125,3.7846527099609375,-0.038784069193336115,187,186,0.9946524064171123,1.0
287,-9.039795,381.46457,104.95742514178862,-0.117950439453125,3.685150146484375,-0.02387487958432491,190,190,1.0,1.0
288,-9.119232,384.99283,104.91098704861697,-0.079437255859375,3.52825927734375,-0.04643809317164801,181,181,1.0,1.0
289,-9.128693,388.4124,104.88160275779704,-0.00946044921875,3.4196014404296875,-0.02938429081993592,192,191,0.9947916666666666,1.0
290,-9.146881,391.73547,104.88548451179506,-0.0181884765625,3.3230743408203125,0.0038817539980117222,201,201,1.0,1.0
291,-9.2838745,395.003,104.86395162555387,-0.136993408203125,3.2675018310546875,-0.021532886241194447,203,203,1.0,1.0
292,-9.314758,398.18362,104.82382816845448,-0.0308837890625,3.180633544921875,-0.040123457099377945,208,208,1.0,1.0
293,-9.404266,401.3943,104.79433830171267,-0.089508056640625,3.2106475830078125,-0.02948986674181262,195,195,1.0,1.0
294,-9.4930725,404.58072,104.78102228186907,-0.08880615234375,3.186431884765625,-0.013316019843602181,199,198,0.9949748743718593,1.0
295,-9.670013,407.46896,104.73818811664137,-0.17694091796875,2.88824462890625,-0.042834165227708186,200,199,0.995,1.0
296,-9.737976,410.1864,104.68664651614627,-0.067962646484375,2.717437744140625,-0.051541600495104964,186,184,0.989247311827957,1.0
297,-9.832733,412.53772,104.68249408636959,-0.094757080078125,2.3513336181640625,-0.004152429776676015,184,184,1.0,1.0
298,-9.890808,414.953,104.68128364007772,-0.058074951171875,2.4152679443359375,-0.0012104462918704879,186,184,0.989247311827957,1.0
299,-9.996185,417.19843,104.70010396913027,-0.105377197265625,2.2454376220703125,0.018820329052539282,190,190,1.0,1.0
300,-10.104553,419.42065,104.6384700136006,-0.108367919921875,2.22222900390625,-0.06163395552967858,199,199,1.0,1.0
301,-10.155426,421.46924,104.67248043644607,-0.050872802734375,2.0485687255859375,0.034010422845463836,199,198,0.9949748743718593,1.0
302,-10.188568,423.5375,104.65252977610865,-0.03314208984375,2.068267822265625,-0.019950660337411417,207,205,0.9903381642512077,1.0
303,-10.393188,425.37238,104.62824666581719,-0.204620361328125,1.834869384765625,-0.024283110291465373,201,201,1.0,1.0
304,-10.429657,427.1755,104.6296912771683,-0.036468505859375,1.803131103515625,0.0014446113511208834,196,196,1.0,1.0
305,-10.503296,428.966,104.55649981052909,-0.073638916015625,1.7904815673828125,-0.07319146663921429,185,184,0.9945945945945946,1.0
306,-10.569763,430.77008,104.52055366835651,-0.06646728515625,1.8040618896484375,-0.035946142172572186,188,188,1.0,1.0
307,-10.622009,432.45673,104.48754921348203,-0.05224609375,1.6866302490234375,-0.03300445487448543,188,188,1.0,1.0
308,-10.764679,433.8681,104.43767394421155,-0.142669677734375,1.4113922119140625,-0.049875269270469924,184,184,1.0,1.0
309,-10.83017,435.37732,104.3934460719112,-0.06549072265625,1.50921630859375,-0.044227872300350544,192,190,0.9895833333333334,1.0
310,-10.92804,436.72668,104.31500106954094,-0.097869873046875,1.349365234375,-0.07844500237026483,196,195,0.9948979591836735,1.0
311,-11.008484,437.96295,104.25282980929734,-0.0804443359375,1.2362823486328125,-0.06217126024360292,201,201,1.0,1.0
312,-11.039886,439.23526,104.22633926779245,-0.031402587890625,1.272308349609375,-0.026490541504889654,196,195,0.9948979591836735,1.0
313,-11.158508,440.59775,104.17149038930941,-0.118621826171875,1.36248779296875,-0.05484887848303785,199,198,0.9949748743718593,1.0
314,-11.239807,441.77332,104.1085218526985,-0.081298828125,1.175567626953125,-0.06296853661091435,202,202,1.0,1.0
315,-11.383667,442.73456,104.1056697187251,-0.14385986328125,0.9612579345703125,-0.002852133973408589,195,192,0.9846153846153847,1.0
316,-11.407379,443.65808,104.05003113462641,-0.023712158203125,0.92352294921875,-0.05563858409869211,204,203,0.9950980392156863,1.0
317,-11.388336,444.47192,104.01031500528197,0.01904296875,0.8138275146484375,-0.0397161293444461,205,205,1.0,1.0
318,-11.449524,445.1506,103.93129720537327,-0.061187744140625,0.678680419921875,-0.07901779990870125,210,208,0.9904761904761905,1.0
319,-11.411774,445.72095,103.8758662877783,0.037750244140625,0.5703582763671875,-0.05543091759497742,202,200,0.9900990099009901,1.0
320,-11.487183,446.13226,103.7993016735369,-0.075408935546875,0.41131591796875,-0.0765646142413951,197,196,0.9949238578680203,1.0
321,-11.424927,446.5307,103.77215927644566,0.062255859375,0.3984527587890625,-0.02714239709124233,198,198,1.0,1.0
322,-11.465088,446.7774,103.70312380086301,-0.0401611328125,0.2466888427734375,-0.06903547558265748,196,195,0.9948979591836735,1.0
323,-11.369659,447.02536,103.67076626190004,0.095428466796875,0.247955322265625,-0.032357538962963436,211,211,1.0,1.0
324,-11.316986,447.0954,103.63502982849674,0.05267333984375,0.0700531005859375,-0.03573643340330338,215,215,1.0,1.0
325,-11.279602,447.10486,103.62321876058846,0.037384033203125,0.0094451904296875,-0.011811067908284043,220,219,0.9954545454545455,1.0
326,-11.259949,447.22525,103.58383382887826,0.0196533203125,0.120391845703125,-0.03938493171020719,220,220,1.0,1.0
327,-11.272827,447.26105,103.56939280034062,-0.01287841796875,0.0357818603515625,-0.014441028537626471,213,212,0.9953051643192489,1.0
328,-11.210297,447.4569,103.55458407211745,0.062530517578125,0.19586181640625,-0.014808728223175227,213,212,0.9953051643192489,1.0
329,-11.204681,447.63104,103.55139219066506,0.005615234375,0.17413330078125,-0.0031918814523913697,215,214,0.9953488372093023,1.0
330,-11.195129,447.7999,103.54371047527557,0.009552001953125,0.168853759765625,-0.007681715389483398,207,207,1.0,1.0
331,-11.2395935,448.0986,103.52074772021521,-0.044464111328125,0.2987060546875,-0.022962755060359982,206,206,1.0,1.0
332,-11.157959,448.41718,103.49638448394087,0.081634521484375,0.3185577392578125,-0.024363236274345047,196,196,1.0,1.0
333,-11.165192,448.593,103.46828579743824,-0.007232666015625,0.175811767578125,-0.028098686502633658,220,220,1.0,1.0
334,-11.219391,448.6739,103.35528227465224,-0.05419921875,0.080902099609375,-0.11300352278599655,194,193,0.9948453608247423,1.0
335,-11.143646,448.7121,103.10143002075804,0.07574462890625,0.0381927490234375,-0.2538522538941893,190,188,0.9894736842105263,1.0
336,-11.153534,448.7712,102.78620928195087,-0.0098876953125,0.059112548828125,-0.3152207388071709,188,186,0.9893617021276596,1.0
337,-11.2369995,448.78488,102.51613830429947,-0.083465576171875,0.013671875,-0.27007097765139415,195,193,0.9897435897435898,1.0
338,-11.268738,448.72293,102.34353648925885,-0.03173828125,-0.06195068359375,-0.17260181504062705,197,196,0.9949238578680203,1.0
339,-11.213013,448.7514,102.22169032687603,0.05572509765625,0.0284576416015625,-0.12184616238282828,202,201,0.995049504950495,1.0
340,-11.248474,448.7677,102.08554734132598,-0.03546142578125,0.0162811279296875,-0.13614298555005624,204,203,0.9950980392156863,1.0
341,-11.183441,448.88196,102.00165024186937,0.065032958984375,0.1142730712890625,-0.0838970994566079,199,198,0.9949748743718593,1.0
342,-11.1528015,449.0451,101.88302440872704,0.0306396484375,0.16314697265625,-0.1186258331423369,193,190,0.9844559585492227,1.0
343,-11.165497,449.30655,101.78109754593211,-0.0126953125,0.261444091796875,-0.10192686279491898,199,195,0.9798994974874372,1.0
344,-11.154724,449.5725,101.69306460849317,0.010772705078125,0.2659454345703125,-0.08803293743894396,200,200,1.0,1.0
345,-11.062164,449.9998,101.63263901624784,0.092559814453125,0.427276611328125,-0.0604255922453363,198,197,0.9949494949494949,1.0
346,-11.06604,450.5588,101.55453345737028,-0.003875732421875,0.55902099609375,-0.07810555887755741,206,205,0.9951456310679612,1.0
347,-11.025177,451.16327,101.48174159002264,0.040863037109375,0.604461669921875,-0.07279186734764675,202,201,0.995049504950495,1.0
348,-11.05365,451.80496,101.38284156032219,-0.028472900390625,0.641693115234375,-0.09890002970044913,201,199,0.9900497512437811,1.0
349,-11.053192,452.64014,101.31005345030191,0.000457763671875,0.8351898193359375,-0.07278811002028558,202,201,0.995049504950495,1.0
350,-11.091858,453.59985,101.23860653138368,-0.038665771484375,0.959716796875,-0.07144691891822862,197,197,1.0,1.0
351,-11.014526,454.7318,101.23482149464427,0.07733154296875,1.1319427490234375,-0.0037850367394215057,202,201,0.995049504950495,1.0
352,-11.034637,456.0094,101.19241270461795,-0.020111083984375,1.2776031494140625,-0.04240879002631218,201,201,1.0,1.0
353,-11.101959,457.43823,101.15999511563868,-0.06732177734375,1.4288482666015625,-0.03241758897926728,190,189,0.9947368421052631,1.0
354,-11.123413,459.09253,101.09880659465422,-0.021453857421875,1.6542816162109375,-0.06118852098445366,196,196,1.0,1.0
355,-11.230316,460.88776,101.03360656891493,-0.106903076171875,1.7952117919921875,-0.06520002573928407,201,199,0.9900497512437811,1.0
356,-11.327728,462.87943,101.00066552205674,-0.097412109375,1.991668701171875,-0.03294104685819332,197,197,1.0,1.0
357,-11.3993225,464.9713,100.98854618503944,-0.07159423828125,2.0918731689453125,-0.012119337017290212,199,199,1.0,1.0
358,-11.426453,467.17462,100.98081206318064,-0.027130126953125,2.2032928466796875,-0.0077341218587965695,195,194,0.9948717948717949,1.0
359,-11.480377,469.7895,100.96140285693005,-0.053924560546875,2.6148529052734375,-0.019409206250592167,189,188,0.9947089947089947,1.0
360,-11.470947,472.56213,100.93703685040599,0.009429931640625,2.7726287841796875,-0.024366006524068666,196,195,0.9948979591836735,1.0
361,-11.563446,475.48572,100.93129019229936,-0.092498779296875,2.923583984375,-0.005746658106629244,198,194,0.9797979797979798,1.0
362,-11.604919,478.43555,100.92386846827507,-0.041473388671875,2.9498443603515625,-0.00742172402427871,191,190,0.9947643979057592,1.0
363,-11.731293,481.32806,100.85420527877034,-0.126373291015625,2.89251708984375,-0.0696631895047351,189,187,0.9894179894179894,1.0
364,-11.952911,484.40643,100.80710504652214,-0.22161865234375,3.0783538818359375,-0.04710023224820409,195,195,1.0,1.0
365,-12.047943,487.4285,100.74684558441655,-0.09503173828125,3.022064208984375,-0.060259462105589294,199,198,0.9949748743718593,1.0
366,-12.24588,490.47412,100.70395035161239,-0.19793701171875,3.0456085205078125,-0.042895232804157635,192,191,0.9947916666666666,1.0
367,-12.292694,493.58893,100.66801294396672,-0.04681396484375,3.1148223876953125,-0.035937407645674636,202,201,0.995049504950495,1.0
368,-12.326599,496.577,100.67197578958574,-0.033905029296875,2.988067626953125,0.003962845619023976,194,194,1.0,1.0
369,-12.548676,499.53207,100.60197317674866,-0.222076416015625,2.955078125,-0.07000261283708013,197,197,1.0,1.0
370,-12.587097,502.3853,100.56150886928673,-0.038421630859375,2.853240966796875,-0.0404643074619294,201,200,0.9950248756218906,1.0
371,-12.76239,505.19757,100.45177594491504,-0.17529296875,2.812255859375,-0.10973292437167785,202,202,1.0,1.0
372,-12.780609,508.031,100.41538277838457,-0.018218994140625,2.83343505859375,-0.03639316653047283,199,199,1.0,1.0
373,-12.887421,510.85443,100.3703636066397,-0.1068115234375,2.8234100341796875,-0.04501917174486798,203,203,1.0,1.0
374,-12.979492,513.5499,100.34439302491141,-0.092071533203125,2.695465087890625,-0.025970581728293866,194,194,1.0,1.0
375,-13.071472,516.2021,100.30914892561748,-0.09197998046875,2.6521453857421875,-0.03524409929393455,196,195,0.9948979591836735,1.0
376,-13.115112,518.8563,100.29219351552364,-0.04364013671875,2.654266357421875,-0.01695541009384543,199,197,0.9899497487437185,1.0
377,-13.127899,521.5132,100.23229095530176,-0.012786865234375,2.6568756103515625,-0.05990256022187033,206,205,0.9951456310679612,1.0
378,-13.096497,524.1459,100.202938224922,0.031402587890625,2.632659912109375,-0.029352730379772547,196,194,0.9897959183673469,1.0
379,-13.231476,526.73016,100.14754589025318,-0.134979248046875,2.5842742919921875,-0.05539233466880614,198,197,0.9949494949494949,1.0
380,-13.162628,529.324,100.15526769395566,0.06884765625,2.59381103515625,0.0077218037024822305,195,195,1.0,1.0
381,-13.145538,531.9445,100.131796264824,0.01708984375,2.6205596923828125,-0.023471429131662516,194,193,0.9948453608247423,1.0
382,-13.130829,534.53796,100.1242232649048,0.01470947265625,2.59344482421875,-0.007572999919208218,193,191,0.9896373056994818,1.0
383,-13.103638,537.2644,100.07656195683779,0.027191162109375,2.7264556884765625,-0.0476613080670009,196,195,0.9948979591836735,1.0
384,-13.115509,539.84924,100.08112833957068,-0.011871337890625,2.5848541259765625,0.0045663827328842905,187,186,0.9946524064171123,1.0
385,-13.170227,542.498,100.0371116764278,-0.054718017578125,2.6487579345703125,-0.044016663142885215,187,187,1.0,1.0
386,-13.100494,545.0669,100.04911211484996,0.069732666015625,2.568878173828125,0.01200043842216308,192,191,0.9947916666666666,1.0
387,-13.208588,547.66156,100.0190992453743,-0.10809326171875,2.59466552734375,-0.030012869475661126,202,199,0.9851485148514851,1.0
388,-13.144104,550.2943,100.01812743595575,0.064483642578125,2.632781982421875,-0.0009718094185619048,197,196,0.9949238578680203,1.0
389,-13.164978,552.9297,100.0153947570063,-0.0208740234375,2.635406494140625,-0.0027326789494403767,196,195,0.9948979591836735,1.0
390,-13.193939,555.59216,100.01068737297287,-0.028961181640625,2.6624908447265625,-0.0047073840334423194,197,196,0.9949238578680203,1.0
391,-13.26059,558.1831,99.98970232676474,-0.066650390625,2.590911865234375,-0.020985046208124733,202,199,0.9851485148514851,1.0
392,-13.184021,560.80786,100.00561453103099,0.076568603515625,2.6247406005859375,0.0159122042662394,194,193,0.9948453608247423,1.0
393,-13.205597,563.4562,100.03387557244307,-0.021575927734375,2.6483001708984375,0.02826104141208645,195,194,0.9948717948717949,1.0
394,-13.184204,566.0466,100.06840446734122,0.021392822265625,2.5903778076171875,0.03452889489816155,198,195,0.9848484848484849,1.0
395,-13.284515,568.80273,100.05068810572045,-0.100311279296875,2.75616455078125,-0.017716361620768104,194,193,0.9948453608247423,1.0
396,-13.147125,571.447,100.0609859636911,0.13739013671875,2.6442718505859375,0.01029785797063726,200,200,1.0,1.0
397,-13.229462,574.0548,100.0928995211399,-0.08233642578125,2.607818603515625,0.03191355744880538,196,196,1.0,1.0
398,-13.208282,576.6989,100.10978739783455,0.02117919921875,2.64410400390625,0.01688787669464913,188,188,1.0,1.0
399,-13.366608,579.24963,100.08101676991264,-0.1583251953125,2.550689697265625,-0.028770627921912695,194,193,0.9948453608247423,1.0
400,-13.257019,581.8484,100.12472673271198,0.109588623046875,2.598724365234375,0.04370996279933366,190,188,0.9894736842105263,1.0
401,-13.321594,584.5363,100.15665907787327,-0.0645751953125,2.6879119873046875,0.031932345161288664,189,188,0.9947089947089947,1.0
402,-13.468689,587.0674,100.18426439498491,-0.1470947265625,2.53106689453125,0.027605317111642214,195,194,0.9948717948717949,1.0
403,-13.459869,589.74426,100.21631578929858,0.008819580078125,2.676910400390625,0.032051394313675804,199,199,1.0,1.0
404,-13.542358,592.3309,100.20785884314392,-0.082489013671875,2.5866241455078125,-0.008456946154649323,191,191,1.0,1.0
405,-13.514343,595.0224,100.27378772183323,0.02801513671875,2.6915283203125,0.0659288786892996,181,180,0.994475138121547,1.0
406,-13.559448,597.4437,100.31078591852973,-0.04510498046875,2.4213104248046875,0.03699819669650409,193,192,0.9948186528497409,1.0
407,-13.512573,599.94965,100.32037975931341,0.046875,2.5059051513671875,0.00959384078367626,194,193,0.9948453608247423,1.0
408,-13.4861145,602.5782,100.36200864263667,0.026458740234375,2.6285247802734375,0.04162888332325861,200,198,0.99,1.0
409,-13.479065,605.20667,100.38876750976578,0.007049560546875,2.6284637451171875,0.02675886712912392,202,201,0.995049504950495,1.0
410,-13.517456,607.7887,100.43240920721865,-0.03839111328125,2.58203125,0.04364169745286811,198,198,1.0,1.0
411,-13.440521,610.4133,100.47077920843378,0.076934814453125,2.6246185302734375,0.038370001215124225,203,201,0.9901477832512315,1.0
412,-13.437408,613.0835,100.49240652954335,0.00311279296875,2.670196533203125,0.021627321109567815,204,199,0.9754901960784313,1.0
413,-13.490356,615.75323,100.51602828588587,-0.052947998046875,2.6697540283203125,0.02362175634251942,195,194,0.9948717948717949,1.0
414,-13.395966,618.47174,100.56606315412748,0.094390869140625,2.7184906005859375,0.0500348682416161,197,196,0.9949238578680203,1.0
415,-13.385742,621.15,100.5768979557246,0.010223388671875,2.678253173828125,0.010834801597127262,206,205,0.9951456310679612,1.0
416,-13.431427,623.843,100.60629373035866,-0.045684814453125,2.692962646484375,0.029395774634057754,203,201,0.9901477832512315,1.0
417,-13.420776,626.5534,100.65120984371136,0.010650634765625,2.7103729248046875,0.04491611335270502,199,198,0.9949748743718593,1.0
418,-13.441956,629.2396,100.66167715149548,-0.02117919921875,2.6862335205078125,0.01046730778412152,199,198,0.9949748743718593,1.0
419,-13.382568,631.8903,100.75119287212468,0.05938720703125,2.65069580078125,0.08951572062918836,207,205,0.9903381642512077,1.0
420,-13.432587,634.5277,100.76860312105615,-0.050018310546875,2.637359619140625,0.01741024893146589,201,200,0.9950248756218906,1.0
421,-13.628113,637.07874,100.78580252454553,-0.195526123046875,2.5510406494140625,0.017199403489389746,194,194,1.0,1.0
422,-13.58316,639.78424,100.81578846038525,0.044952392578125,2.7054901123046875,0.02998593583972108,196,196,1.0,1.0
423,-13.773254,642.47046,100.909015848212,-0.190093994140625,2.6862335205078125,0.09322738782674748,203,203,1.0,1.0
424,-13.80069,645.2281,100.95793919507608,-0.027435302734375,2.75762939453125,0.0489233468640922,208,207,0.9951923076923077,1.0
425,-13.813141,647.6917,101.00563081771085,-0.012451171875,2.4636383056640625,0.0476916226347794,206,205,0.9951456310679612,1.0
426,-13.849579,650.386,101.03877367861672,-0.03643798828125,2.694305419921875,0.033142860905873345,206,206,1.0,1.0
427,-13.892975,653.138,101.10103371955849,-0.04339599609375,2.7519989013671875,0.06226004094175944,203,203,1.0,1.0
428,-13.9496155,655.8196,101.1465094412907,-0.056640625,2.6815643310546875,0.04547572173221798,200,199,0.995,1.0
429,-14.006622,658.3224,101.17298212177234,-0.0570068359375,2.5028228759765625,0.02647268048162732,208,205,0.9855769230769231,1.0
430,-14.0225525,661.01697,101.22297532962347,-0.01593017578125,2.6945953369140625,0.04999320785112912,204,202,0.9901960784313726,1.0
431,-14.030762,663.54865,101.24845612024583,-0.008209228515625,2.5316619873046875,0.025480790622367817,200,200,1.0,1.0
432,-13.9782715,666.26,101.34649160610515,0.052490234375,2.7113494873046875,0.09803548585931784,205,205,1.0,1.0
433,-13.93634,668.8239,101.39221502418268,0.04193115234375,2.5638885498046875,0.04572341807753255,199,198,0.9949748743718593,1.0
434,-14.0607605,671.5396,101.41885641822772,-0.124420166015625,2.7156829833984375,0.026641394045044602,200,199,0.995,1.0
435,-14.008026,674.22754,101.48637133848561,0.052734375,2.6879425048828125,0.06751492025789696,199,198,0.9949748743718593,1.0
436,-14.03363,676.8367,101.53990659550443,-0.025604248046875,2.6091461181640625,0.05353525701881995,203,203,1.0,1.0
437,-13.909424,679.55365,101.62234220561608,0.12420654296875,2.7169647216796875,0.08243561011165072,198,197,0.9949494949494949,1.0
438,-13.965424,682.1916,101.66569705177773,-0.055999755859375,2.6379547119140625,0.043354846161654303,195,193,0.9897435897435898,1.0
439,-13.868256,684.9055,101.72660074527302,0.09716796875,2.7139434814453125,0.060903693495293135,197,197,1.0,1.0
440,-13.764954,687.6964,101.82766515452504,0.103302001953125,2.790924072265625,0.10106440925202119,203,201,0.9901477832512315,1.0
441,-13.761261,690.3384,101.86630118678988,0.003692626953125,2.6419677734375,0.03863603226484773,204,200,0.9803921568627451,1.0
442,-13.637604,693.2181,101.97971294936308,0.1236572265625,2.8796844482421875,0.11341176257319549,199,198,0.9949748743718593,1.0
443,-13.509338,696.0176,102.04331012786993,0.128265380859375,2.799530029296875,0.06359717850685002,198,197,0.9949494949494949,1.0
444,-13.492889,698.81885,102.11152350893553,0.016448974609375,2.80126953125,0.0682133810656088,203,202,0.9950738916256158,1.0
445,-13.414429,701.49023,102.1837711706187,0.078460693359375,2.6713714599609375,0.07224766168315903,201,201,1.0,1.0
446,-13.342773,704.459,102.29349848196944,0.0716552734375,2.9687347412109375,0.10972731135073822,200,200,1.0,1.0
447,-13.241211,707.129,102.37161505820355,0.1015625,2.6700286865234375,0.07811657623411235,203,203,1.0,1.0
448,-13.2734375,709.78107,102.43879263560811,-0.0322265625,2.6520233154296875,0.06717757740456812,197,196,0.9949238578680203,1.0
449,-13.196106,712.541,102.52419280611137,0.07733154296875,2.759979248046875,0.08540017050325643,204,203,0.9950980392156863,1.0
450,-13.156342,715.2829,102.61286072779052,0.039764404296875,2.7418975830078125,0.0886679216791516,204,204,1.0,1.0
451,-13.189087,718.0487,102.70988026268343,-0.032745361328125,2.76580810546875,0.09701953489291053,203,203,1.0,1.0
452,-13.175659,720.80554,102.78510442994305,0.013427734375,2.756805419921875,0.07522416725961355,204,204,1.0,1.0
453,-13.10968,723.5978,102.90633686999678,0.06597900390625,2.792205810546875,0.12123244005373027,210,208,0.9904761904761905,1.0
454,-13.019165,726.3616,103.00641867474772,0.09051513671875,2.7637786865234375,0.10008180475094841,210,209,0.9952380952380953,1.0
455,-13.0069275,729.2072,103.11349228083604,0.012237548828125,2.8456573486328125,0.10707360608831577,205,205,1.0,1.0
456,-12.911621,731.9618,103.22120428079128,0.095306396484375,2.754547119140625,0.10771199995524919,204,203,0.9950980392156863,1.0
457,-12.9809265,734.78906,103.29818555145968,-0.069305419921875,2.8272705078125,0.07698127066840181,209,209,1.0,1.0
458,-12.982239,737.59033,103.38400524910712,-0.001312255859375,2.801239013671875,0.08581969764743301,213,213,1.0,1.0
459,-13.0303955,740.3802,103.49097945750134,-0.04815673828125,2.7898406982421875,0.10697420839421587,212,211,0.9952830188679245,1.0
460,-13.045319,743.1601,103.60444479898388,-0.014923095703125,2.7799224853515625,0.11346534148253687,208,207,0.9951923076923077,1.0
461,-13.093628,745.9264,103.69856884238922,-0.048309326171875,2.766265869140625,0.09412404340534103,208,208,1.0,1.0
462,-12.966644,748.6141,103.8265197897658,0.126983642578125,2.6876678466796875,0.12795094737657192,204,203,0.9950980392156863,1.0
463,-12.933105,751.4123,103.93748898835359,0.033538818359375,2.7982330322265625,0.11096919858779555,206,206,1.0,1.0
464,-12.801483,754.1901,104.05073932556212,0.131622314453125,2.7778472900390625,0.1132503372085204,209,209,1.0,1.0
465,-12.780487,756.99927,104.15055791334136,0.02099609375,2.80914306640625,0.09981858777924447,203,203,1.0,1.0
466,-12.698914,759.72345,104.26597434303625,0.081573486328125,2.7241668701171875,0.11541642969488863,201,200,0.9950248756218906,1.0
467,-12.602356,762.545,104.3732055401775,0.0965576171875,2.8215179443359375,0.10723119714123931,212,211,0.9952830188679245,1.0
468,-12.621765,765.35474,104.47608974553143,-0.0194091796875,2.8097381591796875,0.10288420535393279,219,218,0.9954337899543378,1.0
469,-12.600372,768.1911,104.58308754369668,0.021392822265625,2.8363494873046875,0.10699779816524929,224,223,0.9955357142857143,1.0
470,-12.521576,771.0856,104.71957100420869,0.07879638671875,2.8944854736328125,0.13648346051200724,215,214,0.9953488372093023,1.0
471,-12.498352,773.93555,104.79969259573282,0.023223876953125,2.8499908447265625,0.08012159152413734,214,214,1.0,1.0
472,-12.506958,776.85504,104.92667185393059,-0.00860595703125,2.91949462890625,0.12697925819776118,216,216,1.0,1.0
473,-12.453949,779.732,105.04844084817111,0.053009033203125,2.8769378662109375,0.12176899424053075,217,216,0.9953917050691244,1.0
474,-12.407837,782.7391,105.15176406417865,0.046112060546875,3.007080078125,0.10332321600754213,212,212,1.0,1.0
475,-12.338898,785.56805,105.30488078452427,0.068939208984375,2.8289947509765625,0.1531167203456203,209,208,0.9952153110047847,1.0
476,-12.362213,788.4608,105.4041845812717,-0.0233154296875,2.8927459716796875,0.09930379674744155,216,214,0.9907407407407407,1.0
477,-12.4104,791.3888,105.52638386360147,-0.048187255859375,2.927947998046875,0.12219928232975485,211,209,0.990521327014218,1.0
478,-12.479858,794.2072,105.59597104444019,-0.0694580078125,2.8184051513671875,0.06958718083872119,220,220,1.0,1.0
479,-12.553101,797.0228,105.70449788972594,-0.0732421875,2.815582275390625,0.10852684528575465,213,213,1.0,1.0
480,-12.61264,800.00385,105.78842524569802,-0.059539794921875,2.9810028076171875,0.08392735597208256,218,218,1.0,1.0
481,-12.632538,802.87915,105.93557928869159,-0.0198974609375,2.875335693359375,0.14715404299355925,219,219,1.0,1.0
482,-12.665436,805.79156,106.03109616478021,-0.03289794921875,2.91241455078125,0.09551687608862358,219,219,1.0,1.0
483,-12.753571,808.60693,106.13738088360151,-0.088134765625,2.81536865234375,0.1062847188213004,210,210,1.0,1.0
484,-12.786621,811.42737,106.24002262657253,-0.033050537109375,2.8204193115234375,0.10264174297101716,211,211,1.0,1.0
485,-12.983093,814.3135,106.33933842597446,-0.19647216796875,2.886077880859375,0.09931579940193513,212,212,1.0,1.0
486,-13.08252,817.11334,106.42867474782784,-0.09942626953125,2.7998504638671875,0.0893363218533854,213,213,1.0,1.0
487,-13.196625,820.0658,106.5282803366779,-0.114105224609375,2.952484130859375,0.09960558885004776,207,207,1.0,1.0
488,-13.331085,822.8961,106.63122036869103,-0.13446044921875,2.830352783203125,0.10294003201313034,214,214,1.0,1.0
489,-13.41098,825.7178,106.71747453858949,-0.07989501953125,2.8216552734375,0.08625416989845006,221,221,1.0,1.0
490,-13.485474,828.52545,106.79198433639642,-0.074493408203125,2.8076934814453125,0.07450979780694426,217,217,1.0,1.0
491,-13.629211,831.3467,106.88461962242816,-0.14373779296875,2.82122802734375,0.09263528603173922,213,213,1.0,1.0
492,-13.728577,834.2057,106.94792474666251,-0.099365234375,2.8590240478515625,0.06330512423434992,216,216,1.0,1.0
493,-13.793091,836.9737,107.03911518720572,-0.06451416015625,2.76800537109375,0.09119044054321114,221,221,1.0,1.0
494,-13.90567,839.77313,107.094646726767,-0.112579345703125,2.7994384765625,0.05553153956126526,223,223,1.0,1.0
495,-14.06662,842.63403,107.15062227940601,-0.16094970703125,2.8609161376953125,0.05597555263901076,219,219,1.0,1.0
496,-14.183136,845.41705,107.21968127465237,-0.11651611328125,2.78302001953125,0.06905899524636677,223,223,1.0,1.0
497,-14.284882,848.25714,107.27711975618297,-0.10174560546875,2.8401031494140625,0.05743848153059274,217,217,1.0,1.0
498,-14.416595,851.11743,107.33368421905688,-0.1317138671875,2.8602752685546875,0.056564462873903,220,220,1.0,1.0
499,-14.462891,853.9256,107.38184696426612,-0.046295166015625,2.8081817626953125,0.04816274520924368,222,222,1.0,1.0
500,-14.60498,856.82007,107.41268454749358,-0.14208984375,2.894439697265625,0.030837583227464178,228,228,1.0,1.0
501,-14.586182,858.2311,107.4327232846848,0.018798828125,1.4109954833984375,0.02003873719122013,223,223,1.0,1.0
502,-14.703003,861.0278,107.46502619379004,-0.1168212890625,2.7967071533203125,0.03230290910523587,222,222,1.0,1.0
503,-14.825958,863.85547,107.51036617935979,-0.122955322265625,2.8276824951171875,0.04533998556974773,221,220,0.995475113122172,1.0
504,-14.835175,866.6913,107.56975664557204,-0.00921630859375,2.835784912109375,0.0593904662122441,218,218,1.0,1.0
505,-14.993286,869.4674,107.59186774867324,-0.158111572265625,2.776123046875,0.0221111031011932,219,218,0.9954337899543378,1.0
506,-15.079163,872.30237,107.62902840013115,-0.08587646484375,2.8349456787109375,0.03716065145791584,224,224,1.0,1.0
507,-15.161377,875.2346,107.65903431719447,-0.08221435546875,2.9322662353515625,0.03000591706332232,224,223,0.9955357142857143,1.0
508,-15.344452,877.99756,107.7039438186479,-0.183074951171875,2.762939453125,0.044909501453431956,221,219,0.9909502262443439,1.0
509,-15.360565,880.86456,107.70962805766604,-0.01611328125,2.8670196533203125,0.005684239018141264,216,215,0.9953703703703703,1.0
510,-15.482483,883.6249,107.77526178568837,-0.121917724609375,2.7603302001953125,0.06563372802233748,218,217,0.9954128440366973,1.0
511,-15.559174,886.50885,107.76793629107134,-0.076690673828125,2.8839874267578125,-0.007325494617033784,223,223,1.0,1.0
512,-15.647491,889.2975,107.79187410725203,-0.08831787109375,2.7886199951171875,0.023937816180691466,226,225,0.995575221238938,1.0
513,-15.698395,892.2142,107.81939757112691,-0.0509033203125,2.91668701171875,0.02752346387488665,224,223,0.9955357142857143,1.0
514,-15.761444,895.0607,107.86308238730925,-0.06304931640625,2.8465728759765625,0.04368481618233507,226,225,0.995575221238938,1.0
515,-15.852783,897.9172,107.87966728097933,-0.091339111328125,2.8564300537109375,0.016584893670090757,222,222,1.0,1.0
516,-15.990082,900.804,107.88187437397612,-0.137298583984375,2.8868560791015625,0.0022070929967811887,218,218,1.0,1.0
517,-16.097595,903.68756,107.92922007343269,-0.107513427734375,2.8835296630859375,0.047345699456577496,222,222,1.0,1.0
518,-16.208649,906.59424,107.92842925096106,-0.111053466796875,2.906646728515625,-0.0007908224716316284,220,220,1.0,1.0
519,-16.364685,909.5102,107.942180544825,-0.156036376953125,2.91595458984375,0.013751293863952243,220,220,1.0,1.0
520,-16.457123,912.45416,107.944909934434,-0.092437744140625,2.9439849853515625,0.0027293896089940406,223,223,1.0,1.0
521,-16.604462,915.3316,107.95247133366668,-0.1473388671875,2.8774566650390625,0.007561399232690754,219,218,0.9954337899543378,1.0
522,-16.701141,918.23364,107.96839349650227,-0.0966796875,2.90203857421875,0.015922162835587794,220,220,1.0,1.0
523,-16.807434,921.0287,107.97740802043074,-0.106292724609375,2.7950439453125,0.0090145239284687,227,227,1.0,1.0
524,-16.943817,924.0015,107.9969564119131,-0.136383056640625,2.9728546142578125,0.019548391482354276,227,227,1.0,1.0
525,-17.111603,926.8434,107.99033594128083,-0.16778564453125,2.8418426513671875,-0.006620470632267194,222,222,1.0,1.0
526,-17.30655,929.72046,108.00077592805536,-0.1949462890625,2.877044677734375,0.01043998677452791,222,222,1.0,1.0
527,-17.44748,932.63214,108.02255640800364,-0.14093017578125,2.91168212890625,0.021780479948280657,221,221,1.0,1.0
528,-17.539917,935.4864,108.0329010481833,-0.092437744140625,2.8542327880859375,0.010344640179664286,222,221,0.9954954954954955,1.0
529,-17.686584,938.2815,108.0240880060985,-0.14666748046875,2.795074462890625,-0.008813042084811252,224,223,0.9955357142857143,1.0
530,-17.803986,941.1581,108.0330376641081,-0.117401123046875,2.8765869140625,0.008949658009593478,225,224,0.9955555555555555,1.0
531,-17.966553,943.9221,108.03872438658357,-0.162567138671875,2.7640533447265625,0.005686722475474636,222,222,1.0,1.0
532,-18.05606,946.75323,108.045391217799,-0.089508056640625,2.8311309814453125,0.006666831215423537,224,224,1.0,1.0
533,-18.174103,949.60034,108.03401798353838,-0.1180419921875,2.847137451171875,-0.01137323426062316,222,222,1.0,1.0
534,-18.305359,952.3883,108.02233170236593,-0.131256103515625,2.787933349609375,-0.011686281172450717,227,227,1.0,1.0
535,-18.472015,955.20435,108.0289172617124,-0.166656494140625,2.816009521484375,0.006585559346467203,229,228,0.9956331877729258,1.0
536,-18.567657,958.03546,108.0324778398488,-0.09564208984375,2.8311004638671875,0.0035605781363953143,223,223,1.0,1.0
537,-18.74356,960.792,108.00291373450146,-0.1759033203125,2.7565155029296875,-0.029564105347337083,228,228,1.0,1.0
538,-18.930267,963.5384,107.9862789528719,-0.18670654296875,2.7464141845703125,-0.016634781629558015,229,229,1.0,1.0
539,-19.083527,966.3681,107.98225821409217,-0.15325927734375,2.8297271728515625,-0.004020738779733803,226,226,1.0,1.0
540,-19.161469,969.1085,108.00192407233811,-0.07794189453125,2.7404022216796875,0.01966585824594196,223,223,1.0,1.0
541,-19.322815,971.8622,107.95967336534129,-0.161346435546875,2.753692626953125,-0.04225070699681946,225,225,1.0,1.0
542,-19.462738,974.6162,107.94764748117565,-0.139923095703125,2.7540283203125,-0.012025884165642728,225,224,0.9955555555555555,1.0
543,-19.616913,977.5664,107.92353482477374,-0.1541748046875,2.9501953125,-0.024112656401913773,219,219,1.0,1.0
544,-19.723663,980.6521,107.91859525646511,-0.10675048828125,3.085693359375,-0.004939568308633818,223,223,1.0,1.0
545,-19.863708,983.5046,107.88958419604027,-0.140045166015625,2.8524627685546875,-0.029011060424841542,216,216,1.0,1.0
546,-19.93103,986.32764,107.8694564570183,-0.06732177734375,2.8230743408203125,-0.020127739021974535,219,219,1.0,1.0
547,-20.096527,988.86926,107.86169717625026,-0.165496826171875,2.5416259765625,-0.007759280768036197,217,217,1.0,1.0
548,-20.178192,991.3948,107.86931025091576,-0.0816650390625,2.525543212890625,0.007613074665504982,225,225,1.0,1.0
549,-20.26471,993.8043,107.85473837720043,-0.086517333984375,2.4095458984375,-0.014571873715324713,222,222,1.0,1.0
550,-20.337952,996.11206,107.84470969947697,-0.0732421875,2.307708740234375,-0.010028677723462762,219,219,1.0,1.0
551,-20.394897,998.3503,107.85190083417419,-0.05694580078125,2.2382049560546875,0.007191134697219704,219,219,1.0,1.0
552,-20.501312,1000.36444,107.81481496277874,-0.106414794921875,2.01416015625,-0.03708587139545039,219,218,0.9954337899543378,1.0
553,-20.582611,1002.3254,107.81079661077919,-0.081298828125,1.9609375,-0.004018351999541872,219,219,1.0,1.0
554,-20.638031,1004.1505,107.80880624538239,-0.055419921875,1.825103759765625,-0.0019903653968013297,222,222,1.0,1.0
555,-20.815033,1005.9077,107.79223621280859,-0.177001953125,1.7572021484375,-0.016570032573794607,226,226,1.0,1.0
556,-20.936554,1007.6371,107.78140952107869,-0.12152099609375,1.7293548583984375,-0.010826691729905137,223,222,0.9955156950672646,1.0
557,-21.000336,1009.2514,107.74178379860126,-0.06378173828125,1.6143341064453125,-0.039625722477419814,223,223,1.0,1.0
558,-21.144318,1010.8711,107.70052099151691,-0.14398193359375,1.6197052001953125,-0.04126280708435757,219,219,1.0,1.0
559,-21.236908,1012.48584,107.69649083777608,-0.09259033203125,1.6147613525390625,-0.004030153740827881,218,216,0.9908256880733946,1.0
560,-21.343079,1014.02325,107.68572401167519,-0.106170654296875,1.5373992919921875,-0.010766826100896033,222,221,0.9954954954954955,1.0
561,-21.433258,1015.54724,107.6950961192473,-0.090179443359375,1.5239715576171875,0.009372107572111174,223,222,0.9955156950672646,1.0
562,-21.535156,1017.11017,107.68012037283629,-0.101898193359375,1.5629119873046875,-0.014975746411014484,217,216,0.9953917050691244,1.0
563,-21.646393,1018.6946,107.6665780017576,-0.111236572265625,1.5844268798828125,-0.013542371078687714,223,223,1.0,1.0
564,-21.744537,1020.3321,107.68450749835058,-0.09814453125,1.6375274658203125,0.017929496592980536,220,219,0.9954545454545455,1.0
565,-21.904175,1022.0564,107.65153293738706,-0.159637451171875,1.72430419921875,-0.03297456096353041,213,213,1.0,1.0
566,-21.982666,1023.7681,107.65339392551982,-0.0784912109375,1.7117462158203125,0.0018609881327601916,219,218,0.9954337899543378,1.0
567,-22.108551,1025.378,107.62555057791873,-0.125885009765625,1.6098785400390625,-0.027843347601093377,219,217,0.9908675799086758,1.0
568,-22.17627,1026.9218,107.63131673854359,-0.067718505859375,1.5436553955078125,0.00576616062485948,212,209,0.9858490566037735,1.0
569,-22.279236,1028.4359,107.6014256396232,-0.10296630859375,1.51416015625,-0.029891098920387438,212,212,1.0,1.0
570,-22.45578,1029.8633,107.55562782965148,-0.176544189453125,1.427398681640625,-0.04579780997171495,215,215,1.0,1.0
571,-22.498566,1031.2344,107.5890380306294,-0.04278564453125,1.3710784912109375,0.03341020097790931,216,214,0.9907407407407407,1.0
572,-22.5672,1032.6553,107.58573007883028,-0.068634033203125,1.420928955078125,-0.0033079517991205605,220,220,1.0,1.0
573,-22.64392,1033.9109,107.60218616371455,-0.07672119140625,1.2556304931640625,0.01645608488426161,217,217,1.0,1.0
574,-22.731445,1035.0034,107.57209766336385,-0.0875244140625,1.09246826171875,-0.03008850035069641,216,216,1.0,1.0
575,-22.842743,1035.9491,107.58387594051456,-0.111297607421875,0.945648193359375,0.011778277150717836,227,227,1.0,1.0
576,-22.914734,1036.7338,107.55637466038112,-0.071990966796875,0.784698486328125,-0.02750128013344148,227,226,0.9955947136563876,1.0
577,-22.999512,1037.3711,107.5629337992226,-0.08477783203125,0.6373748779296875,0.006559138841477755,225,223,0.9911111111111112,1.0
578,-23.020294,1037.7971,107.56589430205752,-0.020782470703125,0.426025390625,0.0029605028349088294,232,231,0.9956896551724138,1.0
579,-23.130463,1038.1858,107.57975496342297,-0.11016845703125,0.38873291015625,0.013860661365451825,227,226,0.9955947136563876,1.0
580,-23.212097,1038.4824,107.56404042092329,-0.081634521484375,0.29669189453125,-0.015714542499676985,226,226,1.0,1.0
581,-23.276001,1038.7205,107.55613748506542,-0.06390380859375,0.23809814453125,-0.007902935857870306,229,229,1.0,1.0
582,-23.320923,1038.7528,107.560792104034,-0.044921875,0.0323638916015625,0.00465461896856979,241,241,1.0,1.0
583,-23.341705,1038.6837,107.54214968631388,-0.020782470703125,-0.069122314453125,-0.018642417720114744,242,242,1.0,1.0
584,-23.397034,1038.5876,107.53883089745153,-0.055328369140625,-0.0960845947265625,-0.003318788862339089,237,237,1.0,1.0
585,-23.409088,1038.4967,107.52607320655217,-0.012054443359375,-0.090911865234375,-0.012757690899366927,240,240,1.0,1.0
586,-23.389984,1038.4962,107.54290467485255,0.01910400390625,-0.000518798828125,0.016831468300383408,240,240,1.0,1.0
587,-23.401794,1038.5505,107.52525154244235,-0.011810302734375,0.05426025390625,-0.017653132410209126,245,245,1.0,1.0
588,-23.447205,1038.6494,107.5226591252371,-0.04541015625,0.0989227294921875,-0.00259241720525327,244,244,1.0,1.0
589,-23.491364,1038.8038,107.5128074136985,-0.044158935546875,0.1544342041015625,-0.009851711538600968,238,237,0.9957983193277311,1.0
590,-22.9086,1039.6307,104.36305581850857,0.582763671875,0.8269195556640625,-3.1497515951899246,210,209,0.9952380952380953,1.0
591,-22.954315,1041.262,98.03077428414399,-0.04571533203125,1.631195068359375,-6.33228153436458,208,208,1.0,1.0
592,-23.002167,1042.4624,90.98876553668165,-0.0478515625,1.20050048828125,-7.042008747462337,209,208,0.9952153110047847,1.0
593,-22.932953,1043.4531,84.24240085306171,0.0692138671875,0.99078369140625,-6.74636468361994,218,217,0.9954128440366973,1.0
594,-23.134155,1044.3701,77.4739560243043,-0.201202392578125,0.9170074462890625,-6.7684448287574135,207,206,0.9951690821256038,1.0
595,-23.335266,1045.2585,70.53804927694793,-0.20111083984375,0.8884124755859375,-6.935906747356376,218,218,1.0,1.0
596,-23.448944,1045.9015,64.02845176876772,-0.113677978515625,0.642974853515625,-6.509597508180212,211,211,1.0,1.0
597,-23.482574,1046.4553,57.37350847031427,-0.03363037109375,0.55377197265625,-6.654943298453452,217,216,0.9953917050691244,1.0
598,-23.77475,1047.3313,50.287612723876975,-0.29217529296875,0.87591552734375,-7.085895746437298,216,216,1.0,1.0
599,-23.915253,1047.9473,43.75108334331623,-0.1405029296875,0.615997314453125,-6.536529380560744,215,215,1.0,1.0
600,-24.117126,1048.6063,37.28339745502327,-0.201873779296875,0.659088134765625,-6.46768588829296,211,210,0.995260663507109,1.0
601,-24.496796,1049.2488,31.726246797169694,-0.379669189453125,0.642425537109375,-5.557150657853577,210,210,1.0,1.0
602,-24.743408,1049.8053,27.494971562151655,-0.246612548828125,0.5565643310546875,-4.231275235018038,212,211,0.9952830188679245,1.0
603,-25.122284,1050.5776,24.569069611381785,-0.378875732421875,0.7723236083984375,-2.9259019507698683,220,220,1.0,1.0
604,-25.368744,1051.5828,22.494744763380805,-0.2464599609375,1.0051727294921875,-2.074324848000979,217,217,1.0,1.0
605,-25.55429,1052.4968,21.26312709386288,-0.185546875,0.9140472412109375,-1.2316176695179235,213,212,0.9953051643192489,1.0
606,-25.749512,1053.5322,20.12120468354293,-0.195220947265625,1.03546142578125,-1.1419224103199501,217,216,0.9953917050691244,1.0
607,-25.898865,1054.8821,19.30403085671309,-0.14935302734375,1.34979248046875,-0.8171738268298402,213,213,1.0,1.0
608,-26.017273,1056.3418,18.718537823452035,-0.118408203125,1.4597625732421875,-0.5854930332610563,224,220,0.9821428571428571,1.0
609,-26.245361,1057.9209,18.258385464995886,-0.22808837890625,1.5791473388671875,-0.4601523584561494,217,216,0.9953917050691244,1.0
610,-26.329102,1059.7028,17.945648610975567,-0.083740234375,1.781890869140625,-0.3127368540203185,214,214,1.0,1.0
611,-26.434326,1061.5284,17.719426218889804,-0.105224609375,1.82568359375,-0.22622239208576272,216,215,0.9953703703703703,1.0
612,-26.416199,1063.624,17.589728708819912,0.01812744140625,2.0955657958984375,-0.1296975100698911,215,215,1.0,1.0
613,-26.50235,1065.8937,17.47020369692915,-0.086151123046875,2.2696075439453125,-0.11952501189076069,223,222,0.9955156950672646,1.0
614,-26.541626,1068.3892,17.416169755194677,-0.039276123046875,2.495452880859375,-0.0540339417344737,220,220,1.0,1.0
615,-26.50357,1071.136,17.415991739044074,0.038055419921875,2.7468109130859375,-0.00017801615060342353,224,223,0.9955357142857143,1.0
616,-26.524902,1074.1273,17.395417152523425,-0.021331787109375,2.9913177490234375,-0.02057458652064913,214,214,1.0,1.0
617,-26.484985,1077.3623,17.3550515733485,0.0399169921875,3.2349395751953125,-0.04036557917492482,217,217,1.0,1.0
618,-26.457336,1080.5911,17.314526333684547,0.02764892578125,3.2287750244140625,-0.040525239663954445,216,216,1.0,1.0
619,-26.485107,1084.02,17.275361171781057,-0.02777099609375,3.42889404296875,-0.03916516190348994,208,208,1.0,1.0
620,-26.447174,1087.4302,17.21059481429885,0.037933349609375,3.41009521484375,-0.0647663574822068,226,225,0.995575221238938,1.0
621,-26.376923,1090.83,17.12322626967364,0.07025146484375,3.3997955322265625,-0.08736854462521194,216,216,1.0,1.0
622,-26.281342,1094.2102,17.040339026594065,0.0955810546875,3.38031005859375,-0.08288724307957626,222,222,1.0,1.0
623,-26.29779,1097.5653,16.98078602207565,-0.016448974609375,3.355072021484375,-0.059553004518414616,220,219,0.9954545454545455,1.0
624,-26.242493,1100.852,16.90377747641721,0.0552978515625,3.2867889404296875,-0.07700854565844069,223,223,1.0,1.0
625,-26.126862,1104.1238,16.870071310072312,0.115631103515625,3.2717132568359375,-0.03370616634489818,221,221,1.0,1.0
626,-26.039886,1107.3047,16.825276951347337,0.08697509765625,3.180938720703125,-0.0447943587249761,218,218,1.0,1.0
627,-26.05133,1110.4108,16.82964433429182,-0.011444091796875,3.106109619140625,0.004367382944484624,218,218,1.0,1.0
628,-26.043488,1113.5919,16.871746378790263,0.007843017578125,3.181121826171875,0.042102044498441384,216,216,1.0,1.0
629,-25.99115,1116.6144,16.890171242412542,0.052337646484375,3.022491455078125,0.018424863622280137,216,215,0.9953703703703703,1.0
630,-25.882477,1119.5737,16.89967923796412,0.108673095703125,2.9593048095703125,0.009507995551577457,222,221,0.9954954954954955,1.0
631,-25.859406,1122.5408,16.932176109278526,0.0230712890625,2.967071533203125,0.032496871314406345,219,218,0.9954337899543378,1.0
632,-25.830719,1125.5374,16.953856268121,0.0286865234375,2.99658203125,0.02168015884247467,220,220,1.0,1.0
633,-25.75476,1128.4426,17.005455677906813,0.075958251953125,2.9052276611328125,0.051599409785811706,221,221,1.0,1.0
634,-25.78012,1131.2916,17.04040698490574,-0.025360107421875,2.8490142822265625,0.03495130699892774,224,224,1.0,1.0
635,-25.735138,1134.2228,17.111083070825465,0.04498291015625,2.931182861328125,0.07067608591972425,220,220,1.0,1.0
636,-25.78003,1137.0554,17.164337042318543,-0.044891357421875,2.832611083984375,0.05325397149307862,221,220,0.995475113122172,1.0
637,-25.709259,1139.997,17.24260796733707,0.070770263671875,2.941497802734375,0.078270925018527,225,225,1.0,1.0
638,-25.738922,1142.8813,17.29754228926546,-0.0296630859375,2.8844451904296875,0.05493432192839232,226,226,1.0,1.0
639,-25.790924,1145.7882,17.359625150303184,-0.052001953125,2.9068450927734375,0.06208286103772382,226,226,1.0,1.0
640,-25.757568,1148.6548,17.455776967511937,0.033355712890625,2.8665313720703125,0.09615181720875231,224,224,1.0,1.0
641,-25.723389,1151.5553,17.525860436004415,0.0341796875,2.900482177734375,0.07008346849247694,225,224,0.9955555555555555,1.0
642,-25.705566,1154.4375,17.610252174269164,0.017822265625,2.882232666015625,0.08439173826474816,219,219,1.0,1.0
643,-25.67276,1157.3494,17.697298932930938,0.032806396484375,2.9118499755859375,0.0870467586617759,230,228,0.991304347826087,1.0
644,-25.712738,1160.222,17.777532864378564,-0.03997802734375,2.8726654052734375,0.08023393144762754,229,229,1.0,1.0
645,-25.661407,1163.1373,17.860563069022493,0.05133056640625,2.9153289794921875,0.08303020464392792,227,226,0.9955947136563876,1.0
646,-25.738922,1165.9569,17.954489104791737,-0.0775146484375,2.8195648193359375,0.09392603576924392,221,220,0.995475113122172,1.0
647,-25.687714,1168.828,18.02479729508108,0.05120849609375,2.87109375,0.0703081902893435,223,223,1.0,1.0
648,-25.661285,1171.6719,18.131431099872028,0.02642822265625,2.8438873291015625,0.1066338047909478,222,222,1.0,1.0
649,-25.61139,1174.5004,18.196936135501854,0.049896240234375,2.8284454345703125,0.06550503562982489,229,229,1.0,1.0
650,-25.617828,1177.388,18.299437975493166,-0.006439208984375,2.8875732421875,0.10250183999131203,229,229,1.0,1.0
651,-25.615662,1180.3606,18.40074882757021,0.002166748046875,2.972625732421875,0.10131085207704585,232,232,1.0,1.0
652,-25.541718,1183.239,18.502850942298615,0.073944091796875,2.8784332275390625,0.10210211472840393,226,226,1.0,1.0
653,-25.493896,1186.1322,18.60579373548648,0.047821044921875,2.893157958984375,0.10294279318786516,232,232,1.0,1.0
654,-25.529877,1188.9639,18.667157287378068,-0.035980224609375,2.83172607421875,0.06136355189158911,230,230,1.0,1.0
655,-25.463348,1191.8861,18.759699927390876,0.0665283203125,2.9222869873046875,0.09254264001280722,226,226,1.0,1.0
656,-25.472473,1194.7383,18.844268719738853,-0.009124755859375,2.8521270751953125,0.08456879234797689,226,226,1.0,1.0
657,-25.396912,1197.6145,18.925843962349926,0.0755615234375,2.8761749267578125,0.08157524261107339,228,228,1.0,1.0
658,-25.432404,1200.4012,19.001217181630473,-0.035491943359375,2.7867431640625,0.07537321928054688,226,226,1.0,1.0
659,-25.42038,1203.2611,19.061144821062413,0.01202392578125,2.8598785400390625,0.05992763943194157,225,225,1.0,1.0
660,-25.399872,1206.0653,19.13764475498718,0.0205078125,2.804168701171875,0.07649993392476485,229,229,1.0,1.0
661,-25.424286,1209.0076,19.201428602473392,-0.0244140625,2.9423065185546875,0.06378384748621373,225,225,1.0,1.0
662,-25.431091,1211.8966,19.301538125107474,-0.006805419921875,2.8890838623046875,0.10010952263408188,228,228,1.0,1.0
663,-25.45337,1214.7296,19.358879966401624,-0.02227783203125,2.8329620361328125,0.057341841294149355,228,228,1.0,1.0
664,-25.399872,1217.5731,19.45522898579955,0.053497314453125,2.843475341796875,0.09634901939792666,220,220,1.0,1.0
665,-25.450165,1220.4248,19.520514691675785,-0.05029296875,2.8516693115234375,0.06528570587623503,220,220,1.0,1.0
666,-25.443573,1223.3151,19.628035785140252,0.006591796875,2.8902587890625,0.10752109346446832,221,221,1.0,1.0
667,-25.515228,1226.1863,19.692193241328965,-0.0716552734375,2.8712310791015625,0.06415745618871162,222,221,0.9954954954954955,1.0
668,-25.531067,1229.03,19.783897815370498,-0.015838623046875,2.843719482421875,0.0917045740415321,222,222,1.0,1.0
669,-25.566223,1231.9414,19.85651033978591,-0.03515625,2.91143798828125,0.07261252441541267,226,226,1.0,1.0
670,-25.622803,1234.8792,19.953468593606964,-0.05657958984375,2.93780517578125,0.0969582538210525,227,227,1.0,1.0
671,-25.62323,1237.8242,20.031029249457152,-0.00042724609375,2.94512939453125,0.07756065585018884,224,224,1.0,1.0
672,-25.657928,1240.7828,20.142681144082673,-0.034698486328125,2.9585723876953125,0.1116518946255207,224,224,1.0,1.0
673,-25.685852,1243.6411,20.201275833828177,-0.027923583984375,2.85833740234375,0.0585946897455062,225,225,1.0,1.0
674,-25.735474,1246.5894,20.25897050877231,-0.04962158203125,2.94830322265625,0.057694674944133294,222,222,1.0,1.0
675,-25.74884,1249.4568,20.322328958355016,-0.01336669921875,2.867462158203125,0.06335844958270372,226,225,0.995575221238938,1.0
676,-25.795807,1252.3628,20.37914869907652,-0.046966552734375,2.90594482421875,0.056819740721504676,225,224,0.9955555555555555,1.0
677,-25.797882,1255.2114,20.428019551859887,-0.0020751953125,2.848663330078125,0.048870852783367225,222,222,1.0,1.0
678,-25.844208,1258.012,20.486883557011414,-0.04632568359375,2.8004913330078125,0.05886400515152657,226,226,1.0,1.0
679,-25.82785,1260.9944,20.559111028738553,0.016357421875,2.982452392578125,0.0722274717271395,225,225,1.0,1.0
680,-25.877045,1263.8014,20.617113646244665,-0.0491943359375,2.8070220947265625,0.05800261750611285,226,226,1.0,1.0
681,-25.820404,1266.7207,20.70955291020455,0.056640625,2.9192962646484375,0.09243926395988447,226,226,1.0,1.0
682,-25.8302,1269.5315,20.792210441410788,-0.009796142578125,2.810821533203125,0.08265753120623885,223,223,1.0,1.0
683,-25.880432,1272.4348,20.85572326382523,-0.05023193359375,2.903350830078125,0.06351282241444212,227,227,1.0,1.0
684,-25.894836,1275.3046,20.937811033071508,-0.014404296875,2.8697662353515625,0.08208776924627983,225,225,1.0,1.0
685,-25.931366,1278.1605,21.013590863682467,-0.036529541015625,2.855926513671875,0.07577983061095923,218,218,1.0,1.0
686,-25.978546,1281.0059,21.08921781822797,-0.04718017578125,2.84539794921875,0.07562695454550042,221,221,1.0,1.0
687,-25.977844,1283.855,21.146458145575107,0.000701904296875,2.849151611328125,0.05724032734713849,226,226,1.0,1.0
688,-25.978424,1286.6743,21.234092572248397,-0.000579833984375,2.8193359375,0.0876344266732916,223,223,1.0,1.0
689,-26.058777,1289.4822,21.289309667831773,-0.080352783203125,2.807861328125,0.05521709558337589,220,220,1.0,1.0
690,-26.078491,1292.2299,21.347390685205742,-0.01971435546875,2.7477264404296875,0.058081017373968306,220,220,1.0,1.0
691,-26.086182,1295.0776,21.41518668076494,-0.0076904296875,2.847808837890625,0.06779599555919712,224,223,0.9955357142857143,1.0
692,-26.002258,1297.8757,21.47987050188258,0.08392333984375,2.798065185546875,0.06468382111763896,219,219,1.0,1.0
693,-25.982056,1300.6954,21.559737442658022,0.02020263671875,2.8196868896484375,0.07986694077544103,214,214,1.0,1.0
694,-25.999725,1303.4426,21.62836724251602,-0.017669677734375,2.7471923828125,0.0686297998579981,221,221,1.0,1.0
695,-26.05661,1306.207,21.707084142466304,-0.056884765625,2.7643585205078125,0.07871689995028423,223,222,0.9955156950672646,1.0
696,-26.006104,1308.9227,21.724683787472426,0.050506591796875,2.715728759765625,0.017599645006123623,213,213,1.0,1.0
697,-25.976196,1311.6597,21.80670250390555,0.0299072265625,2.736907958984375,0.0820187164331262,219,219,1.0,1.0
698,-25.955902,1314.5,21.867589265031736,0.020294189453125,2.840362548828125,0.06088676112618424,220,220,1.0,1.0
699,-26.033508,1317.2758,21.905304815831155,-0.077606201171875,2.7757415771484375,0.03771555079941956,222,222,1.0,1.0
700,-25.941864,1320.1146,21.990868413674317,0.091644287109375,2.8388824462890625,0.08556359784316343,219,219,1.0,1.0
701,-26.012543,1323.0175,22.05154076656654,-0.0706787109375,2.902801513671875,0.06067235289222223,220,220,1.0,1.0
702,-26.003876,1325.8684,22.12016161863055,0.0086669921875,2.8509063720703125,0.06862085206401154,216,216,1.0,1.0
703,-26.022186,1328.677,22.1805957037157,-0.018310546875,2.8085784912109375,0.06043408508514811,214,214,1.0,1.0
704,-26.008057,1331.5342,22.25970957464468,0.014129638671875,2.8571624755859375,0.0791138709289829,219,219,1.0,1.0
705,-26.015228,1334.3862,22.315434319251672,-0.007171630859375,2.8520660400390625,0.05572474460699189,221,220,0.995475113122172,1.0
706,-26.013458,1337.2607,22.38818239272352,0.00177001953125,2.8745269775390625,0.07274807347185049,219,219,1.0,1.0
707,-26.029053,1340.1216,22.44554542126212,-0.015594482421875,2.86077880859375,0.05736302853859856,222,222,1.0,1.0
708,-26.112244,1343.0144,22.513217010275962,-0.08319091796875,2.892791748046875,0.06767158901384228,224,223,0.9955357142857143,1.0
709,-26.207855,1345.9519,22.58875660910122,-0.095611572265625,2.93743896484375,0.07553959882526007,226,226,1.0,1.0
710,-26.299011,1348.9192,22.64909936674027,-0.091156005859375,2.967315673828125,0.06034275763905047,222,222,1.0,1.0
711,-26.292633,1351.7444,22.738618439910333,0.006378173828125,2.825225830078125,0.08951907317006265,222,222,1.0,1.0
712,-26.342468,1354.6333,22.817557520995944,-0.049835205078125,2.88885498046875,0.07893908108561155,222,222,1.0,1.0
713,-26.359253,1357.5612,22.91219372408763,-0.01678466796875,2.927825927734375,0.09463620309168524,226,226,1.0,1.0
714,-26.440125,1360.3651,22.974155481051,-0.08087158203125,2.8039093017578125,0.061961756963371105,230,230,1.0,1.0
715,-26.421387,1363.1777,23.05375688503695,0.01873779296875,2.812591552734375,0.07960140398595154,225,225,1.0,1.0
716,-26.437439,1366.0565,23.14164255579554,-0.01605224609375,2.8787994384765625,0.08788567075858858,224,224,1.0,1.0
717,-26.469788,1368.9205,23.21446874542611,-0.0323486328125,2.863983154296875,0.07282618963057015,224,224,1.0,1.0
718,-26.537567,1371.7399,23.268706812608578,-0.067779541015625,2.8193359375,0.05423806718246833,225,225,1.0,1.0
719,-26.618042,1374.608,23.32914188422585,-0.080474853515625,2.868194580078125,0.06043507161727436,220,219,0.9954545454545455,1.0
720,-26.624756,1377.4924,23.418345487954678,-0.0067138671875,2.88446044921875,0.08920360372882594,229,229,1.0,1.0
721,-26.659424,1380.349,23.486338506849126,-0.03466796875,2.856536865234375,0.06799301889444842,225,225,1.0,1.0
722,-26.6792,1383.1996,23.552891780768,-0.019775390625,2.8505401611328125,0.06655327391887443,221,220,0.995475113122172,1.0
723,-26.706879,1386.034,23.61841890706784,-0.027679443359375,2.834442138671875,0.06552712629984285,226,226,1.0,1.0
724,-26.652191,1388.8767,23.686401607565525,0.0546875,2.8426513671875,0.06798270049768271,221,221,1.0,1.0
725,-26.623566,1391.7506,23.760662441831613,0.02862548828125,2.8739471435546875,0.07426083426608883,223,223,1.0,1.0
726,-26.632416,1394.6046,23.824806569115683,-0.00885009765625,2.8540191650390625,0.06414412728407155,225,225,1.0,1.0
727,-26.553223,1397.4875,23.91984897739451,0.079193115234375,2.88299560546875,0.09504240827882401,227,227,1.0,1.0
728,-26.556244,1400.281,23.974226183902726,-0.003021240234375,2.7934112548828125,0.05437720650821894,229,229,1.0,1.0
729,-26.57965,1403.1816,24.037857664105026,-0.023406982421875,2.90069580078125,0.06363148020230146,225,225,1.0,1.0
730,-26.58319,1405.9949,24.098797997157032,-0.0035400390625,2.813201904296875,0.060940333052004525,226,225,0.995575221238938,1.0
731,-26.570618,1409.0371,24.1843562828737,0.0125732421875,3.0422210693359375,0.08555828571666782,226,225,0.995575221238938,1.0
732,-26.598999,1411.8936,24.248258346998355,-0.02838134765625,2.85638427734375,0.06390206412465459,222,222,1.0,1.0
733,-26.619293,1414.7181,24.30776798768932,-0.020294189453125,2.8245697021484375,0.05950964069096625,222,222,1.0,1.0
734,-26.729279,1417.3674,24.369111906521564,-0.1099853515625,2.649322509765625,0.06134391883224413,231,231,1.0,1.0
735,-26.614258,1420.0299,24.461283701551206,0.115020751953125,2.6624298095703125,0.09217179502964122,229,229,1.0,1.0
736,-26.624146,1422.4907,24.506551780722763,-0.0098876953125,2.460784912109375,0.04526807917155806,229,229,1.0,1.0
737,-26.621307,1424.9183,24.554554107203103,0.002838134765625,2.4275665283203125,0.04800232648033934,229,229,1.0,1.0
738,-26.637634,1427.1797,24.560230305325653,-0.016326904296875,2.261383056640625,0.005676198122551304,231,231,1.0,1.0
739,-26.620514,1429.461,24.595615765016383,0.017120361328125,2.2813720703125,0.035385459690729794,233,233,1.0,1.0
740,-26.61316,1431.5798,24.630001435720054,0.007354736328125,2.1188201904296875,0.034385670703670025,233,233,1.0,1.0
741,-26.67398,1433.5919,24.63446409067757,-0.060821533203125,2.012054443359375,0.0044626549575166674,226,226,1.0,1.0
742,-26.732117,1435.5361,24.653931013472935,-0.058135986328125,1.9441986083984375,0.01946692279536458,222,222,1.0,1.0
743,-26.690308,1437.2898,24.65350234569085,0.04180908203125,1.753692626953125,-0.00042866778208482933,228,228,1.0,1.0
744,-26.7565,1439.0422,24.655670224150928,-0.066192626953125,1.75238037109375,0.002167878460076476,225,225,1.0,1.0
745,-26.766754,1440.7318,24.68731190794,-0.01025390625,1.689544677734375,0.031641683789073734,231,231,1.0,1.0
746,-26.7883,1442.3367,24.701947258189918,-0.02154541015625,1.6048431396484375,0.014635350249916964,228,228,1.0,1.0
747,-26.765564,1443.944,24.725381402853188,0.022735595703125,1.6073455810546875,0.02343414466327138,226,226,1.0,1.0
748,-26.751648,1445.5319,24.758040765339477,0.013916015625,1.5878448486328125,0.032659362486289166,223,223,1.0,1.0
749,-26.791504,1447.1396,24.808226057716166,-0.03985595703125,1.607757568359375,0.05018529237668892,216,216,1.0,1.0
750,-26.784515,1448.7769,24.817984423083914,0.006988525390625,1.6371612548828125,0.009758365367748935,221,221,1.0,1.0
751,-26.7417,1450.37,24.858136536684324,0.042816162109375,1.5930938720703125,0.04015211360040828,216,216,1.0,1.0
752,-26.770264,1452.0134,24.88082681894395,-0.028564453125,1.6434173583984375,0.022690282259627877,214,214,1.0,1.0
753,-26.73227,1453.6277,24.939442845298647,0.037994384765625,1.6143035888671875,0.058616026354695684,218,217,0.9954128440366973,1.0
754,-26.766571,1455.2887,24.957815274436854,-0.0343017578125,1.6610107421875,0.018372429138207587,213,213,1.0,1.0
755,-26.685913,1456.9274,25.004606001766422,0.080657958984375,1.6387176513671875,0.04679072732957041,224,224,1.0,1.0
756,-26.708252,1458.4481,25.03462955481824,-0.0223388671875,1.5207977294921875,0.030023553051817226,224,224,1.0,1.0
757,-26.700958,1459.9438,25.07047757588903,0.007293701171875,1.4956817626953125,0.035848021070791936,225,225,1.0,1.0
758,-26.699768,1461.4161,25.12556489485869,0.001190185546875,1.4722747802734375,0.0550873189696619,220,219,0.9954545454545455,1.0
759,-26.65036,1462.7196,25.122973234763368,0.049407958984375,1.303466796875,-0.002591660095322515,225,225,1.0,1.0
760,-26.706207,1463.9149,25.151805682347664,-0.05584716796875,1.1953125,0.028832447584294665,225,225,1.0,1.0
761,-26.690216,1465.0034,25.14759202717341,0.0159912109375,1.0884857177734375,-0.004213655174252691,225,225,1.0,1.0
762,-26.671326,1465.8779,25.163658324144148,0.018890380859375,0.874542236328125,0.01606629697073654,226,225,0.995575221238938,1.0
763,-26.702301,1466.6486,25.144298692677186,-0.030975341796875,0.770599365234375,-0.01935963146696028,225,225,1.0,1.0
764,-26.672516,1467.3008,25.106736140821287,0.02978515625,0.6522064208984375,-0.037562551855897894,226,225,0.995575221238938,1.0
765,-26.725372,1467.9211,25.116208419393715,-0.0528564453125,0.6204071044921875,0.009472278572429287,227,226,0.9955947136563876,1.0
766,-26.639069,1468.38,25.100331450511415,0.0863037109375,0.458831787109375,-0.01587696888229787,227,227,1.0,1.0
767,-26.720062,1468.8027,25.067983767368446,-0.08099365234375,0.422760009765625,-0.03234768314296897,232,232,1.0,1.0
768,-26.772278,1469.1367,25.074224645405913,-0.052215576171875,0.3340301513671875,0.006240878037466044,229,229,1.0,1.0
769,-26.822235,1469.4336,25.061543105076804,-0.049957275390625,0.2968292236328125,-0.012681540329110032,228,228,1.0,1.0
770,-26.819763,1469.6656,25.061932138472095,0.002471923828125,0.2320404052734375,0.0003890333952906832,233,233,1.0,1.0
771,-26.75293,1469.7247,25.049994690034122,0.06683349609375,0.0590667724609375,-0.011937448437974243,233,233,1.0,1.0
772,-26.685059,1469.8033,25.022753193520945,0.06787109375,0.07861328125,-0.027241496513178684,234,234,1.0,1.0
773,-26.533844,1469.8153,25.032279841610382,0.151214599609375,0.0119781494140625,0.009526648089436733,232,232,1.0,1.0
774,-26.331818,1469.8184,25.04248065650881,0.2020263671875,0.0030670166015625,0.010200814898430362,234,234,1.0,1.0
775,-26.180603,1469.7585,25.029787994923147,0.151214599609375,-0.0597686767578125,-0.012692661585664993,234,234,1.0,1.0
776,-26.018646,1469.6943,25.02494560419076,0.161956787109375,-0.064178466796875,-0.004842390732389143,231,231,1.0,1.0
777,-25.212036,1469.7092,23.932468037314987,0.806610107421875,0.0148468017578125,-1.0924775668757714,211,211,1.0,1.0
778,-24.696503,1470.341,18.1467552981279,0.515533447265625,0.6316680908203125,-5.785712739187086,202,201,0.995049504950495,1.0
779,-24.650055,1471.0657,12.078179293765633,0.04644775390625,0.7247772216796875,-6.068576004362268,199,197,0.9899497487437185,1.0
780,-24.82434,1471.8142,6.87624214045669,-0.174285888671875,0.7484893798828125,-5.2019371533089425,198,198,1.0,1.0
781,-25.116608,1472.4165,3.087442981000155,-0.292266845703125,0.60223388671875,-3.788799159456535,202,202,1.0,1.0
782,-25.312225,1472.8848,0.6615845733211758,-0.19561767578125,0.468231201171875,-2.4258584076789793,212,211,0.9952830188679245,1.0
783,-25.532013,1473.3226,-0.9333507181706786,-0.21978759765625,0.437896728515625,-1.5949352914918544,206,206,1.0,1.0
784,-25.793915,1473.8324,-2.1141879190068082,-0.26190185546875,0.509796142578125,-1.1808372008361296,215,215,1.0,1.0
785,-25.943024,1474.3895,-3.071347699288367,-0.14910888671875,0.5570831298828125,-0.9571597802815589,205,205,1.0,1.0
786,-26.163208,1474.9528,-3.917894512736003,-0.220184326171875,0.563201904296875,-0.8465468134476359,207,207,1.0,1.0
787,-26.311615,1475.4694,-4.611703671832303,-0.148406982421875,0.5165863037109375,-0.6938091590962997,209,209,1.0,1.0
788,-26.45816,1476.0676,-5.138984198039594,-0.14654541015625,0.5982818603515625,-0.5272805262072916,216,216,1.0,1.0
789,-26.618073,1476.7178,-5.497571108710078,-0.159912109375,0.6501312255859375,-0.3585869106704836,216,216,1.0,1.0
790,-26.735596,1477.4371,-5.782045590960527,-0.117523193359375,0.719390869140625,-0.2844744822504486,209,208,0.9952153110047847,1.0
791,-26.863098,1478.2074,-5.993244455510903,-0.12750244140625,0.7702484130859375,-0.21119886455037615,217,216,0.9953917050691244,1.0
792,-26.915863,1479.0366,-6.140135573567465,-0.052764892578125,0.8292236328125,-0.14689111805656255,212,211,0.9952830188679245,1.0
793,-26.990753,1480.0504,-6.268302698322312,-0.07489013671875,1.0137786865234375,-0.12816712475484707,209,209,1.0,1.0
794,-27.039429,1481.1001,-6.372264407439315,-0.048675537109375,1.0496673583984375,-0.10396170911700273,209,209,1.0,1.0
795,-27.105225,1482.3488,-6.442022404567422,-0.0657958984375,1.2486114501953125,-0.0697579971281075,210,210,1.0,1.0
796,-27.270752,1483.8011,-6.526626006403532,-0.16552734375,1.4524383544921875,-0.08460360183611056,219,219,1.0,1.0
797,-27.299866,1485.4535,-6.5569072707699485,-0.02911376953125,1.652313232421875,-0.030281264366416698,213,213,1.0,1.0
798,-27.443756,1487.2257,-6.622184597508357,-0.143890380859375,1.772247314453125,-0.06527732673840878,212,212,1.0,1.0
799,-27.475616,1489.2739,-6.655920715307998,-0.0318603515625,2.0481719970703125,-0.033736117799640905,216,216,1.0,1.0
800,-27.634186,1491.5167,-6.651292007458745,-0.1585693359375,2.2428131103515625,0.00462870784925218,219,218,0.9954337899543378,1.0
801,-27.718842,1493.9158,-6.647430534484566,-0.08465576171875,2.39898681640625,0.0038614729741794068,221,219,0.9909502262443439,1.0
802,-27.774017,1496.5361,-6.650113913075489,-0.05517578125,2.62030029296875,-0.0026833785909228663,218,218,1.0,1.0
803,-27.883026,1499.4365,-6.637220516970836,-0.1090087890625,2.9004364013671875,0.012893396104653225,215,215,1.0,1.0
804,-27.935364,1502.5867,-6.608891021228072,-0.052337646484375,3.1501312255859375,0.028329495742764495,215,215,1.0,1.0
805,-28.059204,1505.9224,-6.586845121106176,-0.12384033203125,3.33563232421875,0.022045900121895334,218,218,1.0,1.0
806,-28.111328,1509.3376,-6.5610395151431815,-0.0521240234375,3.41522216796875,0.02580560596299444,218,218,1.0,1.0
807,-28.158722,1512.8014,-6.555252953423065,-0.047393798828125,3.4637603759765625,0.005786561720116667,221,221,1.0,1.0
808,-28.291534,1516.233,-6.589511573075258,-0.1328125,3.4315948486328125,-0.034258619652192734,219,219,1.0,1.0
809,-28.485962,1519.721,-6.6368066380623265,-0.194427490234375,3.48785400390625,-0.047295064987068106,209,209,1.0,1.0
810,-28.5289,1523.2671,-6.675542951759635,-0.042938232421875,3.546142578125,-0.03873631369730848,219,219,1.0,1.0
811,-28.568024,1526.7544,-6.708623040063297,-0.03912353515625,3.4873046875,-0.033080088303662596,207,207,1.0,1.0
812,-28.686462,1530.178,-6.737799979675041,-0.118438720703125,3.42364501953125,-0.029176939611744918,204,203,0.9950980392156863,1.0
813,-28.794373,1533.5499,-6.779148071114197,-0.10791015625,3.371917724609375,-0.04134809143915563,213,213,1.0,1.0
814,-28.832489,1536.8975,-6.7883329326778945,-0.038116455078125,3.3474884033203125,-0.009184861563697242,210,210,1.0,1.0
815,-28.905212,1540.2378,-6.821652156793341,-0.072723388671875,3.3402862548828125,-0.033319224115446626,213,212,0.9953051643192489,1.0
816,-28.975708,1543.4756,-6.841139697094303,-0.07049560546875,3.2377777099609375,-0.01948754030096194,209,208,0.9952153110047847,1.0
817,-29.001892,1546.7008,-6.868315033256178,-0.02618408203125,3.2252197265625,-0.027175336161875382,211,211,1.0,1.0
818,-29.050903,1549.8699,-6.8862935693326985,-0.04901123046875,3.1691131591796875,-0.017978536076520522,212,211,0.9952830188679245,1.0
819,-29.030731,1553.0037,-6.889268559133428,0.020172119140625,3.13385009765625,-0.0029749898007295204,209,208,0.9952153110047847,1.0
820,-29.097229,1556.1133,-6.897506445507244,-0.066497802734375,3.109619140625,-0.008237886373816637,212,212,1.0,1.0
821,-29.193665,1559.1571,-6.884682492824618,-0.096435546875,3.043792724609375,0.012823952682626514,209,208,0.9952153110047847,1.0
822,-29.194458,1562.2362,-6.878389001125602,-0.00079345703125,3.079132080078125,0.006293491699016105,203,200,0.9852216748768473,1.0
823,-29.242767,1565.226,-6.865098481512564,-0.048309326171875,2.98974609375,0.01329051961303814,197,197,1.0,1.0
824,-29.267456,1568.3008,-6.864131127441815,-0.024688720703125,3.07489013671875,0.0009673540707489298,209,209,1.0,1.0
825,-29.313019,1571.3125,-6.85218102286978,-0.045562744140625,3.0117034912109375,0.011950104572035478,207,207,1.0,1.0
826,-29.524475,1574.3904,-6.871417870695124,-0.211456298828125,3.077911376953125,-0.019236847825344176,209,209,1.0,1.0
827,-29.512573,1577.3567,-6.845785860110039,0.01190185546875,2.96630859375,0.025632010585084273,212,212,1.0,1.0
828,-29.64154,1580.3717,-6.843982204735291,-0.12896728515625,3.014984130859375,0.0018036553747477887,211,210,0.995260663507109,1.0
829,-29.715698,1583.4104,-6.817733990098728,-0.07415771484375,3.0386962890625,0.026248214636563252,202,202,1.0,1.0
830,-29.753296,1586.4763,-6.787197638475559,-0.03759765625,3.06591796875,0.030536351623169762,213,213,1.0,1.0
831,-29.879211,1589.4899,-6.784299452997403,-0.12591552734375,3.0135498046875,0.002898185478155865,209,209,1.0,1.0
832,-29.896362,1592.6025,-6.752673037306176,-0.01715087890625,3.1126556396484375,0.03162641569122751,208,208,1.0,1.0
833,-30.016144,1595.6223,-6.763706750734014,-0.119781494140625,3.0197906494140625,-0.01103371342783775,210,209,0.9952380952380953,1.0
834,-30.14798,1598.6538,-6.771266657603282,-0.1318359375,3.0314788818359375,-0.007559906869268577,211,211,1.0,1.0
835,-30.195312,1601.7834,-6.7424334782954505,-0.047332763671875,3.129608154296875,0.02883317930783138,208,207,0.9951923076923077,1.0
836,-30.326935,1604.7174,-6.745707186377545,-0.131622314453125,2.9339599609375,-0.003273708082094812,206,205,0.9951456310679612,1.0
837,-30.297424,1607.782,-6.718681662849483,0.029510498046875,3.0645904541015625,0.02702552352806215,207,204,0.9855072463768116,1.0
838,-30.32962,1610.7722,-6.694813741825259,-0.032196044921875,2.99029541015625,0.023867921024223714,211,209,0.990521327014218,1.0
839,-30.35434,1613.7947,-6.695394913066005,-0.02471923828125,3.0224456787109375,-0.0005811712407466791,211,210,0.995260663507109,1.0
840,-30.503723,1616.8246,-6.716149074106939,-0.149383544921875,3.029876708984375,-0.020754161040933604,215,214,0.9953488372093023,1.0
841,-30.57611,1619.9376,-6.729629844373237,-0.0723876953125,3.113037109375,-0.013480770266298502,214,213,0.9953271028037384,1.0
842,-30.735992,1622.9247,-6.726574016417662,-0.159881591796875,2.987091064453125,0.003055827955575135,214,214,1.0,1.0
843,-30.808868,1625.9788,-6.7169571936975,-0.0728759765625,3.0540618896484375,0.009616822720162248,212,212,1.0,1.0
844,-30.883392,1628.964,-6.711797035601251,-0.07452392578125,2.9852142333984375,0.005160158096248855,214,213,0.9953271028037384,1.0
845,-31.039734,1632.0338,-6.705432175817817,-0.156341552734375,3.069854736328125,0.006364859783432931,213,213,1.0,1.0
846,-31.194977,1635.0586,-6.72098980383957,-0.155242919921875,3.0247955322265625,-0.015557628021752977,206,204,0.9902912621359223,1.0
847,-31.286987,1637.9701,-6.725092439497077,-0.092010498046875,2.9115447998046875,-0.004102635657507036,209,208,0.9952153110047847,1.0
848,-31.427094,1640.995,-6.721323782461949,-0.140106201171875,3.0249176025390625,0.0037686570351272357,216,215,0.9953703703703703,1.0
849,-31.476624,1644.0425,-6.741059712454263,-0.049530029296875,3.047515869140625,-0.01973592999231289,206,206,1.0,1.0
850,-31.600372,1647.1276,-6.738506065915528,-0.123748779296875,3.0850982666015625,0.0025536465387339335,201,201,1.0,1.0
851,-31.671722,1650.0614,-6.746182551140731,-0.07135009765625,2.9337921142578125,-0.007676485225203432,205,204,0.9951219512195122,1.0
852,-31.864471,1653.0023,-6.7832789184500735,-0.1927490234375,2.9409332275390625,-0.03709636730934233,207,206,0.9951690821256038,1.0
853,-31.979248,1655.9857,-6.783649947688593,-0.114776611328125,2.9833526611328125,-0.0003710292385198702,207,207,1.0,1.0
854,-32.003357,1658.9775,-6.753146344231051,-0.02410888671875,2.99188232421875,0.030503603457542296,206,206,1.0,1.0
855,-32.048065,1661.9976,-6.766369816987099,-0.044708251953125,3.0200653076171875,-0.013223472756048928,204,204,1.0,1.0
856,-32.13672,1664.9413,-6.750511339313529,-0.088653564453125,2.9437713623046875,0.01585847767357041,200,200,1.0,1.0
857,-32.233185,1667.9572,-6.778801169065483,-0.096466064453125,3.0158538818359375,-0.028289829751954515,217,216,0.9953917050691244,1.0
858,-32.32672,1670.945,-6.796230189897365,-0.093536376953125,2.9877471923828125,-0.017429020831881813,210,209,0.9952380952380953,1.0
859,-32.307465,1673.9441,-6.812348756190011,0.019256591796875,2.9990997314453125,-0.016118566292645957,209,209,1.0,1.0
860,-32.300354,1677.0072,-6.8004399571293925,0.007110595703125,3.0631256103515625,0.01190879906061853,198,198,1.0,1.0
861,-32.466766,1679.906,-6.829951907290088,-0.166412353515625,2.8988494873046875,-0.02951195016069553,211,211,1.0,1.0
862,-32.48465,1682.9098,-6.815679278311228,-0.01788330078125,3.0037994384765625,0.014272628978859886,213,212,0.9953051643192489,1.0
863,-32.575775,1685.9541,-6.832731888733854,-0.09112548828125,3.04425048828125,-0.017052610422626936,213,213,1.0,1.0
864,-32.587128,1688.9844,-6.831630583857622,-0.0113525390625,3.030242919921875,0.0011013048762324436,213,213,1.0,1.0
865,-32.65222,1692.0154,-6.830436991089846,-0.065093994140625,3.031036376953125,0.0011935927677761819,206,205,0.9951456310679612,1.0
866,-32.74466,1695.072,-6.850061056110139,-0.092437744140625,3.05670166015625,-0.019624065020292278,206,206,1.0,1.0
867,-32.87326,1698.0576,-6.8592775136735655,-0.12860107421875,2.9855804443359375,-0.009216457563426338,201,200,0.9950248756218906,1.0
868,-33.01306,1701.1383,-6.876874485031832,-0.139801025390625,3.0806427001953125,-0.017596971358267096,200,199,0.995,1.0
869,-33.159607,1704.2135,-6.870218843527865,-0.14654541015625,3.0751800537109375,0.006655641503967893,206,202,0.9805825242718447,1.0
870,-33.274902,1707.2733,-6.890764714425514,-0.11529541015625,3.0598602294921875,-0.020545870897649074,208,206,0.9903846153846154,1.0
871,-33.330383,1710.2705,-6.906653635660505,-0.05548095703125,2.9971923828125,-0.015888921234990683,204,202,0.9901960784313726,1.0
872,-33.426483,1713.3568,-6.897696034033869,-0.096099853515625,3.0862579345703125,0.008957601626636079,202,201,0.995049504950495,1.0
873,-33.476227,1716.398,-6.915042441060944,-0.04974365234375,3.0411834716796875,-0.017346407027075197,202,200,0.9900990099009901,1.0
874,-33.63086,1719.5133,-6.945751914779008,-0.154632568359375,3.1153106689453125,-0.030709473718063512,210,207,0.9857142857142858,1.0
875,-33.809296,1722.5442,-6.9413499000994525,-0.178436279296875,3.030914306640625,0.004402014679555258,203,200,0.9852216748768473,1.0
876,-33.944366,1725.6537,-6.9742961056013035,-0.13507080078125,3.1095428466796875,-0.03294620550185116,212,211,0.9952830188679245,1.0
877,-34.0448,1728.5681,-6.988020617368856,-0.100433349609375,2.9144287109375,-0.013724511767552247,205,203,0.9902439024390244,1.0
878,-34.082794,1731.6064,-7.005887136709002,-0.037994384765625,3.038360595703125,-0.01786651934014613,207,205,0.9903381642512077,1.0
879,-34.255707,1734.5586,-7.041716072405021,-0.17291259765625,2.9521484375,-0.03582893569601895,209,207,0.9904306220095693,1.0
880,-34.398865,1737.5819,-7.062442562029126,-0.143157958984375,3.023345947265625,-0.020726489624105657,196,193,0.9846938775510204,1.0
881,-34.47232,1740.663,-7.068763412630305,-0.073455810546875,3.0810394287109375,-0.006320850601178673,213,211,0.9906103286384976,1.0
882,-34.617737,1743.7446,-7.105882909197097,-0.145416259765625,3.081695556640625,-0.03711949656679276,207,205,0.9903381642512077,1.0
883,-34.70926,1746.6501,-7.121399328709216,-0.091522216796875,2.90545654296875,-0.015516419512118058,202,202,1.0,1.0
884,-34.78659,1749.7662,-7.116286399649541,-0.07733154296875,3.1160888671875,0.005112929059674765,208,208,1.0,1.0
885,-34.823425,1752.869,-7.114276832089477,-0.036834716796875,3.1027984619140625,0.0020095675600643828,205,203,0.9902439024390244,1.0
886,-34.845337,1755.8564,-7.122026040000772,-0.02191162109375,2.98736572265625,-0.007749207911295907,208,208,1.0,1.0
887,-34.945343,1758.8383,-7.152154943039827,-0.100006103515625,2.981781005859375,-0.03012890303905462,202,202,1.0,1.0
888,-34.976166,1761.8313,-7.164141746535645,-0.03082275390625,2.9929962158203125,-0.011986803495817742,205,205,1.0,1.0
889,-35.041626,1764.8242,-7.172656297309144,-0.065460205078125,2.9929656982421875,-0.008514550773499606,202,202,1.0,1.0
890,-35.0307,1767.7955,-7.152519158064963,0.01092529296875,2.9713287353515625,0.020137139244181403,206,204,0.9902912621359223,1.0
891,-35.074493,1770.8579,-7.167843021487823,-0.043792724609375,3.0624237060546875,-0.015323863422859811,210,209,0.9952380952380953,1.0
892,-35.13571,1773.7991,-7.196276341888598,-0.06121826171875,2.94110107421875,-0.02843332040077563,210,209,0.9952380952380953,1.0
893,-35.17572,1776.8064,-7.219194753125524,-0.040008544921875,3.007354736328125,-0.022918411236924754,209,208,0.9952153110047847,1.0
894,-35.242523,1779.781,-7.211952640883035,-0.066802978515625,2.97467041015625,0.007242112242488485,209,206,0.9856459330143541,1.0
895,-35.238953,1782.7664,-7.244382248687641,0.003570556640625,2.985321044921875,-0.03242960780460646,201,198,0.9850746268656716,1.0
896,-35.25186,1785.8029,-7.2375293600467066,-0.012908935546875,3.0364837646484375,0.006852888640934228,209,206,0.9856459330143541,1.0
897,-35.266327,1788.8093,-7.240925220008729,-0.01446533203125,3.0064849853515625,-0.003395859962023122,210,210,1.0,1.0
898,-35.319275,1791.8018,-7.258250683133508,-0.052947998046875,2.9924163818359375,-0.017325463124779398,203,203,1.0,1.0
899,-35.414276,1794.8164,-7.254055503810693,-0.095001220703125,3.0146636962890625,0.00419517932281545,206,205,0.9951456310679612,1.0
900,-35.38864,1797.8954,-7.25618117862133,0.025634765625,3.079010009765625,-0.0021256748106369574,207,206,0.9951690821256038,1.0
901,-35.425293,1800.8259,-7.270998233280812,-0.036651611328125,2.9305419921875,-0.01481705465948205,209,208,0.9952153110047847,1.0
902,-35.44226,1803.8474,-7.27901515175631,-0.0169677734375,3.02142333984375,-0.008016918475497821,219,219,1.0,1.0
903,-35.43286,1806.832,-7.286854884340818,0.0093994140625,2.984649658203125,-0.007839732584508347,218,217,0.9954128440366973,1.0
904,-35.453613,1809.7633,-7.270987456199454,-0.020751953125,2.931304931640625,0.015867428141364423,215,213,0.9906976744186047,1.0
905,-35.496826,1812.8242,-7.286896290600736,-0.043212890625,3.060943603515625,-0.015908834401282223,222,222,1.0,1.0
906,-35.539062,1815.816,-7.294759230132367,-0.042236328125,2.9918060302734375,-0.007862939531631795,225,225,1.0,1.0
907,-35.585693,1818.7577,-7.300217375190437,-0.046630859375,2.941619873046875,-0.005458145058069246,221,220,0.995475113122172,1.0
908,-35.597748,1821.7258,-7.2810095663985255,-0.012054443359375,2.968170166015625,0.019207808791911293,221,221,1.0,1.0
909,-35.623535,1824.666,-7.311536850819222,-0.025787353515625,2.940155029296875,-0.03052728442069704,220,219,0.9954545454545455,1.0
910,-35.709076,1827.6399,-7.299829343706663,-0.085540771484375,2.9739227294921875,0.011707507112559523,211,211,1.0,1.0
911,-35.725403,1830.6772,-7.310890333238114,-0.016326904296875,3.03741455078125,-0.011060989531450844,215,214,0.9953488372093023,1.0
912,-35.74942,1833.6034,-7.307083999979058,-0.024017333984375,2.9261474609375,0.0038063332590557502,216,214,0.9907407407407407,1.0
913,-35.763336,1836.6139,-7.281588649640802,-0.013916015625,3.010528564453125,0.025495350338256267,219,217,0.9908675799086758,1.0
914,-35.687073,1839.6057,-7.275402768817505,0.076263427734375,2.9917755126953125,0.00618588082329637,221,221,1.0,1.0
915,-35.74106,1842.5747,-7.277265421349945,-0.053985595703125,2.968963623046875,-0.0018626525324393632,223,223,1.0,1.0
916,-35.769104,1845.5021,-7.263375377606625,-0.028045654296875,2.927398681640625,0.013890043743319808,207,207,1.0,1.0
917,-35.774323,1848.4153,-7.2602816543938955,-0.005218505859375,2.91326904296875,0.0030937232127296503,216,215,0.9953703703703703,1.0
918,-35.707764,1851.3651,-7.246217666763393,0.066558837890625,2.9498443603515625,0.014063987630502582,211,208,0.985781990521327,1.0
919,-35.69635,1854.3418,-7.250713570845832,0.01141357421875,2.9766998291015625,-0.004495904082439185,216,214,0.9907407407407407,1.0
920,-35.71881,1857.3109,-7.264465778667797,-0.0224609375,2.9691314697265625,-0.013752207821965175,215,215,1.0,1.0
921,-35.637543,1860.1195,-7.227691763328373,0.081268310546875,2.8085784912109375,0.03677401533942386,224,224,1.0,1.0
922,-35.695435,1862.8876,-7.207224632516706,-0.057891845703125,2.7680206298828125,0.020467130811667185,217,215,0.9907834101382489,1.0
923,-35.655792,1865.5067,-7.190080870246362,0.039642333984375,2.6190948486328125,0.01714376227034321,212,211,0.9952830188679245,1.0
924,-35.6297,1868.0367,-7.18872942824212,0.026092529296875,2.5300140380859375,0.0013514420042421067,214,212,0.9906542056074766,1.0
925,-35.6279,1870.4443,-7.175304976464656,0.001800537109375,2.407623291015625,0.013424451777463877,222,221,0.9954954954954955,1.0
926,-35.63745,1872.7643,-7.160958272954912,-0.009552001953125,2.3199920654296875,0.014346703509744384,222,222,1.0,1.0
927,-35.606537,1874.957,-7.148824435915447,0.030914306640625,2.1927642822265625,0.01213383703946494,220,219,0.9954545454545455,1.0
928,-35.60428,1876.9495,-7.067513478701946,0.00225830078125,1.9923858642578125,0.08131095721350155,215,214,0.9953488372093023,1.0
929,-35.600708,1878.8721,-7.056539348857563,0.003570556640625,1.9226226806640625,0.010974129844382018,219,218,0.9954337899543378,1.0
930,-35.634613,1880.867,-7.046745366280773,-0.033905029296875,1.994873046875,0.009793982576789735,220,219,0.9954545454545455,1.0
931,-35.633972,1882.7213,-7.037596777836646,0.000640869140625,1.8543548583984375,0.009148588444126549,212,211,0.9952830188679245,1.0
932,-35.70102,1884.4794,-7.038831030688273,-0.067047119140625,1.758087158203125,-0.0012342528516269301,212,211,0.9952830188679245,1.0
933,-35.706024,1886.2549,-7.022384487474106,-0.0050048828125,1.7755279541015625,0.01644654321416702,214,213,0.9953271028037384,1.0
934,-35.74109,1887.9998,-7.0370428195139425,-0.035064697265625,1.7448272705078125,-0.014658332039836127,217,217,1.0,1.0
935,-35.797516,1889.7609,-7.011960782753738,-0.056427001953125,1.761138916015625,0.025082036760204936,214,213,0.9953271028037384,1.0
936,-35.723236,1891.4631,-7.010534305358567,0.07427978515625,1.702301025390625,0.0014264773951707826,213,212,0.9953051643192489,1.0
937,-35.771057,1893.1633,-7.025521192873549,-0.047821044921875,1.700164794921875,-0.014986887514981555,215,215,1.0,1.0
938,-35.786133,1894.8708,-6.998053245808771,-0.01507568359375,1.7075653076171875,0.02746794706477712,222,221,0.9954954954954955,1.0
939,-35.752777,1896.6545,-6.994066108557956,0.033355712890625,1.7836456298828125,0.003987137250815399,215,212,0.986046511627907,1.0
940,-35.790222,1898.3774,-7.009365315993231,-0.037445068359375,1.72296142578125,-0.015299207435275517,209,205,0.9808612440191388,1.0
941,-35.77066,1900.0692,-6.9739919760198585,0.019561767578125,1.6917266845703125,0.03537333997337276,213,210,0.9859154929577465,1.0
942,-35.770172,1901.7174,-6.972641897410734,0.00048828125,1.6482391357421875,0.0013500786091245056,209,208,0.9952153110047847,1.0
943,-35.77472,1903.3546,-6.935012160273918,-0.004547119140625,1.6372528076171875,0.03762973713681507,213,212,0.9953051643192489,1.0
944,-35.699097,1904.9054,-6.919161851116104,0.07562255859375,1.55078125,0.01585030915781467,208,206,0.9903846153846154,1.0
945,-35.723816,1906.2394,-6.943548078662653,-0.02471923828125,1.3340301513671875,-0.024386227546549726,211,209,0.990521327014218,1.0
946,-35.792816,1907.6259,-6.93921379730078,-0.069000244140625,1.3864898681640625,0.00433428136187321,210,209,0.9952380952380953,1.0
947,-35.69803,1908.8799,-6.958762020366362,0.09478759765625,1.25396728515625,-0.019548223065582387,212,211,0.9952830188679245,1.0
948,-35.699005,1909.9451,-6.970501723572234,-0.0009765625,1.065185546875,-0.011739703205871392,218,217,0.9954128440366973,1.0
949,-35.698395,1910.9359,-6.977730666176658,0.0006103515625,0.990814208984375,-0.007228942604424572,226,226,1.0,1.0
950,-35.721405,1911.858,-6.98623720915998,-0.02301025390625,0.9221343994140625,-0.008506542983322403,225,225,1.0,1.0
951,-35.658417,1912.5967,-6.9927794894197115,0.06298828125,0.7386016845703125,-0.006542280259731582,229,228,0.9956331877729258,1.0
952,-35.70352,1913.3461,-7.016404930615905,-0.04510498046875,0.7494354248046875,-0.023625441196193475,222,221,0.9954954954954955,1.0
953,-35.681763,1913.8611,-7.014735750231735,0.021759033203125,0.5150604248046875,0.001669180384169816,222,222,1.0,1.0
954,-35.750885,1914.4219,-7.066781547386931,-0.069122314453125,0.560791015625,-0.052045797155195535,224,224,1.0,1.0
955,-35.703003,1914.8854,-7.04981137972545,0.047882080078125,0.4635162353515625,0.01697016766148129,218,218,1.0,1.0
956,-35.73935,1915.2747,-7.0612144155670205,-0.036346435546875,0.389312744140625,-0.011403035841569969,214,213,0.9953271028037384,1.0
957,-35.651825,1915.5244,-7.083198330182815,0.0875244140625,0.2497711181640625,-0.021983914615794183,220,219,0.9954545454545455,1.0
958,-35.60788,1915.6418,-7.114545843370679,0.0439453125,0.117431640625,-0.0313475131878637,223,222,0.9955156950672646,1.0
959,-35.498993,1915.7231,-7.142299281016587,0.10888671875,0.08123779296875,-0.027753437645908464,226,225,0.995575221238938,1.0
960,-35.389587,1915.761,-7.172133080381537,0.109405517578125,0.03790283203125,-0.029833799364949638,229,229,1.0,1.0
961,-35.259155,1915.7585,-7.175773300248095,0.13043212890625,-0.00244140625,-0.0036402198665587207,232,232,1.0,1.0
962,-35.17206,1915.7384,-7.181811874223892,0.08709716796875,-0.020111083984375,-0.006038573975796765,234,234,1.0,1.0
963,-35.079376,1915.6813,-7.185267610624051,0.092681884765625,-0.05712890625,-0.0034557364001593614,228,228,1.0,1.0
964,-34.532623,1915.6031,-7.321049747605167,0.5467529296875,-0.078125,-0.13578213698111508,215,214,0.9953488372093023,1.0
965,-33.60022,1916.1067,-11.959608782438282,0.932403564453125,0.50360107421875,-4.638559034833116,195,195,1.0,1.0
966,-33.544067,1917.1055,-18.401656282240932,0.05615234375,0.9987335205078125,-6.44204749980265,188,187,0.9946808510638298,1.0
967,-33.69165,1918.1836,-25.054086623432116,-0.1475830078125,1.0781402587890625,-6.6524303411911845,189,188,0.9947089947089947,1.0
968,-33.922577,1919.2758,-31.462517588042942,-0.230926513671875,1.0921173095703125,-6.408430964610824,187,187,1.0,1.0
969,-34.278015,1920.3416,-37.12684330793497,-0.355438232421875,1.0658111572265625,-5.664325719892026,188,188,1.0,1.0
970,-34.802032,1921.3129,-41.51516623006657,-0.524017333984375,0.9713287353515625,-4.388322922131597,204,203,0.9950980392156863,1.0
971,-35.10736,1921.9873,-44.27744283924119,-0.305328369140625,0.674407958984375,-2.762276609174617,211,209,0.990521327014218,1.0
972,-35.29727,1922.4828,-46.16013680797789,-0.189910888671875,0.4955291748046875,-1.8826939687367044,215,214,0.9953488372093023,1.0
973,-35.498657,1923.06,-47.610753931266586,-0.201385498046875,0.5772857666015625,-1.450617123288692,215,215,1.0,1.0
974,-35.427338,1923.4865,-48.809420285316754,0.071319580078125,0.426422119140625,-1.1986663540501714,205,204,0.9951219512195122,1.0
975,-35.45523,1924.0083,-49.79591207791701,-0.02789306640625,0.521881103515625,-0.9864917926002572,211,211,1.0,1.0
976,-35.473114,1924.5962,-50.5707796690572,-0.01788330078125,0.587890625,-0.7748675911401904,214,214,1.0,1.0
977,-35.45334,1925.1909,-51.1431291408502,0.019775390625,0.59478759765625,-0.5723494717929989,209,209,1.0,1.0
978,-35.43817,1925.8699,-51.61951421084775,0.015167236328125,0.6790008544921875,-0.476385069997548,210,208,0.9904761904761905,1.0
979,-35.47888,1926.7075,-52.008222404363224,-0.04071044921875,0.83758544921875,-0.38870819351547503,212,211,0.9952830188679245,1.0
980,-35.529053,1927.6428,-52.31351251497841,-0.0501708984375,0.935272216796875,-0.3052901106151893,213,213,1.0,1.0
981,-35.519318,1928.6533,-52.5423118262745,0.009735107421875,1.0105133056640625,-0.22879931129608796,214,214,1.0,1.0
982,-35.535736,1929.7744,-52.75562315306251,-0.01641845703125,1.1211090087890625,-0.2133113267880114,218,215,0.9862385321100917,1.0
983,-35.544342,1931.198,-52.882173851880175,-0.00860595703125,1.4236297607421875,-0.1265506988176654,212,212,1.0,1.0
984,-35.543945,1932.725,-52.995619319683634,0.000396728515625,1.5269317626953125,-0.11344546780346183,219,219,1.0,1.0
985,-35.536682,1934.3933,-53.09280475087714,0.00726318359375,1.6682891845703125,-0.09718543119351136,216,215,0.9953703703703703,1.0
986,-35.53891,1936.3806,-53.12276095002659,-0.002227783203125,1.9873199462890625,-0.029956199149445813,216,214,0.9907407407407407,1.0
987,-35.532166,1938.4364,-53.18826001022577,0.006744384765625,2.0557708740234375,-0.06549906019918043,217,214,0.9861751152073732,1.0
988,-35.545593,1940.7057,-53.2121117019375,-0.013427734375,2.269287109375,-0.023851691711733198,220,219,0.9954545454545455,1.0
989,-35.615326,1943.218,-53.23316990637994,-0.069732666015625,2.5123291015625,-0.021058204442443183,221,219,0.9909502262443439,1.0
990,-35.64914,1945.9303,-53.259137393201335,-0.0338134765625,2.712310791015625,-0.025967486821393045,224,224,1.0,1.0
991,-35.70392,1948.7837,-53.309719079126914,-0.054779052734375,2.853424072265625,-0.05058168592557717,219,219,1.0,1.0
992,-35.739044,1951.8936,-53.297340408398455,-0.035125732421875,3.1099090576171875,0.012378670728459475,214,214,1.0,1.0
993,-35.805847,1955.1506,-53.276097576064004,-0.066802978515625,3.257110595703125,0.02124283233445228,215,213,0.9906976744186047,1.0
994,-35.819733,1958.4438,-53.29414240439348,-0.013885498046875,3.2932586669921875,-0.01804482832947757,218,217,0.9954128440366973,1.0
995,-35.883636,1961.7343,-53.2764699067773,-0.06390380859375,3.2904510498046875,0.01767249761618127,217,217,1.0,1.0
996,-35.94925,1965.108,-53.236114457790606,-0.06561279296875,3.373748779296875,0.04035544898669657,222,222,1.0,1.0
997,-36.010986,1968.4542,-53.23410047554718,-0.061737060546875,3.3461761474609375,0.002013982243426945,224,223,0.9955357142857143,1.0
998,-36.021515,1971.7284,-53.18614395483977,-0.010528564453125,3.2742156982421875,0.04795652070741036,219,218,0.9954337899543378,1.0
999,-36.072845,1974.9302,-53.16320357126023,-0.05133056640625,3.2017364501953125,0.02294038357953712,221,221,1.0,1.0
1000,-36.11966,1978.1825,-53.12454860856007,-0.04681396484375,3.252288818359375,0.038654962700162214,221,220,0.995475113122172,1.0
1001,-36.166748,1981.2732,-53.0986255300583,-0.047088623046875,3.0906524658203125,0.025923078501766807,224,223,0.9955357142857143,1.0
1002,-36.16797,1982.9141,-53.07880692116546,-0.001220703125,1.6409149169921875,0.019818608892842638,213,213,1.0,1.0
1003,-36.17624,1985.927,-53.04582526874793,-0.008270263671875,3.0129241943359375,0.03298165241752225,216,216,1.0,1.0
1004,-36.20929,1988.9962,-53.019697866070416,-0.033050537109375,3.069183349609375,0.02612740267751362,221,221,1.0,1.0
1005,-36.212128,1991.972,-52.97485503836654,-0.002838134765625,2.975830078125,0.04484282770387454,215,215,1.0,1.0
1006,-36.255127,1994.9849,-52.9279444107337,-0.042999267578125,3.012847900390625,0.04691062763283696,220,220,1.0,1.0
1007,-36.274536,1997.7997,-52.91343244096592,-0.0194091796875,2.8148345947265625,0.014511969767781715,225,225,1.0,1.0
1008,-36.285553,2000.7346,-52.842391598282056,-0.011016845703125,2.93487548828125,0.07104084268386235,224,223,0.9955357142857143,1.0
1009,-36.37613,2003.5579,-52.814545067797084,-0.090576171875,2.8232269287109375,0.02784653048497096,220,218,0.990909090909091,1.0
1010,-36.318542,2006.448,-52.76769311277339,0.057586669921875,2.8901214599609375,0.046851955023695005,224,223,0.9955357142857143,1.0
1011,-36.356445,2009.3308,-52.72093700737295,-0.03790283203125,2.882843017578125,0.04675610540043675,211,210,0.995260663507109,1.0
1012,-36.30417,2012.1495,-52.65611347145831,0.052276611328125,2.8187255859375,0.06482353591464268,218,217,0.9954128440366973,1.0
1013,-36.326263,2014.9851,-52.61994907333969,-0.0220947265625,2.8355865478515625,0.03616439811862292,217,217,1.0,1.0
1014,-36.31302,2017.8013,-52.549857939800546,0.01324462890625,2.816131591796875,0.07009113353914102,216,215,0.9953703703703703,1.0
1015,-36.296234,2020.6594,-52.50031023650105,0.01678466796875,2.8581695556640625,0.049547703299492776,214,212,0.9906542056074766,1.0
1016,-36.30124,2023.4895,-52.450453015098674,-0.0050048828125,2.83013916015625,0.049857221402379234,218,215,0.9862385321100917,1.0
1017,-36.35608,2026.3508,-52.39999806381972,-0.054840087890625,2.8613128662109375,0.050454951278951436,218,217,0.9954128440366973,1.0
1018,-36.433777,2029.2235,-52.35076378985118,-0.07769775390625,2.8726959228515625,0.049234273968542325,217,217,1.0,1.0
1019,-36.418274,2032.0529,-52.2747606678546,0.0155029296875,2.829315185546875,0.07600312199657563,218,218,1.0,1.0
1020,-36.445007,2034.8835,-52.21793606328892,-0.0267333984375,2.830657958984375,0.056824604565686956,223,223,1.0,1.0
1021,-36.496826,2037.653,-52.161266658193384,-0.05181884765625,2.769439697265625,0.056669405095536404,219,218,0.9954337899543378,1.0
1022,-36.481415,2040.4088,-52.09783118303651,0.015411376953125,2.7558441162109375,0.06343547515687542,222,221,0.9954954954954955,1.0
1023,-36.58127,2043.2109,-52.06059369402731,-0.099853515625,2.8020782470703125,0.037237489009200646,219,217,0.9908675799086758,1.0
1024,-36.564514,2045.9468,-52.00285356702668,0.016754150390625,2.73577880859375,0.05774012700062463,220,218,0.990909090909091,1.0
1025,-36.58191,2048.776,-51.92755397258257,-0.01739501953125,2.829132080078125,0.07529959444411326,220,220,1.0,1.0
1026,-36.6062,2051.5325,-51.89634064484036,-0.0242919921875,2.7566375732421875,0.0312133277422154,219,218,0.9954337899543378,1.0
1027,-36.672516,2054.3506,-51.8502232377802,-0.066314697265625,2.8182220458984375,0.046117407060157094,218,218,1.0,1.0
1028,-36.675446,2057.198,-51.77957077637308,-0.0029296875,2.8474273681640625,0.07065246140712486,219,218,0.9954337899543378,1.0
1029,-36.72229,2059.9575,-51.72487674909876,-0.046844482421875,2.759521484375,0.05469402727431368,215,214,0.9953488372093023,1.0
1030,-36.75998,2062.8315,-51.667479710296206,-0.037689208984375,2.87396240234375,0.05739703880255772,214,212,0.9906542056074766,1.0
1031,-36.819458,2065.6458,-51.58730827189312,-0.059478759765625,2.8142547607421875,0.08017143840308442,217,215,0.9907834101382489,1.0
1032,-36.860626,2068.4453,-51.551022043538914,-0.041168212890625,2.7996063232421875,0.03628622835421043,219,218,0.9954337899543378,1.0
1033,-36.90503,2071.248,-51.48610380271481,-0.044403076171875,2.802703857421875,0.06491824082410312,223,223,1.0,1.0
1034,-36.93927,2074.0671,-51.432003772675394,-0.03424072265625,2.8190155029296875,0.05410003003941202,220,220,1.0,1.0
1035,-36.94171,2076.888,-51.35769953551767,-0.00244140625,2.820831298828125,0.0743042371577241,219,218,0.9954337899543378,1.0
1036,-36.962463,2079.6714,-51.29290317795347,-0.020751953125,2.7835540771484375,0.06479635756419913,217,216,0.9953917050691244,1.0
1037,-37.05542,2082.5142,-51.2307586344971,-0.09295654296875,2.8426666259765625,0.06214454345637036,220,218,0.990909090909091,1.0
1038,-37.049225,2085.3103,-51.15688510942238,0.006195068359375,2.7960968017578125,0.07387352507471638,211,210,0.995260663507109,1.0
1039,-37.130157,2088.161,-51.1146729568956,-0.0809326171875,2.8504791259765625,0.04221215252677929,217,217,1.0,1.0
1040,-37.19806,2091.0154,-51.05042874788438,-0.067901611328125,2.8543853759765625,0.06424420901122288,218,217,0.9954128440366973,1.0
1041,-37.303833,2093.8508,-51.00415531159126,-0.10577392578125,2.835418701171875,0.046273436293121695,214,213,0.9953271028037384,1.0
1042,-37.27002,2096.6462,-50.92827286459485,0.0338134765625,2.7954864501953125,0.07588244699640935,216,216,1.0,1.0
1043,-37.28296,2099.4336,-50.86712721042443,-0.012939453125,2.78741455078125,0.06114565417042693,216,216,1.0,1.0
1044,-37.36389,2102.228,-50.83160233605915,-0.0809326171875,2.794525146484375,0.03552487436527752,215,214,0.9953488372093023,1.0
1045,-37.462555,2104.9797,-50.777584988965906,-0.098663330078125,2.751739501953125,0.054017347093240506,215,215,1.0,1.0
1046,-37.55905,2107.7375,-50.75183403088048,-0.09649658203125,2.75787353515625,0.02575095808542693,216,216,1.0,1.0
1047,-37.56067,2110.5388,-50.677126984909385,-0.001617431640625,2.8013763427734375,0.0747070459710929,219,218,0.9954337899543378,1.0
1048,-37.60547,2113.2324,-50.643128907375655,-0.0447998046875,2.6934967041015625,0.033998077533729854,214,214,1.0,1.0
1049,-37.65631,2115.9924,-50.58265114953279,-0.05084228515625,2.7599029541015625,0.06047775784286234,222,222,1.0,1.0
1050,-37.746613,2118.7925,-50.53545461378077,-0.090301513671875,2.8001708984375,0.04719653575202122,220,219,0.9954545454545455,1.0
1051,-37.760406,2121.598,-50.4705317634544,-0.0137939453125,2.805450439453125,0.06492285032636841,223,223,1.0,1.0
1052,-37.868652,2124.3723,-50.41493286187408,-0.108245849609375,2.774322509765625,0.0555989015803237,224,222,0.9910714285714286,1.0
1053,-37.93286,2127.0974,-50.35254644492412,-0.064208984375,2.7250823974609375,0.06238641694995284,221,219,0.9909502262443439,1.0
1054,-38.02185,2129.7896,-50.33896842246957,-0.0889892578125,2.6921234130859375,0.013578022454549633,216,215,0.9953703703703703,1.0
1055,-38.059814,2132.536,-50.24247489784905,-0.0379638671875,2.746307373046875,0.09649352462052295,219,217,0.9908675799086758,1.0
1056,-38.106934,2135.3306,-50.20082822358599,-0.047119140625,2.7946929931640625,0.04164667426306678,221,220,0.995475113122172,1.0
1057,-38.137543,2138.0596,-50.13261943320115,-0.030609130859375,2.7290802001953125,0.06820879038483345,221,221,1.0,1.0
1058,-38.19931,2140.747,-50.09472634680745,-0.061767578125,2.68743896484375,0.037893086393700454,220,220,1.0,1.0
1059,-38.22577,2143.5786,-50.0100737918111,-0.026458740234375,2.8315277099609375,0.08465255499634605,216,216,1.0,1.0
1060,-38.28418,2146.3408,-49.9550101235894,-0.05841064453125,2.7620849609375,0.055063668221700286,223,222,0.9955156950672646,1.0
1061,-38.311493,2149.1594,-49.88184716267194,-0.027313232421875,2.81866455078125,0.07316296091746209,221,220,0.995475113122172,1.0
1062,-38.417755,2151.8596,-49.821483179956225,-0.10626220703125,2.700286865234375,0.0603639827157161,222,219,0.9864864864864865,1.0
1063,-38.451385,2154.611,-49.780846140922435,-0.03363037109375,2.751434326171875,0.040637039033788354,218,213,0.9770642201834863,1.0
1064,-38.53012,2157.311,-49.73424157084038,-0.0787353515625,2.699951171875,0.04660457008205085,214,212,0.9906542056074766,1.0
1065,-38.559937,2160.0896,-49.684906214436225,-0.029815673828125,2.7785797119140625,0.04933535640415524,220,218,0.990909090909091,1.0
1066,-38.602814,2162.8325,-49.63293413215849,-0.042877197265625,2.7427978515625,0.05197208227773844,220,217,0.9863636363636363,1.0
1067,-38.59149,2165.5662,-49.58167488170591,0.011322021484375,2.7337493896484375,0.051259250452582644,217,214,0.9861751152073732,1.0
1068,-38.60898,2168.1838,-49.52585428700774,-0.017486572265625,2.617645263671875,0.05582059469816672,217,215,0.9907834101382489,1.0
1069,-38.648468,2170.9104,-49.45335215531188,-0.03948974609375,2.726470947265625,0.07250213169585443,218,217,0.9954128440366973,1.0
1070,-38.647095,2173.6055,-49.4047902276803,0.001373291015625,2.6951446533203125,0.0485619276315827,213,212,0.9953051643192489,1.0
1071,-38.74521,2176.277,-49.36581284970013,-0.098114013671875,2.6716766357421875,0.03897737798017581,219,218,0.9954337899543378,1.0
1072,-38.774353,2178.9329,-49.278616414734415,-0.029144287109375,2.655731201171875,0.08719643496571128,219,218,0.9954337899543378,1.0
1073,-38.845947,2181.6118,-49.26388844716927,-0.07159423828125,2.678985595703125,0.014727967565143489,213,210,0.9859154929577465,1.0
1074,-38.83322,2184.2712,-49.206733350687834,0.012725830078125,2.659332275390625,0.05715509648143943,216,212,0.9814814814814815,1.0
1075,-38.89801,2186.9692,-49.1621746596425,-0.064788818359375,2.6979827880859375,0.04455869104533034,218,216,0.9908256880733946,1.0
1076,-38.933563,2189.7407,-49.10038616678346,-0.035552978515625,2.7716064453125,0.0617884928590407,215,211,0.9813953488372092,1.0
1077,-39.004364,2192.44,-49.07410640021911,-0.07080078125,2.6991119384765625,0.026279766564353876,217,211,0.9723502304147466,1.0
1078,-39.01544,2195.2268,-48.991855955548104,-0.011077880859375,2.7867584228515625,0.08225044467100341,213,212,0.9953051643192489,1.0
1079,-39.11859,2197.9094,-48.951155281681146,-0.1031494140625,2.6826629638671875,0.040700673866957575,216,216,1.0,1.0
1080,-39.179077,2200.6865,-48.908536304760986,-0.06048583984375,2.7771453857421875,0.04261897692015931,220,220,1.0,1.0
1081,-39.193146,2203.4036,-48.84699052393364,-0.014068603515625,2.7171478271484375,0.06154578082734557,218,217,0.9954128440366973,1.0
1082,-39.246338,2206.2158,-48.77859554713073,-0.053192138671875,2.8123779296875,0.06839497680291251,214,212,0.9906542056074766,1.0
1083,-39.358093,2208.9673,-48.72432587486749,-0.11175537109375,2.7513427734375,0.0542696722632411,216,214,0.9907407407407407,1.0
1084,-39.406982,2211.746,-48.64700229848719,-0.04888916015625,2.778717041015625,0.07732357638030118,217,214,0.9861751152073732,1.0
1085,-39.50528,2214.5203,-48.63274543484048,-0.098297119140625,2.7740936279296875,0.014256863646710844,217,216,0.9953917050691244,1.0
1086,-39.52478,2217.325,-48.5561142490689,-0.019500732421875,2.8046417236328125,0.07663118577158426,222,220,0.990990990990991,1.0
1087,-39.575134,2220.0918,-48.518635449538166,-0.05035400390625,2.7667236328125,0.03747879953073462,223,221,0.9910313901345291,1.0
1088,-39.66519,2222.5994,-48.45065175489327,-0.090057373046875,2.5074615478515625,0.06798369464489604,215,214,0.9953488372093023,1.0
1089,-39.737946,2225.075,-48.40573483712488,-0.07275390625,2.475616455078125,0.04491691776839162,218,217,0.9954128440366973,1.0
1090,-39.827393,2227.5723,-48.37058325717875,-0.089447021484375,2.4974365234375,0.03515157994613146,214,213,0.9953271028037384,1.0
1091,-39.79425,2229.9802,-48.313112508843915,0.03314208984375,2.40789794921875,0.05747074833483939,213,213,1.0,1.0
1092,-39.907684,2232.2026,-48.251557634254546,-0.113433837890625,2.222320556640625,0.061554874589367245,220,219,0.9954545454545455,1.0
1093,-39.952423,2234.3127,-48.23143865263851,-0.04473876953125,2.1100311279296875,0.020118981616039817,220,220,1.0,1.0
1094,-40.00537,2236.18,-48.22353054380618,-0.052947998046875,1.86712646484375,0.007908108832334405,213,213,1.0,1.0
1095,-40.093414,2238.1099,-48.20444097183129,-0.088043212890625,1.9300079345703125,0.01908957197489153,219,218,0.9954337899543378,1.0
1096,-40.05609,2239.831,-48.18331870509742,0.037322998046875,1.7211456298828125,0.02112226673386584,216,215,0.9953703703703703,1.0
1097,-40.16385,2241.5754,-48.21221278760255,-0.107757568359375,1.744476318359375,-0.028894082505129978,214,213,0.9953271028037384,1.0
1098,-40.190186,2243.2595,-48.22355946783018,-0.026336669921875,1.6840362548828125,-0.011346680227621992,217,216,0.9953917050691244,1.0
1099,-40.07852,2244.9182,-48.15893878162732,0.111663818359375,1.6586761474609375,0.06462068620285454,210,210,1.0,1.0
1100,-40.150574,2246.5176,-48.15570729655239,-0.072052001953125,1.5994873046875,0.003231485074926108,217,217,1.0,1.0
1101,-40.154816,2248.1597,-48.137902999972724,-0.004241943359375,1.6421661376953125,0.01780429657966768,216,216,1.0,1.0
1102,-40.087006,2249.724,-48.07439588203273,0.06781005859375,1.5643310546875,0.06350711793998957,210,207,0.9857142857142858,1.0
1103,-40.131866,2251.3193,-48.05460744325858,-0.04486083984375,1.59527587890625,0.019788438774146724,218,214,0.981651376146789,1.0
1104,-40.141235,2252.8965,-48.00711201288519,-0.009368896484375,1.5770721435546875,0.04749543037339392,216,214,0.9907407407407407,1.0
1105,-40.148193,2254.4185,-47.98515102064928,-0.0069580078125,1.5219573974609375,0.02196099223590217,210,208,0.9904761904761905,1.0
1106,-40.18622,2255.8906,-47.9269207791308,-0.03802490234375,1.4720611572265625,0.05823024151848113,212,212,1.0,1.0
1107,-40.222443,2257.4224,-47.879550046048195,-0.036224365234375,1.5317230224609375,0.04737073308261196,215,215,1.0,1.0
1108,-40.291992,2258.9524,-47.833666242119115,-0.069549560546875,1.5299530029296875,0.04588380392908181,213,213,1.0,1.0
1109,-40.286346,2260.4414,-47.77835150796756,0.005645751953125,1.48895263671875,0.05531473415155888,212,212,1.0,1.0
1110,-40.38568,2261.839,-47.762726533139634,-0.099334716796875,1.3977508544921875,0.015624974827923382,214,214,1.0,1.0
1111,-40.429504,2263.2678,-47.749805045489396,-0.0438232421875,1.4287872314453125,0.012921487650240234,217,217,1.0,1.0
1112,-40.506287,2264.5967,-47.721819083470216,-0.0767822265625,1.3288116455078125,0.027985962019181836,226,224,0.9911504424778761,1.0
1113,-40.544952,2265.796,-47.68343130206391,-0.038665771484375,1.19915771484375,0.03838778140630954,218,218,1.0,1.0
1114,-40.61197,2266.9856,-47.67824948660437,-0.0670166015625,1.1896514892578125,0.005181815459539992,220,219,0.9954545454545455,1.0
1115,-40.624023,2267.9084,-47.673198876755706,-0.012054443359375,0.922821044921875,0.005050609848667909,222,222,1.0,1.0
1116,-40.71643,2268.7507,-47.69075554498566,-0.0924072265625,0.8422088623046875,-0.01755666822995614,226,226,1.0,1.0
1117,-40.73764,2269.4878,-47.69838454041473,-0.021209716796875,0.7370758056640625,-0.00762899542906421,221,219,0.9909502262443439,1.0
1118,-40.82129,2270.151,-47.72759790525461,-0.083648681640625,0.6630096435546875,-0.02921336483988118,221,221,1.0,1.0
1119,-40.744446,2270.6648,-47.69152356320742,0.07684326171875,0.5138397216796875,0.036074342047196464,225,224,0.9955555555555555,1.0
1120,-40.8002,2271.045,-47.77158963825011,-0.055755615234375,0.380218505859375,-0.08006607504269503,221,221,1.0,1.0
1121,-40.785645,2271.4202,-47.78560858524146,0.014556884765625,0.3753509521484375,-0.014018946991350907,225,225,1.0,1.0
1122,-40.828278,2271.7292,-47.775779770646466,-0.042633056640625,0.3091278076171875,0.009828814594999078,221,221,1.0,1.0
1123,-40.757477,2271.9744,-47.74929620138742,0.07080078125,0.245086669921875,0.02648356925904182,230,230,1.0,1.0
1124,-40.688995,2272.0718,-47.75934800773725,0.0684814453125,0.0973358154296875,-0.01005180634982739,230,230,1.0,1.0
1125,-40.608673,2272.0608,-47.744608864901814,0.080322265625,-0.01092529296875,0.014739142835438977,237,237,1.0,1.0
1126,-40.46704,2271.9758,-47.74896682943719,0.141632080078125,-0.08502197265625,-0.004357964535376558,229,229,1.0,1.0
1127,-40.36841,2271.8833,-47.72784548724387,0.0986328125,-0.092437744140625,0.021121342193321135,228,228,1.0,1.0
1128,-40.3266,2271.7886,-47.715198886737774,0.04180908203125,-0.0947723388671875,0.012646600506093605,233,233,1.0,1.0
1129,-40.23459,2271.6323,-47.70490099271888,0.092010498046875,-0.156219482421875,0.010297894018888145,231,229,0.9913419913419913,1.0
1130,-40.008484,2271.4348,-47.754825886036215,0.226104736328125,-0.197509765625,-0.04992489331733207,223,223,1.0,1.0
1131,-39.324646,2271.569,-50.64113825163854,0.683837890625,0.134185791015625,-2.8863123656023246,209,208,0.9952153110047847,1.0
1132,-39.383484,2272.043,-54.88104036030886,-0.058837890625,0.4739532470703125,-4.239902108670325,199,199,1.0,1.0
1133,-39.7594,2272.5317,-57.97366769694251,-0.37591552734375,0.488800048828125,-3.092627336633654,205,204,0.9951219512195122,1.0
1134,-40.029358,2272.8325,-60.00743445819805,-0.26995849609375,0.3007049560546875,-2.0337667612555324,204,202,0.9901960784313726,1.0
1135,-40.2117,2273.1636,-61.40780636434782,-0.182342529296875,0.3311767578125,-1.4003719061497717,204,203,0.9950980392156863,1.0
1136,-40.27762,2273.5488,-62.567739822774016,-0.06591796875,0.3851318359375,-1.1599334584261956,207,207,1.0,1.0
1137,-40.40796,2273.8945,-63.58091593541194,-0.130340576171875,0.345794677734375,-1.0131761126379253,211,210,0.995260663507109,1.0
1138,-40.55014,2274.331,-64.38695506458045,-0.142181396484375,0.4365997314453125,-0.8060391291685038,210,209,0.9952380952380953,1.0
1139,-40.686127,2274.7012,-65.02490699548967,-0.135986328125,0.3700103759765625,-0.6379519309092206,212,212,1.0,1.0
1140,-40.718323,2275.1912,-65.49978054088574,-0.032196044921875,0.4899444580078125,-0.47487354539606713,209,207,0.9904306220095693,1.0
1141,-40.84445,2275.6133,-65.91832871993515,-0.126129150390625,0.4221343994140625,-0.41854817904941105,209,209,1.0,1.0
1142,-40.82126,2276.1997,-66.17847768401083,0.023193359375,0.5865020751953125,-0.2601489640756795,216,215,0.9953703703703703,1.0
1143,-40.889862,2276.8237,-66.43377122813683,-0.068603515625,0.623992919921875,-0.2552935441260008,219,219,1.0,1.0
1144,-40.89682,2277.509,-66.62628291973198,-0.0069580078125,0.6854095458984375,-0.1925116915951366,215,214,0.9953488372093023,1.0
1145,-40.951263,2278.3564,-66.8379203312124,-0.054443359375,0.8474273681640625,-0.2116374114804299,211,210,0.995260663507109,1.0
1146,-40.90799,2279.2979,-66.94714324500187,0.04327392578125,0.941314697265625,-0.10922291378946439,209,207,0.9904306220095693,1.0
1147,-40.959045,2280.2356,-67.08828379760453,-0.051055908203125,0.9378509521484375,-0.14114055260265748,217,215,0.9907834101382489,1.0
1148,-40.95877,2281.3955,-67.15871970637566,0.000274658203125,1.1598358154296875,-0.0704359087711268,217,215,0.9907834101382489,1.0
1149,-40.948914,2282.6543,-67.2183748768271,0.009857177734375,1.2588043212890625,-0.05965517045143908,218,217,0.9954128440366973,1.0
1150,-40.974182,2284.2134,-67.26843079385348,-0.0252685546875,1.5591583251953125,-0.05005591702637806,210,210,1.0,1.0
1151,-40.894318,2285.8682,-67.27704369082157,0.079864501953125,1.6548614501953125,-0.00861289696809555,212,212,1.0,1.0
1152,-40.921875,2287.627,-67.32606390746409,-0.027557373046875,1.7587738037109375,-0.04902021664251809,212,212,1.0,1.0
1153,-40.952972,2289.6772,-67.33866924684872,-0.031097412109375,2.0501861572265625,-0.012605339384633207,213,212,0.9953051643192489,1.0
1154,-40.954773,2291.8342,-67.3784757227525,-0.001800537109375,2.156890869140625,-0.03980647590377003,223,221,0.9910313901345291,1.0
1155,-40.972717,2294.2014,-67.41073467146956,-0.0179443359375,2.3672027587890625,-0.03225894871705163,219,218,0.9954337899543378,1.0
1156,-40.921204,2296.8027,-67.36760342515127,0.051513671875,2.6014404296875,0.043131246318276265,213,211,0.9906103286384976,1.0
1157,-41.00818,2299.5244,-67.41325531612931,-0.08697509765625,2.72174072265625,-0.045651890978038845,219,218,0.9954337899543378,1.0
1158,-41.084747,2302.434,-67.41708593590884,-0.076568603515625,2.9095611572265625,-0.0038306197795319147,216,215,0.9953703703703703,1.0
1159,-41.0968,2305.524,-67.40650168754719,-0.012054443359375,3.0899505615234375,0.010584248361655432,212,210,0.9905660377358491,1.0
1160,-41.173065,2308.569,-67.40669197803902,-0.076263427734375,3.0452117919921875,-0.00019029049183203972,224,224,1.0,1.0
1161,-41.18448,2311.6653,-67.34975129089455,-0.01141357421875,3.0962371826171875,0.0569406871444703,220,220,1.0,1.0
1162,-41.230164,2314.791,-67.3581622090922,-0.045684814453125,3.1257171630859375,-0.0084109181976551,219,219,1.0,1.0
1163,-41.231354,2317.9858,-67.33380987032777,-0.001190185546875,3.1949310302734375,0.0243523387644243,217,216,0.9953917050691244,1.0
1164,-41.275085,2321.0027,-67.29504803704312,-0.043731689453125,3.016815185546875,0.038761833284654656,217,217,1.0,1.0
1165,-41.27661,2324.076,-67.2405299465356,-0.00152587890625,3.0732574462890625,0.054518090507508,216,214,0.9907407407407407,1.0
1166,-41.383575,2327.0522,-67.24635076961883,-0.106964111328125,2.9762115478515625,-0.005820823083225709,225,225,1.0,1.0
1167,-41.44394,2330.0837,-67.18833290214806,-0.06036376953125,3.0313873291015625,0.05801786747076981,216,215,0.9953703703703703,1.0
1168,-41.499664,2333.0076,-67.09990812183504,-0.05572509765625,2.923858642578125,0.08842478031302568,225,224,0.9955555555555555,1.0
1169,-41.540863,2335.8845,-67.11338365755248,-0.04119873046875,2.87689208984375,-0.01347553571743125,216,214,0.9907407407407407,1.0
1170,-41.64969,2338.7593,-67.05833338055028,-0.10882568359375,2.8747406005859375,0.05505027700219994,219,218,0.9954337899543378,1.0
1171,-41.63214,2341.534,-67.02777266602548,0.017547607421875,2.774749755859375,0.030560714524789392,216,215,0.9953703703703703,1.0
1172,-41.661285,2344.35,-67.01076025153891,-0.029144287109375,2.8160858154296875,0.017012414486574035,217,217,1.0,1.0
1173,-41.700806,2346.9773,-66.94945200766145,-0.039520263671875,2.627197265625,0.06130824387746323,220,220,1.0,1.0
1174,-41.695343,2349.6975,-66.92290541014322,0.005462646484375,2.72027587890625,0.026546597518228483,217,216,0.9953917050691244,1.0
1175,-41.692657,2352.3984,-66.84349112634565,0.002685546875,2.7008209228515625,0.07941428379756627,214,213,0.9953271028037384,1.0
1176,-41.723907,2355.104,-66.82208757523114,-0.03125,2.705535888671875,0.021403551114513038,217,217,1.0,1.0
1177,-41.724976,2357.7825,-66.80931780894743,-0.001068115234375,2.6784820556640625,0.012769766283711266,221,221,1.0,1.0
1178,-41.797424,2360.4495,-66.7793348050396,-0.07244873046875,2.6669921875,0.029983003907827047,219,219,1.0,1.0
1179,-41.714874,2363.1797,-66.71156871458923,0.082550048828125,2.7301177978515625,0.06776609045036625,217,217,1.0,1.0
1180,-41.759247,2365.974,-66.65743471252617,-0.04437255859375,2.79437255859375,0.05413400206306138,215,215,1.0,1.0
1181,-41.7782,2368.6619,-66.60852646405002,-0.018951416015625,2.6877593994140625,0.048908248476157296,215,214,0.9953488372093023,1.0
1182,-41.843445,2371.3757,-66.56831437615571,-0.06524658203125,2.7139129638671875,0.04021208789430287,214,214,1.0,1.0
1183,-41.885773,2374.064,-66.49306859788088,-0.042327880859375,2.6883087158203125,0.07524577827483288,218,215,0.9862385321100917,1.0
1184,-41.934296,2376.7517,-66.4287401354007,-0.04852294921875,2.6876373291015625,0.06432846248017794,213,211,0.9906103286384976,1.0
1185,-41.996857,2379.4995,-66.39481582105037,-0.06256103515625,2.7478179931640625,0.03392431435033471,213,212,0.9953051643192489,1.0
1186,-42.138428,2382.193,-66.36785800332142,-0.141571044921875,2.693511962890625,0.02695781772895312,213,210,0.9859154929577465,1.0
1187,-42.257935,2384.8223,-66.32654955923958,-0.1195068359375,2.6292266845703125,0.041308444081831125,218,215,0.9862385321100917,1.0
1188,-42.406647,2387.4927,-66.3135569805658,-0.148712158203125,2.670318603515625,0.012992578673769347,223,221,0.9910313901345291,1.0
1189,-42.481995,2390.275,-66.26107322044021,-0.075347900390625,2.78216552734375,0.052483760125590376,219,215,0.9817351598173516,1.0
1190,-42.573364,2392.9878,-66.21866941837376,-0.09136962890625,2.7128143310546875,0.04240380206644485,219,218,0.9954337899543378,1.0
1191,-42.60263,2395.746,-66.16198773128086,-0.029266357421875,2.7584075927734375,0.05668168709290284,219,219,1.0,1.0
1192,-42.644775,2398.43,-66.09677888686906,-0.042144775390625,2.6837310791015625,0.0652088444118012,223,222,0.9955156950672646,1.0
1193,-42.75238,2401.0955,-66.07565658335098,-0.10760498046875,2.6656341552734375,0.021122303518084626,225,222,0.9866666666666667,1.0
1194,-42.756927,2403.7913,-66.0395363960616,-0.004547119140625,2.695831298828125,0.03612018728936659,206,205,0.9951456310679612,1.0
1195,-42.855774,2406.4905,-66.01689470308725,-0.098846435546875,2.699188232421875,0.022641692974356028,219,218,0.9954337899543378,1.0
1196,-42.869507,2409.2222,-65.95840306076335,-0.01373291015625,2.7318115234375,0.058491642323895435,217,216,0.9953917050691244,1.0
1197,-42.888214,2411.9604,-65.8831510852163,-0.018707275390625,2.7381744384765625,0.0752519755470513,214,214,1.0,1.0
1198,-42.93506,2414.6663,-65.86476555186842,-0.046844482421875,2.7058258056640625,0.018385533347876244,214,214,1.0,1.0
1199,-42.959595,2417.3098,-65.80323662399825,-0.0245361328125,2.643463134765625,0.06152892787016719,217,217,1.0,1.0
1200,-42.95343,2420.0833,-65.77332713129366,0.00616455078125,2.77337646484375,0.029909492704587155,219,219,1.0,1.0
1201,-43.021454,2422.795,-65.73005304117179,-0.068023681640625,2.7117462158203125,0.043274090121875136,217,216,0.9953917050691244,1.0
1202,-43.072815,2425.517,-65.68607877319153,-0.051361083984375,2.7222900390625,0.04397426798026327,222,222,1.0,1.0
1203,-43.11664,2428.2048,-65.61514912735714,-0.0438232421875,2.68768310546875,0.07092964583437812,220,219,0.9954545454545455,1.0
1204,-43.144806,2430.9915,-65.556635293573,-0.028167724609375,2.7866363525390625,0.05851383378414213,215,214,0.9953488372093023,1.0
1205,-43.18991,2433.6936,-65.51531103040608,-0.04510498046875,2.7022247314453125,0.04132426316691857,217,217,1.0,1.0
1206,-43.29254,2436.3647,-65.50323264340511,-0.102630615234375,2.6712493896484375,0.012078387000963588,220,219,0.9954545454545455,1.0
1207,-43.355835,2439.1355,-65.4783673284506,-0.06329345703125,2.7708587646484375,0.024865314954512746,218,215,0.9862385321100917,1.0
1208,-43.352844,2441.837,-65.41001677908606,0.00299072265625,2.7013397216796875,0.0683505493645394,213,211,0.9906103286384976,1.0
1209,-43.414734,2444.5713,-65.35502913545989,-0.0618896484375,2.7344970703125,0.054987643626174976,215,214,0.9953488372093023,1.0
1210,-43.45935,2447.2583,-65.32142396194763,-0.04461669921875,2.6871185302734375,0.033605173512263754,217,216,0.9953917050691244,1.0
1211,-43.52652,2449.9976,-65.25193961474744,-0.067169189453125,2.7392425537109375,0.0694843472001848,217,217,1.0,1.0
1212,-43.611603,2452.6208,-65.22470459812554,-0.0850830078125,2.6233062744140625,0.027235016621898707,215,214,0.9953488372093023,1.0
1213,-43.62491,2455.3428,-65.1694650044992,-0.0133056640625,2.7218017578125,0.05523959362634416,215,214,0.9953488372093023,1.0
1214,-43.701843,2458.0166,-65.14325551865986,-0.076934814453125,2.6737518310546875,0.02620948583934967,214,213,0.9953271028037384,1.0
1215,-43.77591,2460.7478,-65.11197210494277,-0.074066162109375,2.731170654296875,0.03128341371708595,222,222,1.0,1.0
1216,-43.81891,2463.4006,-65.07904081351344,-0.042999267578125,2.652862548828125,0.032931291429328186,219,219,1.0,1.0
1217,-43.882904,2466.0952,-65.07755638637761,-0.063995361328125,2.69451904296875,0.0014844271358320713,217,216,0.9953917050691244,1.0
1218,-43.94867,2468.7993,-65.06402045999181,-0.065765380859375,2.7041778564453125,0.013535926385801752,212,212,1.0,1.0
1219,-44.047333,2471.5186,-65.03908684230677,-0.098663330078125,2.7192840576171875,0.024933617685032567,215,215,1.0,1.0
1220,-44.079193,2474.1726,-65.01628609249238,-0.0318603515625,2.654083251953125,0.022800749814395168,223,223,1.0,1.0
1221,-44.10959,2476.8665,-64.98131980146673,-0.0303955078125,2.69390869140625,0.03496629102565643,219,219,1.0,1.0
1222,-44.20633,2479.5479,-64.95593506005339,-0.09674072265625,2.6814117431640625,0.025384741413330147,219,217,0.9908675799086758,1.0
1223,-44.251434,2482.2341,-64.94022958659485,-0.04510498046875,2.686370849609375,0.01570547345854049,217,216,0.9953917050691244,1.0
1224,-44.30194,2484.8616,-64.90432361574857,-0.050506591796875,2.6273651123046875,0.03590597084628653,219,219,1.0,1.0
1225,-44.348938,2487.6584,-64.87812971530957,-0.0469970703125,2.796966552734375,0.02619390043899409,221,221,1.0,1.0
1226,-44.402832,2490.333,-64.85735031615212,-0.05389404296875,2.6744537353515625,0.020779399157442247,224,222,0.9910714285714286,1.0
1227,-44.509613,2493.1404,-64.8342934437074,-0.106781005859375,2.8073272705078125,0.02305687244473115,222,220,0.990990990990991,1.0
1228,-44.552612,2495.8716,-64.85355396532105,-0.042999267578125,2.731170654296875,-0.019260521613664438,220,219,0.9954545454545455,1.0
1229,-44.63098,2498.591,-64.85519049040408,-0.078369140625,2.719573974609375,-0.001636525083034842,228,228,1.0,1.0
1230,-44.62784,2501.2517,-64.78957127139736,0.003143310546875,2.6606292724609375,0.06561921900671365,223,223,1.0,1.0
1231,-44.721924,2503.9521,-64.80170574837743,-0.094085693359375,2.700439453125,-0.012134476980072828,221,221,1.0,1.0
1232,-44.687622,2506.7136,-64.74415464968307,0.0343017578125,2.7614593505859375,0.05755109869436281,225,224,0.9955555555555555,1.0
1233,-44.809723,2509.469,-64.78120649516435,-0.122100830078125,2.755401611328125,-0.037051845481293685,225,223,0.9911111111111112,1.0
1234,-44.862976,2512.2097,-64.72497527715343,-0.053253173828125,2.74072265625,0.0562312180109253,221,221,1.0,1.0
1235,-44.96521,2515.0066,-64.69910992290308,-0.10223388671875,2.796783447265625,0.02586535425035629,212,212,1.0,1.0
1236,-45.03253,2517.7322,-64.7056013918886,-0.06732177734375,2.7256317138671875,-0.006491468985523933,219,218,0.9954337899543378,1.0
1237,-45.133606,2520.5137,-64.68253277560237,-0.10107421875,2.7815704345703125,0.023068616286235518,221,218,0.9864253393665159,1.0
1238,-45.135254,2523.3481,-64.64059895320466,-0.00164794921875,2.834564208984375,0.041933822397709486,224,222,0.9910714285714286,1.0
1239,-45.257355,2526.1018,-64.63990340699006,-0.122100830078125,2.753692626953125,0.0006955462146000349,225,225,1.0,1.0
1240,-45.303284,2528.793,-64.58267388084161,-0.045928955078125,2.6910400390625,0.057229526148449145,226,226,1.0,1.0
1241,-45.417847,2531.5698,-64.58882149577622,-0.11456298828125,2.776763916015625,-0.006147614934602209,223,223,1.0,1.0
1242,-45.528046,2534.231,-64.60534346928019,-0.110198974609375,2.661163330078125,-0.016521973503969258,220,219,0.9954545454545455,1.0
1243,-45.549316,2537.012,-64.55317055106588,-0.021270751953125,2.7810821533203125,0.05217291821431089,222,222,1.0,1.0
1244,-45.675537,2539.7163,-64.56777722921997,-0.126220703125,2.7042694091796875,-0.014606678154093665,224,224,1.0,1.0
1245,-45.751007,2542.4473,-64.55737376397902,-0.075469970703125,2.730987548828125,0.01040346524095898,220,218,0.990909090909091,1.0
1246,-45.81949,2545.2832,-64.56851623859404,-0.0684814453125,2.8360443115234375,-0.011142474615023013,222,220,0.990990990990991,1.0
1247,-45.94171,2548.0547,-64.57090196273381,-0.122222900390625,2.771392822265625,-0.002385724139766699,223,221,0.9910313901345291,1.0
1248,-45.99008,2550.9326,-64.5740715178956,-0.048370361328125,2.8779144287109375,-0.0031695551617919497,214,213,0.9953271028037384,1.0
1249,-46.047424,2553.5278,-64.59944591950834,-0.057342529296875,2.595184326171875,-0.025374401612739714,218,218,1.0,1.0
1250,-46.11508,2556.1252,-64.5903438680541,-0.067657470703125,2.5975189208984375,0.009102051454230101,223,223,1.0,1.0
1251,-46.168457,2558.4448,-64.587381542291,-0.053375244140625,2.3195953369140625,0.002962325763113178,223,222,0.9955156950672646,1.0
1252,-46.19339,2560.796,-64.57698065652997,-0.024932861328125,2.351043701171875,0.010400885761031224,223,222,0.9955156950672646,1.0
1253,-46.256683,2562.9043,-64.616817553385,-0.06329345703125,2.1084442138671875,-0.039836896855032194,226,224,0.9911504424778761,1.0
1254,-46.286163,2565.0557,-64.61827427772792,-0.02947998046875,2.15142822265625,-0.0014567243429128498,229,228,0.9956331877729258,1.0
1255,-46.34738,2566.99,-64.63109062158132,-0.06121826171875,1.934295654296875,-0.01281634385339544,227,225,0.9911894273127754,1.0
1256,-46.386017,2568.8635,-64.68575521908278,-0.03863525390625,1.8734283447265625,-0.054664597501459286,228,228,1.0,1.0
1257,-46.431458,2570.7744,-64.66683738202956,-0.045440673828125,1.9109039306640625,0.01891783705321796,221,221,1.0,1.0
1258,-46.40503,2572.6035,-64.66672973706052,0.02642822265625,1.829193115234375,0.000107644969029159,225,225,1.0,1.0
1259,-46.485504,2574.3896,-64.63109269930375,-0.080474853515625,1.7861785888671875,0.035637037756774015,220,220,1.0,1.0
1260,-46.447815,2576.0825,-64.64576696170191,0.037689208984375,1.692779541015625,-0.014674262398156996,223,222,0.9955156950672646,1.0
1261,-46.462006,2577.7976,-64.65925729677141,-0.014190673828125,1.7151031494140625,-0.01349033506950469,221,220,0.995475113122172,1.0
1262,-46.475006,2579.4836,-64.6924601473725,-0.01300048828125,1.685943603515625,-0.03320285060109106,227,227,1.0,1.0
1263,-46.4769,2581.178,-64.65638126791082,-0.00189208984375,1.694366455078125,0.03607887946168485,221,221,1.0,1.0
1264,-46.41794,2582.8218,-64.66960090894496,0.0589599609375,1.6438140869140625,-0.01321964103414483,226,226,1.0,1.0
1265,-46.433777,2584.37,-64.68877298934325,-0.015838623046875,1.5483551025390625,-0.019172080398292834,216,216,1.0,1.0
1266,-46.38861,2586.0425,-64.67638445974109,0.045166015625,1.67230224609375,0.012388529602164225,219,217,0.9908675799086758,1.0
1267,-46.44513,2587.5886,-64.70297278011807,-0.0565185546875,1.546051025390625,-0.026588320376992842,217,216,0.9953917050691244,1.0
1268,-46.384827,2589.2053,-64.69024963258622,0.060302734375,1.61669921875,0.012723147531864362,216,215,0.9953703703703703,1.0
1269,-46.353424,2590.7585,-64.69315668744315,0.031402587890625,1.5531463623046875,-0.0029070548569328186,221,219,0.9909502262443439,1.0
1270,-46.25284,2592.394,-64.6551441413941,0.1005859375,1.6354827880859375,0.03801254604904261,213,211,0.9906103286384976,1.0
1271,-46.193756,2593.9495,-64.61548585612925,0.05908203125,1.5554962158203125,0.03965828526485578,220,219,0.9954545454545455,1.0
1272,-46.08658,2595.4688,-64.60556095090028,0.107177734375,1.5192718505859375,0.00992490522896544,221,220,0.995475113122172,1.0
1273,-46.05545,2596.9233,-64.64040319663945,0.0311279296875,1.4546661376953125,-0.03484224573917179,219,219,1.0,1.0
1274,-45.97113,2598.2458,-64.59693657991527,0.084320068359375,1.322540283203125,0.043466616724187376,219,219,1.0,1.0
1275,-45.93643,2599.4438,-64.55573882268548,0.034698486328125,1.1979827880859375,0.04119775722978096,225,225,1.0,1.0
1276,-45.91919,2600.456,-64.59618453289632,0.017242431640625,1.01220703125,-0.040445710210828066,221,221,1.0,1.0
1277,-45.93582,2601.4243,-64.56523400574315,-0.016632080078125,0.9682464599609375,0.03095052715316942,226,226,1.0,1.0
1278,-45.917877,2602.2446,-64.54432800373138,0.0179443359375,0.8203887939453125,0.02090600201177578,227,227,1.0,1.0
1279,-45.853058,2603.0022,-64.53597443834444,0.0648193359375,0.757568359375,0.008353565386933453,223,223,1.0,1.0
1280,-45.924225,2603.515,-64.5306910498501,-0.0711669921875,0.5126800537109375,0.005283388494337922,221,221,1.0,1.0
1281,-45.959534,2603.8855,-64.50583336718967,-0.035308837890625,0.3705596923828125,0.024857682660432884,229,229,1.0,1.0
1282,-46.02957,2604.3523,-64.51216553666185,-0.070037841796875,0.466766357421875,-0.0063321694721940915,223,222,0.9955156950672646,1.0
1283,-45.98178,2604.8135,-64.48546651163673,0.04779052734375,0.4612274169921875,0.026699025025126787,224,224,1.0,1.0
1284,-45.972748,2605.0679,-64.49738018990375,0.009033203125,0.254364013671875,-0.011913678267014106,233,232,0.9957081545064378,1.0
1285,-46.010193,2605.1497,-64.50617534283843,-0.037445068359375,0.0818634033203125,-0.008795152934680714,239,239,1.0,1.0
1286,-46.08612,2605.0967,-64.51025132297245,-0.075927734375,-0.0530242919921875,-0.004075980134013483,238,238,1.0,1.0
1287,-46.08615,2604.9746,-64.4993830810366,-3.0517578125e-05,-0.121978759765625,0.010868241935856962,233,233,1.0,1.0
1288,-46.10721,2604.7998,-64.49073834384534,-0.02105712890625,-0.174774169921875,0.008644737191261995,233,233,1.0,1.0
1289,-46.131287,2604.5696,-64.4862457639797,-0.024078369140625,-0.2303314208984375,0.004492579865647015,235,235,1.0,1.0
1290,-46.158783,2604.3928,-64.49363923544853,-0.027496337890625,-0.1768035888671875,-0.007393471468826622,232,231,0.9956896551724138,1.0
1291,-46.13092,2604.2434,-64.48498352125998,0.027862548828125,-0.1493988037109375,0.008655714188548517,225,225,1.0,1.0
1292,-45.84143,2603.8672,-65.87833001443124,0.28948974609375,-0.376220703125,-1.3933464931712591,214,212,0.9906542056074766,1.0
1293,-45.788696,2604.3464,-71.9222813911687,0.052734375,0.47918701171875,-6.043951376737451,213,213,1.0,1.0
1294,-45.809082,2605.105,-78.60939141777655,-0.0203857421875,0.7585296630859375,-6.687110026607855,204,202,0.9901960784313726,1.0
1295,-45.933655,2606.1638,-85.34372284426277,-0.12457275390625,1.058837890625,-6.734331426486221,205,202,0.9853658536585366,1.0
1296,-46.10083,2607.2295,-91.4925964397612,-0.16717529296875,1.06573486328125,-6.148873595498432,200,200,1.0,1.0
1297,-46.328217,2608.0994,-96.54292160558691,-0.227386474609375,0.869903564453125,-5.050325165825714,204,203,0.9950980392156863,1.0
1298,-46.382446,2608.9302,-99.99390890648488,-0.054229736328125,0.8308563232421875,-3.45098730089797,207,205,0.9903381642512077,1.0
1299,-46.37552,2609.3303,-102.36274138517108,0.006927490234375,0.4000396728515625,-2.368832478686202,213,211,0.9906103286384976,1.0
1300,-46.238342,2609.7908,-104.07757256327756,0.137176513671875,0.46038818359375,-1.7148311781064849,216,215,0.9953703703703703,1.0
1301,-46.08011,2610.243,-105.45145079404317,0.158233642578125,0.4521636962890625,-1.3738782307656148,213,212,0.9953051643192489,1.0
1302,-45.90753,2610.6152,-106.5685192045355,0.172576904296875,0.372406005859375,-1.1170684104923356,210,210,1.0,1.0
1303,-45.740387,2611.0999,-107.45676535442905,0.167144775390625,0.4845123291015625,-0.8882461498935514,211,210,0.995260663507109,1.0
1304,-45.519928,2611.6245,-108.16745023904075,0.220458984375,0.5247650146484375,-0.7106848846116967,208,207,0.9951923076923077,1.0
1305,-45.347595,2612.2288,-108.69997816828219,0.172332763671875,0.6041412353515625,-0.5325279292414455,206,203,0.9854368932038835,1.0
1306,-45.225586,2612.9275,-109.13313678301564,0.12200927734375,0.6988067626953125,-0.43315861473346207,218,218,1.0,1.0
1307,-45.09659,2613.6836,-109.46456334906469,0.128997802734375,0.756134033203125,-0.33142656604904347,218,216,0.9908256880733946,1.0
1308,-45.035583,2614.5212,-109.75259155999403,0.061004638671875,0.8375396728515625,-0.28802821092934183,208,207,0.9951923076923077,1.0
1309,-44.915894,2615.4875,-110.02267979557536,0.11968994140625,0.966339111328125,-0.2700882355813219,210,210,1.0,1.0
1310,-44.901703,2616.8445,-110.2004711195234,0.014190673828125,1.3568878173828125,-0.1777913239480386,217,217,1.0,1.0
1311,-44.99597,2618.2812,-110.37821484981055,-0.094268798828125,1.4366455078125,-0.17774373028715212,222,222,1.0,1.0
1312,-45.03836,2619.9531,-110.51505877709326,-0.042388916015625,1.671905517578125,-0.13684392728270497,224,224,1.0,1.0
1313,-45.115906,2621.769,-110.61072056119953,-0.077545166015625,1.815826416015625,-0.09566178410627166,228,227,0.9956140350877193,1.0
1314,-45.120575,2623.8884,-110.61952664061755,-0.004669189453125,2.1192779541015625,-0.008806079418028176,218,217,0.9954128440366973,1.0
1315,-45.152557,2626.079,-110.69814589515771,-0.031982421875,2.190765380859375,-0.0786192545401636,224,222,0.9910714285714286,1.0
1316,-45.18335,2628.4712,-110.74725026465912,-0.030792236328125,2.3919677734375,-0.049104369501411775,226,225,0.995575221238938,1.0
1317,-45.11624,2631.0999,-110.77152759648202,0.067108154296875,2.62860107421875,-0.024277331822907807,225,224,0.9955555555555555,1.0
1318,-45.126556,2633.8708,-110.80809295007474,-0.01031494140625,2.77099609375,-0.03656535359272646,223,222,0.9955156950672646,1.0
1319,-45.105225,2636.8674,-110.83490483794067,0.021331787109375,2.996490478515625,-0.02681188786593682,224,224,1.0,1.0
1320,-45.098755,2640.0083,-110.86069511268673,0.0064697265625,3.140869140625,-0.025790274746062124,222,221,0.9954954954954955,1.0
1321,-45.038116,2643.2856,-110.87015299902454,0.060638427734375,3.27740478515625,-0.00945788633781723,223,222,0.9955156950672646,1.0
1322,-45.053223,2646.3425,-110.87474074898584,-0.015106201171875,3.0569000244140625,-0.0045877499613090995,223,223,1.0,1.0
1323,-45.019196,2649.6553,-110.85613436631735,0.034027099609375,3.312774658203125,0.018606382668496884,224,224,1.0,1.0
1324,-44.97751,2652.9883,-110.87158455027395,0.04168701171875,3.3329925537109375,-0.015450183956606673,218,217,0.9954128440366973,1.0
1325,-45.017944,2656.2214,-110.85280771814551,-0.040435791015625,3.2331695556640625,0.018776832128433434,218,217,0.9954128440366973,1.0
1326,-45.04886,2659.4082,-110.82684129398271,-0.030914306640625,3.1868438720703125,0.025966424162800403,225,224,0.9955555555555555,1.0
1327,-45.092285,2662.696,-110.79574537509869,-0.043426513671875,3.287933349609375,0.03109591888401933,217,216,0.9953917050691244,1.0
1328,-45.19818,2665.8247,-110.80777872105412,-0.10589599609375,3.1287384033203125,-0.012033345955425365,221,219,0.9909502262443439,1.0
1329,-45.167694,2669.029,-110.72045626957784,0.030487060546875,3.2042694091796875,0.08732245147628782,225,223,0.9911111111111112,1.0
1330,-45.272003,2672.116,-110.7293870735239,-0.10430908203125,3.086883544921875,-0.008930803946057126,226,226,1.0,1.0
1331,-45.23419,2675.183,-110.65459607590863,0.037811279296875,3.06707763671875,0.07479099761526672,225,225,1.0,1.0
1332,-45.211395,2678.2192,-110.63291190023224,0.022796630859375,3.0361175537109375,0.02168417567638694,222,222,1.0,1.0
1333,-45.257874,2681.0151,-110.60608875409473,-0.046478271484375,2.7959136962890625,0.026823146137512358,217,217,1.0,1.0
1334,-45.232788,2683.914,-110.58239026586142,0.02508544921875,2.8989105224609375,0.023698488233313535,219,219,1.0,1.0
1335,-45.264038,2686.642,-110.57405114715303,-0.03125,2.7279205322265625,0.008339118708384923,215,214,0.9953488372093023,1.0
1336,-45.26703,2689.3232,-110.55926246334768,-0.00299072265625,2.6810302734375,0.014788683805354285,219,218,0.9954337899543378,1.0
1337,-45.205658,2691.9595,-110.51362722187255,0.061370849609375,2.6363372802734375,0.045635241475119714,227,225,0.9911894273127754,1.0
1338,-45.184814,2694.6494,-110.48691565022582,0.020843505859375,2.6898651123046875,0.026711571646724126,225,225,1.0,1.0
1339,-45.179626,2697.4185,-110.43768018866409,0.00518798828125,2.7691497802734375,0.04923546156173278,228,227,0.9956140350877193,1.0
1340,-45.204742,2700.0654,-110.44377212931843,-0.025115966796875,2.6468658447265625,-0.006091940654349118,221,221,1.0,1.0
1341,-45.22934,2702.834,-110.45912337830846,-0.02459716796875,2.7685546875,-0.01535124899002562,221,221,1.0,1.0
1342,-45.24054,2705.565,-110.43588121796749,-0.011199951171875,2.7310638427734375,0.023242160340972658,228,226,0.9912280701754386,1.0
1343,-45.303406,2708.3645,-110.43676574276523,-0.0628662109375,2.7995147705078125,-0.0008845247977369515,224,223,0.9955357142857143,1.0
1344,-45.374756,2711.1018,-110.45139551085452,-0.07135009765625,2.7373046875,-0.014629768089291671,221,221,1.0,1.0
1345,-45.3743,2713.9473,-110.4428008837131,0.000457763671875,2.845550537109375,0.00859462714142597,221,219,0.9909502262443439,1.0
1346,-45.412476,2716.689,-110.45403480083849,-0.038177490234375,2.7418060302734375,-0.011233917125387845,219,218,0.9954337899543378,1.0
1347,-45.41513,2719.478,-110.42143768474386,-0.002655029296875,2.7891845703125,0.03259711609462117,218,218,1.0,1.0
1348,-45.485443,2722.1807,-110.45812467588814,-0.0703125,2.7026519775390625,-0.036686991144273935,222,222,1.0,1.0
1349,-45.47708,2725.0032,-110.42587022288505,0.00836181640625,2.822509765625,0.03225445300309505,222,221,0.9954954954954955,1.0
1350,-45.43445,2727.7979,-110.35089348856981,0.042633056640625,2.7945709228515625,0.07497673431524753,227,227,1.0,1.0
1351,-45.519104,2730.54,-110.4043843161305,-0.08465576171875,2.7420806884765625,-0.05349082756069895,225,223,0.9911111111111112,1.0
1352,-45.441986,2733.3857,-110.38431705919326,0.077117919921875,2.845611572265625,0.02006725693723421,213,213,1.0,1.0
1353,-45.40622,2736.324,-110.37520886640972,0.0357666015625,2.9381561279296875,0.009108192783550203,220,220,1.0,1.0
1354,-45.40506,2739.0396,-110.37666681396655,0.00115966796875,2.715606689453125,-0.0014579475568327301,222,221,0.9954954954954955,1.0
1355,-45.478333,2741.8726,-110.36257562668816,-0.073272705078125,2.8330078125,0.014091187278401668,216,215,0.9953703703703703,1.0
1356,-45.404358,2744.6907,-110.32070277081043,0.073974609375,2.8180389404296875,0.04187285587772617,223,223,1.0,1.0
1357,-45.383514,2747.4854,-110.31987119861438,0.020843505859375,2.79461669921875,0.0008315721960529618,228,227,0.9956140350877193,1.0
1358,-45.378693,2750.2295,-110.34687813210493,0.00482177734375,2.744232177734375,-0.027006933490560273,221,221,1.0,1.0
1359,-45.28415,2753.0767,-110.27910204124407,0.09454345703125,2.8470916748046875,0.0677760908608571,219,219,1.0,1.0
1360,-45.290558,2755.8467,-110.32807254200024,-0.00640869140625,2.7700958251953125,-0.04897050075616268,220,220,1.0,1.0
1361,-45.308655,2758.5815,-110.33625617033057,-0.018096923828125,2.7349700927734375,-0.008183628330332468,215,215,1.0,1.0
1362,-45.39682,2761.3364,-110.37045375598836,-0.088165283203125,2.7548675537109375,-0.03419758565779614,226,225,0.995575221238938,1.0
1363,-45.393982,2764.0747,-110.36325274189858,0.002838134765625,2.738372802734375,0.007201014089781275,220,219,0.9954545454545455,1.0
1364,-45.446045,2766.8184,-110.37882076062127,-0.05206298828125,2.7436676025390625,-0.015568018722690315,219,219,1.0,1.0
1365,-45.469482,2769.6575,-110.33474257952494,-0.0234375,2.83917236328125,0.044078181096323076,222,222,1.0,1.0
1366,-45.424133,2772.4758,-110.31611876612745,0.04534912109375,2.818450927734375,0.018623813397496053,220,220,1.0,1.0
1367,-45.480835,2775.2344,-110.32846570269051,-0.05670166015625,2.7586669921875,-0.012346936563064487,219,219,1.0,1.0
1368,-45.518433,2778.0125,-110.30598364535003,-0.03759765625,2.7781219482421875,0.022482057340486604,218,218,1.0,1.0
1369,-45.558746,2780.746,-110.30754263743908,-0.040313720703125,2.733642578125,-0.0015589920890521163,215,215,1.0,1.0
1370,-45.53009,2783.573,-110.27963777604496,0.028656005859375,2.826995849609375,0.027904861394126353,221,221,1.0,1.0
1371,-45.545105,2786.3198,-110.27092010855162,-0.0150146484375,2.7469482421875,0.008717667493349906,220,220,1.0,1.0
1372,-45.57596,2789.1194,-110.2465600218784,-0.030853271484375,2.799530029296875,0.024360086673231005,226,226,1.0,1.0
1373,-45.52591,2791.8943,-110.20475292809972,0.050048828125,2.77490234375,0.04180709377866636,224,224,1.0,1.0
1374,-45.55371,2794.6333,-110.23021330185166,-0.027801513671875,2.7388916015625,-0.025460373751941056,219,219,1.0,1.0
1375,-45.56717,2797.3992,-110.22406411879399,-0.013458251953125,2.76580810546875,0.006149183057670604,223,223,1.0,1.0
1376,-45.673553,2800.1736,-110.2317572483274,-0.10638427734375,2.7744293212890625,-0.007693129533411165,226,226,1.0,1.0
1377,-45.661713,2802.939,-110.22066639082401,0.0118408203125,2.7652740478515625,0.011090857503392936,223,223,1.0,1.0
1378,-45.697968,2805.6934,-110.24673451416618,-0.0362548828125,2.754302978515625,-0.026068123342174388,225,225,1.0,1.0
1379,-45.69751,2808.4185,-110.2279722291438,0.000457763671875,2.72515869140625,0.018762285022369117,225,224,0.9955555555555555,1.0
1380,-45.691986,2811.2188,-110.20236773110797,0.005523681640625,2.8004150390625,0.025604498035837742,218,217,0.9954128440366973,1.0
1381,-45.7106,2813.864,-110.24295540977167,-0.01861572265625,2.645233154296875,-0.04058767866370424,220,219,0.9954545454545455,1.0
1382,-45.69452,2816.6794,-110.19166334346819,0.016082763671875,2.815460205078125,0.051292066303479954,220,220,1.0,1.0
1383,-45.769623,2819.3337,-110.23801522176936,-0.075103759765625,2.65435791015625,-0.04635187830116212,216,215,0.9953703703703703,1.0
1384,-45.736267,2822.1304,-110.22934343620489,0.033355712890625,2.7965087890625,0.008671785564474784,219,218,0.9954337899543378,1.0
1385,-45.75128,2824.922,-110.22050939623085,-0.0150146484375,2.7917938232421875,0.008834039974029609,216,215,0.9953703703703703,1.0
1386,-45.80777,2827.5974,-110.24033390527285,-0.056488037109375,2.675201416015625,-0.019824509042000758,214,212,0.9906542056074766,1.0
1387,-45.908447,2830.1877,-110.2662182925828,-0.100677490234375,2.59039306640625,-0.025884387309953415,213,212,0.9953051643192489,1.0
1388,-45.868988,2832.9084,-110.26214149123413,0.039459228515625,2.720611572265625,0.0040768013486786134,209,208,0.9952153110047847,1.0
1389,-45.904938,2835.6367,-110.26959770195178,-0.03594970703125,2.728271484375,-0.007456210717652665,219,218,0.9954337899543378,1.0
1390,-46.01654,2838.4658,-110.26277549769759,-0.111602783203125,2.82916259765625,0.006822204254186072,213,213,1.0,1.0
1391,-45.968445,2841.1748,-110.2351399768928,0.048095703125,2.70892333984375,0.027635520804791723,216,215,0.9953703703703703,1.0
1392,-46.066772,2843.8928,-110.24753206077001,-0.09832763671875,2.71807861328125,-0.012392083877217356,214,214,1.0,1.0
1393,-46.105774,2846.616,-110.25291351062165,-0.03900146484375,2.723052978515625,-0.005381449851641615,213,213,1.0,1.0
1394,-46.146393,2849.3333,-110.29085885310451,-0.040618896484375,2.717315673828125,-0.03794534248285838,216,214,0.9907407407407407,1.0
1395,-46.245728,2852.1577,-110.26842927708859,-0.099334716796875,2.8243865966796875,0.022429576015925712,207,206,0.9951690821256038,1.0
1396,-46.16629,2855.0896,-110.19014392008384,0.079437255859375,2.9318389892578125,0.07828535700474655,212,211,0.9952830188679245,1.0
1397,-46.23474,2857.858,-110.1981250675124,-0.068450927734375,2.7684173583984375,-0.00798114742854537,219,216,0.9863013698630136,1.0
1398,-46.28955,2860.6013,-110.20962263359633,-0.0548095703125,2.743408203125,-0.011497566083933953,209,207,0.9904306220095693,1.0
1399,-46.20746,2863.4866,-110.19412937809153,0.08209228515625,2.885162353515625,0.015493255504790046,210,210,1.0,1.0
1400,-46.332764,2866.26,-110.1924556136256,-0.12530517578125,2.7734222412109375,0.0016737644659343888,210,210,1.0,1.0
1401,-46.356934,2868.9956,-110.22674950152268,-0.024169921875,2.7354736328125,-0.03429388789707696,214,214,1.0,1.0
1402,-46.47705,2871.7524,-110.2213652073314,-0.1201171875,2.756805419921875,0.005384294191278362,212,212,1.0,1.0
1403,-46.569427,2874.656,-110.1285456032265,-0.092376708984375,2.9035186767578125,0.09281960410489676,211,211,1.0,1.0
1404,-46.577484,2877.469,-110.11255423686688,-0.008056640625,2.8130340576171875,0.0159913663596117,212,210,0.9905660377358491,1.0
1405,-46.62854,2880.2769,-110.04589608914377,-0.051055908203125,2.807952880859375,0.06665814772311345,210,208,0.9904761904761905,1.0
1406,-46.636047,2882.939,-110.12917685805188,-0.00750732421875,2.662078857421875,-0.08328076890811463,218,217,0.9954128440366973,1.0
1407,-46.661377,2885.6433,-110.14413934950433,-0.02532958984375,2.704345703125,-0.014962491452445364,219,217,0.9908675799086758,1.0
1408,-46.644653,2888.4316,-110.17722634214923,0.0167236328125,2.7884063720703125,-0.03308699264489792,214,213,0.9953271028037384,1.0
1409,-46.65036,2891.2083,-110.12143434313788,-0.005706787109375,2.7766571044921875,0.05579199901135247,218,217,0.9954128440366973,1.0
1410,-46.55725,2894.2175,-110.05836284056221,0.093109130859375,3.0093536376953125,0.06307150257567377,216,216,1.0,1.0
1411,-46.589874,2896.9724,-110.06276797878171,-0.032623291015625,2.754852294921875,-0.004405138219496648,214,213,0.9953271028037384,1.0
1412,-46.59909,2899.8362,-110.0545982436465,-0.00921630859375,2.8636932373046875,0.008169735135217012,208,206,0.9903846153846154,1.0
1413,-46.652924,2902.5942,-110.07137425683662,-0.0538330078125,2.75811767578125,-0.016776013190129516,209,209,1.0,1.0
1414,-46.628693,2905.2207,-110.10444084031646,0.02423095703125,2.62640380859375,-0.03306658347983449,218,214,0.981651376146789,1.0
1415,-46.743835,2908.0195,-110.12859381156628,-0.115142822265625,2.7988128662109375,-0.024152971249822165,215,215,1.0,1.0
1416,-46.868286,2910.758,-110.08077366610995,-0.12445068359375,2.7386016845703125,0.047820145456322134,217,217,1.0,1.0
1417,-46.933014,2913.5054,-110.06729166950159,-0.064727783203125,2.7471923828125,0.013481996608361666,209,209,1.0,1.0
1418,-47.029907,2916.1973,-110.109703688768,-0.096893310546875,2.69183349609375,-0.04241201926641274,210,208,0.9904761904761905,1.0
1419,-47.08438,2918.9473,-110.16576022903403,-0.054473876953125,2.749969482421875,-0.05605654026604056,218,216,0.9908256880733946,1.0
1420,-47.0914,2921.874,-110.17913418803798,-0.00701904296875,2.92681884765625,-0.013373959003942624,212,210,0.9905660377358491,1.0
1421,-47.079926,2924.6892,-110.20841874204827,0.011474609375,2.815277099609375,-0.029284554010289083,208,207,0.9951923076923077,1.0
1422,-47.106354,2927.4526,-110.23093597374553,-0.02642822265625,2.763519287109375,-0.02251723169726184,201,200,0.9950248756218906,1.0
1423,-47.172607,2930.356,-110.23140935789357,-0.066253662109375,2.903228759765625,-0.0004733841480397914,206,205,0.9951456310679612,1.0
1424,-47.083466,2932.9878,-110.25791939802811,0.089141845703125,2.6319122314453125,-0.026510040134539056,206,205,0.9951456310679612,1.0
1425,-47.16513,2935.5596,-110.26497597930064,-0.0816650390625,2.5718536376953125,-0.007056581272536512,216,214,0.9907407407407407,1.0
1426,-47.202606,2937.9517,-110.26218069030051,-0.0374755859375,2.3921661376953125,0.0027952890001301327,205,204,0.9951219512195122,1.0
1427,-47.399536,2940.1875,-110.30708702498713,-0.196929931640625,2.235870361328125,-0.04490633468661236,215,215,1.0,1.0
1428,-47.363983,2942.2761,-110.35204131942369,0.035552978515625,2.0885772705078125,-0.044954294436569654,217,215,0.9907834101382489,1.0
1429,-47.44171,2944.3545,-110.36318990706383,-0.077728271484375,2.078399658203125,-0.011148587640142007,217,216,0.9953917050691244,1.0
1430,-47.5112,2946.3325,-110.36747558612103,-0.069488525390625,1.97802734375,-0.004285679057206047,206,205,0.9951456310679612,1.0
1431,-47.5347,2948.151,-110.35890404205128,-0.02349853515625,1.8182830810546875,0.00857154406975448,208,208,1.0,1.0
1432,-47.616608,2949.9602,-110.39187666382158,-0.0819091796875,1.809417724609375,-0.032972621770294044,207,207,1.0,1.0
1433,-47.64557,2951.6377,-110.41890150575288,-0.028961181640625,1.6774444580078125,-0.027024841931314214,210,210,1.0,1.0
1434,-47.677612,2953.441,-110.39717199080324,-0.03204345703125,1.8031463623046875,0.021729514949640007,213,211,0.9906103286384976,1.0
1435,-47.79831,2955.0513,-110.4215574197804,-0.120697021484375,1.6103973388671875,-0.024385428977158608,205,204,0.9951219512195122,1.0
1436,-47.829834,2956.6077,-110.4355400969326,-0.031524658203125,1.5564117431640625,-0.01398267715220143,211,210,0.995260663507109,1.0
1437,-47.77594,2958.1616,-110.47299407308272,0.05389404296875,1.55401611328125,-0.03745397615012285,213,213,1.0,1.0
1438,-47.864777,2959.8247,-110.47992542296176,-0.088836669921875,1.6629791259765625,-0.0069313498790392475,212,211,0.9952830188679245,1.0
1439,-47.87323,2961.3193,-110.48394045549777,-0.008453369140625,1.4947052001953125,-0.004015032536020313,212,211,0.9952830188679245,1.0
1440,-47.81125,2962.8628,-110.4948294836864,0.061981201171875,1.5434417724609375,-0.010889028188633184,207,206,0.9951690821256038,1.0
1441,-47.812866,2964.3967,-110.53550767756276,-0.001617431640625,1.5340118408203125,-0.040678193876366245,210,210,1.0,1.0
1442,-47.876007,2965.969,-110.5388777799633,-0.063140869140625,1.572235107421875,-0.003370102400539523,207,206,0.9951690821256038,1.0
1443,-47.868347,2967.3977,-110.60176073090693,0.007659912109375,1.4288177490234375,-0.06288295094362654,209,208,0.9952153110047847,1.0
1444,-47.815796,2968.98,-110.6031942494795,0.05255126953125,1.5823822021484375,-0.001433518572573877,209,208,0.9952153110047847,1.0
1445,-47.78665,2970.4365,-110.6079274748088,0.029144287109375,1.45660400390625,-0.0047332253293094935,210,209,0.9952380952380953,1.0
1446,-47.796204,2971.9377,-110.60510390383065,-0.009552001953125,1.5013275146484375,0.002823570978155011,210,209,0.9952380952380953,1.0
1447,-47.826904,2973.3455,-110.61787909798778,-0.03070068359375,1.4076385498046875,-0.012775194157122909,211,210,0.995260663507109,1.0
1448,-47.796875,2974.6306,-110.64742829502137,0.030029296875,1.2851409912109375,-0.029549197033590012,210,210,1.0,1.0
1449,-47.760864,2975.848,-110.64777671401895,0.0360107421875,1.2172393798828125,-0.0003484189975781209,213,213,1.0,1.0
1450,-47.758118,2976.886,-110.63639351770573,0.00274658203125,1.0380096435546875,0.011383196313222666,217,217,1.0,1.0
1451,-47.825775,2977.7715,-110.66086142221478,-0.067657470703125,0.885528564453125,-0.024467904509052618,216,216,1.0,1.0
1452,-47.867767,2978.5916,-110.65651680482317,-0.0419921875,0.82012939453125,0.004344617391603311,220,220,1.0,1.0
1453,-47.89676,2979.2888,-110.5915495019999,-0.02899169921875,0.697357177734375,0.06496730282326682,210,209,0.9952380952380953,1.0
1454,-47.917908,2979.8232,-110.62510574099971,-0.021148681640625,0.5343780517578125,-0.03355623899980085,211,211,1.0,1.0
1455,-47.90985,2980.3174,-110.59917858017558,0.008056640625,0.49420166015625,0.025927160824133207,222,222,1.0,1.0
1456,-47.865448,2980.8262,-110.59710697955695,0.044403076171875,0.508758544921875,0.0020716006186223064,218,217,0.9954128440366973,1.0
1457,-47.925964,2981.172,-110.55472831454685,-0.060516357421875,0.3460235595703125,0.042378665010104066,226,226,1.0,1.0
1458,-47.94049,2981.2024,-110.55737900321246,-0.0145263671875,0.0301666259765625,-0.0026506886656107544,232,232,1.0,1.0
1459,-47.98117,2981.1133,-110.5524847368905,-0.040679931640625,-0.089019775390625,0.004894266321952354,232,232,1.0,1.0
1460,-48.116577,2980.906,-110.54197857011545,-0.135406494140625,-0.207305908203125,0.010506166775059759,227,227,1.0,1.0
1461,-48.20685,2980.6348,-110.56694720902054,-0.09027099609375,-0.2712249755859375,-0.024968638905095264,223,222,0.9955156950672646,1.0
1462,-48.309082,2980.444,-110.54580091309285,-0.10223388671875,-0.19061279296875,0.021146295927687585,229,229,1.0,1.0
1463,-48.295837,2980.233,-110.5409148727832,0.01324462890625,-0.21112060546875,0.004886040309648233,221,220,0.995475113122172,1.0
1464,-48.372192,2980.0168,-110.52953580153047,-0.07635498046875,-0.2159576416015625,0.011379071252729247,226,226,1.0,1.0
1465,-48.009735,2979.787,-111.31615306122839,0.362457275390625,-0.229766845703125,-0.7866172596979162,205,204,0.9951219512195122,1.0
1466,-48.176544,2980.1458,-115.53194240012792,-0.16680908203125,0.35870361328125,-4.215789338899529,204,204,1.0,1.0
1467,-48.441925,2980.599,-119.88835734163612,-0.265380859375,0.453460693359375,-4.356414941508202,202,202,1.0,1.0
1468,-48.661163,2981.0889,-123.08032970614335,-0.21923828125,0.489776611328125,-3.191972364507216,204,201,0.9852941176470589,1.0
1469,-48.664185,2981.4932,-125.18117970929143,-0.003021240234375,0.404266357421875,-2.1008500031480835,198,196,0.98989898989899,1.0
1470,-48.71292,2981.8137,-126.6539158645827,-0.048736572265625,0.32061767578125,-1.4727361552912785,201,200,0.9950248756218906,1.0
1471,-48.514862,2982.2139,-127.90501916491073,0.19805908203125,0.4001007080078125,-1.251103300328026,195,195,1.0,1.0
1472,-48.43213,2982.5732,-128.90331057654387,0.082733154296875,0.3593292236328125,-0.9982914116331509,202,202,1.0,1.0
1473,-48.181763,2982.8643,-129.7488683424757,0.2503662109375,0.291046142578125,-0.8455577659318252,205,202,0.9853658536585366,1.0
1474,-48.06778,2983.229,-130.3403128956732,0.113983154296875,0.3647613525390625,-0.5914445531974909,198,197,0.9949494949494949,1.0
1475,-47.898712,2983.5442,-130.86890021413396,0.1690673828125,0.3151092529296875,-0.5285873184607565,209,208,0.9952153110047847,1.0
1476,-47.78476,2983.876,-131.27591475409844,0.11395263671875,0.3316650390625,-0.40701453996447295,203,201,0.9901477832512315,1.0
1477,-47.68976,2984.3833,-131.66678140789324,0.095001220703125,0.5073089599609375,-0.3908666537948089,204,202,0.9901960784313726,1.0
1478,-47.4299,2985.0608,-131.95293868077198,0.259857177734375,0.677459716796875,-0.28615727287873705,198,197,0.9949494949494949,1.0
1479,-47.412323,2985.7898,-132.24177677052694,0.017578125,0.72906494140625,-0.28883808975497377,207,207,1.0,1.0
1480,-47.355988,2986.558,-132.42690417427667,0.05633544921875,0.7684173583984375,-0.18512740374973943,204,204,1.0,1.0
1481,-47.207794,2987.4116,-132.645900298664,0.148193359375,0.853485107421875,-0.2189961243873306,207,207,1.0,1.0
1482,-47.06357,2988.4875,-132.8264585454018,0.14422607421875,1.0758514404296875,-0.18055824673781098,205,204,0.9951219512195122,1.0
1483,-47.098328,2989.6494,-133.03686355024539,-0.034759521484375,1.161865234375,-0.2104050048435885,207,205,0.9903381642512077,1.0
1484,-47.03705,2991.1174,-133.16356580445412,0.061279296875,1.4679718017578125,-0.12670225420873382,206,205,0.9951456310679612,1.0
1485,-47.023346,2992.7498,-133.2907023236086,0.013702392578125,1.632354736328125,-0.1271365191544719,203,203,1.0,1.0
1486,-46.99182,2994.4692,-133.4473811222307,0.031524658203125,1.7194061279296875,-0.15667879862208595,205,205,1.0,1.0
1487,-47.007324,2996.3926,-133.59690844277767,-0.0155029296875,1.923248291015625,-0.14952732054697332,208,208,1.0,1.0
1488,-46.95865,2998.4417,-133.73367308067998,0.048675537109375,2.0489959716796875,-0.1367646379022965,209,208,0.9952153110047847,1.0
1489,-46.996735,3000.6128,-133.87625632975005,-0.0380859375,2.1711273193359375,-0.14258324907008493,215,214,0.9953488372093023,1.0
1490,-47.022552,3003.097,-134.0168477339322,-0.02581787109375,2.4840850830078125,-0.1405914041821389,206,205,0.9951456310679612,1.0
1491,-47.145935,3005.805,-134.15002220329316,-0.123382568359375,2.7079010009765625,-0.13317446936097943,206,206,1.0,1.0
1492,-47.20816,3008.6516,-134.27728887204455,-0.062225341796875,2.8467254638671875,-0.1272666687513768,205,204,0.9951219512195122,1.0
1493,-47.29187,3011.6743,-134.41757376594754,-0.083709716796875,3.0227508544921875,-0.1402848939029802,205,205,1.0,1.0
1494,-47.408783,3014.7837,-134.5703490607446,-0.116912841796875,3.109375,-0.15277529479705632,204,203,0.9950980392156863,1.0
1495,-47.57901,3017.91,-134.72188395864768,-0.17022705078125,3.1262664794921875,-0.15153489790307711,209,209,1.0,1.0
1496,-47.760284,3021.1248,-134.82010257506843,-0.1812744140625,3.2147674560546875,-0.09821861642075297,211,211,1.0,1.0
1497,-47.77133,3024.1826,-134.8933481542333,-0.01104736328125,3.0579376220703125,-0.07324557916488796,211,210,0.995260663507109,1.0
1498,-47.90796,3027.3357,-134.9578156423733,-0.136627197265625,3.152984619140625,-0.06446748813998751,208,208,1.0,1.0
1499,-47.845947,3030.3848,-134.992151169701,0.06201171875,3.049072265625,-0.03433552732769028,207,206,0.9951690821256038,1.0
1500,-47.89908,3033.4019,-135.0495515045176,-0.053131103515625,3.016998291015625,-0.05740033481660122,208,206,0.9903846153846154,1.0
1501,-47.92929,3036.4297,-135.1176149989362,-0.03021240234375,3.0277252197265625,-0.06806349441858763,207,207,1.0,1.0
1502,-47.995483,3037.875,-135.19117309041056,-0.066192626953125,1.4451904296875,-0.0735580914743413,210,208,0.9904761904761905,1.0
1503,-47.927246,3040.7837,-135.23911618768503,0.0682373046875,2.908782958984375,-0.04794309727446228,218,216,0.9908256880733946,1.0
1504,-47.996613,3043.6558,-135.302337326037,-0.069366455078125,2.8721160888671875,-0.06322113835196388,210,209,0.9952380952380953,1.0
1505,-48.011078,3046.5881,-135.33174584780116,-0.01446533203125,2.932342529296875,-0.029408521764166883,215,212,0.986046511627907,1.0
1506,-48.05066,3049.3962,-135.3676754818966,-0.039581298828125,2.8079986572265625,-0.035929634095455625,208,207,0.9951923076923077,1.0
1507,-48.060944,3052.1218,-135.4551308932468,-0.010284423828125,2.7256927490234375,-0.08745541135020019,212,211,0.9952830188679245,1.0
1508,-48.108063,3054.9795,-135.4769434717573,-0.047119140625,2.8576507568359375,-0.021812578510493112,211,210,0.995260663507109,1.0
1509,-48.09619,3057.7769,-135.54829472604555,0.011871337890625,2.79730224609375,-0.07135125428826214,205,201,0.9804878048780488,1.0
1510,-48.11444,3060.5237,-135.56300667011178,-0.01824951171875,2.7468414306640625,-0.014711944066232134,204,202,0.9901960784313726,1.0
1511,-48.13498,3063.2861,-135.63330273787122,-0.020538330078125,2.76251220703125,-0.07029606775943857,206,205,0.9951456310679612,1.0
1512,-48.019287,3065.9207,-135.6860025930443,0.115692138671875,2.63458251953125,-0.0526998551730808,210,210,1.0,1.0
1513,-48.071503,3068.6785,-135.7642473904821,-0.052215576171875,2.75775146484375,-0.07824479743781287,208,207,0.9951923076923077,1.0
1514,-48.12903,3071.4553,-135.78005086880154,-0.057525634765625,2.7768096923828125,-0.015803478319434683,203,203,1.0,1.0
1515,-48.219574,3074.1897,-135.84041439792068,-0.090545654296875,2.7343292236328125,-0.06036352911914316,207,205,0.9903381642512077,1.0
1516,-48.24008,3076.883,-135.86629955660712,-0.0205078125,2.69329833984375,-0.02588515868643996,212,211,0.9952830188679245,1.0
1517,-48.274933,3079.6736,-135.88401014591548,-0.03485107421875,2.790435791015625,-0.01771058930836803,214,214,1.0,1.0
1518,-48.38562,3082.3716,-135.9503147889378,-0.110687255859375,2.6980133056640625,-0.06630464302229436,212,211,0.9952830188679245,1.0
1519,-48.418457,3084.907,-136.08763008218597,-0.0328369140625,2.535400390625,-0.1373152932481663,205,204,0.9951219512195122,1.0
1520,-48.428345,3087.7227,-136.1350666728751,-0.0098876953125,2.815643310546875,-0.047436590689117625,201,200,0.9950248756218906,1.0
1521,-48.476685,3090.3352,-136.15046153969786,-0.04833984375,2.61260986328125,-0.015394866822753846,205,202,0.9853658536585366,1.0
1522,-48.507446,3093.0994,-136.22262488600396,-0.03076171875,2.7640838623046875,-0.07216334630608953,204,202,0.9901960784313726,1.0
1523,-48.504578,3095.7456,-136.2998313877008,0.00286865234375,2.646331787109375,-0.07720650169684033,207,206,0.9951690821256038,1.0
1524,-48.487823,3098.5657,-136.3332856446658,0.016754150390625,2.8200836181640625,-0.03345425696499967,201,201,1.0,1.0
1525,-48.595337,3101.178,-136.39845691882095,-0.107513427734375,2.6123046875,-0.06517127415514401,204,203,0.9950980392156863,1.0
1526,-48.59149,3103.8955,-136.470014342334,0.00384521484375,2.717529296875,-0.07155742351304127,204,204,1.0,1.0
1527,-48.641846,3106.5535,-136.50877997404837,-0.05035400390625,2.657928466796875,-0.03876563171435652,200,198,0.99,1.0
1528,-48.723206,3109.373,-136.601324386396,-0.08135986328125,2.8196258544921875,-0.09254441234761507,205,205,1.0,1.0
1529,-48.778473,3112.013,-136.675967058684,-0.055267333984375,2.6397857666015625,-0.07464267228801899,206,205,0.9951456310679612,1.0
1530,-48.846313,3114.8115,-136.70618286051533,-0.067840576171875,2.7985992431640625,-0.030215801831317897,216,215,0.9953703703703703,1.0
1531,-48.868073,3117.4253,-136.79663354892833,-0.021759033203125,2.61370849609375,-0.09045068841299718,205,205,1.0,1.0
1532,-48.855774,3120.2659,-136.7976374922195,0.012298583984375,2.84063720703125,-0.0010039432911725134,204,204,1.0,1.0
1533,-49.057617,3123.062,-136.88752697858797,-0.20184326171875,2.796173095703125,-0.08988948636847391,206,205,0.9951456310679612,1.0
1534,-49.105133,3125.785,-136.9114646626946,-0.047515869140625,2.72296142578125,-0.023937684106644177,209,209,1.0,1.0
1535,-49.15335,3128.4885,-136.99049102533115,-0.0482177734375,2.70367431640625,-0.0790263626365462,212,212,1.0,1.0
1536,-49.17502,3131.2444,-137.0078222826448,-0.02166748046875,2.755889892578125,-0.01733125731365102,201,200,0.9950248756218906,1.0
1537,-49.21695,3133.9038,-137.0812913603936,-0.04193115234375,2.65936279296875,-0.07346907774879442,206,205,0.9951456310679612,1.0
1538,-49.158417,3136.6462,-137.06948989079945,0.05853271484375,2.7424774169921875,0.011801469594151218,205,205,1.0,1.0
1539,-49.124786,3139.3218,-137.09841648044693,0.03363037109375,2.675567626953125,-0.028926589647484357,195,194,0.9948717948717949,1.0
1540,-49.10492,3142.0369,-137.1439155246041,0.019866943359375,2.715087890625,-0.045499044157182165,206,205,0.9951456310679612,1.0
1541,-49.167786,3144.7954,-137.192170482191,-0.0628662109375,2.7585296630859375,-0.04825495758689829,201,201,1.0,1.0
1542,-49.177612,3147.469,-137.26138413496827,-0.00982666015625,2.673614501953125,-0.0692136527772688,207,207,1.0,1.0
1543,-49.14035,3150.1882,-137.2835389392951,0.037261962890625,2.719146728515625,-0.02215480432683645,198,198,1.0,1.0
1544,-49.16443,3152.9739,-137.28931044789832,-0.024078369140625,2.785736083984375,-0.005771508603208272,202,201,0.995049504950495,1.0
1545,-49.18268,3155.5308,-137.39677583585652,-0.01824951171875,2.5567779541015625,-0.10746538795819743,204,199,0.9754901960784313,1.0
1546,-49.19043,3158.3472,-137.40038611300676,-0.00775146484375,2.816375732421875,-0.0036102771502450667,199,199,1.0,1.0
1547,-49.169067,3160.8801,-137.5061264689384,0.0213623046875,2.5328521728515625,-0.10574035593164376,201,201,1.0,1.0
1548,-49.225708,3163.7583,-137.4765674231899,-0.056640625,2.878265380859375,0.02955904574849638,199,199,1.0,1.0
1549,-49.218323,3166.329,-137.5624085614133,0.00738525390625,2.5706939697265625,-0.08584113822340185,200,200,1.0,1.0
1550,-49.27957,3169.198,-137.56459500888263,-0.061248779296875,2.868804931640625,-0.0021864474693498274,204,204,1.0,1.0
1551,-49.2742,3171.8625,-137.58133196870475,0.00537109375,2.6645660400390625,-0.016736959822120465,206,205,0.9951456310679612,1.0
1552,-49.228973,3174.5308,-137.61836656200094,0.04522705078125,2.6680908203125,-0.03703459329618801,204,204,1.0,1.0
1553,-49.139893,3177.3013,-137.59154854018726,0.089080810546875,2.770416259765625,0.0268180218136781,207,207,1.0,1.0
1554,-49.061584,3179.962,-137.60734270755606,0.07830810546875,2.6606597900390625,-0.015794167368803864,200,199,0.995,1.0
1555,-49.01288,3182.4817,-137.70751711015058,0.0487060546875,2.5197906494140625,-0.1001744025945302,196,195,0.9948979591836735,1.0
1556,-48.830048,3185.1245,-137.69138265992723,0.182830810546875,2.6428985595703125,0.016134450223338176,197,196,0.9949238578680203,1.0
1557,-48.862885,3187.7705,-137.75998616151384,-0.0328369140625,2.6461181640625,-0.06860350158661073,201,200,0.9950248756218906,1.0
1558,-48.877686,3190.467,-137.76610330998017,-0.014801025390625,2.69659423828125,-0.006117148466332496,203,201,0.9901477832512315,1.0
1559,-48.90146,3193.189,-137.77273174761214,-0.023773193359375,2.721832275390625,-0.006628437631965879,205,204,0.9951219512195122,1.0
1560,-48.76773,3195.808,-137.81098260667167,0.13372802734375,2.6190643310546875,-0.03825085905954184,197,195,0.9898477157360406,1.0
1561,-48.801666,3198.5796,-137.81834993842097,-0.033935546875,2.7714996337890625,-0.00736733174928089,202,201,0.995049504950495,1.0
1562,-48.76001,3200.7756,-138.0893311692175,0.041656494140625,2.195953369140625,-0.2709812307965295,206,204,0.9902912621359223,1.0
1563,-48.69937,3203.3762,-138.12051011724807,0.060638427734375,2.6004791259765625,-0.03117894803056051,198,196,0.98989898989899,1.0
1564,-48.741455,3205.9846,-138.17684406018623,-0.042083740234375,2.6085052490234375,-0.05633394293816624,205,204,0.9951219512195122,1.0
1565,-48.73175,3208.6206,-138.21385970356408,0.00970458984375,2.6359405517578125,-0.03701564337785769,204,204,1.0,1.0
1566,-48.633026,3211.1897,-138.22644241635348,0.098724365234375,2.569183349609375,-0.012582712789403786,206,206,1.0,1.0
1567,-48.606995,3213.8171,-138.24623317308064,0.026031494140625,2.62738037109375,-0.0197907567271526,197,197,1.0,1.0
1568,-48.649994,3216.3093,-138.27732206909474,-0.042999267578125,2.4921722412109375,-0.031088896014098144,198,198,1.0,1.0
1569,-48.606354,3218.9756,-138.30213756991492,0.04364013671875,2.6662750244140625,-0.02481550082016876,204,204,1.0,1.0
1570,-48.57242,3221.5369,-138.33366995141205,0.033935546875,2.5613555908203125,-0.03153238149712222,195,195,1.0,1.0
1571,-48.502014,3224.231,-138.31329502912305,0.070404052734375,2.69415283203125,0.020374922288987515,194,193,0.9948453608247423,1.0
1572,-48.49359,3226.9988,-138.29424862269244,0.0084228515625,2.76776123046875,0.019046406430608127,197,196,0.9949238578680203,1.0
1573,-48.502472,3229.6228,-138.35564668649795,-0.008880615234375,2.623992919921875,-0.06139806380551588,199,199,1.0,1.0
1574,-48.474945,3232.1821,-138.3770620646644,0.02752685546875,2.559356689453125,-0.021415378166427957,203,203,1.0,1.0
1575,-48.3584,3234.5393,-138.41549582656083,0.116546630859375,2.3572845458984375,-0.03843376189643323,200,200,1.0,1.0
1576,-48.329773,3236.9565,-138.37423319095421,0.02862548828125,2.4171600341796875,0.0412626356066091,204,203,0.9950980392156863,1.0
1577,-48.35385,3239.2146,-138.35389088249335,-0.024078369140625,2.25799560546875,0.020342308460879237,201,200,0.9950248756218906,1.0
1578,-48.324493,3241.1497,-138.38432809330516,0.02935791015625,1.9349517822265625,-0.03043721081181771,198,198,1.0,1.0
1579,-48.324554,3243.2466,-138.39383323951049,-6.103515625e-05,2.0970001220703125,-0.009505146205322291,208,208,1.0,1.0
1580,-48.262787,3245.2131,-138.344051916546,0.061767578125,1.9664764404296875,0.049781322964491545,204,204,1.0,1.0
1581,-48.336945,3247.0593,-138.3469081044652,-0.07415771484375,1.8461151123046875,-0.0028561879192060945,204,203,0.9950980392156863,1.0
1582,-48.335266,3248.8003,-138.32662496991068,0.001678466796875,1.74102783203125,0.020283134554517745,203,203,1.0,1.0
1583,-48.21994,3250.5571,-138.3213570122107,0.115325927734375,1.7567901611328125,0.005267957699974261,201,200,0.9950248756218906,1.0
1584,-48.3403,3252.154,-138.34598155493057,-0.120361328125,1.5969085693359375,-0.024624542719868928,197,197,1.0,1.0
1585,-48.353027,3253.9333,-138.31140223400212,-0.012725830078125,1.779205322265625,0.03457932092846495,197,197,1.0,1.0
1586,-48.31903,3255.3884,-138.31202303792875,0.03399658203125,1.45501708984375,-0.0006208039266357811,198,198,1.0,1.0
1587,-48.35544,3256.8774,-138.3473578567007,-0.036407470703125,1.4890594482421875,-0.035334818771968,202,200,0.9900990099009901,1.0
1588,-48.34668,3258.522,-138.3022027291305,0.008758544921875,1.6444549560546875,0.04515512757020178,197,197,1.0,1.0
1589,-48.28665,3259.9646,-138.31729119797254,0.060028076171875,1.44268798828125,-0.015088468842031858,194,194,1.0,1.0
1590,-48.279938,3261.444,-138.33973766779027,0.0067138671875,1.479583740234375,-0.02244646981772333,199,199,1.0,1.0
1591,-48.27298,3262.8994,-138.35988542269803,0.0069580078125,1.4553070068359375,-0.020147754907764548,193,192,0.9948186528497409,1.0
1592,-48.335663,3264.4949,-138.36414637624384,-0.06268310546875,1.59539794921875,-0.004260953545808725,186,185,0.9946236559139785,1.0
1593,-48.253662,3265.8572,-138.41102918677967,0.082000732421875,1.362335205078125,-0.04688281053584311,195,195,1.0,1.0
1594,-48.247772,3267.3535,-138.40476282764791,0.005889892578125,1.496429443359375,0.006266359131759143,195,194,0.9948717948717949,1.0
1595,-48.299286,3268.905,-138.40705615137207,-0.051513671875,1.5515899658203125,-0.0022933237241463,196,196,1.0,1.0
1596,-48.299133,3270.1619,-138.40606431638193,0.000152587890625,1.2568817138671875,0.0009918349901419565,197,194,0.9847715736040609,1.0
1597,-48.335846,3271.552,-138.3994984853173,-0.036712646484375,1.3901824951171875,0.006565831064629782,203,200,0.9852216748768473,1.0
1598,-48.270264,3272.88,-138.37211114188827,0.065582275390625,1.3278045654296875,0.02738734342904245,193,192,0.9948186528497409,1.0
1599,-48.39853,3274.2075,-138.3755390869759,-0.128265380859375,1.32763671875,-0.0034279450876220727,199,197,0.9899497487437185,1.0
1600,-48.394623,3275.318,-138.4323724617937,0.00390625,1.1106719970703125,-0.05683337481781773,200,200,1.0,1.0
1601,-48.39203,3276.3625,-138.3772184340444,0.002593994140625,1.0444793701171875,0.05515402774928931,209,209,1.0,1.0
1602,-48.438446,3277.1843,-138.40345444100709,-0.046417236328125,0.821746826171875,-0.02623600696267302,198,196,0.98989898989899,1.0
1603,-48.430054,3277.871,-138.41389890056837,0.008392333984375,0.686676025390625,-0.010444459561292023,200,200,1.0,1.0
1604,-48.41275,3278.669,-138.40744725735567,0.017303466796875,0.7979583740234375,0.006451643212693348,197,197,1.0,1.0
1605,-48.47055,3279.213,-138.40175724792243,-0.05780029296875,0.5439300537109375,0.005690009433245222,187,186,0.9946524064171123,1.0
1606,-48.3602,3279.637,-138.33579085441326,0.1103515625,0.4239959716796875,0.06596639350918444,195,195,1.0,1.0
1607,-48.411285,3279.9424,-138.34792985337273,-0.05108642578125,0.305511474609375,-0.01213899895946641,196,196,1.0,1.0
1608,-48.348877,3280.3032,-138.3297032427538,0.062408447265625,0.360809326171875,0.01822661061892692,199,199,1.0,1.0
1609,-48.325714,3280.4062,-138.31060792136745,0.023162841796875,0.10302734375,0.019095321386354936,205,204,0.9951219512195122,1.0
1610,-48.374542,3280.5024,-138.31307472216028,-0.048828125,0.096160888671875,-0.0024668007928289036,220,219,0.9954545454545455,1.0
1611,-48.375946,3280.4934,-138.26032820293102,-0.00140380859375,-0.009002685546875,0.052746519229251776,214,214,1.0,1.0
1612,-48.444305,3280.4348,-138.23380525606404,-0.068359375,-0.0586090087890625,0.026522946866986686,220,220,1.0,1.0
1613,-48.491333,3280.443,-138.17116508389307,-0.047027587890625,0.008331298828125,0.06264017217096686,213,213,1.0,1.0
1614,-48.540436,3280.2197,-138.18487110037145,-0.049102783203125,-0.223358154296875,-0.013706016478393672,215,214,0.9953488372093023,1.0
1615,-48.661865,3280.1426,-138.1755703597254,-0.121429443359375,-0.0771942138671875,0.009300740646047134,214,213,0.9953271028037384,1.0
1616,-48.698578,3279.9907,-138.1306454942162,-0.036712646484375,-0.151947021484375,0.044924865509202355,203,203,1.0,1.0
1617,-48.923553,3279.7815,-137.87485921093904,-0.2249755859375,-0.2092132568359375,0.25578628327716507,186,184,0.989247311827957,1.0
1618,-49.00595,3279.6946,-137.34917471426107,-0.0823974609375,-0.086944580078125,0.5256844966779638,185,185,1.0,1.0
1619,-48.924774,3279.5703,-136.90810624002495,0.0811767578125,-0.124298095703125,0.44106847423611567,179,177,0.9888268156424581,1.0
1620,-48.956482,3279.6406,-136.5950688881364,-0.031707763671875,0.0703582763671875,0.31303735188852594,176,175,0.9943181818181818,1.0
1621,-48.964386,3279.7395,-136.44578443320955,-0.007904052734375,0.0989532470703125,0.14928445492684855,189,186,0.9841269841269841,1.0
1622,-48.83365,3279.9111,-136.22927597788168,0.1307373046875,0.171539306640625,0.2165084553278723,203,202,0.9950738916256158,1.0
1623,-48.870514,3280.0916,-136.14703421924384,-0.036865234375,0.180328369140625,0.08224175863786266,201,201,1.0,1.0
1624,-48.898224,3280.3015,-136.02755308132384,-0.0277099609375,0.20989990234375,0.11948113791997925,200,198,0.99,1.0
1625,-48.84729,3280.621,-135.94339012250097,0.050933837890625,0.3196258544921875,0.08416295882286047,201,201,1.0,1.0
1626,-48.89612,3280.9485,-135.9278784530898,-0.048828125,0.3274383544921875,0.015511669411179506,198,198,1.0,1.0
1627,-48.75891,3281.3755,-135.86717273260535,0.13720703125,0.426910400390625,0.06070572048442539,198,198,1.0,1.0
1628,-48.62021,3281.781,-135.8778294750993,0.138702392578125,0.40557861328125,-0.010656742493935778,201,201,1.0,1.0
1629,-48.54532,3282.4316,-135.78047926926052,0.07489013671875,0.6507568359375,0.09735020583877545,201,199,0.9900497512437811,1.0
1630,-48.526978,3283.0422,-135.79758732543218,0.018341064453125,0.610504150390625,-0.01710805617164952,204,204,1.0,1.0
1631,-48.53131,3283.8628,-135.74679246580064,-0.00433349609375,0.82049560546875,0.050794859631541754,202,200,0.9900990099009901,1.0
1632,-48.45459,3284.626,-135.7197629104806,0.07672119140625,0.763092041015625,0.02702955532002823,204,204,1.0,1.0
1633,-48.420593,3285.6328,-135.6823821583732,0.03399658203125,1.00689697265625,0.03738075210740602,203,203,1.0,1.0
1634,-48.375732,3286.7046,-135.68137553637098,0.04486083984375,1.07177734375,0.0010066220022245864,205,205,1.0,1.0
1635,-48.36844,3287.8735,-135.68461837752434,0.007293701171875,1.16900634765625,-0.0032428411533694055,199,198,0.9949748743718593,1.0
1636,-48.33185,3289.3704,-135.69864870788047,0.036590576171875,1.4968414306640625,-0.014030330356116396,204,204,1.0,1.0
1637,-48.362274,3290.9568,-135.70814294979522,-0.030426025390625,1.5865020751953125,-0.009494241914762287,197,197,1.0,1.0
1638,-48.242798,3292.7366,-135.68104906902136,0.119476318359375,1.7798004150390625,0.027093880773872474,195,194,0.9948717948717949,1.0
1639,-48.273895,3294.6604,-135.69259889281534,-0.031097412109375,1.9239349365234375,-0.011549823793982261,197,196,0.9949238578680203,1.0
1640,-48.269318,3296.7349,-135.7200890828067,0.00457763671875,2.0743865966796875,-0.027490189991354826,192,192,1.0,1.0
1641,-48.25479,3298.9873,-135.72100529691167,0.0145263671875,2.2523345947265625,-0.0009162141049601711,195,195,1.0,1.0
1642,-48.31009,3301.4993,-135.77648227621364,-0.0552978515625,2.511932373046875,-0.05547697930196502,190,190,1.0,1.0
1643,-48.201843,3304.1167,-135.75732526068893,0.108245849609375,2.61737060546875,0.01915701552471617,192,192,1.0,1.0
1644,-48.232697,3306.7727,-135.833912976654,-0.030853271484375,2.6561126708984375,-0.07658771596508468,192,191,0.9947916666666666,1.0
1645,-48.25461,3309.8232,-135.84654072028297,-0.02191162109375,3.0504608154296875,-0.012627743628971748,192,192,1.0,1.0
1646,-48.20932,3312.7576,-135.82373332160134,0.0452880859375,2.9344024658203125,0.02280739868164345,199,198,0.9949748743718593,1.0
1647,-48.244324,3315.8079,-135.83925926788376,-0.035003662109375,3.0502777099609375,-0.015525946282413714,197,196,0.9949238578680203,1.0
1648,-48.17148,3318.7573,-135.83791472674008,0.072845458984375,2.9495697021484375,0.0013445411436770116,198,198,1.0,1.0
1649,-48.264313,3321.7627,-135.84990860260942,-0.09283447265625,3.00531005859375,-0.011993875869329726,204,204,1.0,1.0
1650,-48.30655,3324.5789,-135.8349737116984,-0.042236328125,2.81622314453125,0.014934890910994593,195,194,0.9948717948717949,1.0
1651,-48.27539,3327.4695,-135.81306192478633,0.031158447265625,2.89056396484375,0.021911786912085007,201,201,1.0,1.0
1652,-48.320557,3330.378,-135.7754993586997,-0.045166015625,2.90850830078125,0.0375625660866342,194,194,1.0,1.0
1653,-48.28174,3333.1714,-135.79180814260047,0.038818359375,2.793548583984375,-0.016308783900771177,197,197,1.0,1.0
1654,-48.355927,3336.001,-135.76224059325924,-0.074188232421875,2.829620361328125,0.02956754934122696,193,193,1.0,1.0
1655,-48.322815,3338.8984,-135.73059959559353,0.033111572265625,2.8973541259765625,0.031640997665711476,197,197,1.0,1.0
1656,-48.401367,3341.7466,-135.7417710314186,-0.07855224609375,2.848114013671875,-0.011171435825072795,188,187,0.9946808510638298,1.0
1657,-48.43445,3344.4775,-135.7476169089443,-0.0330810546875,2.73095703125,-0.005845877525703037,191,191,1.0,1.0
1658,-48.317963,3347.1235,-135.70779171471764,0.116485595703125,2.6460418701171875,0.03982519422667327,190,190,1.0,1.0
1659,-48.292816,3349.8867,-135.69731451112725,0.025146484375,2.763153076171875,0.010477203590402343,187,187,1.0,1.0
1660,-48.30713,3352.3752,-135.68259238270468,-0.014312744140625,2.488433837890625,0.014722128422572343,190,189,0.9947368421052631,1.0
1661,-48.38684,3355.0479,-135.7041628751893,-0.0797119140625,2.6725921630859375,-0.02157049248462585,192,191,0.9947916666666666,1.0
1662,-48.24118,3357.5664,-135.65172055871435,0.145660400390625,2.51849365234375,0.05244231647494433,185,185,1.0,1.0
1663,-48.389008,3360.1387,-135.7396109666423,-0.1478271484375,2.5723876953125,-0.08789040792795584,190,189,0.9947368421052631,1.0
1664,-48.3071,3362.6567,-135.66168906422612,0.0819091796875,2.518096923828125,0.07792190241615313,184,184,1.0,1.0
1665,-48.33194,3365.2278,-135.6413043628808,-0.02484130859375,2.571044921875,0.0203847013453468,184,184,1.0,1.0
1666,-48.33371,3367.7805,-135.65902441498213,-0.00177001953125,2.5528411865234375,-0.017720052101337112,184,184,1.0,1.0
1667,-48.43042,3370.388,-135.64947746036498,-0.096710205078125,2.607330322265625,0.009546954617146339,192,190,0.9895833333333334,1.0
1668,-48.398193,3372.8984,-135.67415069185674,0.0322265625,2.5106048583984375,-0.024673231491764116,190,190,1.0,1.0
1669,-48.408295,3375.4758,-135.66864783892842,-0.010101318359375,2.5774688720703125,0.0055028529283027644,191,189,0.9895287958115183,1.0
1670,-48.427734,3378.001,-135.65849744485365,-0.019439697265625,2.525146484375,0.010150394074761145,190,189,0.9947368421052631,1.0
1671,-48.44171,3380.652,-135.66751773455496,-0.01397705078125,2.65118408203125,-0.009020289701324381,184,184,1.0,1.0
1672,-48.484955,3383.1963,-135.66903157278435,-0.043243408203125,2.5441131591796875,-0.0015138382293834421,192,192,1.0,1.0
1673,-48.44687,3385.7527,-135.71210047584762,0.0380859375,2.556396484375,-0.043068903063268216,183,183,1.0,1.0
1674,-48.523804,3388.232,-135.72009370313697,-0.076934814453125,2.4793243408203125,-0.007993227289353273,181,181,1.0,1.0
1675,-48.49704,3390.783,-135.76564396721596,0.026763916015625,2.5510406494140625,-0.045550264079009466,185,184,0.9945945945945946,1.0
1676,-48.613068,3393.2717,-135.77046070124916,-0.11602783203125,2.488677978515625,-0.004816734033203906,183,181,0.9890710382513661,1.0
1677,-48.556213,3395.7214,-135.7720052163587,0.056854248046875,2.449737548828125,-0.001544515109549796,179,179,1.0,1.0
1678,-48.51596,3398.2883,-135.79278916282013,0.040252685546875,2.5669708251953125,-0.020783946461410834,182,179,0.9835164835164835,1.0
1679,-48.540466,3400.76,-135.79530592045785,-0.024505615234375,2.471771240234375,-0.002516757637723543,182,181,0.9945054945054945,1.0
1680,-48.675568,3403.3787,-135.8197034933547,-0.135101318359375,2.6185760498046875,-0.024397572896842107,185,182,0.9837837837837838,1.0
1681,-48.6037,3405.8694,-135.8201455962087,0.071868896484375,2.4908294677734375,-0.0004421028540145729,185,183,0.9891891891891892,1.0
1682,-48.68814,3408.4607,-135.85078545900615,-0.084442138671875,2.591400146484375,-0.030639862797447553,179,175,0.9776536312849162,1.0
1683,-48.722015,3411.0024,-135.87205083517762,-0.03387451171875,2.5416717529296875,-0.021265376171470052,179,177,0.9888268156424581,1.0
1684,-48.699524,3413.587,-135.89418151617443,0.022491455078125,2.58441162109375,-0.0221306809968067,175,173,0.9885714285714285,1.0
1685,-48.70633,3416.2122,-135.8828523617055,-0.006805419921875,2.6253204345703125,0.01132915446893861,183,183,1.0,1.0
1686,-48.735992,3418.8076,-135.89308442349835,-0.0296630859375,2.595428466796875,-0.010232061792863748,186,186,1.0,1.0
1687,-48.778625,3421.4478,-135.94162227669653,-0.042633056640625,2.6400146484375,-0.04853785319818372,183,180,0.9836065573770492,1.0
1688,-48.80838,3423.995,-135.95751261699647,-0.029754638671875,2.5474395751953125,-0.015890340299924022,182,178,0.978021978021978,1.0
1689,-48.881683,3426.5503,-135.97802793111353,-0.07330322265625,2.5550689697265625,-0.020515314117056076,182,178,0.978021978021978,1.0
1690,-48.969666,3429.229,-136.02717073835296,-0.087982177734375,2.6788330078125,-0.04914280723942425,171,170,0.9941520467836257,1.0
1691,-48.90985,3431.6863,-136.04761553953315,0.059814453125,2.457183837890625,-0.020444801180195777,176,176,1.0,1.0
1692,-48.939026,3434.2668,-136.06049828999514,-0.0291748046875,2.58062744140625,-0.012882750461996986,190,190,1.0,1.0
1693,-48.97592,3436.6848,-136.09152812358286,-0.036895751953125,2.41802978515625,-0.031029833587709735,190,189,0.9947368421052631,1.0
1694,-48.964813,3439.3325,-136.11259978469852,0.0111083984375,2.6477508544921875,-0.02107166111566116,196,194,0.9897959183673469,1.0
1695,-49.106445,3441.8354,-136.16042128579966,-0.141632080078125,2.5030059814453125,-0.047821501101132285,190,189,0.9947368421052631,1.0
1696,-48.99286,3444.3943,-136.15596308214947,0.11358642578125,2.558868408203125,0.004458203650177574,190,190,1.0,1.0
1697,-49.022644,3446.872,-136.1892852442944,-0.02978515625,2.4779052734375,-0.033322162144952504,192,192,1.0,1.0
1698,-49.005737,3449.5278,-136.17787979919459,0.01690673828125,2.655792236328125,0.0114054450998115,194,194,1.0,1.0
1699,-49.00894,3451.9111,-136.22662315851082,-0.003204345703125,2.3833160400390625,-0.04874335931623734,180,179,0.9944444444444445,1.0
1700,-49.006836,3454.5615,-136.22820376601,0.002105712890625,2.650421142578125,-0.0015806074991901562,191,190,0.9947643979057592,1.0
1701,-49.050446,3457.0095,-136.2348897333643,-0.043609619140625,2.447906494140625,-0.00668596735428393,199,199,1.0,1.0
1702,-49.089783,3459.6465,-136.23513407077476,-0.039337158203125,2.6370391845703125,-0.0002443374104716656,194,194,1.0,1.0
1703,-48.98987,3462.2058,-136.2311534793431,0.09991455078125,2.5593109130859375,0.003980591431647669,191,190,0.9947643979057592,1.0
1704,-48.98752,3464.786,-136.23842670634505,0.002349853515625,2.5801544189453125,-0.00727322700194936,187,187,1.0,1.0
1705,-48.99701,3467.331,-136.26991753359127,-0.009490966796875,2.545135498046875,-0.031490827246226226,196,194,0.9897959183673469,1.0
1706,-49.005493,3469.9775,-136.3032898494251,-0.00848388671875,2.64654541015625,-0.03337231583383517,192,191,0.9947916666666666,1.0
1707,-49.0365,3472.535,-136.33179800255138,-0.031005859375,2.5572662353515625,-0.02850815312627833,201,200,0.9950248756218906,1.0
1708,-49.09677,3475.113,-136.31705207829214,-0.060272216796875,2.5780792236328125,0.014745924259236438,206,205,0.9951456310679612,1.0
1709,-49.097534,3477.6382,-136.3503998820523,-0.000762939453125,2.525238037109375,-0.03334780376017253,195,195,1.0,1.0
1710,-49.18625,3480.289,-136.36871617336334,-0.088714599609375,2.6508636474609375,-0.01831629131105141,202,202,1.0,1.0
1711,-49.165863,3482.8994,-136.3778403359511,0.0203857421875,2.6103057861328125,-0.009124162587763576,199,199,1.0,1.0
1712,-49.157074,3485.517,-136.36800211121766,0.0087890625,2.6177825927734375,0.009838224733447733,199,199,1.0,1.0
1713,-49.05435,3488.0955,-136.37394357250923,0.10272216796875,2.5783538818359375,-0.005941461291574673,198,198,1.0,1.0
1714,-49.106384,3490.6592,-136.36159987860816,-0.052032470703125,2.5636444091796875,0.012343693901082687,204,201,0.9852941176470589,1.0
1715,-49.021606,3493.3645,-136.38043801103305,0.08477783203125,2.7052459716796875,-0.018838132424883507,200,200,1.0,1.0
1716,-49.113922,3495.9624,-136.36610801759446,-0.092315673828125,2.5980072021484375,0.014329993438594051,199,199,1.0,1.0
1717,-49.015686,3498.7964,-136.35630311380592,0.098236083984375,2.833984375,0.009804903788542265,203,203,1.0,1.0
1718,-49.049652,3501.4585,-136.36770351323662,-0.033966064453125,2.6620941162109375,-0.011400399430689375,199,199,1.0,1.0
1719,-49.04706,3503.896,-136.36243335798392,0.002593994140625,2.4375152587890625,0.005270155252713757,198,197,0.9949494949494949,1.0
1720,-49.02774,3506.3765,-136.32154355385973,0.019317626953125,2.4804229736328125,0.040889804124196495,196,195,0.9948979591836735,1.0
1721,-48.989044,3508.7502,-136.33168457634795,0.0386962890625,2.3738861083984375,-0.01014102248824013,200,199,0.995,1.0
1722,-48.98105,3511.1165,-136.28743209891186,0.00799560546875,2.3662567138671875,0.04425247743608226,203,202,0.9950738916256158,1.0
1723,-48.951843,3513.2654,-136.28504284978644,0.029205322265625,2.149017333984375,0.0023892491254410646,201,201,1.0,1.0
1724,-48.94635,3515.4417,-136.25373624713794,0.0054931640625,2.176177978515625,0.03130660264848528,208,207,0.9951923076923077,1.0
1725,-48.879913,3517.4812,-136.23473549189805,0.066436767578125,2.0395660400390625,0.019000755239888617,209,209,1.0,1.0
1726,-48.86902,3519.5137,-136.18434826844114,0.010894775390625,2.032379150390625,0.0503872234569,210,208,0.9904761904761905,1.0
1727,-48.939575,3521.4822,-136.16742688771436,-0.070556640625,1.968414306640625,0.016921380726787925,204,200,0.9803921568627451,1.0
1728,-48.90152,3523.3438,-136.14918887519684,0.038055419921875,1.8614501953125,0.018238012517519463,209,209,1.0,1.0
1729,-48.928925,3525.106,-136.12993140613418,-0.02740478515625,1.7622528076171875,0.01925746906265934,201,200,0.9950248756218906,1.0
1730,-48.921326,3526.8555,-136.10332367881202,0.007598876953125,1.7495574951171875,0.02660772732216558,207,206,0.9951690821256038,1.0
1731,-48.80725,3528.6526,-136.1047656558269,0.11407470703125,1.797088623046875,-0.001441977014880023,206,206,1.0,1.0
1732,-48.915436,3530.268,-136.07719676643805,-0.108184814453125,1.6153564453125,0.02756888938883875,206,204,0.9902912621359223,1.0
1733,-48.915924,3531.9343,-136.0621911010832,-0.00048828125,1.666168212890625,0.015005665354852985,204,201,0.9852941176470589,1.0
1734,-48.902527,3533.5225,-136.05130944005722,0.013397216796875,1.5880126953125,0.01088166102594826,206,204,0.9902912621359223,1.0
1735,-49.01584,3535.165,-136.06891813091568,-0.113311767578125,1.642578125,-0.017608690858438494,203,203,1.0,1.0
1736,-49.055023,3536.828,-136.0330365190611,-0.0391845703125,1.662811279296875,0.035881611854573246,207,207,1.0,1.0
1737,-49.019196,3538.375,-136.0075855925703,0.03582763671875,1.5470733642578125,0.025450926490803907,205,204,0.9951219512195122,1.0
1738,-49.111267,3539.997,-136.00171446617492,-0.092071533203125,1.6221466064453125,0.005871126395382921,203,202,0.9950738916256158,1.0
1739,-49.122925,3541.5508,-135.9837406292593,-0.01165771484375,1.5537261962890625,0.017973836915606486,210,210,1.0,1.0
1740,-49.154144,3543.1348,-135.96287715355962,-0.031219482421875,1.5839385986328125,0.0208634756996872,203,203,1.0,1.0
1741,-49.232452,3544.6584,-135.9802707264647,-0.07830810546875,1.523773193359375,-0.01739357290509272,201,201,1.0,1.0
1742,-49.73825,3546.455,-135.96992549045478,-0.50579833984375,1.7965240478515625,0.010345236009927074,206,204,0.9902912621359223,1.0
1743,-49.808502,3547.9832,-135.98864638577692,-0.07025146484375,1.528045654296875,-0.01872089532214038,210,208,0.9904761904761905,1.0
1744,-49.778473,3549.371,-135.96675495915477,0.030029296875,1.38787841796875,0.02189142662214597,210,209,0.9952380952380953,1.0
1745,-49.76947,3550.6765,-135.946657242209,0.009002685546875,1.3055267333984375,0.020097716945768365,207,207,1.0,1.0
1746,-49.806488,3551.8818,-135.92865874036042,-0.037017822265625,1.205322265625,0.017998501848583152,202,201,0.995049504950495,1.0
1747,-49.789215,3552.9175,-135.96172332245627,0.01727294921875,1.0356292724609375,-0.033064582095855416,217,217,1.0,1.0
1748,-49.767822,3553.8633,-135.95317739872849,0.021392822265625,0.94573974609375,0.008545923727777068,213,213,1.0,1.0
1749,-49.700623,3554.7358,-135.9152573625909,0.06719970703125,0.8724365234375,0.03792003613759567,217,217,1.0,1.0
1750,-49.744507,3555.3044,-135.90201928649114,-0.04388427734375,0.568603515625,0.013238076099758946,208,208,1.0,1.0
1751,-49.64798,3556.0278,-135.85749506323236,0.096527099609375,0.7232666015625,0.04452422325876706,209,207,0.9904306220095693,1.0
1752,-49.712646,3556.5186,-135.7654205900922,-0.064666748046875,0.4906158447265625,0.09207447314018154,210,208,0.9904761904761905,1.0
1753,-49.620758,3557.0718,-135.72581223272635,0.091888427734375,0.5532989501953125,0.039608357365842166,210,207,0.9857142857142858,1.0
1754,-49.609314,3557.588,-135.67912441749974,0.011444091796875,0.516204833984375,0.046687815226629105,209,208,0.9952153110047847,1.0
1755,-49.591034,3557.8452,-135.67720303218124,0.018280029296875,0.2574310302734375,0.0019213853185024799,223,221,0.9910313901345291,1.0
1756,-49.583496,3557.8696,-135.6652720682802,0.007537841796875,0.0243988037109375,0.011930963901043541,225,225,1.0,1.0
1757,-49.66693,3557.9338,-135.64916621425616,-0.08343505859375,0.0643157958984375,0.016105854024036192,223,223,1.0,1.0
1758,-49.779175,3557.8718,-135.5927128450557,-0.11224365234375,-0.06195068359375,0.056453369200446135,216,216,1.0,1.0
1759,-49.89972,3557.718,-135.55656170429106,-0.12054443359375,-0.153717041015625,0.03615114076463405,222,222,1.0,1.0
1760,-49.937744,3557.5164,-135.532055088145,-0.03802490234375,-0.2016448974609375,0.024506616146059347,223,222,0.9955156950672646,1.0
1761,-50.047302,3557.3384,-135.49342642149608,-0.10955810546875,-0.1779937744140625,0.038628666648905775,217,215,0.9907834101382489,1.0
1762,-50.220917,3557.145,-135.49460277919516,-0.173614501953125,-0.193267822265625,-0.001176357699067636,214,212,0.9906542056074766,1.0
1763,-50.292084,3556.6907,-135.30003754989576,-0.0711669921875,-0.45428466796875,0.19456522929939607,212,212,1.0,1.0
1764,-50.473755,3556.4185,-134.43736001358113,-0.181671142578125,-0.2721405029296875,0.8626775363146267,203,202,0.9950738916256158,1.0
1765,-50.444794,3556.3877,-133.57928312506692,0.028961181640625,-0.030792236328125,0.8580768885142053,187,187,1.0,1.0
1766,-50.42337,3556.3357,-133.05730891462798,0.02142333984375,-0.052001953125,0.5219742104389317,195,195,1.0,1.0
1767,-50.381897,3556.3423,-132.72320669430968,0.041473388671875,0.00665283203125,0.3341022203182879,199,198,0.9949748743718593,1.0
1768,-50.290436,3556.4,-132.46664911907385,0.091461181640625,0.0576171875,0.25655757523582745,194,194,1.0,1.0
1769,-50.27719,3556.674,-132.2582277279645,0.01324462890625,0.274139404296875,0.2084213911093276,199,199,1.0,1.0
1770,-50.308624,3556.9434,-132.07746630119385,-0.03143310546875,0.2691802978515625,0.1807614267706658,192,192,1.0,1.0
1771,-50.19568,3557.2197,-131.9176048084431,0.112945556640625,0.2763214111328125,0.1598614927507538,207,207,1.0,1.0
1772,-50.166107,3557.592,-131.8241894296587,0.029571533203125,0.3722381591796875,0.09341537878437636,213,213,1.0,1.0
1773,-50.03244,3558.0159,-131.77831379228465,0.1336669921875,0.4239349365234375,0.04587563737405456,219,217,0.9908675799086758,1.0
1774,-50.12909,3558.477,-131.73742060647524,-0.096649169921875,0.46124267578125,0.04089318580940767,212,211,0.9952830188679245,1.0
1775,-49.871002,3558.9666,-131.6710710208553,0.258087158203125,0.489410400390625,0.06634958561995558,210,208,0.9904761904761905,1.0
1776,-49.84659,3559.564,-131.60362995379325,0.0244140625,0.597412109375,0.06744106706204238,212,211,0.9952830188679245,1.0
1777,-49.73474,3560.3794,-131.53894855753123,0.111846923828125,0.8154296875,0.06468139626202257,215,214,0.9953488372093023,1.0
1778,-49.669586,3561.178,-131.49459404933225,0.065155029296875,0.7985992431640625,0.044354508198986044,210,210,1.0,1.0
1779,-49.63211,3562.0623,-131.44398028841118,0.0374755859375,0.8843841552734375,0.05061376092107231,209,209,1.0,1.0
1780,-49.55307,3563.2305,-131.39867302969296,0.07904052734375,1.1681060791015625,0.04530725871823444,210,208,0.9904761904761905,1.0
1781,-49.61728,3564.4946,-131.37147809191626,-0.064208984375,1.2642059326171875,0.02719493777670137,205,204,0.9951219512195122,1.0
1782,-49.592163,3565.8308,-131.33850872081948,0.025115966796875,1.3361968994140625,0.032969371096777805,201,200,0.9950248756218906,1.0
1783,-49.549133,3567.4277,-131.31410895100743,0.04302978515625,1.5968017578125,0.02439976981205255,200,198,0.99,1.0
1784,-49.508087,3569.1626,-131.3164653331527,0.041046142578125,1.7347564697265625,-0.002356382145286914,207,206,0.9951690821256038,1.0
1785,-49.511475,3571.0986,-131.31183230064286,-0.003387451171875,1.935943603515625,0.004633032509838046,214,214,1.0,1.0
1786,-49.540344,3573.251,-131.2888421707132,-0.02886962890625,2.1524200439453125,0.022990129929665103,211,211,1.0,1.0
1787,-49.513885,3575.4585,-131.30213727476985,0.026458740234375,2.2076263427734375,-0.013295104056648703,202,202,1.0,1.0
1788,-49.45761,3577.9497,-131.2709193840372,0.0562744140625,2.4912567138671875,0.031217890732638177,207,206,0.9951690821256038,1.0
1789,-49.5932,3580.592,-131.265409517074,-0.135589599609375,2.64227294921875,0.00550986696318403,217,216,0.9953917050691244,1.0
1790,-49.390198,3583.5596,-131.26642254554275,0.2030029296875,2.9674835205078125,-0.0010130284687512826,210,210,1.0,1.0
1791,-49.536926,3586.5674,-131.24690862845864,-0.146728515625,3.0078125,0.019513917084101266,206,206,1.0,1.0
1792,-49.549805,3589.6982,-131.21347773695115,-0.01287841796875,3.130828857421875,0.03343089150748446,213,213,1.0,1.0
1793,-49.546783,3592.781,-131.19264994104893,0.003021240234375,3.0827484130859375,0.020827795902217578,215,215,1.0,1.0
1794,-49.621704,3595.9915,-131.1621414427687,-0.074920654296875,3.21044921875,0.030508498280221705,214,213,0.9953271028037384,1.0
1795,-49.67169,3599.1636,-131.1287010263923,-0.04998779296875,3.172210693359375,0.03344041637640639,204,204,1.0,1.0
1796,-49.851624,3602.381,-131.09409571161464,-0.179931640625,3.217498779296875,0.03460531477763762,215,215,1.0,1.0
1797,-49.974182,3605.578,-131.0646250586726,-0.12255859375,3.19683837890625,0.029470652942052176,210,210,1.0,1.0
1798,-50.031708,3608.649,-131.0514707988802,-0.057525634765625,3.0709381103515625,0.013154259792397838,206,206,1.0,1.0
1799,-50.164642,3611.77,-131.0016023866942,-0.1329345703125,3.121002197265625,0.049868412185987906,212,211,0.9952830188679245,1.0
1800,-50.004242,3614.7847,-130.95995977852596,0.160400390625,3.0145721435546875,0.041642608168240516,214,214,1.0,1.0
1801,-50.155365,3617.9207,-130.93026510681588,-0.151123046875,3.1359405517578125,0.029694671710085517,223,221,0.9910313901345291,1.0
1802,-50.17511,3620.931,-130.89688838563194,-0.019744873046875,3.0101470947265625,0.03337672118395354,210,209,0.9952380952380953,1.0
1803,-50.168488,3623.858,-130.85831467669053,0.006622314453125,2.927001953125,0.03857370894140666,215,215,1.0,1.0
1804,-50.233246,3626.7253,-130.83275053265243,-0.06475830078125,2.8675384521484375,0.02556414403808822,219,218,0.9954337899543378,1.0
1805,-50.180573,3629.5583,-130.80148560877117,0.05267333984375,2.8330841064453125,0.031264923881258996,210,210,1.0,1.0
1806,-50.228516,3632.3728,-130.77982873261269,-0.047943115234375,2.81439208984375,0.021656876158491628,220,219,0.9954545454545455,1.0
1807,-50.2388,3635.2227,-130.77715257418512,-0.010284423828125,2.849761962890625,0.0026761584275657173,217,216,0.9953917050691244,1.0
1808,-50.217896,3638.0027,-130.76785655528732,0.020904541015625,2.780029296875,0.00929601889779675,216,215,0.9953703703703703,1.0
1809,-50.249878,3640.8071,-130.73292201902234,-0.031982421875,2.804412841796875,0.034934536264972935,219,217,0.9908675799086758,1.0
1810,-50.234924,3643.5186,-130.71571155937664,0.01495361328125,2.7113037109375,0.01721045964570452,214,214,1.0,1.0
1811,-50.311523,3646.389,-130.7312884983627,-0.07659912109375,2.87030029296875,-0.015576938986044496,218,218,1.0,1.0
1812,-50.361267,3649.2053,-130.71681363864124,-0.04974365234375,2.8163299560546875,0.01447485972145574,215,215,1.0,1.0
1813,-50.307373,3651.9575,-130.6808407974411,0.05389404296875,2.752105712890625,0.03597284120013753,216,216,1.0,1.0
1814,-50.506042,3654.7195,-130.66746208950585,-0.19866943359375,2.7618560791015625,0.01337870793525127,221,220,0.995475113122172,1.0
1815,-50.528534,3657.477,-130.70647226493466,-0.022491455078125,2.7575836181640625,-0.039010175428822264,223,223,1.0,1.0
1816,-50.658905,3660.3267,-130.6926784609955,-0.13037109375,2.8495941162109375,0.013793803939153032,212,212,1.0,1.0
1817,-50.65869,3663.0632,-130.67921634128535,0.000213623046875,2.736663818359375,0.013462119710142816,220,219,0.9954545454545455,1.0
1818,-50.79364,3665.7544,-130.68893004657514,-0.13494873046875,2.6911468505859375,-0.009713705289786826,216,216,1.0,1.0
1819,-50.768127,3668.494,-130.65948417109564,0.0255126953125,2.739410400390625,0.029445875479495443,213,212,0.9953051643192489,1.0
1820,-50.946777,3671.2583,-130.66626255002876,-0.17864990234375,2.7642974853515625,-0.006778378933107603,218,217,0.9954128440366973,1.0
1821,-50.96692,3673.9446,-130.66465052977279,-0.0201416015625,2.6863861083984375,0.0016120202559819045,222,221,0.9954954954954955,1.0
1822,-50.994812,3676.6492,-130.65390193765077,-0.02789306640625,2.704681396484375,0.010748592122013125,216,215,0.9953703703703703,1.0
1823,-51.00128,3679.4019,-130.65375665843035,-0.0064697265625,2.752655029296875,0.0001452792204200045,218,218,1.0,1.0
1824,-51.098236,3682.1377,-130.6415582841183,-0.096954345703125,2.735748291015625,0.01219837431205014,219,219,1.0,1.0
1825,-51.155518,3684.864,-130.6241703075244,-0.057281494140625,2.7263336181640625,0.017387976593901847,220,219,0.9954545454545455,1.0
1826,-51.19986,3687.5806,-130.63198449218308,-0.044342041015625,2.7165679931640625,-0.007814184658674492,219,219,1.0,1.0
1827,-51.299683,3690.3215,-130.62991659801298,-0.099822998046875,2.7409820556640625,0.0020678941700986823,220,220,1.0,1.0
1828,-51.320892,3692.9731,-130.60302363116875,-0.021209716796875,2.6515960693359375,0.026892966844223522,219,219,1.0,1.0
1829,-51.32892,3695.7598,-130.60436366371007,-0.008026123046875,2.78662109375,-0.0013400325413137557,216,216,1.0,1.0
1830,-51.379883,3698.4592,-130.59640610719916,-0.05096435546875,2.6994781494140625,0.007957556510916815,216,216,1.0,1.0
1831,-51.423676,3701.1675,-130.5620431593499,-0.043792724609375,2.708282470703125,0.03436294784923259,220,220,1.0,1.0
1832,-51.481262,3703.8965,-130.57917621147578,-0.057586669921875,2.729095458984375,-0.017133052125878043,221,221,1.0,1.0
1833,-51.51642,3706.6094,-130.5692994107951,-0.03515625,2.7129669189453125,0.009876800680673923,224,224,1.0,1.0
1834,-51.58438,3709.4143,-130.57783072217111,-0.067962646484375,2.80487060546875,-0.008531311376012384,217,217,1.0,1.0
1835,-51.515747,3712.1606,-130.5670762080044,0.068634033203125,2.746429443359375,0.010754514166707124,217,217,1.0,1.0
1836,-51.542175,3714.9187,-130.58283364274763,-0.02642822265625,2.7579498291015625,-0.015757434743235384,225,225,1.0,1.0
1837,-51.649292,3717.6392,-130.5822410017921,-0.10711669921875,2.72039794921875,0.0005926409555294448,219,218,0.9954337899543378,1.0
1838,-51.5838,3720.3599,-130.57337470529924,0.06549072265625,2.7206573486328125,0.0088662964928604,217,215,0.9907834101382489,1.0
1839,-51.663208,3722.9973,-130.57019624029098,-0.07940673828125,2.63739013671875,0.003178465008261795,220,220,1.0,1.0
1840,-51.60977,3725.6863,-130.55653868572512,0.053436279296875,2.689056396484375,0.013657554565874827,221,221,1.0,1.0
1841,-51.658142,3728.3296,-130.5751311912753,-0.048370361328125,2.6434326171875,-0.018592505550176594,213,212,0.9953051643192489,1.0
1842,-51.63559,3731.0405,-130.5699142125403,0.022552490234375,2.7110137939453125,0.0052169787349727395,214,214,1.0,1.0
1843,-51.673584,3733.7,-130.56879218166742,-0.037994384765625,2.6594085693359375,0.001122030872906307,218,218,1.0,1.0
1844,-51.6257,3736.4014,-130.5720264420189,0.047882080078125,2.701446533203125,-0.0032342603515045074,223,223,1.0,1.0
1845,-51.632782,3739.1777,-130.58205062153846,-0.007080078125,2.7762908935546875,-0.010024179519542592,228,227,0.9956140350877193,1.0
1846,-51.54245,3741.8606,-130.5805980823078,0.09033203125,2.68280029296875,0.0014525392306682376,225,224,0.9955555555555555,1.0
1847,-51.589417,3744.5786,-130.58544999185582,-0.046966552734375,2.717987060546875,-0.0048519095480317465,226,226,1.0,1.0
1848,-51.5654,3747.2449,-130.57194415677483,0.024017333984375,2.666229248046875,0.013505835080993213,225,225,1.0,1.0
1849,-51.674316,3749.9517,-130.57849014574083,-0.108917236328125,2.7069091796875,-0.006545988965996715,218,218,1.0,1.0
1850,-51.673035,3752.5737,-130.58307682306918,0.00128173828125,2.6220703125,-0.004586677328349291,221,221,1.0,1.0
1851,-51.761566,3755.2725,-130.58461266316644,-0.088531494140625,2.69873046875,-0.00153584009726051,226,226,1.0,1.0
1852,-51.822357,3757.913,-130.58916815827965,-0.060791015625,2.640625,-0.00455549511322152,221,221,1.0,1.0
1853,-51.841095,3760.5723,-130.5907489187725,-0.01873779296875,2.65924072265625,-0.0015807604928598157,220,220,1.0,1.0
1854,-51.898193,3763.232,-130.60541504699188,-0.057098388671875,2.65966796875,-0.014666128219374165,216,215,0.9953703703703703,1.0
1855,-51.916534,3765.8938,-130.60760516758756,-0.018341064453125,2.6617584228515625,-0.0021901205956827777,221,221,1.0,1.0
1856,-51.9382,3768.6914,-130.6304672851405,-0.02166748046875,2.7974853515625,-0.022862117552942568,223,222,0.9955156950672646,1.0
1857,-51.90802,3771.4297,-130.62154145651655,0.030181884765625,2.738250732421875,0.00892582862393464,220,220,1.0,1.0
1858,-52.012177,3774.058,-130.64971667053163,-0.104156494140625,2.6283111572265625,-0.02817521401506921,219,219,1.0,1.0
1859,-51.960724,3776.7034,-130.64244960876943,0.05145263671875,2.645294189453125,0.007267061762197767,220,220,1.0,1.0
1860,-51.989594,3779.118,-130.67757698459138,-0.02886962890625,2.4144744873046875,-0.035127375821969835,218,218,1.0,1.0
1861,-52.03125,3781.4575,-130.67640374933742,-0.041656494140625,2.339599609375,0.0011732352539493656,216,216,1.0,1.0
1862,-52.033417,3783.679,-130.68824573299005,-0.002166748046875,2.221343994140625,-0.011841983652625052,219,219,1.0,1.0
1863,-52.08029,3785.8018,-130.67476959989156,-0.046875,2.12286376953125,0.013476133098495463,219,219,1.0,1.0
1864,-52.10544,3787.91,-130.6764315204959,-0.025146484375,2.108245849609375,-0.0016619206043445268,225,225,1.0,1.0
1865,-52.164062,3789.9336,-130.66315291796573,-0.058624267578125,2.0237579345703125,0.013278602530167495,222,222,1.0,1.0
1866,-52.201416,3791.8003,-130.6648312309155,-0.037353515625,1.86669921875,-0.001678312949752439,224,224,1.0,1.0
1867,-52.2016,3793.641,-130.65652665328585,-0.00018310546875,1.8409271240234375,0.008304577629645192,224,224,1.0,1.0
1868,-52.274994,3795.4019,-130.66002409679476,-0.073394775390625,1.7607421875,-0.0034974435088923773,216,216,1.0,1.0
1869,-52.339325,3797.1738,-130.66999958252288,-0.0643310546875,1.7719268798828125,-0.009975485728125968,223,223,1.0,1.0
1870,-52.356323,3798.9075,-130.65647995943053,-0.016998291015625,1.7337493896484375,0.013519623092338373,219,219,1.0,1.0
1871,-52.392456,3800.5225,-130.66364185075338,-0.0361328125,1.6148681640625,-0.007161891322842669,221,221,1.0,1.0
1872,-52.377808,3802.1304,-130.6605492554024,0.0146484375,1.60791015625,0.00309259535098303,222,222,1.0,1.0
1873,-52.34912,3803.7388,-130.6471895188355,0.0286865234375,1.6083526611328125,0.013359736566917193,217,217,1.0,1.0
1874,-52.399384,3805.2805,-130.6703048369162,-0.050262451171875,1.5417633056640625,-0.023115318080692077,224,222,0.9910714285714286,1.0
1875,-52.38748,3806.8428,-130.65592705434753,0.01190185546875,1.5623016357421875,0.01437778256867063,222,222,1.0,1.0
1876,-52.428375,3808.4294,-130.66564686045697,-0.0408935546875,1.58673095703125,-0.00971980610943777,217,217,1.0,1.0
1877,-52.476257,3810.03,-130.68546989762288,-0.047882080078125,1.6005401611328125,-0.019823037165917275,217,217,1.0,1.0
1878,-52.458557,3811.6187,-130.6904380070063,0.0177001953125,1.5885772705078125,-0.00496810938341539,220,220,1.0,1.0
1879,-52.453613,3813.145,-130.67032700732767,0.00494384765625,1.5264434814453125,0.020110999678618686,220,219,0.9954545454545455,1.0
1880,-52.448578,3814.6118,-130.67737605414555,0.005035400390625,1.4668426513671875,-0.007049046817869498,220,220,1.0,1.0
1881,-52.502533,3816.0925,-130.67881479116323,-0.053955078125,1.4807891845703125,-0.0014387370176819029,224,224,1.0,1.0
1882,-52.44211,3817.5205,-130.66622269213357,0.0604248046875,1.42803955078125,0.012592099029668331,218,218,1.0,1.0
1883,-52.41446,3818.888,-130.66442963459392,0.02764892578125,1.367431640625,0.001793057539668829,218,218,1.0,1.0
1884,-52.444336,3820.1785,-130.65792744495295,-0.029876708984375,1.29052734375,0.0065021896409704,210,210,1.0,1.0
1885,-52.40457,3821.306,-130.64806900138237,0.039764404296875,1.12750244140625,0.009858443570586989,212,212,1.0,1.0
1886,-52.440643,3822.263,-130.6472074604446,-0.03607177734375,0.9570770263671875,0.000861540937751566,225,225,1.0,1.0
1887,-52.439667,3823.1328,-130.63092663416504,0.0009765625,0.8699951171875,0.01628082627957365,220,220,1.0,1.0
1888,-52.39621,3823.9292,-130.60298061068852,0.04345703125,0.7964019775390625,0.027946023476506602,225,224,0.9955555555555555,1.0
1889,-52.38846,3824.5308,-130.59143180182946,0.00775146484375,0.6016387939453125,0.011548808859060894,223,223,1.0,1.0
1890,-52.41162,3825.0974,-130.57828471081166,-0.023162841796875,0.5666351318359375,0.01314709101780033,222,221,0.9954954954954955,1.0
1891,-52.408447,3825.4956,-130.51220247867357,0.003173828125,0.3981170654296875,0.06608223213809594,224,223,0.9955357142857143,1.0
1892,-52.355896,3825.929,-130.47568421061493,0.05255126953125,0.433349609375,0.036518268058635804,227,227,1.0,1.0
1893,-52.36786,3826.1934,-130.4775898164361,-0.011962890625,0.26446533203125,-0.001905605821169092,228,227,0.9956140350877193,1.0
1894,-52.379395,3826.3357,-130.4690686099066,-0.01153564453125,0.1422576904296875,0.008521206529513832,239,239,1.0,1.0
1895,-52.410675,3826.3726,-130.45409850290156,-0.031280517578125,0.0369720458984375,0.01497010700505283,245,245,1.0,1.0
1896,-52.46408,3826.2588,-130.44771249531485,-0.05340576171875,-0.1138153076171875,0.0063860075867068315,236,236,1.0,1.0
1897,-52.496582,3826.1401,-130.44078063109012,-0.032501220703125,-0.118560791015625,0.006931864224725498,235,235,1.0,1.0
1898,-52.513,3826.0195,-130.4184095156872,-0.01641845703125,-0.120697021484375,0.022371115402946087,236,236,1.0,1.0
1899,-52.565125,3825.8433,-130.41007927666786,-0.0521240234375,-0.176300048828125,0.00833023901931617,233,233,1.0,1.0
1900,-52.598785,3825.69,-130.40373004699583,-0.033660888671875,-0.153289794921875,0.006349229672029858,236,236,1.0,1.0
1901,-52.50354,3825.4314,-130.91176750827634,0.095245361328125,-0.2586212158203125,-0.5080374612804948,216,216,1.0,1.0
1902,-52.78604,3825.7495,-134.7795158722606,-0.282501220703125,0.3180084228515625,-3.8677483639842527,208,208,1.0,1.0
1903,-52.950226,3826.2532,-138.93057389656957,-0.1641845703125,0.50360107421875,-4.151058024308975,205,205,1.0,1.0
1904,-52.946808,3826.646,-142.10893293341567,0.00341796875,0.3927459716796875,-3.1783590368460977,202,201,0.995049504950495,1.0
1905,-52.984253,3827.0251,-144.42600684829156,-0.037445068359375,0.3790740966796875,-2.317073914875891,208,207,0.9951923076923077,1.0
1906,-53.022797,3827.401,-145.99195571035045,-0.038543701171875,0.375640869140625,-1.5659488620588824,206,205,0.9951456310679612,1.0
1907,-52.943604,3827.7244,-147.19092664454342,0.079193115234375,0.3235626220703125,-1.1989709341929635,212,211,0.9952830188679245,1.0
1908,-52.834167,3828.0518,-148.14986120986163,0.10943603515625,0.327362060546875,-0.9589345653181963,211,211,1.0,1.0
1909,-52.6362,3828.3438,-148.87559427480662,0.197967529296875,0.2918853759765625,-0.7257330649450033,210,210,1.0,1.0
1910,-52.400757,3828.6743,-149.49490500615227,0.235443115234375,0.3304901123046875,-0.6193107313456551,216,216,1.0,1.0
1911,-52.259064,3829.046,-149.99824020447022,0.141693115234375,0.371612548828125,-0.5033351983179525,214,212,0.9906542056074766,1.0
1912,-52.118042,3829.4275,-150.38661673110903,0.141021728515625,0.381622314453125,-0.3883765266387975,216,214,0.9907407407407407,1.0
1913,-51.994568,3829.9324,-150.69122297521912,0.12347412109375,0.5049591064453125,-0.3046062441100846,212,210,0.9905660377358491,1.0
1914,-51.826904,3830.4897,-150.94886830809472,0.16766357421875,0.5572662353515625,-0.25764533287560587,218,218,1.0,1.0
1915,-51.713684,3831.109,-151.18310874152348,0.11322021484375,0.619110107421875,-0.23424043342877574,220,220,1.0,1.0
1916,-51.526733,3831.7952,-151.3929262934357,0.18695068359375,0.686248779296875,-0.20981755191221038,221,221,1.0,1.0
1917,-51.427704,3832.5212,-151.60803913286526,0.099029541015625,0.7261505126953125,-0.215112839429566,217,217,1.0,1.0
1918,-51.391083,3833.4324,-151.74172514053907,0.03662109375,0.9111480712890625,-0.1336860076738239,213,213,1.0,1.0
1919,-51.29004,3834.5696,-151.88768683102737,0.101043701171875,1.1372528076171875,-0.1459616904882956,221,221,1.0,1.0
1920,-51.165863,3835.867,-151.99386322218385,0.124176025390625,1.2974395751953125,-0.10617639115646996,215,215,1.0,1.0
1921,-51.174896,3837.3474,-152.13146331438392,-0.009033203125,1.480438232421875,-0.13760009220006286,217,216,0.9953917050691244,1.0
1922,-51.164032,3838.9656,-152.24784209911638,0.0108642578125,1.6182403564453125,-0.11637878473247124,217,217,1.0,1.0
1923,-51.13965,3840.8406,-152.3317881892443,0.024383544921875,1.8750152587890625,-0.08394609012791664,219,218,0.9954337899543378,1.0
1924,-51.086334,3842.7786,-152.4028671866823,0.053314208984375,1.937896728515625,-0.07107899743799902,219,218,0.9954337899543378,1.0
1925,-51.107147,3844.954,-152.46778712109548,-0.02081298828125,2.1754608154296875,-0.06491993441319112,218,217,0.9954128440366973,1.0
1926,-51.10788,3847.2637,-152.55358839264656,-0.000732421875,2.3096923828125,-0.08580127155108201,218,216,0.9908256880733946,1.0
1927,-51.106018,3849.8704,-152.61555679006943,0.001861572265625,2.6067657470703125,-0.0619683974228825,218,217,0.9954128440366973,1.0
1928,-51.135406,3852.6235,-152.6750507676719,-0.029388427734375,2.7531890869140625,-0.059493977602481096,218,217,0.9954128440366973,1.0
1929,-51.130554,3855.5671,-152.78256020071535,0.004852294921875,2.94354248046875,-0.10750943304345967,211,211,1.0,1.0
1930,-51.194733,3858.5552,-152.88865912979017,-0.064178466796875,2.988128662109375,-0.10609892907482557,219,217,0.9908675799086758,1.0
1931,-51.23871,3861.536,-152.9541864949363,-0.043975830078125,2.9806976318359375,-0.06552736514613244,219,219,1.0,1.0
1932,-51.239624,3864.6082,-152.96975477914245,-0.00091552734375,3.0722198486328125,-0.015568284206146407,216,216,1.0,1.0
1933,-51.26541,3867.6511,-152.97581252211984,-0.025787353515625,3.0428924560546875,-0.0060577429773890365,216,214,0.9907407407407407,1.0
1934,-51.29474,3870.7703,-152.9619891070311,-0.029327392578125,3.119232177734375,0.013823415088740782,216,216,1.0,1.0
1935,-51.281036,3873.695,-152.9484879526834,0.013702392578125,2.92474365234375,0.013501154347695759,215,214,0.9953488372093023,1.0
1936,-51.345947,3876.6882,-152.94057206608593,-0.064910888671875,2.9931640625,0.007915886597462238,213,213,1.0,1.0
1937,-51.346558,3879.5796,-152.91706792462827,-0.0006103515625,2.8913421630859375,0.023504141457651322,213,213,1.0,1.0
1938,-51.352295,3882.4993,-152.89036550156078,-0.0057373046875,2.9197845458984375,0.026702423067500806,216,216,1.0,1.0
1939,-51.37906,3885.3748,-152.86177773333955,-0.026763916015625,2.8753814697265625,0.02858776822123003,220,220,1.0,1.0
1940,-51.430634,3888.2314,-152.8188278768383,-0.05157470703125,2.85675048828125,0.04294985650126007,221,221,1.0,1.0
1941,-51.456146,3890.9832,-152.80736175412792,-0.0255126953125,2.75177001953125,0.011466122710371491,216,216,1.0,1.0
1942,-51.44687,3893.7559,-152.78247999371533,0.00927734375,2.7726593017578125,0.024881760412586433,217,217,1.0,1.0
1943,-51.497406,3896.4814,-152.77354620423972,-0.050537109375,2.7254638671875,0.008933789475609738,218,218,1.0,1.0
1944,-51.463715,3899.1335,-152.74467156381775,0.03369140625,2.652099609375,0.028874640421982435,215,215,1.0,1.0
1945,-51.42862,3901.8447,-152.71920799099377,0.03509521484375,2.7112579345703125,0.025463572823977126,215,215,1.0,1.0
1946,-51.35919,3904.5515,-152.68412252482037,0.069427490234375,2.7066802978515625,0.03508546617340173,211,211,1.0,1.0
1947,-51.387787,3907.2415,-152.65724009175082,-0.028594970703125,2.6899261474609375,0.026882433069551376,212,212,1.0,1.0
1948,-51.3291,3909.894,-152.6396620356141,0.058685302734375,2.6526641845703125,0.017578056136724522,212,212,1.0,1.0
1949,-51.337524,3912.5984,-152.63120036944665,-0.0084228515625,2.7043304443359375,0.008461666167436193,211,211,1.0,1.0
1950,-51.3179,3915.221,-152.6169158637885,0.019622802734375,2.6226654052734375,0.014284505658148539,212,212,1.0,1.0
1951,-51.2424,3917.918,-152.56973739157365,0.07550048828125,2.6970367431640625,0.047178472214847444,208,208,1.0,1.0
1952,-51.22354,3920.4604,-152.54798747106508,0.01885986328125,2.5425872802734375,0.021749920508562524,205,205,1.0,1.0
1953,-51.221222,3923.003,-152.55237064133186,0.0023193359375,2.5424652099609375,-0.0043831702667750825,209,209,1.0,1.0
1954,-51.16562,3925.6116,-152.51380395552505,0.05560302734375,2.6086273193359375,0.038566685806816166,217,216,0.9953917050691244,1.0
1955,-51.12558,3928.148,-152.49384666481936,0.0400390625,2.5364990234375,0.019957290705692594,214,214,1.0,1.0
1956,-51.090973,3930.787,-152.47410437602727,0.03460693359375,2.639190673828125,0.019742288792088794,214,214,1.0,1.0
1957,-51.079132,3933.383,-152.47418332056654,0.0118408203125,2.5960235595703125,-7.89445392750543e-05,215,215,1.0,1.0
1958,-51.077972,3936.057,-152.4601820114025,0.00115966796875,2.6739044189453125,0.014001309164039966,213,213,1.0,1.0
1959,-51.042236,3938.6707,-152.4531401785297,0.035736083984375,2.61376953125,0.007041832872813467,209,209,1.0,1.0
1960,-51.051514,3941.307,-152.4357949493966,-0.00927734375,2.6362152099609375,0.01734522913308486,216,216,1.0,1.0
1961,-51.055237,3943.9731,-152.4436287013065,-0.00372314453125,2.666168212890625,-0.007833751909897572,214,214,1.0,1.0
1962,-51.042847,3946.6372,-152.428654727845,0.01239013671875,2.6641845703125,0.014973973461511575,214,214,1.0,1.0
1963,-51.062225,3949.3958,-152.42571425627344,-0.019378662109375,2.75848388671875,0.0029404715715395545,215,214,0.9953488372093023,1.0
1964,-51.092285,3952.2605,-152.40674099737114,-0.030059814453125,2.864654541015625,0.018973258902293535,212,212,1.0,1.0
1965,-51.10263,3954.9805,-152.39406018553493,-0.010345458984375,2.719879150390625,0.012680811836214724,212,212,1.0,1.0
1966,-51.1344,3957.539,-152.36871311680383,-0.031768798828125,2.5585784912109375,0.025347068731096947,216,216,1.0,1.0
1967,-51.167145,3959.9822,-152.35127312715937,-0.032745361328125,2.443115234375,0.017439989644458434,215,214,0.9953488372093023,1.0
1968,-51.196198,3962.356,-152.31689615936943,-0.029052734375,2.3739013671875,0.03437696778993737,209,209,1.0,1.0
1969,-51.23636,3964.6194,-152.3011161403211,-0.0401611328125,2.26348876953125,0.015780019048334534,206,206,1.0,1.0
1970,-51.337067,3966.8215,-152.28273538591944,-0.1007080078125,2.202056884765625,0.018380754401679873,211,211,1.0,1.0
1971,-51.359253,3968.9646,-152.2468129677172,-0.022186279296875,2.1431427001953125,0.035922418202234574,216,216,1.0,1.0
1972,-51.37079,3970.9329,-152.23632890879756,-0.01153564453125,1.9682159423828125,0.010484058919635702,213,213,1.0,1.0
1973,-51.465424,3972.8926,-152.19613909140693,-0.094635009765625,1.9596099853515625,0.04018981739062662,216,216,1.0,1.0
1974,-51.430878,3974.7153,-152.16892019445723,0.0345458984375,1.8228759765625,0.027218896949696186,212,212,1.0,1.0
1975,-51.437256,3976.468,-152.15541392433414,-0.006378173828125,1.7527923583984375,0.013506270123088101,217,217,1.0,1.0
1976,-51.512848,3978.2053,-152.1364075026681,-0.075592041015625,1.7373809814453125,0.01900642166603107,216,216,1.0,1.0
1977,-51.48987,3979.813,-152.1333053281601,0.022979736328125,1.6075592041015625,0.003102174508009872,221,221,1.0,1.0
1978,-51.50467,3981.4697,-152.13106267859484,-0.014801025390625,1.6567230224609375,0.002242649565251008,217,217,1.0,1.0
1979,-51.580017,3983.0945,-152.13127757442976,-0.075347900390625,1.6247100830078125,-0.00021489583490616088,216,216,1.0,1.0
1980,-51.544098,3984.6655,-152.11642099702988,0.035919189453125,1.571014404296875,0.014856577399876676,214,214,1.0,1.0
1981,-51.533325,3986.262,-152.10714710705764,0.010772705078125,1.5963897705078125,0.009273889972240988,215,215,1.0,1.0
1982,-51.512817,3987.8418,-152.09818021094065,0.0205078125,1.5799560546875,0.008966896116995254,216,216,1.0,1.0
1983,-51.566772,3989.3843,-152.1051048654494,-0.053955078125,1.5424957275390625,-0.006924654508729842,214,214,1.0,1.0
1984,-51.562378,3990.92,-152.08800779580136,0.00439453125,1.53564453125,0.017097069648020918,208,208,1.0,1.0
1985,-51.560913,3992.4807,-152.079650490489,0.00146484375,1.5607757568359375,0.008357305312360033,211,211,1.0,1.0
1986,-51.573822,3994.0872,-152.08213032221195,-0.012908935546875,1.6063385009765625,-0.002479831722940163,216,215,0.9953703703703703,1.0
1987,-51.56366,3995.6077,-152.08144379918096,0.010162353515625,1.5204010009765625,0.0006865230309801626,207,207,1.0,1.0
1988,-51.576996,3997.232,-152.05095161116333,-0.013336181640625,1.6242523193359375,0.030492188017641933,209,208,0.9952153110047847,1.0
1989,-51.536987,3998.5986,-152.05857344467222,0.040008544921875,1.3668060302734375,-0.007621833508892923,216,215,0.9953703703703703,1.0
1990,-51.47592,3999.9834,-151.998808822113,0.061065673828125,1.384796142578125,0.05976462255921561,217,217,1.0,1.0
1991,-51.514282,4001.2612,-152.00267358581388,-0.038360595703125,1.2779541015625,-0.0038647637008861328,217,217,1.0,1.0
1992,-51.49463,4002.4365,-152.00219613429198,0.0196533203125,1.175201416015625,0.00047745152190020566,212,212,1.0,1.0
1993,-51.528503,4003.4702,-151.98499635812914,-0.03387451171875,1.0336151123046875,0.017199776162830152,214,214,1.0,1.0
1994,-51.49997,4004.4058,-151.9638585478309,0.028533935546875,0.93560791015625,0.02113781029822906,218,218,1.0,1.0
1995,-51.509827,4005.2039,-151.9547236960475,-0.009857177734375,0.7980499267578125,0.009134851783412733,221,221,1.0,1.0
1996,-51.563354,4005.9692,-151.9265141893117,-0.05352783203125,0.7654876708984375,0.028209506735798338,219,219,1.0,1.0
1997,-51.490234,4006.5955,-151.89176743111764,0.0731201171875,0.6262664794921875,0.0347467581940538,224,224,1.0,1.0
1998,-51.50821,4007.147,-151.85355514031548,-0.017974853515625,0.5514678955078125,0.038212290802177536,220,220,1.0,1.0
1999,-51.507812,4007.5002,-151.78278892464516,0.000396728515625,0.353240966796875,0.07076621567030808,225,225,1.0,1.0
2000,-51.49048,4007.8909,-151.78217728298375,0.017333984375,0.3905181884765625,0.0006116416614145543,220,220,1.0,1.0
2001,-51.530884,4008.2236,-151.76542032352836,-0.0404052734375,0.332855224609375,0.016756959455392476,225,225,1.0,1.0
2002,-51.545258,4008.3823,-151.75177288746823,-0.014373779296875,0.1586151123046875,0.013647436060136008,235,233,0.9914893617021276,1.0
2003,-51.59848,4008.441,-151.74256022816198,-0.05322265625,0.0585174560546875,0.009212659306261787,237,237,1.0,1.0
2004,-51.634003,4008.4026,-151.72029914301714,-0.0355224609375,-0.0384368896484375,0.022261085144828215,232,232,1.0,1.0
2005,-51.722168,4008.362,-151.6982752775493,-0.088165283203125,-0.0404205322265625,0.02202386546784684,234,234,1.0,1.0
2006,-51.80255,4008.2488,-151.68825234517266,-0.08038330078125,-0.1132659912109375,0.010022932376650452,230,230,1.0,1.0
2007,-51.866943,4008.141,-151.68425045209315,-0.06439208984375,-0.107574462890625,0.004001893079507615,229,229,1.0,1.0
2008,-51.96411,4008.0444,-151.68123797033778,-0.09716796875,-0.096710205078125,0.0030124817553766467,231,231,1.0,1.0
2009,-52.024323,4007.9424,-151.67326349745352,-0.060211181640625,-0.102142333984375,0.007974472884264663,231,231,1.0,1.0
2010,-51.536682,4008.2668,-153.8704844712209,0.487640380859375,0.3244476318359375,-2.1972209737673687,200,200,1.0,1.0
2011,-51.732117,4008.949,-160.02203806467938,-0.1954345703125,0.6821746826171875,-6.151553593458485,202,201,0.995049504950495,1.0
2012,-51.845306,4009.9517,-166.62313090888568,-0.113189697265625,1.002593994140625,-6.601092844206305,189,186,0.9841269841269841,1.0
2013,-51.887573,4011.0063,-173.33405328449163,-0.042266845703125,1.0548095703125,-6.710922375605936,194,193,0.9948453608247423,1.0
2014,-51.949158,4012.1145,-180.0685126404422,-0.06158447265625,1.1080474853515625,-6.734459355950581,201,201,1.0,1.0
2015,-52.110016,4013.3098,-186.77885554039594,-0.160858154296875,1.1953582763671875,-6.710342899953725,199,198,0.9949748743718593,1.0
2016,-52.14508,4014.3542,-193.50174400539962,-0.035064697265625,1.044342041015625,-6.722888465003691,203,202,0.9950738916256158,1.0
2017,-52.19928,4015.381,-200.23823475141447,-0.05419921875,1.0269012451171875,-6.736490746014852,196,193,0.9846938775510204,1.0
2018,-52.17862,4016.284,-207.02433767703798,0.020660400390625,0.9028778076171875,-6.78610292562352,201,201,1.0,1.0
2019,-52.214874,4017.31,-213.79196190796492,-0.0362548828125,1.0262451171875,-6.767624230926952,203,202,0.9950738916256158,1.0
2020,-52.22812,4018.1733,-220.5150333479292,-0.01324462890625,0.8632354736328125,-6.7230714399643,201,199,0.9900497512437811,1.0
2021,-52.239227,4018.7922,-227.2792726191547,-0.0111083984375,0.61883544921875,-6.764239271225512,201,200,0.9950248756218906,1.0
2022,-52.06894,4019.485,-233.99289062708232,0.1702880859375,0.692840576171875,-6.713618007927606,198,198,1.0,1.0
2023,-52.058777,4020.1863,-240.6696687137082,0.010162353515625,0.7011260986328125,-6.67677808662589,202,202,1.0,1.0
2024,-52.135284,4020.8093,-246.85748479258382,-0.076507568359375,0.6230621337890625,-6.187816078875626,205,205,1.0,1.0
2025,-52.239624,4021.5815,-251.95741586162634,-0.104339599609375,0.7723236083984375,-5.099931069042518,197,196,0.9949238578680203,1.0
2026,-52.42566,4022.4062,-255.73319433730478,-0.18603515625,0.824798583984375,-3.775778475678443,200,199,0.995,1.0
2027,-52.511017,4023.6362,-257.88895262111055,-0.085357666015625,1.2299041748046875,-2.1557582838057465,198,197,0.9949494949494949,1.0
2028,-52.579742,4024.777,-259.27568568103135,-0.0687255859375,1.1409454345703125,-1.386733059920805,195,194,0.9948717948717949,1.0
2029,-52.655914,4026.1287,-260.43757225676046,-0.076171875,1.3516082763671875,-1.1618865757291321,196,194,0.9897959183673469,1.0
2030,-52.64673,4027.7463,-261.3801972559089,0.009185791015625,1.6176300048828125,-0.9426249991484668,200,197,0.985,1.0
2031,-52.73044,4029.457,-262.1676252858567,-0.083709716796875,1.7107696533203125,-0.7874280299477884,189,189,1.0,1.0
2032,-52.770264,4031.3096,-262.8065584665451,-0.039825439453125,1.8524322509765625,-0.6389331806884065,196,193,0.9846938775510204,1.0
2033,-52.79126,4033.3667,-263.2274943288997,-0.02099609375,2.05706787109375,-0.4209358623546275,202,199,0.9851485148514851,1.0
2034,-52.85446,4035.5667,-263.5803148563152,-0.063201904296875,2.199920654296875,-0.3528205274155237,191,191,1.0,1.0
2035,-52.80713,4038.0117,-263.82918894662157,0.047332763671875,2.4451751708984375,-0.24887409030633556,189,188,0.9947089947089947,1.0
2036,-52.894165,4040.6648,-264.02822155345814,-0.0870361328125,2.653106689453125,-0.19903260683654983,191,191,1.0,1.0
2037,-52.9794,4043.4683,-264.1584467275862,-0.085235595703125,2.8034515380859375,-0.1302251741280329,196,194,0.9897959183673469,1.0
2038,-53.051758,4046.5842,-264.25289061784997,-0.072357177734375,3.1160125732421875,-0.0944438902637843,190,189,0.9947368421052631,1.0
2039,-52.966248,4049.7334,-264.33288655231144,0.08551025390625,3.1492767333984375,-0.07999593446147693,199,197,0.9899497487437185,1.0
2040,-52.971313,4052.9487,-264.4221697874992,-0.00506591796875,3.21539306640625,-0.08928323518775946,191,189,0.9895287958115183,1.0
2041,-52.971252,4056.2578,-264.54997892542787,6.103515625e-05,3.308990478515625,-0.12780913792871457,203,203,1.0,1.0
2042,-53.049805,4059.5164,-264.69046658976606,-0.07855224609375,3.25860595703125,-0.1404876643381946,196,192,0.9795918367346939,1.0
2043,-53.046875,4062.8342,-264.7629671847734,0.0029296875,3.3178863525390625,-0.07250059500731325,194,192,0.9896907216494846,1.0
2044,-53.04828,4066.133,-264.79261344472485,-0.00140380859375,3.298797607421875,-0.02964625995142775,196,196,1.0,1.0
2045,-53.02243,4069.3977,-264.8077880504271,0.025848388671875,3.2646942138671875,-0.015174605702250519,194,193,0.9948453608247423,1.0
2046,-53.07184,4072.51,-264.82039751422786,-0.049407958984375,3.1122283935546875,-0.012609463800756912,205,205,1.0,1.0
2047,-53.031982,4075.7332,-264.8260377917984,0.03985595703125,3.223236083984375,-0.005640277570535026,200,199,0.995,1.0
2048,-53.06241,4079.0925,-264.76352906895596,-0.030426025390625,3.35931396484375,0.06250872284245354,194,189,0.9742268041237113,1.0
2049,-52.99356,4082.2817,-264.72618013325933,0.06884765625,3.1892852783203125,0.03734893569662499,195,194,0.9948717948717949,1.0
2050,-53.00644,4085.329,-264.7177347038846,-0.01287841796875,3.0473785400390625,0.008445429374740236,202,200,0.9900990099009901,1.0
2051,-52.91928,4088.3662,-264.6988594842166,0.087158203125,3.0371856689453125,0.018875219668011787,207,207,1.0,1.0
2052,-52.91516,4091.2305,-264.6923807348819,0.004119873046875,2.8643035888671875,0.0064787493346781435,212,211,0.9952830188679245,1.0
2053,-52.858215,4094.124,-264.6741216576243,0.05694580078125,2.8934326171875,0.018259077257591513,213,211,0.9906103286384976,1.0
2054,-52.81888,4097.1035,-264.6457232761161,0.039337158203125,2.9796600341796875,0.02839838150822747,206,205,0.9951456310679612,1.0
2055,-52.781067,4099.9995,-264.60778475431715,0.037811279296875,2.89593505859375,0.03793852179896005,208,207,0.9951923076923077,1.0
2056,-52.82892,4102.8086,-264.6055122367374,-0.0478515625,2.809326171875,0.0022725175797155654,208,208,1.0,1.0
2057,-52.723755,4105.6987,-264.6023283414292,0.10516357421875,2.89019775390625,0.003183895308200589,204,203,0.9950980392156863,1.0
2058,-52.681274,4108.596,-264.57654692033964,0.04248046875,2.8973236083984375,0.025781421089544225,206,203,0.9854368932038835,1.0
2059,-52.660126,4111.436,-264.55370767363706,0.021148681640625,2.8398590087890625,0.02283924670259054,204,204,1.0,1.0
2060,-52.60147,4114.271,-264.5430112501606,0.05865478515625,2.8348236083984375,0.010696423476484912,212,211,0.9952830188679245,1.0
2061,-52.504578,4117.094,-264.5399595761388,0.096893310546875,2.823394775390625,0.003051674021795886,210,210,1.0,1.0
2062,-52.539215,4119.9805,-264.5012038988586,-0.034637451171875,2.8861541748046875,0.03875567728023654,212,212,1.0,1.0
2063,-52.483673,4122.82,-264.50636782230606,0.0555419921875,2.8394775390625,-0.0051639234474935,206,206,1.0,1.0
2064,-52.51169,4125.71,-264.5008063221096,-0.02801513671875,2.890045166015625,0.005561500196468792,213,212,0.9953051643192489,1.0
2065,-52.503662,4128.5547,-264.51429398685633,0.008026123046875,2.8446807861328125,-0.013487664746735661,210,209,0.9952380952380953,1.0
2066,-52.456482,4131.511,-264.5007470123626,0.04718017578125,2.9565277099609375,0.013546974493759033,212,210,0.9905660377358491,1.0
2067,-52.47052,4134.3,-264.53069668307916,-0.0140380859375,2.7883453369140625,-0.02994967071655276,212,211,0.9952830188679245,1.0
2068,-52.53119,4137.141,-264.5607299260355,-0.0606689453125,2.8414154052734375,-0.03003324295633417,211,210,0.995260663507109,1.0
2069,-52.507294,4139.9346,-264.5717043177797,0.023895263671875,2.793212890625,-0.010974391744165195,211,210,0.995260663507109,1.0
2070,-52.51831,4142.7666,-264.58041005749413,-0.011016845703125,2.832000732421875,-0.008705739714455702,209,208,0.9952153110047847,1.0
2071,-52.47345,4145.646,-264.5537785583025,0.04486083984375,2.8795928955078125,0.026631499191614616,210,208,0.9904761904761905,1.0
2072,-52.481537,4148.39,-264.5721945590782,-0.008087158203125,2.7440643310546875,-0.018416000775687325,212,210,0.9905660377358491,1.0
2073,-52.47693,4151.2744,-264.5622531410285,0.004608154296875,2.88421630859375,0.00994141804967275,209,208,0.9952153110047847,1.0
2074,-52.476807,4154.2017,-264.54421653104765,0.0001220703125,2.9272613525390625,0.01803660998085576,208,208,1.0,1.0
2075,-52.498016,4156.9683,-264.576693867146,-0.021209716796875,2.766448974609375,-0.03247733609833286,208,208,1.0,1.0
2076,-52.512543,4159.9136,-264.54630476905646,-0.0145263671875,2.9455108642578125,0.03038909808955436,218,218,1.0,1.0
2077,-52.417145,4162.832,-264.5186800930968,0.09539794921875,2.918243408203125,0.027624675959651363,212,212,1.0,1.0
2078,-52.453735,4165.575,-264.5299831435077,-0.036590576171875,2.7433624267578125,-0.011303050410916025,207,206,0.9951690821256038,1.0
2079,-52.480377,4168.364,-264.56681702467665,-0.026641845703125,2.7884368896484375,-0.03683388116894403,217,216,0.9953917050691244,1.0
2080,-52.460358,4171.115,-264.5298318337187,0.02001953125,2.7514495849609375,0.036985190957949526,217,214,0.9861751152073732,1.0
2081,-52.452698,4173.952,-264.5486962393884,0.007659912109375,2.836822509765625,-0.018864405669713136,219,218,0.9954337899543378,1.0
2082,-52.45224,4176.759,-264.5427122039248,0.000457763671875,2.8065185546875,0.005984035463580543,215,215,1.0,1.0
2083,-52.4068,4179.4966,-264.5658233391936,0.045440673828125,2.7377777099609375,-0.023111135268814885,220,220,1.0,1.0
2084,-52.40384,4182.3716,-264.5836040614337,0.002960205078125,2.875091552734375,-0.017780722240061646,217,217,1.0,1.0
2085,-52.43512,4185.1606,-264.6022802914418,-0.031280517578125,2.7891082763671875,-0.0186762300081113,216,216,1.0,1.0
2086,-52.391663,4188.033,-264.6086919735572,0.04345703125,2.8724517822265625,-0.0064116821153962465,215,215,1.0,1.0
2087,-52.41632,4190.997,-264.6171744807146,-0.024658203125,2.963958740234375,-0.00848250715740668,215,214,0.9953488372093023,1.0
2088,-52.335815,4193.7427,-264.63193145855405,0.08050537109375,2.7455902099609375,-0.014756977839479438,213,211,0.9906103286384976,1.0
2089,-52.375824,4196.3804,-264.6287133650617,-0.040008544921875,2.637847900390625,0.0032180934923762726,217,215,0.9907834101382489,1.0
2090,-52.335907,4198.9307,-264.6372887122022,0.0399169921875,2.5501251220703125,-0.008575347140497647,211,210,0.995260663507109,1.0
2091,-52.30716,4201.3843,-264.6436325922807,0.02874755859375,2.4535980224609375,-0.006343880078546276,209,209,1.0,1.0
2092,-52.299225,4203.6646,-264.6319611103822,0.0079345703125,2.28045654296875,0.011671481898529602,213,213,1.0,1.0
2093,-52.322296,4205.8467,-264.5864907712081,-0.0230712890625,2.1822509765625,0.04547033917408346,217,216,0.9953917050691244,1.0
2094,-52.33496,4207.893,-264.60098115609065,-0.012664794921875,2.0466156005859375,-0.014490384882544113,223,222,0.9955156950672646,1.0
2095,-52.36081,4209.9272,-264.59306294819504,-0.025848388671875,2.03436279296875,0.007918207895640524,224,222,0.9910714285714286,1.0
2096,-52.318604,4211.875,-264.5748572916592,0.042205810546875,1.947509765625,0.018205656535853557,223,221,0.9910313901345291,1.0
2097,-52.302063,4213.729,-264.56201697112937,0.01654052734375,1.8539276123046875,0.012840320529852255,220,219,0.9954545454545455,1.0
2098,-52.348877,4215.5044,-264.5514853113488,-0.04681396484375,1.7753448486328125,0.010531659780555244,220,219,0.9954545454545455,1.0
2099,-52.34732,4217.1753,-264.55499612345784,0.001556396484375,1.6707000732421875,-0.0035108121090360114,212,212,1.0,1.0
2100,-52.45285,4218.929,-264.50711302282133,-0.10552978515625,1.75390625,0.04788310063653552,214,214,1.0,1.0
2101,-52.508667,4220.552,-264.50615863793547,-0.055816650390625,1.6224822998046875,0.0009543848858533833,213,211,0.9906103286384976,1.0
2102,-52.32321,4222.0938,-264.5237694229441,0.185455322265625,1.54205322265625,-0.01761078500861368,211,208,0.985781990521327,1.0
2103,-52.385345,4223.692,-264.5261830965454,-0.0621337890625,1.5981903076171875,-0.002413673601298497,213,212,0.9953051643192489,1.0
2104,-52.399933,4225.194,-264.54051647589716,-0.01458740234375,1.5019378662109375,-0.014333379351751458,214,213,0.9953271028037384,1.0
2105,-52.456726,4226.785,-264.5215324294292,-0.056793212890625,1.591217041015625,0.018984046467973442,217,216,0.9953917050691244,1.0
2106,-52.48706,4228.325,-264.5459685632754,-0.03033447265625,1.5399932861328125,-0.024436133846164883,224,223,0.9955357142857143,1.0
2107,-52.463043,4229.9165,-264.5389961086561,0.024017333984375,1.5910797119140625,0.0069724546193274395,220,220,1.0,1.0
2108,-52.510834,4231.642,-264.5456332634962,-0.04779052734375,1.7255096435546875,-0.006637154840125851,218,217,0.9954128440366973,1.0
2109,-52.48352,4233.132,-264.5522935551276,0.027313232421875,1.4898529052734375,-0.006660291631405386,217,216,0.9953917050691244,1.0
2110,-52.4682,4234.5933,-264.5823464337131,0.01531982421875,1.46142578125,-0.030052878585457216,218,218,1.0,1.0
2111,-52.51761,4235.9585,-264.56535540614743,-0.049407958984375,1.3654327392578125,0.01699102756568262,223,223,1.0,1.0
2112,-52.538208,4237.321,-264.5564482725562,-0.020599365234375,1.3620758056640625,0.008907133591228146,223,222,0.9955156950672646,1.0
2113,-52.53653,4238.675,-264.5560089147632,0.001678466796875,1.3541412353515625,0.0004393577930053491,223,222,0.9955156950672646,1.0
2114,-52.547913,4239.835,-264.58963433788296,-0.011383056640625,1.16015625,-0.03362542311977772,219,219,1.0,1.0
2115,-52.565826,4241.0576,-264.5620802895634,-0.017913818359375,1.222625732421875,0.02755404831955061,222,222,1.0,1.0
2116,-52.552856,4242.1753,-264.5556364080996,0.012969970703125,1.117828369140625,0.006443881463820406,224,224,1.0,1.0
2117,-52.56732,4243.073,-264.557754298815,-0.01446533203125,0.8979339599609375,-0.002117890715373693,223,223,1.0,1.0
2118,-52.60663,4243.966,-264.5420314437292,-0.039306640625,0.892608642578125,0.01572285508580071,224,223,0.9955357142857143,1.0
2119,-52.595642,4244.6465,-264.5497318772459,0.010986328125,0.6805267333984375,-0.0077004335167497094,218,217,0.9954128440366973,1.0
2120,-52.591736,4245.264,-264.5279230090508,0.00390625,0.6174774169921875,0.02180886819508581,220,220,1.0,1.0
2121,-52.567352,4245.794,-264.5135705353539,0.024383544921875,0.529693603515625,0.014352473696908742,223,223,1.0,1.0
2122,-52.510498,4246.139,-264.50960179115026,0.056854248046875,0.34503173828125,0.00396874420362866,228,228,1.0,1.0
2123,-52.42215,4246.319,-264.51307744390107,0.088348388671875,0.1796722412109375,-0.0034756527508087226,228,228,1.0,1.0
2124,-52.41208,4246.451,-264.5227517141991,0.01007080078125,0.132171630859375,-0.009674270298062839,233,233,1.0,1.0
2125,-52.46515,4246.5176,-264.50925301410444,-0.053070068359375,0.0665435791015625,0.013498700094680025,237,237,1.0,1.0
2126,-52.510468,4246.491,-264.4906945928267,-0.045318603515625,-0.026336669921875,0.018558421277738373,234,234,1.0,1.0
2127,-52.5737,4246.4644,-264.47236809047746,-0.063232421875,-0.026763916015625,0.01832650234924486,230,230,1.0,1.0
2128,-52.750946,4246.421,-264.44627690035713,-0.17724609375,-0.0433197021484375,0.026091190120303955,234,233,0.9957264957264957,1.0
2129,-52.83545,4246.378,-264.44104960030836,-0.084503173828125,-0.043060302734375,0.005227300048757137,226,224,0.9911504424778761,1.0
2130,-52.975616,4246.332,-264.4421819937255,-0.140167236328125,-0.04595947265625,-0.0011323934171577701,230,230,1.0,1.0
2131,-53.12448,4246.2886,-264.4395207410592,-0.14886474609375,-0.04327392578125,0.0026612526663343443,234,234,1.0,1.0
2132,-53.38202,4246.354,-264.4428997337616,-0.257537841796875,0.0652618408203125,-0.003378992702363677,230,230,1.0,1.0
2133,-53.566467,4246.438,-264.52649096298654,-0.1844482421875,0.0838165283203125,-0.08359122922497883,221,220,0.995475113122172,1.0
2134,-53.62854,4246.445,-264.8038170707407,-0.06207275390625,0.0070343017578125,-0.2773261077541672,221,221,1.0,1.0
2135,-53.65689,4246.568,-265.0356213427166,-0.028350830078125,0.1229705810546875,-0.23180427197587541,224,224,1.0,1.0
2136,-53.65332,4246.554,-265.25008030596496,0.003570556640625,-0.01385498046875,-0.21445896324839198,221,219,0.9909502262443439,1.0
2137,-53.590485,4246.593,-265.3830106471489,0.062835693359375,0.0384979248046875,-0.1329303411839754,224,223,0.9955357142857143,1.0
2138,-53.532013,4246.5728,-265.53026818036665,0.0584716796875,-0.019805908203125,-0.1472575332177416,223,222,0.9955156950672646,1.0
2139,-53.410736,4246.5337,-265.63119470019734,0.12127685546875,-0.0390777587890625,-0.1009265198306737,227,226,0.9955947136563876,1.0
2140,-53.314514,4246.6763,-265.7000135648945,0.096221923828125,0.142730712890625,-0.06881886469718103,224,223,0.9955357142857143,1.0
2141,-53.184814,4246.795,-265.7761956575178,0.12969970703125,0.1185150146484375,-0.07618209262327695,221,221,1.0,1.0
2142,-53.085297,4247.035,-265.8997063955655,0.099517822265625,0.240081787109375,-0.12351073804767936,218,218,1.0,1.0
2143,-52.941193,4247.2783,-265.97860364064417,0.14410400390625,0.242950439453125,-0.07889724507866773,216,215,0.9953703703703703,1.0
2144,-52.845856,4247.709,-266.09245010797025,0.0953369140625,0.430419921875,-0.11384646732609256,223,223,1.0,1.0
2145,-52.70514,4248.108,-266.2152955065517,0.140716552734375,0.3988189697265625,-0.12284539858146039,220,220,1.0,1.0
2146,-52.64511,4248.729,-266.3322193829275,0.060028076171875,0.620880126953125,-0.11692387637585364,226,226,1.0,1.0
2147,-52.52121,4249.4717,-266.4058504130918,0.1239013671875,0.742767333984375,-0.07363103016429315,220,219,0.9954545454545455,1.0
2148,-52.456024,4250.2925,-266.54916550710004,0.065185546875,0.820648193359375,-0.14331509400824338,219,219,1.0,1.0
2149,-52.35849,4251.4434,-266.6267474359433,0.0975341796875,1.151092529296875,-0.07758192884322565,210,210,1.0,1.0
2150,-52.315765,4252.6934,-266.71093927786745,0.042724609375,1.2501220703125,-0.08419184192416752,217,217,1.0,1.0
2151,-52.184082,4254.1655,-266.78698340090796,0.131683349609375,1.472259521484375,-0.07604412304051503,220,220,1.0,1.0
2152,-52.18625,4255.825,-266.814319112335,-0.002166748046875,1.6594390869140625,-0.027335711427058894,219,219,1.0,1.0
2153,-52.180786,4257.5996,-266.8668928870043,0.005462646484375,1.77423095703125,-0.0525737746693144,216,216,1.0,1.0
2154,-52.09964,4259.577,-266.9553922369391,0.081146240234375,1.977569580078125,-0.08849934993474996,216,215,0.9953703703703703,1.0
2155,-52.161316,4261.712,-267.03294512702774,-0.061676025390625,2.134674072265625,-0.07755289008866008,216,216,1.0,1.0
2156,-52.117218,4264.1123,-267.07523609778434,0.044097900390625,2.400482177734375,-0.04229097075662284,215,214,0.9953488372093023,1.0
2157,-52.131653,4266.658,-267.1557670226105,-0.014434814453125,2.5458526611328125,-0.08053092482615982,220,220,1.0,1.0
2158,-52.082,4269.435,-267.2127959177559,0.049652099609375,2.776824951171875,-0.057028895145354065,223,222,0.9955156950672646,1.0
2159,-52.115814,4272.312,-267.26525172875824,-0.0338134765625,2.8770294189453125,-0.052455811002332264,224,224,1.0,1.0
2160,-52.08368,4275.5303,-267.27207265074634,0.032135009765625,3.2183074951171875,-0.006820921988107857,220,220,1.0,1.0
2161,-52.02539,4278.6655,-267.3064772714967,0.05828857421875,3.1353912353515625,-0.03440462075036205,220,219,0.9954545454545455,1.0
2162,-51.935913,4282.01,-267.3399502312174,0.0894775390625,3.3440093994140625,-0.03347295972072336,220,220,1.0,1.0
2163,-51.883026,4285.3364,-267.36877776361996,0.052886962890625,3.32666015625,-0.028827532402546617,215,215,1.0,1.0
2164,-51.868103,4288.7607,-267.33754429151696,0.014923095703125,3.424346923828125,0.03123347210299805,213,213,1.0,1.0
2165,-51.779053,4292.001,-267.31028259835654,0.08905029296875,3.2404632568359375,0.027261693160435602,219,218,0.9954337899543378,1.0
2166,-51.792908,4295.3955,-267.24017908129457,-0.01385498046875,3.39459228515625,0.07010351706195193,219,219,1.0,1.0
2167,-51.794434,4298.6523,-267.16272949387866,-0.00152587890625,3.2567596435546875,0.07744958741592578,223,223,1.0,1.0
2168,-51.74063,4301.952,-267.04610949552887,0.053802490234375,3.29962158203125,0.1166199983497737,224,222,0.9910714285714286,1.0
2169,-51.65451,4305.181,-266.9550316609347,0.08612060546875,3.2290191650390625,0.09107783459417218,223,222,0.9955156950672646,1.0
2170,-51.617126,4308.4067,-266.85109907051196,0.037384033203125,3.2254180908203125,0.10393259042276194,219,219,1.0,1.0
2171,-51.657684,4311.596,-266.79682676149804,-0.040557861328125,3.1895904541015625,0.054272309013942435,221,221,1.0,1.0
2172,-51.614014,4314.6953,-266.71795157347907,0.043670654296875,3.09893798828125,0.07887518801896459,221,220,0.995475113122172,1.0
2173,-51.59323,4317.7104,-266.66725084727716,0.020782470703125,3.0152435302734375,0.05070072620188587,226,225,0.995575221238938,1.0
2174,-51.519135,4320.676,-266.60409697813066,0.0740966796875,2.965362548828125,0.06315386914652833,223,222,0.9955156950672646,1.0
2175,-51.52069,4323.698,-266.53589925278106,-0.001556396484375,3.0223236083984375,0.06819772534960915,220,218,0.990909090909091,1.0
2176,-51.45047,4326.5635,-266.4781241347377,0.070220947265625,2.8654632568359375,0.057775118043357214,229,229,1.0,1.0
2177,-51.405945,4329.488,-266.4070773441687,0.044525146484375,2.9244537353515625,0.07104679056897507,228,228,1.0,1.0
2178,-51.36856,4332.3394,-266.37052003282554,0.037384033203125,2.8513641357421875,0.036557311343192844,225,224,0.9955555555555555,1.0
2179,-51.358215,4335.1436,-266.2982231754246,0.010345458984375,2.8040771484375,0.07229685740096455,226,226,1.0,1.0
2180,-51.378418,4337.984,-266.23906746080655,-0.02020263671875,2.8403472900390625,0.05915571461804025,228,228,1.0,1.0
2181,-51.28174,4340.7793,-266.18082069881814,0.0966796875,2.795501708984375,0.058246761988415975,229,229,1.0,1.0
2182,-51.22818,4343.4834,-266.1830333115613,0.053558349609375,2.7040557861328125,-0.002212612743152885,228,228,1.0,1.0
2183,-51.203156,4346.21,-266.1552941828211,0.0250244140625,2.7263336181640625,0.027739128740223627,223,223,1.0,1.0
2184,-51.257538,4348.941,-266.1440505480694,-0.05438232421875,2.7307891845703125,0.01124363475166913,228,228,1.0,1.0
2185,-51.228485,4351.7227,-266.0896140203584,0.029052734375,2.781951904296875,0.054436527711010214,227,227,1.0,1.0
2186,-51.22296,4354.4834,-266.0696933178869,0.005523681640625,2.7606658935546875,0.01992070247147688,225,225,1.0,1.0
2187,-51.183075,4357.286,-266.0029090093355,0.039886474609375,2.802703857421875,0.0667843085514276,219,218,0.9954337899543378,1.0
2188,-51.25522,4360.125,-265.9892389307137,-0.0721435546875,2.8386688232421875,0.013670078621747319,227,226,0.9955947136563876,1.0
2189,-51.230774,4362.9487,-265.9349351437494,0.024444580078125,2.8236083984375,0.05430378696436559,228,228,1.0,1.0
2190,-51.26538,4365.6704,-265.92727224269413,-0.03460693359375,2.7215728759765625,0.007662901055234302,224,223,0.9955357142857143,1.0
2191,-51.29123,4368.4375,-265.89506199452865,-0.025848388671875,2.767120361328125,0.032210248165507174,225,224,0.9955555555555555,1.0
2192,-51.294403,4371.332,-265.8541090893492,-0.003173828125,2.8943328857421875,0.04095290517945393,226,226,1.0,1.0
2193,-51.20166,4374.054,-265.8127884756937,0.092742919921875,2.72198486328125,0.04132061365550962,223,223,1.0,1.0
2194,-51.34323,4376.783,-265.7942300384358,-0.141571044921875,2.729156494140625,0.01855843725794365,229,229,1.0,1.0
2195,-51.388306,4379.4985,-265.7727872881818,-0.045074462890625,2.7151641845703125,0.02144275025400976,224,222,0.9910714285714286,1.0
2196,-51.34253,4382.291,-265.7308525823129,0.0457763671875,2.7926483154296875,0.0419347058689093,221,220,0.995475113122172,1.0
2197,-51.359924,4384.995,-265.6720510761202,-0.01739501953125,2.70404052734375,0.058801506192672874,223,223,1.0,1.0
2198,-51.346954,4387.776,-265.62993766464865,0.012969970703125,2.7807159423828125,0.04211341147156462,223,223,1.0,1.0
2199,-51.380585,4390.536,-265.57658626710213,-0.03363037109375,2.760040283203125,0.05335139754649874,220,219,0.9954545454545455,1.0
2200,-51.37384,4393.3257,-265.5231540404416,0.006744384765625,2.7894134521484375,0.05343222666051792,216,215,0.9953703703703703,1.0
2201,-51.43625,4396.1377,-265.4906422728439,-0.062408447265625,2.8119354248046875,0.032511767597718975,224,223,0.9955357142857143,1.0
2202,-51.36194,4398.9175,-265.45122668650896,0.074310302734375,2.7795867919921875,0.03941558633492432,225,225,1.0,1.0
2203,-51.383026,4401.6123,-265.4355423342964,-0.021087646484375,2.6948699951171875,0.015684352212608877,228,227,0.9956140350877193,1.0
2204,-51.396393,4404.269,-265.4335477088141,-0.01336669921875,2.65679931640625,0.0019946254822445233,218,218,1.0,1.0
2205,-51.42337,4406.9736,-265.40980472743854,-0.0269775390625,2.704559326171875,0.0237429813755815,223,223,1.0,1.0
2206,-51.352295,4409.651,-265.4287522940218,0.071075439453125,2.6773529052734375,-0.01894756658327091,219,219,1.0,1.0
2207,-51.298004,4412.385,-265.4312946492909,0.054290771484375,2.73388671875,-0.002542355269105971,216,216,1.0,1.0
2208,-51.33026,4415.1294,-265.40472544543434,-0.032257080078125,2.7447662353515625,0.026569203856566404,221,221,1.0,1.0
2209,-51.3331,4417.904,-265.38371029722595,-0.002838134765625,2.774383544921875,0.02101514820836436,228,227,0.9956140350877193,1.0
2210,-51.314606,4420.6816,-265.33235237560405,0.01849365234375,2.77783203125,0.05135792162190668,227,226,0.9955947136563876,1.0
2211,-51.31546,4423.4976,-265.31616223380615,-0.0008544921875,2.8157501220703125,0.01619014179791432,226,226,1.0,1.0
2212,-51.396393,4426.116,-265.3360237662451,-0.0809326171875,2.61859130859375,-0.01986153243895439,225,225,1.0,1.0
2213,-51.3161,4428.9146,-265.31763727601486,0.080291748046875,2.79840087890625,0.01838649023022844,218,218,1.0,1.0
2214,-51.24463,4431.775,-265.2731509191631,0.07147216796875,2.8602294921875,0.044486356851788006,222,222,1.0,1.0
2215,-51.286743,4434.558,-265.271405955151,-0.0421142578125,2.78302001953125,0.0017449640120658163,219,218,0.9954337899543378,1.0
2216,-51.301147,4437.3086,-265.22949689179836,-0.014404296875,2.750579833984375,0.04190906335262661,218,218,1.0,1.0
2217,-51.323822,4440.036,-265.1936738390431,-0.022674560546875,2.727630615234375,0.0358230527552847,220,218,0.990909090909091,1.0
2218,-51.38797,4442.78,-265.1453463081483,-0.06414794921875,2.743865966796875,0.048327530894773076,226,225,0.995575221238938,1.0
2219,-51.36331,4445.3794,-265.1888322103745,0.024658203125,2.59979248046875,-0.04348590222622159,219,218,0.9954337899543378,1.0
2220,-51.38684,4447.96,-265.2085719578381,-0.023529052734375,2.5804443359375,-0.019739747463578615,217,216,0.9953917050691244,1.0
2221,-51.316803,4450.728,-265.18242816387647,0.070037841796875,2.7682342529296875,0.026143793961662873,220,218,0.990909090909091,1.0
2222,-51.397003,4453.487,-265.1285693324498,-0.0802001953125,2.75872802734375,0.053858831426703745,213,213,1.0,1.0
2223,-51.36508,4456.1753,-265.1077456498171,0.03192138671875,2.688507080078125,0.02082368263268206,218,218,1.0,1.0
2224,-51.47171,4458.8833,-265.1068776808915,-0.10662841796875,2.70794677734375,0.0008679689256255698,213,212,0.9953051643192489,1.0
2225,-51.434845,4461.6294,-265.0546775918571,0.036865234375,2.746063232421875,0.05220008903439808,215,215,1.0,1.0
2226,-51.459564,4464.418,-265.06476347091086,-0.02471923828125,2.788665771484375,-0.010085879053719934,217,217,1.0,1.0
2227,-51.496185,4467.1396,-265.0482203865209,-0.03662109375,2.721771240234375,0.01654308438997388,215,214,0.9953488372093023,1.0
2228,-51.510834,4469.8413,-265.0074271401985,-0.0146484375,2.7015838623046875,0.04079324632236459,217,217,1.0,1.0
2229,-51.44998,4472.674,-264.9168013553691,0.06085205078125,2.8323516845703125,0.09062578482937206,221,221,1.0,1.0
2230,-51.480347,4475.3125,-264.88044286719827,-0.030364990234375,2.6388092041015625,0.03635848817081085,220,220,1.0,1.0
2231,-51.581726,4478.043,-264.87854730618795,-0.10137939453125,2.7305450439453125,0.0018955610103192368,220,220,1.0,1.0
2232,-51.62732,4480.8306,-264.85095378255374,-0.04559326171875,2.78753662109375,0.027593523634227384,220,219,0.9954545454545455,1.0
2233,-51.692963,4483.74,-264.81932570658284,-0.065643310546875,2.9096221923828125,0.03162807597090749,213,212,0.9953051643192489,1.0
2234,-51.68683,4486.5356,-264.7914111505203,0.006134033203125,2.795257568359375,0.02791455606259642,211,210,0.995260663507109,1.0
2235,-51.711365,4489.236,-264.7657959155468,-0.0245361328125,2.700286865234375,0.025615234973512275,217,216,0.9953917050691244,1.0
2236,-51.760162,4491.7812,-264.7310478646223,-0.048797607421875,2.545166015625,0.03474805092445718,213,213,1.0,1.0
2237,-51.755432,4494.1235,-264.7134380490197,0.004730224609375,2.3423004150390625,0.01760981560261601,218,218,1.0,1.0
2238,-51.68286,4496.437,-264.61296173468054,0.07257080078125,2.3133087158203125,0.10047631433917163,217,215,0.9907834101382489,1.0
2239,-51.665894,4498.5566,-264.5739699574348,0.0169677734375,2.1197357177734375,0.0389917772456875,220,220,1.0,1.0
2240,-51.77469,4500.633,-264.5674310549499,-0.108795166015625,2.0761566162109375,0.006538902484935277,222,222,1.0,1.0
2241,-51.798065,4502.505,-264.54913056295965,-0.02337646484375,1.87213134765625,0.018300491990255494,214,213,0.9953271028037384,1.0
2242,-51.752655,4504.3677,-264.48395935262954,0.04541015625,1.86297607421875,0.0651712103300996,217,217,1.0,1.0
2243,-51.908234,4506.1616,-264.4689841113639,-0.15557861328125,1.793975830078125,0.014975241265619697,218,218,1.0,1.0
2244,-51.940735,4507.952,-264.42878056021937,-0.032501220703125,1.79052734375,0.04020355114454837,221,220,0.995475113122172,1.0
2245,-51.911743,4509.6895,-264.3744296514273,0.02899169921875,1.7374267578125,0.054350908792073674,220,220,1.0,1.0
2246,-51.94281,4511.298,-264.3647846612545,-0.03106689453125,1.6082916259765625,0.009644990172805987,214,214,1.0,1.0
2247,-51.965454,4513.0293,-264.3099835276661,-0.02264404296875,1.7312469482421875,0.054801133588419045,221,221,1.0,1.0
2248,-51.94159,4514.6865,-264.28796897915413,0.02386474609375,1.6570892333984375,0.022014548511930517,223,222,0.9955156950672646,1.0
2249,-51.949463,4516.266,-264.2442202548392,-0.00787353515625,1.5798187255859375,0.04374872431493819,218,218,1.0,1.0
2250,-52.006256,4517.785,-264.2538051981161,-0.056793212890625,1.5189361572265625,-0.009584943276902963,213,213,1.0,1.0
2251,-52.042175,4519.3525,-264.2244373457362,-0.035919189453125,1.567352294921875,0.029367852379884048,217,217,1.0,1.0
2252,-52.093597,4520.937,-264.23031470309866,-0.051422119140625,1.5844268798828125,-0.005877357362452891,215,215,1.0,1.0
2253,-52.089966,4522.477,-264.19023361034385,0.003631591796875,1.5400543212890625,0.04008109275482596,222,222,1.0,1.0
2254,-52.143646,4524.129,-264.1790842094735,-0.053680419921875,1.6518707275390625,0.011149400870367265,222,222,1.0,1.0
2255,-52.167145,4525.7036,-264.15262429747185,-0.02349853515625,1.574920654296875,0.026459912001656243,220,220,1.0,1.0
2256,-52.21518,4527.137,-264.16331326445425,-0.04803466796875,1.433746337890625,-0.010688966982372886,212,212,1.0,1.0
2257,-52.207,4528.615,-264.15416012767076,0.0081787109375,1.47821044921875,0.009153136783498314,208,208,1.0,1.0
2258,-52.129578,4530.0293,-264.0787415968696,0.077423095703125,1.4139251708984375,0.07541853080121362,209,209,1.0,1.0
2259,-52.145416,4531.3506,-264.0818936355233,-0.015838623046875,1.32110595703125,-0.0031520386536996667,219,219,1.0,1.0
2260,-52.14566,4532.694,-264.04951315846654,-0.000244140625,1.3430328369140625,0.03238047705671343,224,224,1.0,1.0
2261,-52.17032,4533.865,-264.0248612390319,-0.024658203125,1.1713104248046875,0.02465191943461837,220,219,0.9954545454545455,1.0
2262,-52.13272,4534.958,-263.99780876357454,0.03759765625,1.0927581787109375,0.027052475457339877,220,218,0.990909090909091,1.0
2263,-52.255157,4535.8643,-263.9657615170267,-0.1224365234375,0.9061431884765625,0.03204724654782185,221,220,0.995475113122172,1.0
2264,-52.310455,4536.5254,-263.95661547719965,-0.0552978515625,0.6609039306640625,0.009146039827041725,218,218,1.0,1.0
2265,-52.417023,4537.051,-263.9321939282414,-0.1065673828125,0.525177001953125,0.024421548958216962,216,216,1.0,1.0
2266,-52.43341,4537.4624,-263.8851639690908,-0.016387939453125,0.4115447998046875,0.04702995915063434,221,221,1.0,1.0
2267,-52.41736,4537.919,-263.84243435511445,0.01605224609375,0.4564056396484375,0.042729613976324625,219,219,1.0,1.0
2268,-52.45395,4538.1826,-263.8070759068917,-0.036590576171875,0.263702392578125,0.0353584482227249,228,228,1.0,1.0
2269,-52.41812,4538.3545,-263.79238284002645,0.03582763671875,0.172119140625,0.014693066865256286,232,232,1.0,1.0
2270,-52.394897,4538.4136,-263.77094780382566,0.023223876953125,0.059295654296875,0.021435036200780147,238,238,1.0,1.0
2271,-52.44571,4538.417,-263.75502554378676,-0.050811767578125,0.0032501220703125,0.015922260038886218,233,233,1.0,1.0
2272,-52.545685,4538.322,-263.7377967677183,-0.0999755859375,-0.0952911376953125,0.017228776068491568,232,232,1.0,1.0
2273,-52.650696,4538.268,-263.7408291432034,-0.105010986328125,-0.0537109375,-0.0030323754851362406,235,235,1.0,1.0
2274,-52.726135,4538.243,-263.73989968939776,-0.075439453125,-0.0248870849609375,0.0009294538056645135,228,228,1.0,1.0
2275,-52.799866,4538.2173,-263.73680864280607,-0.07373046875,-0.02587890625,0.0030910465916683004,235,235,1.0,1.0
2276,-52.876587,4538.2705,-263.72611752450683,-0.07672119140625,0.053131103515625,0.010691118299251061,227,227,1.0,1.0
2277,-53.034973,4538.2373,-263.74658933778505,-0.15838623046875,-0.033294677734375,-0.02047181327823093,230,230,1.0,1.0
2278,-53.259033,4538.3267,-263.46341743164146,-0.22406005859375,0.0894927978515625,0.2831719061435708,210,209,0.9952380952380953,1.0
2279,-53.568115,4538.3037,-262.538348700477,-0.30908203125,-0.02294921875,0.9250687311644755,204,202,0.9901960784313726,1.0
2280,-53.54782,4538.179,-261.5925282452525,0.020294189453125,-0.1243896484375,0.9458204552245153,210,210,1.0,1.0
2281,-53.47046,4538.0923,-260.9223117591789,0.077362060546875,-0.0870361328125,0.6702164860735916,213,212,0.9953051643192489,1.0
2282,-53.37195,4537.947,-260.4054653946391,0.0985107421875,-0.1454925537109375,0.516846364539782,208,208,1.0,1.0
2283,-53.29242,4537.728,-260.0218576021191,0.07952880859375,-0.21875,0.38360779252003113,213,213,1.0,1.0
2284,-53.06555,4537.6445,-259.679891494161,0.22686767578125,-0.083282470703125,0.34196610795812277,208,207,0.9951923076923077,1.0
2285,-52.864227,4537.6167,-259.4300564230493,0.201324462890625,-0.0277862548828125,0.24983507111172293,215,215,1.0,1.0
2286,-52.8562,4537.416,-259.259423470747,0.008026123046875,-0.200653076171875,0.1706329523022967,219,219,1.0,1.0
2287,-52.743103,4537.3774,-259.1755101220788,0.11309814453125,-0.0384979248046875,0.08391334866821433,220,220,1.0,1.0
2288,-52.611664,4537.4937,-259.11465116387524,0.131439208984375,0.1160736083984375,0.060858958203547246,224,224,1.0,1.0
2289,-52.56366,4537.6763,-259.0695274552515,0.048004150390625,0.1824951171875,0.04512370862373124,229,228,0.9956331877729258,1.0
2290,-52.525757,4538.0337,-259.0291153166544,0.03790283203125,0.357421875,0.040412138597125995,229,229,1.0,1.0
2291,-52.43271,4538.4336,-258.96684162516635,0.093048095703125,0.39984130859375,0.06227369148800247,219,219,1.0,1.0
2292,-52.44867,4538.9443,-258.95048151851125,-0.015960693359375,0.51092529296875,0.01636010665511229,222,222,1.0,1.0
2293,-52.350372,4539.576,-258.92685089546205,0.098297119140625,0.631988525390625,0.023630623049201757,216,216,1.0,1.0
2294,-52.255646,4540.503,-258.8881285935774,0.0947265625,0.926788330078125,0.0387223018846729,220,220,1.0,1.0
2295,-52.22769,4541.535,-258.85996883274305,0.0279541015625,1.032012939453125,0.028159760834329046,228,228,1.0,1.0
2296,-52.233795,4542.7007,-258.866739236119,-0.006103515625,1.16534423828125,-0.006770403375920058,224,224,1.0,1.0
2297,-52.214935,4544.0996,-258.8352080449793,0.01885986328125,1.3987884521484375,0.03153119113964611,213,212,0.9953051643192489,1.0
2298,-52.145264,4545.67,-258.76601612393506,0.069671630859375,1.570068359375,0.06919192104425322,205,205,1.0,1.0
2299,-52.15497,4547.5,-258.7712542987548,-0.00970458984375,1.8300018310546875,-0.005238174819763077,213,211,0.9906103286384976,1.0
2300,-52.06891,4549.3823,-258.7647828456792,0.0860595703125,1.882354736328125,0.0064714530756229465,215,215,1.0,1.0
2301,-52.0466,4551.6,-258.724648902281,0.022308349609375,2.2176055908203125,0.04013394339818254,211,211,1.0,1.0
2302,-51.978394,4553.925,-258.66925548974797,0.068206787109375,2.3248443603515625,0.0553934125329972,215,215,1.0,1.0
2303,-52.035736,4556.4546,-258.678137252209,-0.057342529296875,2.529571533203125,-0.008881762461026274,213,212,0.9953051643192489,1.0
2304,-51.95584,4559.206,-258.62947231331333,0.07989501953125,2.751617431640625,0.048664938895666705,214,214,1.0,1.0
2305,-51.99536,4562.237,-258.61605658576156,-0.039520263671875,3.030853271484375,0.013415727551758155,215,215,1.0,1.0
2306,-51.99887,4565.2935,-258.60564412976527,-0.003509521484375,3.0567474365234375,0.010412455996263913,218,218,1.0,1.0
2307,-51.98929,4568.516,-258.5592979997463,0.00958251953125,3.2226409912109375,0.046346130018960735,210,210,1.0,1.0
2308,-51.932983,4571.742,-258.5473956777617,0.056304931640625,3.2258453369140625,0.011902321984631042,212,212,1.0,1.0
2309,-51.989227,4575.0825,-258.5240190113808,-0.056243896484375,3.340179443359375,0.02337666638089785,215,215,1.0,1.0
2310,-52.034546,4578.2314,-258.54488020000036,-0.045318603515625,3.1491241455078125,-0.020861188619539953,212,210,0.9905660377358491,1.0
2311,-52.05304,4581.404,-258.4959839282961,-0.01849365234375,3.172515869140625,0.0488962717042886,214,213,0.9953271028037384,1.0
2312,-52.14386,4584.6465,-258.4421435159317,-0.0908203125,3.242645263671875,0.05384041236435963,218,218,1.0,1.0
2313,-52.190918,4587.833,-258.35058141056845,-0.04705810546875,3.1864013671875,0.09156210536328277,213,213,1.0,1.0
2314,-52.305786,4590.9434,-258.28915408004013,-0.1148681640625,3.110198974609375,0.06142733052829489,212,212,1.0,1.0
2315,-52.279694,4594.122,-258.17516963939823,0.026092529296875,3.1786041259765625,0.1139844406418822,210,209,0.9952380952380953,1.0
2316,-52.33081,4597.1187,-258.13290858487085,-0.051116943359375,2.9965362548828125,0.04226105452738045,216,216,1.0,1.0
2317,-52.334717,4600.2114,-258.07520266545345,-0.00390625,3.0926666259765625,0.0577059194174029,205,205,1.0,1.0
2318,-52.43161,4603.1123,-258.03268629170935,-0.096893310546875,2.90087890625,0.04251637374410956,216,216,1.0,1.0
2319,-52.448517,4605.946,-257.983254917533,-0.01690673828125,2.833404541015625,0.0494313741763619,217,217,1.0,1.0
2320,-52.5047,4608.855,-257.9294373060045,-0.056182861328125,2.9091949462890625,0.053817611528479845,210,210,1.0,1.0
2321,-52.49356,4611.7925,-257.859832939737,0.011138916015625,2.9373016357421875,0.06960436626751319,210,210,1.0,1.0
2322,-52.52893,4614.6367,-257.8027266309062,-0.035369873046875,2.844329833984375,0.05710630883079838,213,212,0.9953051643192489,1.0
2323,-52.55011,4617.526,-257.759371677171,-0.02117919921875,2.889068603515625,0.04335495373519995,216,216,1.0,1.0
2324,-52.604156,4620.332,-257.6742693496617,-0.054046630859375,2.805908203125,0.08510232750927829,210,210,1.0,1.0
2325,-52.65616,4623.1216,-257.62563003107556,-0.052001953125,2.789398193359375,0.048639318586143274,204,204,1.0,1.0
2326,-52.609833,4626.001,-257.49484954326306,0.04632568359375,2.8796234130859375,0.1307804878125206,205,205,1.0,1.0
2327,-52.589233,4628.5264,-257.5681032330799,0.020599365234375,2.525146484375,-0.07325368981682925,202,201,0.995049504950495,1.0
2328,-52.67044,4631.262,-257.5578123409587,-0.081207275390625,2.7359466552734375,0.010290892121166757,208,208,1.0,1.0
2329,-52.66754,4634.0127,-257.513962046362,0.002899169921875,2.750640869140625,0.043850294596741696,212,212,1.0,1.0
2330,-52.658966,4636.709,-257.48344960834584,0.008575439453125,2.696380615234375,0.030512438016179887,213,213,1.0,1.0
2331,-52.674774,4639.402,-257.4383473830652,-0.01580810546875,2.6928863525390625,0.04510222528064605,206,206,1.0,1.0
2332,-52.75525,4642.0435,-257.4680545487996,-0.080474853515625,2.641632080078125,-0.029707165734403893,206,206,1.0,1.0
2333,-52.770966,4644.7637,-257.4009288328989,-0.015716552734375,2.72027587890625,0.06712571590072003,213,212,0.9953051643192489,1.0
2334,-52.796234,4647.4893,-257.3720417606536,-0.0252685546875,2.7254638671875,0.02888707224532811,209,209,1.0,1.0
2335,-52.816833,4650.1313,-257.343850231163,-0.020599365234375,2.642303466796875,0.02819152949058637,205,204,0.9951219512195122,1.0
2336,-52.906006,4653.01,-257.32271235222,-0.08917236328125,2.8785400390625,0.021137878943000652,205,205,1.0,1.0
2337,-52.853516,4655.6963,-257.32189577468273,0.052490234375,2.6864776611328125,0.0008165775372509504,208,207,0.9951923076923077,1.0
2338,-52.862762,4658.4526,-257.3055379692634,-0.009246826171875,2.756500244140625,0.016357805419293034,209,208,0.9952153110047847,1.0
2339,-52.876404,4661.109,-257.3226969473128,-0.013641357421875,2.6562957763671875,-0.017158978049407386,205,205,1.0,1.0
2340,-52.967773,4663.7324,-257.29595556646944,-0.09136962890625,2.6236724853515625,0.0267413808433351,212,212,1.0,1.0
2341,-52.86078,4666.4556,-257.27550216365535,0.10699462890625,2.723297119140625,0.020453402814077936,207,205,0.9903381642512077,1.0
2342,-52.971313,4669.1763,-257.2805011074141,-0.11053466796875,2.7209014892578125,-0.0049989437587506826,206,206,1.0,1.0
2343,-52.987366,4671.8994,-257.22066578749383,-0.01605224609375,2.723297119140625,0.05983531992027599,215,215,1.0,1.0
2344,-52.953217,4674.5483,-257.2252721617577,0.034149169921875,2.6489410400390625,-0.00460637426386753,203,203,1.0,1.0
2345,-53.00293,4677.2915,-257.2117300392141,-0.049713134765625,2.74322509765625,0.013542122543561432,208,208,1.0,1.0
2346,-53.006897,4679.9683,-257.1810365280306,-0.00396728515625,2.6768951416015625,0.0306935111835491,213,212,0.9953051643192489,1.0
2347,-52.95758,4682.608,-257.1653967398982,0.04931640625,2.6396331787109375,0.01563978813237568,207,205,0.9903381642512077,1.0
2348,-53.006653,4685.1274,-257.1527098600437,-0.049072265625,2.51971435546875,0.01268687985452227,207,205,0.9903381642512077,1.0
2349,-52.994507,4687.91,-257.1381547692009,0.01214599609375,2.782470703125,0.014555090842769321,208,207,0.9951923076923077,1.0
2350,-52.97647,4690.5874,-257.1057457973374,0.018035888671875,2.6770172119140625,0.03240897186351145,210,209,0.9952380952380953,1.0
2351,-53.023163,4693.352,-257.08621346430294,-0.04669189453125,2.7648468017578125,0.019532333034503316,212,210,0.9905660377358491,1.0
2352,-53.02475,4696.1445,-257.04855566227843,-0.0015869140625,2.7922515869140625,0.03765780202448855,210,209,0.9952380952380953,1.0
2353,-53.12744,4698.8794,-257.03764046222307,-0.102691650390625,2.7346343994140625,0.010915200055357616,214,213,0.9953271028037384,1.0
2354,-53.233734,4701.4917,-257.0312317360839,-0.106292724609375,2.6123504638671875,0.006408726139160466,214,214,1.0,1.0
2355,-53.167694,4704.02,-256.9947535361337,0.0660400390625,2.528106689453125,0.03647819995018166,210,210,1.0,1.0
2356,-53.15262,4706.3984,-256.95779274384563,0.01507568359375,2.3785552978515625,0.03696079228810417,211,209,0.990521327014218,1.0
2357,-53.198334,4708.59,-256.9676228660663,-0.04571533203125,2.1915435791015625,-0.009830122220643351,211,209,0.990521327014218,1.0
2358,-53.191864,4710.7285,-256.94614559998536,0.0064697265625,2.1385955810546875,0.021477266080949516,214,214,1.0,1.0
2359,-53.139618,4712.8315,-256.94747499707194,0.05224609375,2.1030426025390625,-0.0013293970865722725,220,218,0.990909090909091,1.0
2360,-53.173523,4714.8657,-256.93115879164213,-0.033905029296875,2.0340423583984375,0.016316205429813078,217,216,0.9953917050691244,1.0
2361,-53.07245,4716.7617,-256.8968601040219,0.10107421875,1.8958892822265625,0.034298687620204195,216,215,0.9953703703703703,1.0
2362,-53.102966,4718.6353,-256.8604381484352,-0.030517578125,1.873382568359375,0.03642195558669341,208,207,0.9951923076923077,1.0
2363,-53.05197,4720.468,-256.8317910387556,0.050994873046875,1.832366943359375,0.028647109679594177,213,212,0.9953051643192489,1.0
2364,-53.064667,4722.27,-256.7938435592056,-0.0126953125,1.8024749755859375,0.03794747955003502,214,213,0.9953271028037384,1.0
2365,-53.04254,4724.028,-256.761591256055,0.022125244140625,1.7576141357421875,0.03225230315058518,208,207,0.9951923076923077,1.0
2366,-53.028687,4725.664,-256.73520120530844,0.01385498046875,1.6364593505859375,0.02639005074654654,204,204,1.0,1.0
2367,-53.082275,4727.217,-256.7172930270156,-0.0535888671875,1.552947998046875,0.01790817829283359,217,217,1.0,1.0
2368,-53.003174,4728.769,-256.78583858420313,0.0791015625,1.5524139404296875,-0.06854555718754661,211,211,1.0,1.0
2369,-52.93869,4730.4277,-256.6779240259573,0.064483642578125,1.6585540771484375,0.10791455824587882,204,204,1.0,1.0
2370,-52.95404,4731.882,-256.66858774284594,-0.015350341796875,1.4539031982421875,0.009336283111314982,210,210,1.0,1.0
2371,-53.003906,4733.3633,-256.70028994603933,-0.04986572265625,1.4814910888671875,-0.03170220319340439,208,208,1.0,1.0
2372,-52.97177,4735.0576,-256.66211733662897,0.032135009765625,1.69427490234375,0.038172609410375556,207,207,1.0,1.0
2373,-53.04059,4736.6143,-256.66736078612416,-0.068817138671875,1.5567474365234375,-0.0052434494952204305,211,210,0.995260663507109,1.0
2374,-53.048462,4738.1406,-256.6555330825081,-0.00787353515625,1.526519775390625,0.011827703616087802,211,211,1.0,1.0
2375,-52.89322,4739.766,-256.58874185824374,0.155242919921875,1.6255340576171875,0.06679122426433927,214,213,0.9953271028037384,1.0
2376,-53.046814,4741.1895,-256.62710205633977,-0.153594970703125,1.4231414794921875,-0.03836019809601178,210,210,1.0,1.0
2377,-53.06714,4742.4624,-256.62682766232507,-0.02032470703125,1.2731170654296875,0.00027439401467656055,210,208,0.9904761904761905,1.0
2378,-53.04471,4743.7783,-256.61566459288764,0.022430419921875,1.3158111572265625,0.011163069437433481,213,213,1.0,1.0
2379,-52.945374,4745.1143,-256.5516480397226,0.099334716796875,1.3358154296875,0.0640165531650418,214,214,1.0,1.0
2380,-53.108765,4746.2725,-256.5666102001337,-0.16339111328125,1.15838623046875,-0.014962160411106176,214,214,1.0,1.0
2381,-53.068054,4747.2114,-256.56421104745436,0.04071044921875,0.9389495849609375,0.0023991526793562695,223,222,0.9955156950672646,1.0
2382,-53.088593,4748.1577,-256.55247517739286,-0.020538330078125,0.94610595703125,0.011735870061495972,220,219,0.9954545454545455,1.0
2383,-53.06714,4748.996,-256.5598283565479,0.021453857421875,0.838226318359375,-0.007353179155045234,220,218,0.990909090909091,1.0
2384,-53.07321,4749.71,-256.53183679102324,-0.006072998046875,0.7139892578125,0.027991565524645576,222,222,1.0,1.0
2385,-53.085693,4750.5576,-256.47483221258796,-0.012481689453125,0.8475494384765625,0.05700457843528964,219,218,0.9954337899543378,1.0
2386,-53.18695,4750.859,-256.55893685028013,-0.10125732421875,0.30108642578125,-0.08410463769218886,213,212,0.9953051643192489,1.0
2387,-53.107697,4751.26,-256.49079073561404,0.079254150390625,0.4008941650390625,0.06814611466608664,216,216,1.0,1.0
2388,-52.99225,4751.464,-256.46607795744615,0.115447998046875,0.2040863037109375,0.02471277816790086,216,216,1.0,1.0
2389,-52.974396,4751.6147,-256.4794219235288,0.017852783203125,0.150787353515625,-0.013343966082619757,226,226,1.0,1.0
2390,-53.05197,4751.6963,-256.5089737821251,-0.07757568359375,0.0817718505859375,-0.0295518585963309,228,228,1.0,1.0
2391,-53.097687,4751.8066,-256.5162920982016,-0.04571533203125,0.1104278564453125,-0.007318316076483048,235,235,1.0,1.0
2392,-53.146088,4751.8125,-256.5058655491537,-0.04840087890625,0.005767822265625,0.010426549047829569,233,233,1.0,1.0
2393,-53.169434,4751.964,-256.46802866717906,-0.023345947265625,0.1511688232421875,0.0378368819746565,233,233,1.0,1.0
2394,-53.308502,4751.9644,-256.4733305773209,-0.139068603515625,0.000701904296875,-0.005301910141829306,231,230,0.9956709956709957,1.0
2395,-53.456696,4751.963,-256.4848158988169,-0.148193359375,-0.0014190673828125,-0.01148532149605191,223,223,1.0,1.0
2396,-53.52777,4751.9946,-256.4889921766806,-0.071075439453125,0.031890869140625,-0.004176277863674004,226,226,1.0,1.0
2397,-53.988525,4752.0415,-255.72335693474736,-0.46075439453125,0.0467071533203125,0.76563524193323,205,205,1.0,1.0
2398,-54.28824,4751.418,-250.22888045066392,-0.299713134765625,-0.6237335205078125,5.494476484083447,198,198,1.0,1.0
2399,-54.392883,4750.5713,-243.85036154915295,-0.104644775390625,-0.84649658203125,6.378518901510964,191,190,0.9947643979057592,1.0
2400,-54.02603,4749.4634,-237.45865132360666,0.366851806640625,-1.107940673828125,6.391710225546302,180,179,0.9944444444444445,1.0
2401,-53.858887,4748.7246,-230.87571796589518,0.167144775390625,-0.7387237548828125,6.582933357711491,193,191,0.9896373056994818,1.0
2402,-53.7034,4748.029,-224.26440425008965,0.155487060546875,-0.6956634521484375,6.611313715805518,190,189,0.9947368421052631,1.0
2403,-53.45407,4747.2246,-217.7450075941689,0.24932861328125,-0.8040771484375,6.519396655920753,183,181,0.9890710382513661,1.0
2404,-53.08731,4746.454,-211.87504238416776,0.36676025390625,-0.770294189453125,5.869965210001132,183,182,0.994535519125683,1.0
2405,-52.7695,4745.892,-207.1742274321506,0.31781005859375,-0.562225341796875,4.700814952017166,187,185,0.9893048128342246,1.0
2406,-52.476624,4745.6787,-203.76453950887273,0.292877197265625,-0.21319580078125,3.4096879232778687,189,187,0.9894179894179894,1.0
2407,-52.23578,4745.323,-201.53078406094411,0.2408447265625,-0.355560302734375,2.2337554479286017,202,200,0.9900990099009901,1.0
2408,-52.077118,4745.439,-200.0679746201517,0.158660888671875,0.115509033203125,1.462809440792439,196,195,0.9948979591836735,1.0
2409,-51.85504,4745.5503,-198.82886170702915,0.222076416015625,0.1111602783203125,1.2391129131225522,197,196,0.9949238578680203,1.0
2410,-51.801422,4745.882,-197.79449316235446,0.053619384765625,0.3314056396484375,1.0343685446747053,200,199,0.995,1.0
2411,-51.72049,4746.2163,-197.0153829923096,0.0809326171875,0.334381103515625,0.7791101700448348,204,202,0.9901960784313726,1.0
2412,-51.661835,4746.7446,-196.43177590801707,0.05865478515625,0.52850341796875,0.5836070842925313,205,204,0.9951219512195122,1.0
2413,-51.67621,4747.63,-195.9321770016235,-0.014373779296875,0.8854217529296875,0.49959890639357063,207,203,0.9806763285024155,1.0
2414,-51.585754,4748.516,-195.5291920329209,0.0904541015625,0.8861541748046875,0.4029849687026115,210,208,0.9904761904761905,1.0
2415,-51.544037,4749.558,-195.2544673013639,0.041717529296875,1.04193115234375,0.2747247315570071,202,200,0.9900990099009901,1.0
2416,-51.532196,4750.849,-195.0409266799953,0.0118408203125,1.2912139892578125,0.2135406213685981,203,201,0.9901477832512315,1.0
2417,-51.44876,4752.243,-194.85383539075042,0.08343505859375,1.393890380859375,0.18709128924487678,207,205,0.9903381642512077,1.0
2418,-51.404755,4753.801,-194.67055495137487,0.04400634765625,1.55755615234375,0.18328043937553673,211,210,0.995260663507109,1.0
2419,-51.431366,4755.567,-194.64523099992053,-0.026611328125,1.7661285400390625,0.025323951454326664,212,210,0.9905660377358491,1.0
2420,-51.37683,4757.4746,-194.58480486603702,0.054534912109375,1.9076690673828125,0.060426133883519535,213,211,0.9906103286384976,1.0
2421,-51.44467,4759.596,-194.5623321208391,-0.067840576171875,2.1213531494140625,0.022472745197910867,214,213,0.9953271028037384,1.0
2422,-51.409485,4761.9546,-194.5120416727758,0.035186767578125,2.35858154296875,0.05029044806329049,211,210,0.995260663507109,1.0
2423,-51.3761,4764.5454,-194.4887311887751,0.03338623046875,2.590667724609375,0.02331048400071601,211,208,0.985781990521327,1.0
2424,-51.2688,4767.311,-194.43504967352405,0.1072998046875,2.765533447265625,0.05368151525105021,204,203,0.9950980392156863,1.0
2425,-51.31555,4770.1445,-194.377951439581,-0.0467529296875,2.83349609375,0.0570982339430376,206,205,0.9951456310679612,1.0
2426,-51.2323,4773.302,-194.30654537205555,0.083251953125,3.1571044921875,0.07140606752545131,216,215,0.9953703703703703,1.0
2427,-51.13629,4776.354,-194.22948357019047,0.09600830078125,3.052093505859375,0.077061801865078,207,207,1.0,1.0
2428,-51.110565,4779.438,-194.13462462831225,0.025726318359375,3.083770751953125,0.09485894187821636,215,212,0.986046511627907,1.0
2429,-51.249146,4782.557,-194.03165753171888,-0.138580322265625,3.1191558837890625,0.10296709659337393,212,211,0.9952830188679245,1.0
2430,-51.240845,4785.58,-193.9147506695758,0.00830078125,3.02276611328125,0.11690686214309522,200,200,1.0,1.0
2431,-51.36331,4788.62,-193.80205551659046,-0.122467041015625,3.0400543212890625,0.11269515298532667,203,203,1.0,1.0
2432,-51.430786,4791.6123,-193.67388857346307,-0.067474365234375,2.992034912109375,0.12816694312739535,200,200,1.0,1.0
2433,-51.488983,4794.6777,-193.55141177854588,-0.058197021484375,3.0656585693359375,0.12247679491719074,216,216,1.0,1.0
2434,-51.575104,4797.655,-193.44448545028467,-0.08612060546875,2.9770050048828125,0.10692632826121429,211,210,0.995260663507109,1.0
2435,-51.69815,4800.581,-193.39758782213914,-0.123046875,2.9261932373046875,0.046897628145523666,213,212,0.9953051643192489,1.0
2436,-51.64917,4803.4917,-193.32360564860866,0.048980712890625,2.910430908203125,0.0739821735304691,213,213,1.0,1.0
2437,-51.738434,4806.186,-193.3258571244555,-0.089263916015625,2.6941986083984375,-0.002251475846825335,215,215,1.0,1.0
2438,-51.77762,4809.1045,-193.2541513839853,-0.0391845703125,2.91827392578125,0.07170574047022105,214,214,1.0,1.0
2439,-51.897583,4811.7935,-193.23173996910566,-0.119964599609375,2.688995361328125,0.022411414879616214,210,209,0.9952380952380953,1.0
2440,-51.81955,4814.4287,-193.16911901980237,0.078033447265625,2.635498046875,0.06262094930328857,213,213,1.0,1.0
2441,-51.90045,4817.1475,-193.15041583308943,-0.080902099609375,2.71856689453125,0.0187031867129353,208,208,1.0,1.0
2442,-51.873444,4819.7295,-193.1205191950106,0.027008056640625,2.58209228515625,0.029896638078837596,214,214,1.0,1.0
2443,-51.873505,4822.4204,-193.06148213490997,-6.103515625e-05,2.69085693359375,0.05903706010061422,214,214,1.0,1.0
2444,-51.86783,4824.905,-193.0520160504605,0.00567626953125,2.4843902587890625,0.00946608444946219,211,211,1.0,1.0
2445,-51.905884,4827.6367,-193.01403466908533,-0.038055419921875,2.7319183349609375,0.03798138137516668,216,216,1.0,1.0
2446,-51.87332,4830.1807,-192.97292608026106,0.032562255859375,2.5438385009765625,0.04110858882425898,215,215,1.0,1.0
2447,-51.890717,4832.819,-192.97480043886986,-0.01739501953125,2.63812255859375,-0.001874358608795068,216,216,1.0,1.0
2448,-51.89792,4835.355,-192.95603577520404,-0.0072021484375,2.5360870361328125,0.018764663665826745,217,217,1.0,1.0
2449,-51.91974,4837.965,-192.95069475357923,-0.021820068359375,2.6099395751953125,0.005341021624801679,215,214,0.9953488372093023,1.0
2450,-51.93393,4840.6167,-192.93468413223655,-0.014190673828125,2.6517791748046875,0.016010621342670464,213,211,0.9906103286384976,1.0
2451,-51.9057,4843.2256,-192.93877920747042,0.028228759765625,2.6090850830078125,-0.004095075233864044,211,211,1.0,1.0
2452,-51.932465,4845.7554,-192.9209236134299,-0.026763916015625,2.5296783447265625,0.01785559404051674,211,210,0.995260663507109,1.0
2453,-51.91043,4848.399,-192.93015765878684,0.02203369140625,2.6436614990234375,-0.009234045356945475,216,213,0.9861111111111112,1.0
2454,-51.901276,4850.999,-192.8990640492575,0.0091552734375,2.600250244140625,0.031093609529344653,216,215,0.9953703703703703,1.0
2455,-51.923004,4853.6216,-192.91730879397903,-0.021728515625,2.6227569580078125,-0.018244744721518644,216,215,0.9953703703703703,1.0
2456,-51.91983,4856.217,-192.88425456952152,0.003173828125,2.595001220703125,0.033054224457505214,215,214,0.9953488372093023,1.0
2457,-51.903168,4858.7593,-192.9271712371787,0.01666259765625,2.54254150390625,-0.042916667657173356,218,216,0.9908256880733946,1.0
2458,-51.823273,4861.4966,-192.88873720560065,0.07989501953125,2.7371978759765625,0.03843403157805037,218,216,0.9908256880733946,1.0
2459,-51.946075,4864.04,-192.92201809142455,-0.122802734375,2.5432586669921875,-0.03328088582390771,210,209,0.9952380952380953,1.0
2460,-51.830322,4866.8203,-192.86741784217955,0.115753173828125,2.7801513671875,0.054600249244999274,218,216,0.9908256880733946,1.0
2461,-51.846527,4869.366,-192.90227940802734,-0.016204833984375,2.5457763671875,-0.03486156584778015,219,217,0.9908675799086758,1.0
2462,-51.87799,4872.1084,-192.8885743982316,-0.031463623046875,2.7423248291015625,0.01370500979573016,220,219,0.9954545454545455,1.0
2463,-51.86969,4874.6587,-192.92824045505202,0.00830078125,2.55023193359375,-0.03966605682040781,215,211,0.9813953488372092,1.0
2464,-51.833344,4877.165,-192.85371508570944,0.036346435546875,2.5063323974609375,0.07452536934257345,217,215,0.9907834101382489,1.0
2465,-51.788055,4879.507,-192.88982268678637,0.0452880859375,2.342010498046875,-0.03610760107693641,218,216,0.9908256880733946,1.0
2466,-51.770416,4881.861,-192.85143431392206,0.01763916015625,2.3541259765625,0.03838837286430951,217,216,0.9953917050691244,1.0
2467,-51.820312,4883.9717,-192.84432964643824,-0.049896240234375,2.1107177734375,0.007104667483810149,220,218,0.990909090909091,1.0
2468,-51.710022,4886.0547,-192.80157827479235,0.11029052734375,2.0829620361328125,0.04275137164589227,224,222,0.9910714285714286,1.0
2469,-51.691406,4888.179,-192.76189854958147,0.01861572265625,2.124664306640625,0.039679725210869515,220,217,0.9863636363636363,1.0
2470,-51.68857,4890.0967,-192.761592683808,0.002838134765625,1.91741943359375,0.0003058657734562311,218,218,1.0,1.0
2471,-51.68988,4892.0005,-192.7216362492766,-0.001312255859375,1.9039306640625,0.039956434531399514,223,222,0.9955156950672646,1.0
2472,-51.697357,4893.773,-192.67550087378623,-0.007476806640625,1.772491455078125,0.04613537549037849,219,219,1.0,1.0
2473,-51.639496,4895.445,-192.64869619821533,0.057861328125,1.6718597412109375,0.026804675570911214,227,226,0.9955947136563876,1.0
2474,-51.542297,4897.2036,-192.61581395267376,0.097198486328125,1.758636474609375,0.032882245541561606,220,217,0.9863636363636363,1.0
2475,-51.663116,4898.782,-192.61931651208508,-0.120819091796875,1.5785980224609375,-0.003502559411322721,217,216,0.9953917050691244,1.0
2476,-51.65399,4900.333,-192.61165569191988,0.009124755859375,1.5506591796875,0.007660820165197138,209,209,1.0,1.0
2477,-51.582733,4901.975,-192.5777333299273,0.071258544921875,1.6420135498046875,0.03392236199257782,218,218,1.0,1.0
2478,-51.597687,4903.5234,-192.56179814155678,-0.01495361328125,1.54833984375,0.015935188370506927,217,216,0.9953917050691244,1.0
2479,-51.545563,4904.8916,-192.57123827147967,0.0521240234375,1.3683013916015625,-0.00944012992288432,213,212,0.9953051643192489,1.0
2480,-51.59073,4906.47,-192.5258142554522,-0.045166015625,1.5784149169921875,0.04542401602747187,216,215,0.9953703703703703,1.0
2481,-51.644806,4908.05,-192.53711665332986,-0.0540771484375,1.579742431640625,-0.011302397877674182,220,217,0.9863636363636363,1.0
2482,-51.59027,4909.503,-192.52118547186097,0.054534912109375,1.453216552734375,0.01593118146887897,207,207,1.0,1.0
2483,-51.62854,4910.999,-192.53110738396964,-0.03826904296875,1.496337890625,-0.009921912108662523,207,206,0.9951690821256038,1.0
2484,-51.58554,4912.5854,-192.51435311559567,0.042999267578125,1.5863037109375,0.016754268373961278,216,214,0.9907407407407407,1.0
2485,-51.601166,4914.0376,-192.49985539886382,-0.015625,1.4521026611328125,0.01449771673185941,219,217,0.9908675799086758,1.0
2486,-51.64267,4915.4697,-192.51599417958866,-0.04150390625,1.4319915771484375,-0.016138780724842774,219,219,1.0,1.0
2487,-51.653656,4916.848,-192.5042061752387,-0.010986328125,1.378204345703125,0.011788004349978566,221,221,1.0,1.0
2488,-51.646454,4918.075,-192.49799637669318,0.0072021484375,1.2269439697265625,0.006209798545501765,225,225,1.0,1.0
2489,-51.69626,4919.252,-192.46774576592935,-0.0498046875,1.1766510009765625,0.030250610763830243,223,222,0.9955156950672646,1.0
2490,-51.753937,4920.2227,-192.45396566356743,-0.05767822265625,0.970733642578125,0.013780102361922793,224,224,1.0,1.0
2491,-51.69812,4921.2124,-192.39455108335557,0.055816650390625,0.98968505859375,0.05941458021186705,226,226,1.0,1.0
2492,-51.765137,4922.0024,-192.37745795347095,-0.0670166015625,0.7901763916015625,0.017093129884627155,218,218,1.0,1.0
2493,-51.842773,4922.757,-192.35147906807066,-0.07763671875,0.7542266845703125,0.02597888540028312,214,213,0.9953271028037384,1.0
2494,-51.843353,4923.3335,-192.33479421611474,-0.000579833984375,0.5765533447265625,0.016684851955929204,220,219,0.9954545454545455,1.0
2495,-51.921265,4923.8506,-192.30351519656563,-0.077911376953125,0.51708984375,0.0312790195491189,218,217,0.9954128440366973,1.0
2496,-51.931427,4924.2407,-192.21679797823316,-0.010162353515625,0.39013671875,0.08671721833246969,225,225,1.0,1.0
2497,-51.93338,4924.556,-192.19901216967475,-0.001953125,0.3152313232421875,0.017785808558426944,220,220,1.0,1.0
2498,-52.041504,4924.7144,-192.17882176112835,-0.108123779296875,0.1584320068359375,0.020190408546411718,229,229,1.0,1.0
2499,-52.133972,4924.7734,-192.17616839019936,-0.09246826171875,0.0591278076171875,0.002653370928985564,237,237,1.0,1.0
2500,-52.170258,4924.876,-192.15320115153247,-0.036285400390625,0.1024932861328125,0.022967238666885856,231,231,1.0,1.0
2501,-52.276276,4924.9106,-192.140749890622,-0.10601806640625,0.034820556640625,0.012451260910471537,229,229,1.0,1.0
2502,-52.361847,4924.9575,-192.1171067234355,-0.0855712890625,0.0467376708984375,0.023643167186483276,231,231,1.0,1.0
2503,-52.42163,4924.8867,-192.12659291635453,-0.059783935546875,-0.0709686279296875,-0.009486192919016992,239,239,1.0,1.0
2504,-52.539734,4924.8765,-192.120950087521,-0.11810302734375,-0.0102691650390625,0.00564282883352394,232,231,0.9956896551724138,1.0
2505,-52.57727,4924.8623,-192.10577498031427,-0.03753662109375,-0.01409912109375,0.015175107206744158,229,228,0.9956331877729258,1.0
2506,-52.77887,4924.835,-192.09964182621223,-0.20159912109375,-0.0273590087890625,0.006133154102032171,230,230,1.0,1.0
2507,-53.52133,4923.7754,-188.2278972928944,-0.742462158203125,-1.0596160888671875,3.871744533317836,200,200,1.0,1.0
2508,-53.60498,4922.8833,-181.9317638863431,-0.083648681640625,-0.8921966552734375,6.296133406551299,195,194,0.9948717948717949,1.0
2509,-53.267883,4922.093,-175.71130091761054,0.33709716796875,-0.7902984619140625,6.22046296873256,204,202,0.9901960784313726,1.0
2510,-52.870667,4921.443,-170.4167555136082,0.397216796875,-0.650054931640625,5.294545404002347,199,196,0.9849246231155779,1.0
2511,-52.462982,4920.9565,-166.37743878830582,0.407684326171875,-0.48638916015625,4.0393167253023705,202,201,0.995049504950495,1.0
2512,-52.086853,4920.6772,-163.7244671132869,0.376129150390625,-0.2794189453125,2.6529716750189447,202,202,1.0,1.0
2513,-51.80417,4920.6,-161.98872783672525,0.282684326171875,-0.0771484375,1.7357392765616346,204,204,1.0,1.0
2514,-51.656128,4920.6167,-160.64760292628324,0.148040771484375,0.0167083740234375,1.341124910441999,203,202,0.9950738916256158,1.0
2515,-51.56778,4920.683,-159.55642451945664,0.088348388671875,0.0663604736328125,1.0911784068265984,207,205,0.9903381642512077,1.0
2516,-51.3201,4920.729,-158.63012893937437,0.2476806640625,0.0458984375,0.9262955800822587,215,215,1.0,1.0
2517,-51.183563,4920.9067,-157.97279212040416,0.13653564453125,0.1777191162109375,0.6573368189702183,212,211,0.9952830188679245,1.0
2518,-51.135773,4921.1562,-157.41133646411376,0.04779052734375,0.2496337890625,0.5614556562904088,217,217,1.0,1.0
2519,-51.001617,4921.622,-156.9865852581792,0.1341552734375,0.4656982421875,0.4247512059345562,210,209,0.9952380952380953,1.0
2520,-50.815125,4922.089,-156.65279148115104,0.186492919921875,0.4668731689453125,0.33379377702816204,213,212,0.9953051643192489,1.0
2521,-50.7222,4922.735,-156.38171118218258,0.092926025390625,0.6460113525390625,0.27108029896845753,213,212,0.9953051643192489,1.0
2522,-50.61447,4923.404,-156.18353469964381,0.10772705078125,0.6687774658203125,0.19817648253876538,216,215,0.9953703703703703,1.0
2523,-50.607117,4924.222,-156.01120257943117,0.007354736328125,0.8182830810546875,0.17233212021264768,218,218,1.0,1.0
2524,-50.571594,4925.2617,-155.89339179196853,0.0355224609375,1.0397491455078125,0.11781078746264484,221,221,1.0,1.0
2525,-50.486755,4926.4917,-155.8516331457672,0.0848388671875,1.229827880859375,0.04175864620132915,220,219,0.9954545454545455,1.0
2526,-50.46045,4927.903,-155.80513530817655,0.02630615234375,1.4111328125,0.046497837590654796,211,210,0.995260663507109,1.0
2527,-50.420715,4929.4595,-155.74355154060703,0.03973388671875,1.5564117431640625,0.06158376756952009,211,211,1.0,1.0
2528,-50.353485,4931.126,-155.69831140712688,0.067230224609375,1.6663818359375,0.04524013348015192,211,209,0.990521327014218,1.0
2529,-50.305298,4933.03,-155.66395051017824,0.048187255859375,1.9037322998046875,0.03436089694862876,219,219,1.0,1.0
2530,-50.225616,4935.018,-155.61360672758482,0.079681396484375,1.9881591796875,0.05034378259340925,222,220,0.990990990990991,1.0
2531,-50.201965,4937.2925,-155.60549514225147,0.023651123046875,2.2744903564453125,0.008111585333345142,219,218,0.9954337899543378,1.0
2532,-50.198517,4939.773,-155.6049361458592,0.003448486328125,2.4806060791015625,0.0005589963922590799,215,215,1.0,1.0
2533,-50.12726,4942.426,-155.58311749211936,0.071258544921875,2.6526336669921875,0.021818653739850886,216,216,1.0,1.0
2534,-50.126526,4945.304,-155.58645777392996,0.000732421875,2.8783111572265625,-0.0033402818106209606,219,218,0.9954337899543378,1.0
2535,-50.12976,4948.276,-155.5941815395923,-0.00323486328125,2.9719085693359375,-0.007723765662342513,220,218,0.990909090909091,1.0
2536,-50.144897,4951.3096,-155.58137024238937,-0.01513671875,3.0338592529296875,0.012811297202933829,217,216,0.9953917050691244,1.0
2537,-50.12152,4954.396,-155.55169503804882,0.02337646484375,3.0864105224609375,0.02967520434055394,221,221,1.0,1.0
2538,-50.172638,4957.4663,-155.48807147580732,-0.051116943359375,3.07025146484375,0.06362356224150431,218,218,1.0,1.0
2539,-50.143616,4960.6484,-155.42575473765984,0.029022216796875,3.1823272705078125,0.06231673814746621,217,217,1.0,1.0
2540,-50.19464,4963.749,-155.34059467421363,-0.051025390625,3.1005859375,0.08516006344619813,219,217,0.9908675799086758,1.0
2541,-50.185333,4966.834,-155.22630829867686,0.009307861328125,3.084808349609375,0.11428637553676974,224,222,0.9910714285714286,1.0
2542,-50.195618,4969.8687,-155.09243433189513,-0.010284423828125,3.03466796875,0.13387396678172325,216,212,0.9814814814814815,1.0
2543,-50.204132,4972.8403,-154.94322508013326,-0.008514404296875,2.9718475341796875,0.1492092517618877,211,211,1.0,1.0
2544,-50.294434,4975.8047,-154.8509598455991,-0.090301513671875,2.9644775390625,0.09226523453414547,211,211,1.0,1.0
2545,-50.309814,4978.6665,-154.74578457587168,-0.015380859375,2.86187744140625,0.10517526972742017,217,216,0.9953917050691244,1.0
2546,-50.34964,4981.5464,-154.70784703437909,-0.039825439453125,2.88006591796875,0.0379375414926033,215,214,0.9953488372093023,1.0
2547,-50.40796,4984.359,-154.66566483123432,-0.058319091796875,2.81256103515625,0.04218220314476045,215,214,0.9953488372093023,1.0
2548,-50.50537,4987.117,-154.6146710261976,-0.097412109375,2.758331298828125,0.05099380503670557,213,212,0.9953051643192489,1.0
2549,-50.422607,4989.856,-154.55833682276054,0.082763671875,2.738677978515625,0.05633420343706188,214,212,0.9906542056074766,1.0
2550,-50.465607,4992.5327,-154.51350013888174,-0.042999267578125,2.6768646240234375,0.04483668387878882,211,208,0.985781990521327,1.0
2551,-50.584106,4995.2314,-154.5017806492157,-0.118499755859375,2.698699951171875,0.011719489666040087,207,205,0.9903381642512077,1.0
2552,-50.51306,4997.7197,-154.45290837454672,0.071044921875,2.488128662109375,0.048872274668971045,211,211,1.0,1.0
2553,-50.5766,5000.4053,-154.4406944370682,-0.06353759765625,2.6856689453125,0.01221393747852451,216,216,1.0,1.0
2554,-50.647797,5002.976,-154.40951176483955,-0.071197509765625,2.5707855224609375,0.031182672228661053,211,211,1.0,1.0
2555,-50.75351,5005.7114,-154.4102137695372,-0.105712890625,2.735260009765625,-0.0007020046976335496,203,203,1.0,1.0
2556,-50.743683,5008.3706,-154.3766558531723,0.00982666015625,2.6592864990234375,0.033557916364882374,218,218,1.0,1.0
2557,-50.767975,5011.1416,-154.36727101572222,-0.0242919921875,2.770843505859375,0.009384837450086345,215,214,0.9953488372093023,1.0
2558,-50.925568,5013.9067,-154.3721945821085,-0.1575927734375,2.7651519775390625,-0.004923566386288363,222,222,1.0,1.0
2559,-50.846893,5016.5137,-154.3465164352777,0.07867431640625,2.6070098876953125,0.02567814683079987,222,221,0.9954954954954955,1.0
2560,-51.00284,5018.939,-154.34898202041134,-0.15594482421875,2.42535400390625,-0.002465585133643308,219,218,0.9954337899543378,1.0
2561,-51.104065,5021.408,-154.3592833359907,-0.101226806640625,2.46929931640625,-0.010301315579364003,221,221,1.0,1.0
2562,-51.12332,5023.777,-154.32932540618356,-0.019256591796875,2.3685302734375,0.02995792980714966,219,218,0.9954337899543378,1.0
2563,-51.159332,5025.9326,-154.2968664295531,-0.0360107421875,2.15594482421875,0.032458976630475984,221,220,0.995475113122172,1.0
2564,-51.21649,5028.0293,-154.2789520784574,-0.057159423828125,2.096649169921875,0.017914351095703055,221,221,1.0,1.0
2565,-51.233948,5030.0444,-154.25176844524057,-0.0174560546875,2.0153045654296875,0.027183633216835725,223,223,1.0,1.0
2566,-51.279785,5031.9404,-154.22297767023974,-0.04583740234375,1.89599609375,0.028790775000825785,222,221,0.9954954954954955,1.0
2567,-51.301575,5033.694,-154.1943925227113,-0.02178955078125,1.7531890869140625,0.028585147528458168,229,229,1.0,1.0
2568,-51.287292,5035.5356,-154.17498494640373,0.0142822265625,1.841827392578125,0.0194075763075818,224,223,0.9955357142857143,1.0
2569,-51.403717,5037.203,-154.2088769543169,-0.116424560546875,1.6676788330078125,-0.033892007913187444,216,216,1.0,1.0
2570,-51.39865,5038.926,-154.16599320690395,0.00506591796875,1.722503662109375,0.04288374741295527,213,212,0.9953051643192489,1.0
2571,-51.31299,5040.5845,-154.11733956491855,0.085662841796875,1.6587677001953125,0.04865364198540136,220,219,0.9954545454545455,1.0
2572,-51.432556,5042.1157,-154.14193614480112,-0.11956787109375,1.5310211181640625,-0.024596579882576745,216,214,0.9907407407407407,1.0
2573,-51.43918,5043.692,-154.10279818604343,-0.006622314453125,1.575958251953125,0.03913795875767796,222,222,1.0,1.0
2574,-51.565887,5045.2817,-154.11104487013333,-0.126708984375,1.589691162109375,-0.008246684089905731,221,220,0.995475113122172,1.0
2575,-51.459778,5046.8467,-154.07695618210153,0.106109619140625,1.5651397705078125,0.03408868803179083,219,219,1.0,1.0
2576,-51.59616,5048.3623,-154.09010934827248,-0.136383056640625,1.515838623046875,-0.013153166170952265,221,221,1.0,1.0
2577,-51.63806,5049.9756,-154.09990223952911,-0.041900634765625,1.6132965087890625,-0.009792891256627417,225,225,1.0,1.0
2578,-51.6893,5051.5195,-154.0894396688635,-0.051239013671875,1.54400634765625,0.010462570665628801,223,222,0.9955156950672646,1.0
2579,-51.729156,5053.062,-154.08261675604652,-0.03985595703125,1.5425262451171875,0.006822912816984138,226,224,0.9911504424778761,1.0
2580,-51.766235,5054.564,-154.07922830717206,-0.037078857421875,1.50177001953125,0.0033884488744677695,224,224,1.0,1.0
2581,-51.75009,5056.022,-154.07747196402593,0.016143798828125,1.45819091796875,0.0017563431461391007,226,226,1.0,1.0
2582,-51.77188,5057.4053,-154.0628970949906,-0.02178955078125,1.383209228515625,0.014574869035342658,221,221,1.0,1.0
2583,-51.777374,5058.734,-154.05887201046843,-0.0054931640625,1.3284759521484375,0.00402508452216892,221,220,0.995475113122172,1.0
2584,-51.797516,5059.952,-154.0553814967239,-0.0201416015625,1.2180938720703125,0.003490513744524662,223,222,0.9955156950672646,1.0
2585,-51.75589,5061.099,-154.01614229902853,0.0416259765625,1.1468353271484375,0.03923919769537559,227,227,1.0,1.0
2586,-51.774963,5062.15,-153.99979978465115,-0.019073486328125,1.0505828857421875,0.01634251437737719,225,225,1.0,1.0
2587,-51.760162,5063.09,-153.99020487457412,0.014801025390625,0.94000244140625,0.009594910077027294,227,227,1.0,1.0
2588,-51.766937,5063.8506,-153.96665046197162,-0.00677490234375,0.7607421875,0.023554412602484105,223,223,1.0,1.0
2589,-51.806946,5064.6216,-153.95878890438112,-0.040008544921875,0.7710113525390625,0.007861557590506977,222,222,1.0,1.0
2590,-51.77899,5065.2393,-153.8928790777249,0.0279541015625,0.6179046630859375,0.06590982665623168,227,227,1.0,1.0
2591,-51.71518,5065.6997,-153.79472625323413,0.063812255859375,0.4602203369140625,0.0981528244907818,230,230,1.0,1.0
2592,-51.759308,5066.1978,-153.73168400181498,-0.04412841796875,0.4979400634765625,0.06304225141914926,226,226,1.0,1.0
2593,-51.77536,5066.59,-153.7108908743343,-0.01605224609375,0.3918914794921875,0.020793127480674044,224,224,1.0,1.0
2594,-51.77527,5066.912,-153.69813269282452,9.1552734375e-05,0.3223419189453125,0.012758181509793751,227,227,1.0,1.0
2595,-51.834625,5067.0786,-153.67628142060818,-0.059356689453125,0.1666259765625,0.021851272216346803,233,232,0.9957081545064378,1.0
2596,-51.872467,5067.1465,-153.65193814916515,-0.037841796875,0.067779541015625,0.024343271443024544,238,238,1.0,1.0
2597,-52.018707,5067.181,-153.63677345130884,-0.146240234375,0.03485107421875,0.015164697856315709,228,227,0.9956140350877193,1.0
2598,-52.12082,5067.1694,-153.61810751437335,-0.10211181640625,-0.011688232421875,0.018665936935497607,226,226,1.0,1.0
2599,-52.32599,5067.1714,-153.61696218670738,-0.205169677734375,0.0021514892578125,0.001145327665958371,226,226,1.0,1.0
2600,-52.494446,5067.1343,-153.61651540976078,-0.16845703125,-0.036956787109375,0.0004467769466003887,227,227,1.0,1.0
2601,-52.677124,5067.1196,-153.62648703150663,-0.18267822265625,-0.0144805908203125,-0.009971621745847058,223,223,1.0,1.0
2602,-52.8519,5066.9946,-153.63652653263742,-0.174774169921875,-0.125091552734375,-0.0100395011307875,225,225,1.0,1.0
2603,-53.27707,5066.791,-153.12112286041824,-0.4251708984375,-0.2035980224609375,0.5154036722191851,212,211,0.9952830188679245,1.0
2604,-53.322845,5066.6094,-152.0762411891869,-0.0457763671875,-0.1814422607421875,1.0448816712313371,206,206,1.0,1.0
2605,-53.293488,5066.4595,-151.2671744612641,0.02935791015625,-0.1501312255859375,0.8090667279227985,212,212,1.0,1.0
2606,-53.246765,5066.49,-150.75345140059818,0.046722412109375,0.0306549072265625,0.5137230606659108,216,216,1.0,1.0
2607,-53.190796,5066.5566,-150.4144661002914,0.05596923828125,0.066314697265625,0.33898530030676577,219,219,1.0,1.0
2608,-53.10434,5066.736,-150.1892000313657,0.086456298828125,0.17919921875,0.22526606892571568,216,215,0.9953703703703703,1.0
2609,-52.996857,5066.8774,-149.95684076761586,0.10748291015625,0.1416473388671875,0.2323592637498167,217,216,0.9953917050691244,1.0
2610,-52.877777,5067.0806,-149.794794124926,0.11907958984375,0.2029571533203125,0.16204664268985067,218,217,0.9954128440366973,1.0
2611,-52.709198,5067.3384,-149.62986662151295,0.1685791015625,0.257659912109375,0.16492750341306264,217,217,1.0,1.0
2612,-52.518433,5067.646,-149.51027924797108,0.190765380859375,0.307647705078125,0.1195873735418514,229,229,1.0,1.0
2613,-52.46463,5067.9956,-149.45960994054812,0.053802490234375,0.3496551513671875,0.05066930742295531,225,225,1.0,1.0
2614,-52.327454,5068.4175,-149.39051133955363,0.137176513671875,0.4220123291015625,0.0690986009944797,224,223,0.9955357142857143,1.0
2615,-52.23233,5068.9043,-149.3311328953606,0.095123291015625,0.4868927001953125,0.059378444193009146,219,219,1.0,1.0
2616,-52.045197,5069.481,-149.2717243767516,0.1871337890625,0.5767059326171875,0.05940851860901595,221,221,1.0,1.0
2617,-51.95996,5070.1523,-149.2286890797849,0.085235595703125,0.6715240478515625,0.04303529696667983,223,222,0.9955156950672646,1.0
2618,-51.723877,5070.8945,-149.16646637319664,0.236083984375,0.7421112060546875,0.0622227065882588,226,224,0.9911504424778761,1.0
2619,-51.63919,5071.795,-149.15261085408565,0.084686279296875,0.9002532958984375,0.013855519110978619,221,220,0.995475113122172,1.0
2620,-51.64096,5072.954,-149.12944040840557,-0.00177001953125,1.1590728759765625,0.0231704456800707,222,220,0.990990990990991,1.0
2621,-51.495605,5074.292,-149.08790817911517,0.145355224609375,1.3377685546875,0.04153222929039323,214,212,0.9906542056074766,1.0
2622,-51.53369,5075.7153,-149.12638328518614,-0.0380859375,1.4234161376953125,-0.038475106070973444,212,212,1.0,1.0
2623,-51.444305,5077.277,-149.09796138234017,0.089385986328125,1.5616302490234375,0.028421902845957057,220,220,1.0,1.0
2624,-51.394897,5079.0215,-149.09443978659954,0.049407958984375,1.74462890625,0.003521595740645048,215,214,0.9953488372093023,1.0
2625,-51.281036,5080.884,-149.10200709762285,0.113861083984375,1.862152099609375,-0.007567311023304888,218,217,0.9954128440366973,1.0
2626,-51.276764,5082.9155,-149.1027340694679,0.0042724609375,2.0315399169921875,-0.0007269718450662757,226,226,1.0,1.0
2627,-51.253815,5085.2095,-149.11982831359254,0.02294921875,2.2938232421875,-0.017094244124607465,226,226,1.0,1.0
2628,-51.303955,5087.633,-149.1480887721752,-0.050140380859375,2.4234466552734375,-0.028260458582692407,221,220,0.995475113122172,1.0
2629,-51.306946,5090.27,-149.17889017309312,-0.00299072265625,2.6370391845703125,-0.030801400917913186,219,218,0.9954337899543378,1.0
2630,-51.304993,5093.108,-149.24036726733334,0.001953125,2.8378143310546875,-0.061477094240213435,219,219,1.0,1.0
2631,-51.29065,5096.0894,-149.2945668981864,0.01434326171875,2.9813232421875,-0.054199630853062127,221,220,0.995475113122172,1.0
2632,-51.27585,5099.015,-149.310821769843,0.014801025390625,2.925933837890625,-0.01625487165661328,219,218,0.9954337899543378,1.0
2633,-51.317352,5102.052,-149.3589903667287,-0.04150390625,3.036468505859375,-0.048168596885721796,225,225,1.0,1.0
2634,-51.287537,5105.149,-149.3718464714134,0.029815673828125,3.0973052978515625,-0.012856104684696478,222,222,1.0,1.0
2635,-51.327087,5108.2563,-149.3492029548576,-0.03955078125,3.1072540283203125,0.022643516555807992,220,220,1.0,1.0
2636,-51.405975,5111.35,-149.32501092939225,-0.078887939453125,3.093719482421875,0.024192025465347957,217,215,0.9907834101382489,1.0
2637,-51.525024,5114.4043,-149.2988182715936,-0.119049072265625,3.054443359375,0.02619265779863841,217,217,1.0,1.0
2638,-51.582672,5117.2886,-149.2125157382492,-0.057647705078125,2.884246826171875,0.08630253334439401,221,221,1.0,1.0
2639,-51.597656,5120.1963,-149.11765530534907,-0.014984130859375,2.907745361328125,0.0948604329001469,225,224,0.9955555555555555,1.0
2640,-51.629944,5123.0786,-149.0068972719086,-0.03228759765625,2.8821563720703125,0.11075803344046523,216,216,1.0,1.0
2641,-51.696014,5125.925,-148.9654720000238,-0.066070556640625,2.8460540771484375,0.04142527188480595,220,220,1.0,1.0
2642,-51.693146,5128.761,-148.92810654624202,0.00286865234375,2.8363494873046875,0.037365453781788155,224,224,1.0,1.0
2643,-51.71176,5131.436,-148.90210585639161,-0.01861572265625,2.6749114990234375,0.026000689850395556,218,218,1.0,1.0
2644,-51.767517,5134.2324,-148.88051859628513,-0.055755615234375,2.7965545654296875,0.02158726010647489,224,223,0.9955357142857143,1.0
2645,-51.806976,5136.958,-148.83952958275114,-0.039459228515625,2.7256011962890625,0.040989013533987956,223,222,0.9955156950672646,1.0
2646,-51.805145,5139.599,-148.79071572697637,0.0018310546875,2.6412200927734375,0.04881385577476715,223,222,0.9955156950672646,1.0
2647,-51.868103,5142.3633,-148.7686776012957,-0.062957763671875,2.76416015625,0.022038125680669495,222,221,0.9954954954954955,1.0
2648,-51.802032,5144.91,-148.72296537552864,0.066070556640625,2.54693603515625,0.04571222576705451,217,216,0.9953917050691244,1.0
2649,-51.849243,5147.619,-148.72388629307744,-0.047210693359375,2.7088165283203125,-0.0009209175487865318,221,219,0.9909502262443439,1.0
2650,-51.94632,5150.2856,-148.7195042133831,-0.097076416015625,2.6666412353515625,0.004382079694347288,223,221,0.9910313901345291,1.0
2651,-52.068085,5152.936,-148.71728293739108,-0.12176513671875,2.65032958984375,0.002221275992013558,217,217,1.0,1.0
2652,-52.012817,5155.5547,-148.69218979233685,0.055267333984375,2.6187896728515625,0.025093145054223737,216,216,1.0,1.0
2653,-52.100067,5158.24,-148.68567611876637,-0.087249755859375,2.6857757568359375,0.006513673570494882,219,218,0.9954337899543378,1.0
2654,-52.16092,5160.832,-148.70968134133463,-0.06085205078125,2.5917510986328125,-0.024005222568276953,221,221,1.0,1.0
2655,-52.16455,5163.524,-148.67969685976635,-0.003631591796875,2.6920318603515625,0.029984481568271413,218,218,1.0,1.0
2656,-52.21643,5166.0913,-148.7002046453534,-0.0518798828125,2.5671844482421875,-0.02050778558705976,217,217,1.0,1.0
2657,-52.224457,5168.809,-148.6858737322315,-0.008026123046875,2.7176971435546875,0.014330913121898499,221,221,1.0,1.0
2658,-52.235992,5171.366,-148.6897656271091,-0.01153564453125,2.55712890625,-0.0038918948775946826,218,218,1.0,1.0
2659,-52.23471,5174.0454,-148.6621128335932,0.00128173828125,2.67919921875,0.027652793515888847,215,213,0.9906976744186047,1.0
2660,-52.30301,5176.637,-148.70449244178056,-0.06829833984375,2.5919952392578125,-0.042379608187354596,219,217,0.9908675799086758,1.0
2661,-52.255005,5179.2573,-148.680832681586,0.048004150390625,2.6202850341796875,0.023659760194575264,211,210,0.995260663507109,1.0
2662,-52.3609,5181.8716,-148.71027125588614,-0.10589599609375,2.6142425537109375,-0.029438574300140838,212,212,1.0,1.0
2663,-52.316345,5184.443,-148.68523738951578,0.0445556640625,2.5712432861328125,0.025033866370372474,213,213,1.0,1.0
2664,-52.39972,5187.09,-148.7085345111722,-0.0833740234375,2.64697265625,-0.02329712165641513,214,213,0.9953271028037384,1.0
2665,-52.441956,5189.7144,-148.68646088539356,-0.042236328125,2.624542236328125,0.022073625778623703,212,212,1.0,1.0
2666,-52.48578,5192.3022,-148.6944310045495,-0.0438232421875,2.587982177734375,-0.007970119155938959,212,212,1.0,1.0
2667,-52.48697,5194.864,-148.67582027876009,-0.001190185546875,2.5614776611328125,0.018610725789411968,222,222,1.0,1.0
2668,-52.52292,5197.415,-148.65827770807266,-0.03594970703125,2.55145263671875,0.01754257068743294,216,216,1.0,1.0
2669,-52.565674,5200.078,-148.65496179840827,-0.042755126953125,2.6629486083984375,0.0033159096643936414,209,209,1.0,1.0
2670,-52.617554,5202.715,-148.6479666620307,-0.0518798828125,2.636962890625,0.006995136377549234,216,215,0.9953703703703703,1.0
2671,-52.652405,5205.41,-148.62438956400348,-0.03485107421875,2.695556640625,0.023577098027245304,214,213,0.9953271028037384,1.0
2672,-52.673096,5208.152,-148.62858563390745,-0.02069091796875,2.741851806640625,-0.004196069903975525,213,213,1.0,1.0
2673,-52.70462,5210.773,-148.6146523485401,-0.031524658203125,2.6210784912109375,0.01393328536734744,213,213,1.0,1.0
2674,-52.75232,5213.326,-148.60472750781807,-0.047698974609375,2.5532379150390625,0.009924840722015245,213,213,1.0,1.0
2675,-52.81671,5215.8276,-148.59599856782643,-0.06439208984375,2.5014801025390625,0.00872893999163139,218,218,1.0,1.0
2676,-52.859985,5218.078,-148.6004871915789,-0.04327392578125,2.2505950927734375,-0.004488623752467501,224,223,0.9955357142857143,1.0
2677,-52.82254,5220.3037,-148.56653271438063,0.037445068359375,2.2255401611328125,0.033954477198281624,219,219,1.0,1.0
2678,-52.798065,5222.478,-148.53174499646846,0.02447509765625,2.1745147705078125,0.0347877179121598,218,218,1.0,1.0
2679,-52.819702,5224.5054,-148.50796332903164,-0.021636962890625,2.0272674560546875,0.02378166743683361,224,224,1.0,1.0
2680,-52.81955,5226.496,-148.4844079500616,0.000152587890625,1.99090576171875,0.02355537897003299,224,224,1.0,1.0
2681,-52.89142,5228.4155,-148.43563405700405,-0.071868896484375,1.919525146484375,0.048773893057563224,226,225,0.995575221238938,1.0
2682,-52.91156,5230.2837,-148.3915890841791,-0.0201416015625,1.868194580078125,0.04404497282495198,223,223,1.0,1.0
2683,-52.906494,5232.008,-148.3795202100455,0.00506591796875,1.723907470703125,0.012068874133584801,222,222,1.0,1.0
2684,-52.964996,5233.723,-148.35290368097895,-0.058502197265625,1.71514892578125,0.026616529066570783,215,215,1.0,1.0
2685,-52.955383,5235.4204,-148.30959240996444,0.009613037109375,1.6973419189453125,0.04331127101451576,218,218,1.0,1.0
2686,-52.98288,5236.9897,-148.29028840365905,-0.027496337890625,1.569366455078125,0.019304006305398573,218,217,0.9954128440366973,1.0
2687,-53.06714,5238.649,-148.27804172214823,-0.084259033203125,1.6591796875,0.012246681510820877,217,217,1.0,1.0
2688,-53.085236,5240.2524,-148.24667883022136,-0.018096923828125,1.603302001953125,0.03136289192688202,213,213,1.0,1.0
2689,-53.166107,5241.837,-148.27349981016962,-0.08087158203125,1.5845794677734375,-0.026820979948267498,214,214,1.0,1.0
2690,-53.137665,5243.3916,-148.2712914782299,0.0284423828125,1.554443359375,0.002208331939714023,212,212,1.0,1.0
2691,-53.293823,5244.9707,-148.27990509110236,-0.156158447265625,1.5792694091796875,-0.008613612872477517,215,214,0.9953488372093023,1.0
2692,-53.298218,5246.586,-148.27535461754897,-0.00439453125,1.615478515625,0.004550473553381843,216,216,1.0,1.0
2693,-53.352478,5248.197,-148.26765999636834,-0.05426025390625,1.6109771728515625,0.007694621180643089,213,213,1.0,1.0
2694,-53.406982,5249.6924,-148.31009874102855,-0.05450439453125,1.4954071044921875,-0.0424387446602281,214,214,1.0,1.0
2695,-53.43228,5251.2437,-148.30061350226453,-0.025299072265625,1.5514373779296875,0.00948523876402525,214,213,0.9953271028037384,1.0
2696,-53.46219,5252.743,-148.29687889065818,-0.0299072265625,1.4992828369140625,0.003734611606352165,211,211,1.0,1.0
2697,-53.51004,5254.1436,-148.31465617985737,-0.0478515625,1.4005126953125,-0.017777289199183442,214,214,1.0,1.0
2698,-53.581573,5255.4844,-148.31771851696078,-0.071533203125,1.34063720703125,-0.003062337103413192,221,221,1.0,1.0
2699,-53.544952,5256.716,-148.3002720733731,0.03662109375,1.23126220703125,0.017446443587701223,216,216,1.0,1.0
2700,-53.558075,5257.824,-148.26215421764215,-0.01312255859375,1.10833740234375,0.03811785573094299,221,221,1.0,1.0
2701,-53.566437,5258.7964,-148.26819959944325,-0.00836181640625,0.97222900390625,-0.006045381801088191,223,222,0.9955156950672646,1.0
2702,-53.612915,5259.6973,-148.25193352346494,-0.046478271484375,0.90087890625,0.01626607597830999,227,227,1.0,1.0
2703,-53.672638,5260.5127,-148.24669846223952,-0.059722900390625,0.815521240234375,0.005235061225428902,224,224,1.0,1.0
2704,-53.644226,5261.1265,-148.20955754004078,0.028411865234375,0.6137542724609375,0.03714092219873833,218,218,1.0,1.0
2705,-53.635864,5261.5884,-148.15914626065387,0.00836181640625,0.4617156982421875,0.050411279386893264,217,216,0.9953917050691244,1.0
2706,-53.568085,5262.0337,-148.03789779850152,0.067779541015625,0.4454193115234375,0.12124846215233977,215,215,1.0,1.0
2707,-53.6409,5262.5366,-148.04494013248257,-0.07281494140625,0.502838134765625,-0.0070423339810473514,219,218,0.9954337899543378,1.0
2708,-53.65567,5262.8823,-148.04235475294664,-0.0147705078125,0.3455657958984375,0.0025853795359238175,222,222,1.0,1.0
2709,-53.67624,5263.087,-148.0251474558816,-0.02056884765625,0.2043609619140625,0.01720729706502283,227,227,1.0,1.0
2710,-53.707977,5263.179,-148.00557823231526,-0.03173828125,0.0920562744140625,0.01956922356634228,240,240,1.0,1.0
2711,-53.803375,5263.179,-147.98114312646354,-0.09539794921875,0.00018310546875,0.024435105851713445,236,236,1.0,1.0
2712,-53.91162,5263.102,-147.94487056524676,-0.108245849609375,-0.077178955078125,0.03627256121676348,226,226,1.0,1.0
2713,-54.058716,5263.0527,-147.93260544063375,-0.1470947265625,-0.049407958984375,0.01226512461299571,229,229,1.0,1.0
2714,-54.205994,5263.002,-147.91746940335747,-0.14727783203125,-0.050750732421875,0.015136037276280866,220,220,1.0,1.0
2715,-54.38205,5262.918,-147.91436541040267,-0.176055908203125,-0.0839080810546875,0.0031039929548096804,231,231,1.0,1.0
2716,-54.522278,5262.8774,-147.91525928320976,-0.140228271484375,-0.0404510498046875,-0.0008938728071085503,230,230,1.0,1.0
2717,-54.17453,5263.03,-149.3555923637671,0.347747802734375,0.1524810791015625,-1.440333080557335,215,214,0.9953488372093023,1.0
2718,-54.66461,5263.842,-155.05197886358866,-0.490081787109375,0.811859130859375,-5.696386499821553,201,201,1.0,1.0
2719,-55.072235,5264.7666,-161.0799646781643,-0.407623291015625,0.924957275390625,-6.027985814575639,206,206,1.0,1.0
2720,-55.315186,5265.653,-166.42160375859768,-0.242950439453125,0.8860931396484375,-5.341639080433399,205,205,1.0,1.0
2721,-55.500305,5266.2983,-170.50383233816194,-0.18511962890625,0.6454010009765625,-4.082228579564262,206,206,1.0,1.0
2722,-55.520355,5266.581,-173.28120945652958,-0.020050048828125,0.2827911376953125,-2.777377118367637,209,208,0.9952153110047847,1.0
2723,-55.428528,5266.742,-174.961395669151,0.091827392578125,0.1609344482421875,-1.680186212621403,211,210,0.995260663507109,1.0
2724,-55.223114,5266.816,-176.10784758773866,0.205413818359375,0.0735321044921875,-1.146451918587685,204,204,1.0,1.0
2725,-55.043213,5266.8755,-177.06543938399776,0.179901123046875,0.059539794921875,-0.957591796259104,214,214,1.0,1.0
2726,-54.776337,5267.0674,-177.86720569040742,0.266876220703125,0.1919097900390625,-0.8017663064096626,210,210,1.0,1.0
2727,-54.49115,5267.1255,-178.51337538273168,0.285186767578125,0.058135986328125,-0.6461696923242564,218,217,0.9954128440366973,1.0
2728,-54.180725,5267.3296,-179.06031081568514,0.3104248046875,0.2038726806640625,-0.5469354329534655,206,206,1.0,1.0
2729,-53.92105,5267.681,-179.5132676903937,0.259674072265625,0.351348876953125,-0.45295687470853635,202,202,1.0,1.0
2730,-53.761444,5267.9717,-179.93569278885468,0.15960693359375,0.29058837890625,-0.42242509846099036,208,207,0.9951923076923077,1.0
2731,-53.537903,5268.4263,-180.26913261485385,0.223541259765625,0.4545440673828125,-0.333439825999159,207,207,1.0,1.0
2732,-53.26065,5269.0225,-180.6058766559859,0.277252197265625,0.596435546875,-0.3367440411320587,209,209,1.0,1.0
2733,-53.18506,5269.719,-180.87995227537795,0.075592041015625,0.696868896484375,-0.2740756193920474,220,220,1.0,1.0
2734,-53.076416,5270.7446,-181.11773370830775,0.108642578125,1.0253753662109375,-0.2377814329298132,210,210,1.0,1.0
2735,-53.045013,5271.9834,-181.3156301166764,0.031402587890625,1.2386932373046875,-0.19789640836866002,208,207,0.9951923076923077,1.0
2736,-53.076965,5273.258,-181.48107175088515,-0.031951904296875,1.2746124267578125,-0.1654416342087427,210,210,1.0,1.0
2737,-53.108,5274.7285,-181.61367157613464,-0.031036376953125,1.470855712890625,-0.1325998252494773,215,215,1.0,1.0
2738,-53.110535,5276.4165,-181.70749605563614,-0.002532958984375,1.6879730224609375,-0.0938244795014957,217,217,1.0,1.0
2739,-53.12152,5278.181,-181.8318891586885,-0.010986328125,1.7648773193359375,-0.12439310305236047,214,213,0.9953271028037384,1.0
2740,-53.09601,5280.1504,-181.9457650578385,0.0255126953125,1.9692535400390625,-0.11387589915000632,215,214,0.9953488372093023,1.0
2741,-53.12787,5282.367,-182.04265742181633,-0.0318603515625,2.216827392578125,-0.0968923639778081,217,217,1.0,1.0
2742,-53.218964,5284.787,-182.14465588270377,-0.091094970703125,2.420166015625,-0.10199846088745,212,211,0.9952830188679245,1.0
2743,-53.213135,5287.3857,-182.20707060245516,0.005828857421875,2.5985565185546875,-0.06241471975138176,210,209,0.9952380952380953,1.0
2744,-53.18347,5290.2393,-182.35820511786613,0.0296630859375,2.8536834716796875,-0.15113451541097836,205,205,1.0,1.0
2745,-53.30542,5293.218,-182.5168121802563,-0.1219482421875,2.97833251953125,-0.15860706239016514,204,204,1.0,1.0
2746,-53.29236,5296.2896,-182.63679272370595,0.0130615234375,3.0718994140625,-0.1199805434496581,211,210,0.995260663507109,1.0
2747,-53.276123,5299.4243,-182.68540012076124,0.0162353515625,3.13482666015625,-0.04860739705529032,218,218,1.0,1.0
2748,-53.33557,5302.5884,-182.69807610324008,-0.0594482421875,3.1639862060546875,-0.012675982478840175,216,216,1.0,1.0
2749,-53.43219,5305.8345,-182.7050752199439,-0.09661865234375,3.24627685546875,-0.006999116703811052,217,217,1.0,1.0
2750,-53.438812,5309.021,-182.66917849741105,-0.006622314453125,3.1866912841796875,0.035896722532838106,215,214,0.9953488372093023,1.0
2751,-53.506348,5312.1714,-182.60332147797584,-0.067535400390625,3.1503448486328125,0.0658570194352176,221,221,1.0,1.0
2752,-53.528137,5315.315,-182.53919696268377,-0.02178955078125,3.1436309814453125,0.06412451529206985,208,208,1.0,1.0
2753,-53.60623,5318.344,-182.45105819848854,-0.078094482421875,3.0295257568359375,0.08813876419523622,221,220,0.995475113122172,1.0
2754,-53.596252,5321.3735,-182.34131409752743,0.009979248046875,3.0293426513671875,0.10974410096110601,211,211,1.0,1.0
2755,-53.66461,5324.4395,-182.28189529889403,-0.068359375,3.0660247802734375,0.05941879863339221,206,205,0.9951456310679612,1.0
2756,-53.635956,5327.3438,-182.2134824340047,0.028656005859375,2.904266357421875,0.06841286488931497,218,218,1.0,1.0
2757,-53.651703,5330.304,-182.20231528256295,-0.0157470703125,2.9605255126953125,0.011167151441749786,211,208,0.985781990521327,1.0
2758,-53.652008,5333.098,-182.19897242753518,-0.00030517578125,2.79388427734375,0.0033428550277560774,216,216,1.0,1.0
2759,-53.651245,5335.8467,-182.17820858399807,0.000762939453125,2.748565673828125,0.020763843537116956,214,214,1.0,1.0
2760,-53.60782,5338.6323,-182.1572384186536,0.043426513671875,2.785552978515625,0.020970165344455848,217,216,0.9953917050691244,1.0
2761,-53.62732,5341.3013,-182.13669366179943,-0.019500732421875,2.6687469482421875,0.020544756854190462,215,214,0.9953488372093023,1.0
2762,-53.60489,5344.0674,-182.13364492342438,0.022430419921875,2.7662200927734375,0.003048738375033536,213,213,1.0,1.0
2763,-53.58896,5346.684,-182.11616695560636,0.01593017578125,2.6167449951171875,0.017477967818011007,217,215,0.9907834101382489,1.0
2764,-53.555603,5349.435,-182.1018506237755,0.033355712890625,2.75079345703125,0.014316331830856918,219,218,0.9954337899543378,1.0
2765,-53.523865,5352.107,-182.08860862642598,0.03173828125,2.67205810546875,0.013241997349512868,216,216,1.0,1.0
2766,-53.53302,5354.748,-182.1085927172782,-0.0091552734375,2.64111328125,-0.019984090852234057,216,216,1.0,1.0
2767,-53.537018,5357.4443,-182.12195784611828,-0.003997802734375,2.696197509765625,-0.013365128840062274,217,216,0.9953917050691244,1.0
2768,-53.60013,5360.1655,-182.14628826072416,-0.0631103515625,2.7212371826171875,-0.024330414605874002,212,212,1.0,1.0
2769,-53.662384,5363.0684,-182.1405133680104,-0.062255859375,2.9026031494140625,0.005774892713773364,222,222,1.0,1.0
2770,-53.648834,5365.7544,-182.12912307728251,0.0135498046875,2.685882568359375,0.011390290727875589,218,217,0.9954128440366973,1.0
2771,-53.73114,5368.4717,-182.1494584111022,-0.082305908203125,2.71728515625,-0.020335333819673666,216,216,1.0,1.0
2772,-53.76346,5370.994,-182.1513005124594,-0.032318115234375,2.5223388671875,-0.0018421013571977758,222,222,1.0,1.0
2773,-53.850708,5373.41,-182.13613344910408,-0.087249755859375,2.4161224365234375,0.015167063355310515,219,219,1.0,1.0
2774,-53.942383,5375.749,-182.15605521730933,-0.0916748046875,2.3388519287109375,-0.019921768205245216,219,218,0.9954337899543378,1.0
2775,-53.96527,5377.9766,-182.12254751407693,-0.02288818359375,2.22772216796875,0.03350770323239078,223,223,1.0,1.0
2776,-53.986298,5380.1035,-182.10729639320934,-0.021026611328125,2.1270904541015625,0.015251120867583179,214,214,1.0,1.0
2777,-54.050568,5382.1323,-182.10229983204852,-0.06427001953125,2.02880859375,0.004996561160835648,214,214,1.0,1.0
2778,-54.069946,5384.008,-182.09704625368278,-0.019378662109375,1.875396728515625,0.005253578365730561,212,212,1.0,1.0
2779,-54.154236,5385.851,-182.0938941908816,-0.08428955078125,1.843231201171875,0.0031520628011822292,216,216,1.0,1.0
2780,-54.283936,5387.6147,-182.12239656728673,-0.12969970703125,1.763763427734375,-0.028502376405120523,220,219,0.9954545454545455,1.0
2781,-54.26999,5389.371,-182.10855383966566,0.013946533203125,1.7562255859375,0.013842727621073705,215,214,0.9953488372093023,1.0
2782,-54.293823,5391.1143,-182.11272987080582,-0.023834228515625,1.7430877685546875,-0.004176031140153295,218,218,1.0,1.0
2783,-54.352417,5392.7705,-182.11817756928764,-0.05859375,1.65643310546875,-0.005447698481810705,213,213,1.0,1.0
2784,-54.33789,5394.3105,-182.1207010167121,0.0145263671875,1.54010009765625,-0.002523447424458893,211,211,1.0,1.0
2785,-54.40384,5395.883,-182.15820954938707,-0.065948486328125,1.5722503662109375,-0.037508532674964054,212,210,0.9905660377358491,1.0
2786,-54.390076,5397.388,-182.13776437608118,0.013763427734375,1.5055694580078125,0.02044517330588284,208,207,0.9951923076923077,1.0
2787,-54.491608,5398.9873,-182.16136682305734,-0.101531982421875,1.5989990234375,-0.023602446976159014,214,212,0.9906542056074766,1.0
2788,-54.568604,5400.551,-182.19118713832947,-0.076995849609375,1.5633087158203125,-0.029820315272133698,218,218,1.0,1.0
2789,-54.559235,5401.945,-182.1816053719779,0.009368896484375,1.3939971923828125,0.009581766351586444,218,218,1.0,1.0
2790,-54.636993,5403.596,-182.2290757356986,-0.0777587890625,1.6513519287109375,-0.04747036372069727,213,213,1.0,1.0
2791,-54.672882,5405.0273,-182.25365936787688,-0.035888671875,1.4312286376953125,-0.02458363217829395,212,211,0.9952830188679245,1.0
2792,-54.76422,5406.551,-182.29672008861118,-0.091339111328125,1.5234222412109375,-0.04306072073429802,218,218,1.0,1.0
2793,-54.822205,5408.0366,-182.30535056707419,-0.0579833984375,1.485870361328125,-0.008630478463014209,215,215,1.0,1.0
2794,-54.886047,5409.4966,-182.32998136341422,-0.0638427734375,1.459869384765625,-0.024630796340043924,217,217,1.0,1.0
2795,-54.955505,5410.8774,-182.37932034200668,-0.0694580078125,1.3808135986328125,-0.0493389785924626,222,221,0.9954954954954955,1.0
2796,-55.017334,5412.162,-182.4131689508032,-0.06182861328125,1.2844390869140625,-0.033848608796518846,222,222,1.0,1.0
2797,-55.0383,5413.3335,-182.41085724700926,-0.020965576171875,1.17138671875,0.002311703793923891,228,228,1.0,1.0
2798,-55.00638,5414.454,-182.43372181520533,0.03192138671875,1.12042236328125,-0.022864568196068386,228,228,1.0,1.0
2799,-55.07431,5415.4053,-182.47820886929543,-0.06793212890625,0.9509429931640625,-0.04448705409009519,228,228,1.0,1.0
2800,-55.12088,5416.245,-182.48489345457935,-0.04656982421875,0.83990478515625,-0.00668458528391849,228,228,1.0,1.0
2801,-55.106934,5416.955,-182.47773376031037,0.013946533203125,0.70977783203125,0.007159694268975285,224,224,1.0,1.0
2802,-55.106934,5417.61,-182.48483992246557,0.0,0.6548919677734375,-0.007106162155195237,225,225,1.0,1.0
2803,-55.129547,5418.149,-182.46450164520613,-0.022613525390625,0.53900146484375,0.020338277259437154,222,221,0.9954954954954955,1.0
2804,-55.12668,5418.4204,-182.4477239255141,0.00286865234375,0.2716522216796875,0.016777719692018325,224,223,0.9955357142857143,1.0
2805,-55.07727,5418.788,-182.41341361419,0.049407958984375,0.3677215576171875,0.03431031132411092,220,220,1.0,1.0
2806,-55.05893,5419.0947,-182.4361742498713,0.018341064453125,0.306732177734375,-0.022760635681292513,227,227,1.0,1.0
2807,-55.03958,5419.3643,-182.43158786631457,0.01934814453125,0.2696075439453125,0.004586383556738842,223,223,1.0,1.0
2808,-55.076477,5419.6133,-182.44768403149772,-0.036895751953125,0.2491607666015625,-0.01609616518314533,232,232,1.0,1.0
2809,-55.137085,5419.6353,-182.43355046361535,-0.06060791015625,0.022125244140625,0.014133567882375403,235,235,1.0,1.0
2810,-55.257904,5419.642,-182.4280138084869,-0.120819091796875,0.006744384765625,0.005536655128465152,233,233,1.0,1.0
2811,-55.429626,5419.663,-182.4372966286261,-0.171722412109375,0.0212249755859375,-0.009282820139188526,233,233,1.0,1.0
2812,-55.59729,5419.641,-182.42219830930713,-0.16766357421875,-0.022003173828125,0.015098319318937651,234,234,1.0,1.0
2813,-55.740936,5419.585,-182.40732756264538,-0.143646240234375,-0.0560302734375,0.014870746661754343,230,230,1.0,1.0
2814,-55.883545,5419.556,-182.38947650767915,-0.142608642578125,-0.0286102294921875,0.017851054966238206,233,232,0.9957081545064378,1.0
2815,-55.780243,5419.4956,-182.76735621760804,0.103302001953125,-0.0603485107421875,-0.37787970992888426,213,212,0.9953051643192489,1.0
2816,-56.192352,5419.881,-187.69261275351528,-0.412109375,0.385498046875,-4.925256535907225,208,208,1.0,1.0
2817,-56.57791,5420.8896,-193.95061551730706,-0.38555908203125,1.0089569091796875,-6.258002763791775,201,199,0.9900497512437811,1.0
2818,-56.792084,5421.894,-199.876808071257,-0.21417236328125,1.004241943359375,-5.92619255394992,206,206,1.0,1.0
2819,-56.924347,5422.776,-204.83901750913762,-0.13226318359375,0.8819427490234375,-4.962209437880623,216,216,1.0,1.0
2820,-57.062042,5423.295,-208.50081947664063,-0.1376953125,0.5189208984375,-3.6618019675030187,215,213,0.9906976744186047,1.0
2821,-57.029083,5423.584,-210.73764342311713,0.032958984375,0.288848876953125,-2.2368239464764956,210,209,0.9952380952380953,1.0
2822,-56.89093,5423.659,-211.98445376841968,0.138153076171875,0.075103759765625,-1.2468103453025452,218,218,1.0,1.0
2823,-56.70523,5423.811,-212.97766747431703,0.185699462890625,0.151824951171875,-0.9932137058973379,217,216,0.9953917050691244,1.0
2824,-56.572235,5423.94,-213.84521576849548,0.13299560546875,0.1290130615234375,-0.8675482941784611,214,212,0.9906542056074766,1.0
2825,-56.37198,5424.2095,-214.58477486413875,0.20025634765625,0.2694091796875,-0.7395590956432613,211,210,0.995260663507109,1.0
2826,-56.147186,5424.4824,-215.23073569513284,0.22479248046875,0.2728729248046875,-0.6459608309940896,210,209,0.9952380952380953,1.0
2827,-55.98633,5424.743,-215.8133936611243,0.160858154296875,0.2606658935546875,-0.5826579659914622,211,210,0.995260663507109,1.0
2828,-55.775146,5425.03,-216.2933343597585,0.211181640625,0.28680419921875,-0.47994069863418287,212,211,0.9952830188679245,1.0
2829,-55.60269,5425.396,-216.7418371980774,0.172454833984375,0.36602783203125,-0.44850283831890586,213,213,1.0,1.0
2830,-55.399963,5425.9053,-217.10914728099854,0.202728271484375,0.509429931640625,-0.36731008292114636,208,208,1.0,1.0
2831,-55.304382,5426.6787,-217.44877561730326,0.0955810546875,0.773468017578125,-0.33962833630472467,208,208,1.0,1.0
2832,-55.214355,5427.718,-217.7047475450357,0.09002685546875,1.0390625,-0.25597192773245686,214,214,1.0,1.0
2833,-55.16629,5428.823,-217.93408941064456,0.048065185546875,1.1055450439453125,-0.2293418656088732,216,216,1.0,1.0
2834,-55.137207,5430.186,-218.15455791403375,0.029083251953125,1.362884521484375,-0.22046850338918964,212,212,1.0,1.0
2835,-55.085327,5431.6934,-218.32089641921132,0.0518798828125,1.5075531005859375,-0.16633850517756735,218,217,0.9954128440366973,1.0
2836,-55.10193,5433.3735,-218.47936691701187,-0.0166015625,1.6802520751953125,-0.15847049780053865,216,216,1.0,1.0
2837,-55.176666,5435.292,-218.6291438820706,-0.074737548828125,1.918365478515625,-0.1497769650587204,213,213,1.0,1.0
2838,-55.19052,5437.395,-218.77081670129004,-0.01385498046875,2.1029815673828125,-0.1416728192194461,215,214,0.9953488372093023,1.0
2839,-55.098114,5439.631,-218.87758181557925,0.0924072265625,2.23602294921875,-0.1067651142892073,217,217,1.0,1.0
2840,-55.13138,5442.109,-219.0064211791721,-0.03326416015625,2.47784423828125,-0.12883936359285375,210,210,1.0,1.0
2841,-55.1532,5444.7935,-219.1114728755291,-0.021820068359375,2.6845550537109375,-0.10505169635700533,215,215,1.0,1.0
2842,-55.07437,5447.7485,-219.21433984102575,0.078826904296875,2.9552154541015625,-0.10286696549665292,218,218,1.0,1.0
2843,-55.12091,5450.897,-219.31818712072626,-0.046539306640625,3.1486663818359375,-0.10384727970052979,216,216,1.0,1.0
2844,-55.13797,5454.127,-219.48373913205958,-0.017059326171875,3.2300567626953125,-0.16555201133331834,219,218,0.9954337899543378,1.0
2845,-55.196106,5457.522,-219.67470715563422,-0.058135986328125,3.39495849609375,-0.19096802357463077,213,213,1.0,1.0
2846,-55.2305,5460.829,-219.77600490518103,-0.034393310546875,3.307220458984375,-0.10129774954679807,223,222,0.9955156950672646,1.0
2847,-55.277588,5464.159,-219.83054457068215,-0.047088623046875,3.330322265625,-0.05453966550113026,216,216,1.0,1.0
2848,-55.319885,5467.5,-219.86953174807343,-0.04229736328125,3.3407135009765625,-0.03898717739128018,220,218,0.990909090909091,1.0
2849,-55.396667,5470.8613,-219.86817469913677,-0.0767822265625,3.361297607421875,0.0013570489366543693,221,221,1.0,1.0
2850,-55.424133,5474.0903,-219.81582392404988,-0.0274658203125,3.228851318359375,0.052350775086904215,220,219,0.9954545454545455,1.0
2851,-55.52762,5477.346,-219.7847552603194,-0.103485107421875,3.255889892578125,0.031068663730465858,215,215,1.0,1.0
2852,-55.581696,5480.5664,-219.723330607879,-0.0540771484375,3.22027587890625,0.06142465244038566,210,209,0.9952380952380953,1.0
2853,-55.636505,5483.7207,-219.6420029088075,-0.0548095703125,3.1543426513671875,0.08132769907149594,208,207,0.9951923076923077,1.0
2854,-55.66147,5486.797,-219.5862358321938,-0.02496337890625,3.0762786865234375,0.05576707661369336,216,216,1.0,1.0
2855,-55.684784,5489.717,-219.49902629617014,-0.0233154296875,2.9197235107421875,0.08720953602365299,213,213,1.0,1.0
2856,-55.677856,5492.651,-219.50105021702007,0.006927490234375,2.9342498779296875,-0.002023920849908598,221,221,1.0,1.0
2857,-55.652435,5495.5674,-219.47103805851268,0.025421142578125,2.9162750244140625,0.030012158507389506,221,221,1.0,1.0
2858,-55.67215,5498.461,-219.4913427945274,-0.01971435546875,2.8934326171875,-0.020304736014724104,212,212,1.0,1.0
2859,-55.643433,5501.1924,-219.4689489233188,0.028717041015625,2.731231689453125,0.022393871208593243,222,222,1.0,1.0
2860,-55.58203,5504.07,-219.46651604546105,0.0614013671875,2.877349853515625,0.0024328778577588175,214,214,1.0,1.0
2861,-55.647766,5506.882,-219.49142278873535,-0.06573486328125,2.8118133544921875,-0.024906743274292358,217,217,1.0,1.0
2862,-55.634827,5509.668,-219.49170705666228,0.012939453125,2.786102294921875,-0.0002842679269201519,219,219,1.0,1.0
2863,-55.68051,5512.489,-219.5083840466373,-0.045684814453125,2.8208465576171875,-0.016676989975020557,212,212,1.0,1.0
2864,-55.676605,5515.247,-219.52040807736088,0.00390625,2.758453369140625,-0.012024030723578402,211,210,0.995260663507109,1.0
2865,-55.69287,5518.0234,-219.53085275756638,-0.016265869140625,2.776123046875,-0.010444680205503305,215,214,0.9953488372093023,1.0
2866,-55.774292,5520.755,-219.55723148691357,-0.0814208984375,2.731597900390625,-0.02637872934719379,219,218,0.9954337899543378,1.0
2867,-55.79184,5523.5005,-219.5731465068648,-0.017547607421875,2.7457122802734375,-0.01591501995122645,217,217,1.0,1.0
2868,-55.859955,5526.254,-219.6220813728644,-0.068115234375,2.7535552978515625,-0.048934865999602235,221,221,1.0,1.0
2869,-55.883514,5529.0103,-219.64272924372085,-0.0235595703125,2.75616455078125,-0.020647870856463867,223,223,1.0,1.0
2870,-55.802948,5531.734,-219.6521277549552,0.08056640625,2.7237548828125,-0.009398511234329157,216,216,1.0,1.0
2871,-55.8804,5534.4067,-219.71298488601894,-0.07745361328125,2.6728363037109375,-0.0608571310637467,217,215,0.9907834101382489,1.0
2872,-55.86682,5537.233,-219.76565656937512,0.013580322265625,2.825958251953125,-0.05267168335618981,221,220,0.995475113122172,1.0
2873,-55.86435,5539.967,-219.78311351632274,0.002471923828125,2.733978271484375,-0.01745694694761007,220,220,1.0,1.0
2874,-55.89615,5542.6147,-219.81972750997195,-0.03179931640625,2.64788818359375,-0.03661399364920624,213,213,1.0,1.0
2875,-55.840485,5545.338,-219.84338134724578,0.0556640625,2.723358154296875,-0.023653837273816855,211,211,1.0,1.0
2876,-55.816467,5547.9556,-219.8878368747895,0.024017333984375,2.6178436279296875,-0.044455527543739694,217,217,1.0,1.0
2877,-55.854828,5550.7017,-219.9433210232537,-0.038360595703125,2.746002197265625,-0.05548414846417564,214,214,1.0,1.0
2878,-55.802856,5553.4023,-219.96127364567246,0.051971435546875,2.7008056640625,-0.01795262241875481,215,215,1.0,1.0
2879,-55.80664,5556.12,-219.99148212889992,-0.0037841796875,2.7178802490234375,-0.030208483227460607,223,223,1.0,1.0
2880,-55.81424,5558.733,-220.0212115885783,-0.007598876953125,2.612945556640625,-0.029729459678370075,214,212,0.9906542056074766,1.0
2881,-55.845154,5561.4897,-220.0660839250913,-0.030914306640625,2.7566070556640625,-0.044872336513005415,209,209,1.0,1.0
2882,-55.90448,5564.1455,-220.11718404234549,-0.059326171875,2.655853271484375,-0.05110011725419094,214,214,1.0,1.0
2883,-55.898926,5566.8887,-220.1580217443683,0.00555419921875,2.7433319091796875,-0.040837702022823934,210,210,1.0,1.0
2884,-55.892,5569.578,-220.18052274989523,0.006927490234375,2.6895599365234375,-0.022501005526918815,212,212,1.0,1.0
2885,-55.9375,5572.2827,-220.23257582410486,-0.045501708984375,2.70440673828125,-0.05205307420962057,217,217,1.0,1.0
2886,-55.89966,5574.9863,-220.2415693695723,0.037841796875,2.703643798828125,-0.008993545467422088,218,217,0.9954128440366973,1.0
2887,-55.89099,5577.6094,-220.294212107376,0.0086669921875,2.6232757568359375,-0.05264273780373076,217,217,1.0,1.0
2888,-55.895233,5580.247,-220.30719910902815,-0.004241943359375,2.637908935546875,-0.012987001652127496,216,216,1.0,1.0
2889,-55.92038,5582.9014,-220.3609648136329,-0.025146484375,2.6541290283203125,-0.05376570460475897,216,215,0.9953703703703703,1.0
2890,-55.91324,5585.5386,-220.3846541294275,0.00714111328125,2.637054443359375,-0.023689315794592065,214,214,1.0,1.0
2891,-55.93161,5588.2236,-220.3973454565148,-0.01837158203125,2.6849822998046875,-0.01269132708731483,211,211,1.0,1.0
2892,-55.933563,5590.862,-220.4361299918838,-0.001953125,2.6383514404296875,-0.038784535368980744,209,207,0.9904306220095693,1.0
2893,-55.889435,5593.6016,-220.45949705990958,0.04412841796875,2.73992919921875,-0.023367068025785226,209,209,1.0,1.0
2894,-55.93701,5596.266,-220.4919158492099,-0.047576904296875,2.664337158203125,-0.032418789300311675,216,215,0.9953703703703703,1.0
2895,-55.89563,5598.95,-220.51639187555745,0.0413818359375,2.6842041015625,-0.02447602634753462,219,219,1.0,1.0
2896,-55.94757,5601.5576,-220.5721203717248,-0.05194091796875,2.607452392578125,-0.05572849616733841,224,224,1.0,1.0
2897,-55.948975,5604.2085,-220.59942206653645,-0.00140380859375,2.65106201171875,-0.027301694811652233,223,223,1.0,1.0
2898,-55.95749,5606.8945,-220.64087747014716,-0.008514404296875,2.6862640380859375,-0.04145540361070482,216,216,1.0,1.0
2899,-55.915344,5609.4824,-220.63162048679706,0.042144775390625,2.5876922607421875,0.009256983350095461,213,213,1.0,1.0
2900,-55.909485,5612.171,-220.6721975029871,0.005859375,2.688385009765625,-0.04057701619003438,214,214,1.0,1.0
2901,-55.83493,5614.883,-220.6988809244507,0.074554443359375,2.7116851806640625,-0.02668342146359856,210,209,0.9952380952380953,1.0
2902,-55.862,5617.5425,-220.76163365450032,-0.027069091796875,2.6595611572265625,-0.0627527300496276,208,208,1.0,1.0
2903,-55.819702,5620.1875,-220.74346831062795,0.04229736328125,2.6452484130859375,0.01816534387238108,210,209,0.9952380952380953,1.0
2904,-55.84503,5622.799,-220.78465297315375,-0.02532958984375,2.611358642578125,-0.04118466252580496,218,217,0.9954128440366973,1.0
2905,-55.819794,5625.428,-220.78197369450552,0.025238037109375,2.629547119140625,0.0026792786482238143,217,217,1.0,1.0
2906,-55.815155,5628.051,-220.79172618509543,0.004638671875,2.62255859375,-0.009752490589914705,221,219,0.9909502262443439,1.0
2907,-55.880066,5630.727,-220.77353549635055,-0.064910888671875,2.67608642578125,0.018190688744885622,218,216,0.9908256880733946,1.0
2908,-55.85904,5633.389,-220.77310063876942,0.021026611328125,2.6621856689453125,0.0004348575811279295,218,217,0.9954128440366973,1.0
2909,-55.8479,5635.997,-220.80260030963234,0.011138916015625,2.608001708984375,-0.029499670862920418,217,217,1.0,1.0
2910,-55.829315,5638.5635,-220.79839072710803,0.018585205078125,2.5662994384765625,0.004209582524308727,218,217,0.9954128440366973,1.0
2911,-55.821014,5640.941,-220.78458786726242,0.00830078125,2.3772125244140625,0.013802859845602023,223,223,1.0,1.0
2912,-55.84253,5643.2896,-220.7908036468762,-0.021514892578125,2.3486175537109375,-0.006215779613789518,223,223,1.0,1.0
2913,-55.787018,5645.4106,-220.71106032696883,0.055511474609375,2.120941162109375,0.07974331990736927,213,213,1.0,1.0
2914,-55.755005,5647.449,-220.7027941357554,0.032012939453125,2.0383758544921875,0.008266191213423186,217,217,1.0,1.0
2915,-55.749115,5649.4033,-220.6981476466293,0.005889892578125,1.953887939453125,0.004646489126075241,213,213,1.0,1.0
2916,-55.69104,5651.277,-220.6656179591193,0.058074951171875,1.873504638671875,0.032529687510013824,215,214,0.9953488372093023,1.0
2917,-55.664215,5653.0654,-220.64835437259262,0.026824951171875,1.7884521484375,0.01726358652667689,221,221,1.0,1.0
2918,-55.597443,5654.756,-220.58127130170297,0.0667724609375,1.6903533935546875,0.06708307088963794,215,214,0.9953488372093023,1.0
2919,-55.533844,5656.4673,-220.57658766041433,0.0635986328125,1.7111968994140625,0.004683641288628689,213,211,0.9906103286384976,1.0
2920,-55.50775,5658.0327,-220.55931841759133,0.026092529296875,1.565521240234375,0.017269242823015257,215,215,1.0,1.0
2921,-55.47046,5659.615,-220.507983441012,0.03729248046875,1.5827484130859375,0.05133497657933804,212,212,1.0,1.0
2922,-55.517883,5661.0977,-220.52975076355446,-0.04742431640625,1.4823760986328125,-0.021767322542471483,217,215,0.9907834101382489,1.0
2923,-55.409515,5662.5923,-220.51546707904868,0.108367919921875,1.494415283203125,0.014283684505796123,210,210,1.0,1.0
2924,-55.430267,5664.0156,-220.50890856265298,-0.020751953125,1.4231414794921875,0.006558516395696938,210,210,1.0,1.0
2925,-55.475952,5665.494,-220.51891222908142,-0.045684814453125,1.4782867431640625,-0.010003666428453474,216,216,1.0,1.0
2926,-55.42993,5666.9507,-220.5012807930473,0.0460205078125,1.4564056396484375,0.017631436034125394,214,214,1.0,1.0
2927,-55.50403,5668.355,-220.53678425010412,-0.0740966796875,1.4044189453125,-0.035503457056830647,212,212,1.0,1.0
2928,-55.55188,5669.7944,-220.51960019085763,-0.0478515625,1.439666748046875,0.017184059246479772,211,211,1.0,1.0
2929,-55.57617,5671.3716,-220.5442655858939,-0.0242919921875,1.577362060546875,-0.024665395036269723,210,210,1.0,1.0
2930,-55.604553,5672.782,-220.57407812179167,-0.02838134765625,1.4108734130859375,-0.029812535897770828,208,208,1.0,1.0
2931,-55.681976,5674.205,-220.56121734308368,-0.077423095703125,1.4227294921875,0.012860778707981201,217,217,1.0,1.0
2932,-55.733,5675.488,-220.59290605431758,-0.051025390625,1.282745361328125,-0.0316887112339097,214,214,1.0,1.0
2933,-55.78003,5676.7983,-220.62571485052325,-0.047027587890625,1.310516357421875,-0.032808796205668886,224,223,0.9955357142857143,1.0
2934,-55.83145,5677.973,-220.6145342286063,-0.051422119140625,1.1750030517578125,0.011180621916964277,219,218,0.9954337899543378,1.0
2935,-55.862396,5679.1094,-220.55351192122964,-0.03094482421875,1.1362457275390625,0.061022307376642375,221,220,0.995475113122172,1.0
2936,-55.87784,5680.194,-220.54872097174473,-0.01544189453125,1.0843048095703125,0.004790949484910125,223,221,0.9910313901345291,1.0
2937,-55.94867,5681.2236,-220.56205343036893,-0.070831298828125,1.02960205078125,-0.01333245862419311,223,223,1.0,1.0
2938,-56.005463,5681.9785,-220.55754297639683,-0.056793212890625,0.7548675537109375,0.004510453972100604,227,227,1.0,1.0
2939,-56.005127,5682.675,-220.5395672692181,0.000335693359375,0.6965179443359375,0.017975707178734326,220,220,1.0,1.0
2940,-56.038483,5683.2485,-220.50964161605725,-0.033355712890625,0.57391357421875,0.02992565316085759,217,217,1.0,1.0
2941,-56.02777,5683.755,-220.46588026849415,0.010711669921875,0.506256103515625,0.04376134756310135,220,220,1.0,1.0
2942,-56.067505,5684.0913,-220.42096183764963,-0.03973388671875,0.3364715576171875,0.044918430844512185,216,216,1.0,1.0
2943,-56.085205,5684.4507,-220.43162022699815,-0.0177001953125,0.35955810546875,-0.010658389348521856,220,220,1.0,1.0
2944,-56.091003,5684.703,-220.3855423910447,-0.00579833984375,0.252288818359375,0.0460778359534426,226,226,1.0,1.0
2945,-56.030518,5684.828,-220.35340855401307,0.06048583984375,0.12481689453125,0.03213383703162927,230,228,0.991304347826087,1.0
2946,-56.071106,5684.896,-220.36290589516247,-0.04058837890625,0.0678253173828125,-0.009497341149391325,232,232,1.0,1.0
2947,-56.117065,5685.0063,-220.3356228871143,-0.04595947265625,0.1103668212890625,0.02728300804816079,231,231,1.0,1.0
2948,-56.238007,5685.0234,-220.34972030162243,-0.120941162109375,0.0171356201171875,-0.014097414508114777,231,231,1.0,1.0
2949,-56.360138,5685.0493,-220.33915166481097,-0.12213134765625,0.0257110595703125,0.010568636811463663,229,229,1.0,1.0
2950,-56.55136,5685.1255,-220.35170487119203,-0.19122314453125,0.076019287109375,-0.012553206381060488,225,225,1.0,1.0
2951,-56.73929,5685.192,-220.32528648555487,-0.18792724609375,0.0662078857421875,0.02641838563717054,223,222,0.9955156950672646,1.0
2952,-56.947174,5685.246,-220.3267486212287,-0.2078857421875,0.0544281005859375,-0.001462135673813022,222,222,1.0,1.0
2953,-57.9617,5685.4062,-218.26538786931667,-1.0145263671875,0.1602783203125,2.061360751912011,212,211,0.9952830188679245,1.0
2954,-58.59317,5684.616,-212.24125995677744,-0.6314697265625,-0.7900543212890625,6.024127912539233,196,196,1.0,1.0
2955,-58.730408,5683.6636,-205.656647363542,-0.137237548828125,-0.9526214599609375,6.58461259323545,195,194,0.9948717948717949,1.0
2956,-58.81671,5682.731,-199.06093646770518,-0.0863037109375,-0.9326629638671875,6.595710895836821,195,194,0.9948717948717949,1.0
2957,-58.71292,5681.97,-192.4222628916578,0.103790283203125,-0.7609405517578125,6.638673576047368,186,185,0.9946236559139785,1.0
2958,-58.356445,5681.35,-185.75961164531293,0.356475830078125,-0.620208740234375,6.662651246344876,190,190,1.0,1.0
2959,-58.013824,5680.847,-179.1328589080224,0.342620849609375,-0.5030975341796875,6.62675273729052,190,190,1.0,1.0
2960,-57.593994,5680.422,-172.45107158256334,0.419830322265625,-0.42529296875,6.681787325459054,193,193,1.0,1.0
2961,-57.167145,5680.0635,-165.90456139340117,0.426849365234375,-0.35833740234375,6.546510189162166,194,194,1.0,1.0
2962,-56.70584,5679.6797,-160.16513548318795,0.4613037109375,-0.3836669921875,5.73942591021321,200,200,1.0,1.0
2963,-56.32965,5679.5117,-155.77728990098316,0.376190185546875,-0.1678619384765625,4.387845582204803,204,204,1.0,1.0
2964,-56.10031,5679.6743,-152.7019860353277,0.229339599609375,0.162689208984375,3.075303865655454,209,209,1.0,1.0
2965,-55.876923,5680.0415,-150.52310080684998,0.223388671875,0.3669891357421875,2.178885228477736,215,214,0.9953488372093023,1.0
2966,-55.836304,5680.5264,-149.06350332749608,0.040618896484375,0.484771728515625,1.459597479353894,213,212,0.9953051643192489,1.0
2967,-55.764893,5681.0293,-147.93558687413207,0.0714111328125,0.503173828125,1.127916453364011,221,219,0.9909502262443439,1.0
2968,-55.754547,5681.712,-146.98322705420804,0.010345458984375,0.6827545166015625,0.952359819924037,222,219,0.9864864864864865,1.0
2969,-55.645264,5682.5415,-146.25118810581148,0.109283447265625,0.82958984375,0.7320389483965709,219,218,0.9954337899543378,1.0
2970,-55.6344,5683.512,-145.70918570110695,0.0108642578125,0.970489501953125,0.542002404704539,215,214,0.9953488372093023,1.0
2971,-55.59024,5684.5874,-145.28734174364175,0.044158935546875,1.07501220703125,0.42184395746519143,219,217,0.9908675799086758,1.0
2972,-55.49893,5685.7993,-144.9481331892157,0.09130859375,1.2121429443359375,0.33920855442605014,219,218,0.9954337899543378,1.0
2973,-55.51117,5687.354,-144.70821442858286,-0.012237548828125,1.554779052734375,0.2399187606328229,219,219,1.0,1.0
2974,-55.45398,5689.0376,-144.54261561306237,0.05718994140625,1.68365478515625,0.1655988155204909,217,217,1.0,1.0
2975,-55.35211,5690.9097,-144.40858363567668,0.10186767578125,1.8722991943359375,0.13403197738568523,221,221,1.0,1.0
2976,-55.294403,5692.989,-144.34563082233285,0.057708740234375,2.079193115234375,0.06295281334381508,225,224,0.9955555555555555,1.0
2977,-55.268646,5695.3438,-144.33550432893443,0.0257568359375,2.355194091796875,0.010126493398423806,223,223,1.0,1.0
2978,-55.247314,5697.7373,-144.31412630310228,0.021331787109375,2.3934173583984375,0.021378025832135626,223,223,1.0,1.0
2979,-55.20343,5700.4155,-144.29418093189372,0.04388427734375,2.6783294677734375,0.019945371208561394,221,220,0.995475113122172,1.0
2980,-55.22049,5703.3423,-144.27005797194946,-0.017059326171875,2.926727294921875,0.024122959944263344,218,215,0.9862385321100917,1.0
2981,-55.187256,5706.3286,-144.22878393284904,0.033233642578125,2.986480712890625,0.04127403910042435,222,221,0.9954954954954955,1.0
2982,-55.109344,5709.367,-144.17589395637756,0.077911376953125,3.038726806640625,0.0528899764714761,216,215,0.9953703703703703,1.0
2983,-55.119476,5712.4326,-144.15641273701607,-0.0101318359375,3.06561279296875,0.01948121936150055,221,221,1.0,1.0
2984,-55.04242,5715.5522,-144.0824794144847,0.077056884765625,3.119476318359375,0.07393332253135246,216,215,0.9953703703703703,1.0
2985,-55.02133,5718.654,-144.03326770546488,0.021087646484375,3.1016998291015625,0.04921170901982367,219,218,0.9954337899543378,1.0
2986,-55.096405,5721.7725,-143.98538022078483,-0.0750732421875,3.1184539794921875,0.04788748468004833,221,221,1.0,1.0
2987,-55.118347,5724.789,-143.91601219978412,-0.021942138671875,3.0165557861328125,0.06936802100072062,222,222,1.0,1.0
2988,-55.09485,5727.843,-143.864366724843,0.02349853515625,3.0539398193359375,0.05164547494113425,218,217,0.9954128440366973,1.0
2989,-55.11728,5730.813,-143.82214377861737,-0.022430419921875,2.9702301025390625,0.042222946225634016,221,221,1.0,1.0
2990,-55.07599,5733.779,-143.77882456221627,0.041290283203125,2.9659271240234375,0.04331921640110629,219,219,1.0,1.0
2991,-55.102386,5736.6777,-143.79001206300728,-0.026397705078125,2.8990478515625,-0.011187500791021642,221,221,1.0,1.0
2992,-55.099854,5739.531,-143.77940924741947,0.002532958984375,2.8531341552734375,0.010602815587814864,225,225,1.0,1.0
2993,-55.12137,5742.3057,-143.7686239549645,-0.021514892578125,2.7749176025390625,0.010785292454946159,217,217,1.0,1.0
2994,-55.16623,5745.0596,-143.79025279730504,-0.04486083984375,2.7537689208984375,-0.021628842340526873,222,222,1.0,1.0
2995,-55.13443,5747.835,-143.80464057093755,0.03179931640625,2.775390625,-0.01438777363251466,227,227,1.0,1.0
2996,-55.1998,5750.626,-143.8321154787509,-0.06536865234375,2.7908172607421875,-0.02747490781334113,223,223,1.0,1.0
2997,-55.11261,5753.43,-143.80190994977,0.087188720703125,2.8041229248046875,0.0302055289808925,217,217,1.0,1.0
2998,-55.214233,5756.273,-143.83873809556695,-0.10162353515625,2.8427734375,-0.036828145796951574,217,217,1.0,1.0
2999,-55.180786,5759.1206,-143.8595832554343,0.033447265625,2.8475799560546875,-0.020845159867361983,220,220,1.0,1.0
3000,-55.223145,5762.0796,-143.8792926373497,-0.0423583984375,2.959197998046875,-0.019709381915394703,227,227,1.0,1.0
3001,-55.181824,5764.992,-143.89577733979934,0.04132080078125,2.91278076171875,-0.016484702449640447,227,226,0.9955947136563876,1.0
3002,-55.205383,5767.8843,-143.8841147433593,-0.0235595703125,2.8919677734375,0.011662596440024466,228,228,1.0,1.0
3003,-55.133118,5770.6587,-143.87846538508876,0.072265625,2.774566650390625,0.005649358270532506,224,224,1.0,1.0
3004,-55.134888,5771.9736,-143.8664683082644,-0.00177001953125,1.314971923828125,0.01199707682437399,220,220,1.0,1.0
3005,-55.05185,5774.555,-143.85584005345424,0.083038330078125,2.5816192626953125,0.010628254810130742,222,222,1.0,1.0
3006,-55.11078,5776.944,-143.85288690042557,-0.058929443359375,2.3885498046875,0.002953153028667288,227,227,1.0,1.0
3007,-55.083374,5779.2495,-143.8556387020959,0.02740478515625,2.3058013916015625,-0.002751801670317584,227,227,1.0,1.0
3008,-55.13159,5781.351,-143.80800471370392,-0.0482177734375,2.101348876953125,0.0476339883919616,225,225,1.0,1.0
3009,-55.114624,5783.4644,-143.80876692103587,0.0169677734375,2.113250732421875,-0.0007622073319536136,225,225,1.0,1.0
3010,-55.149506,5785.385,-143.7642731321512,-0.034881591796875,1.92041015625,0.04449378888466962,223,223,1.0,1.0
3011,-55.142517,5787.302,-143.7730193919839,0.006988525390625,1.916839599609375,-0.008746259832690766,225,224,0.9955555555555555,1.0
3012,-55.153442,5789.046,-143.76555007585867,-0.01092529296875,1.7440185546875,0.007469316125233046,219,218,0.9954337899543378,1.0
3013,-55.20929,5790.7744,-143.7752368312899,-0.05584716796875,1.728546142578125,-0.009686755431238644,219,217,0.9908675799086758,1.0
3014,-55.249634,5792.4834,-143.78036702521587,-0.04034423828125,1.7089691162109375,-0.005130193925974823,224,224,1.0,1.0
3015,-55.32776,5794.136,-143.81005179327042,-0.078125,1.652862548828125,-0.02968476805456252,216,216,1.0,1.0
3016,-55.378845,5795.7324,-143.83880076462103,-0.05108642578125,1.596405029296875,-0.02874897135061964,217,217,1.0,1.0
3017,-55.38748,5797.4023,-143.82636049338547,-0.008636474609375,1.6699371337890625,0.012440271235556518,220,220,1.0,1.0
3018,-55.428467,5798.9697,-143.8581827271594,-0.040985107421875,1.5673370361328125,-0.03182223377394359,215,215,1.0,1.0
3019,-55.50415,5800.557,-143.8838887149477,-0.07568359375,1.587493896484375,-0.025705987788294568,222,222,1.0,1.0
3020,-55.602173,5802.129,-143.9118924203769,-0.0980224609375,1.571685791015625,-0.028003705429208714,221,221,1.0,1.0
3021,-55.57263,5803.7534,-143.91020176969542,0.029541015625,1.624481201171875,0.001690650681480515,221,221,1.0,1.0
3022,-55.610382,5805.3374,-143.94675149352753,-0.037750244140625,1.5839996337890625,-0.03654972383211814,221,221,1.0,1.0
3023,-55.674713,5806.8486,-143.9578395459645,-0.0643310546875,1.511260986328125,-0.011088052436962096,220,220,1.0,1.0
3024,-55.743378,5808.385,-143.98903985135328,-0.06866455078125,1.53619384765625,-0.03120030538879318,223,223,1.0,1.0
3025,-55.808502,5809.913,-144.02300546652515,-0.06512451171875,1.52838134765625,-0.033965615171871466,221,221,1.0,1.0
3026,-55.878967,5811.301,-144.0160614579279,-0.070465087890625,1.3876953125,0.006944008597253566,212,212,1.0,1.0
3027,-55.93289,5812.6655,-144.04355082801177,-0.053924560546875,1.3648834228515625,-0.027489370083881207,213,213,1.0,1.0
3028,-55.913147,5813.9473,-144.0817716067058,0.019744873046875,1.281982421875,-0.038220778694003484,224,224,1.0,1.0
3029,-55.93701,5815.102,-144.1080402312235,-0.02386474609375,1.154998779296875,-0.026268624517710285,224,224,1.0,1.0
3030,-55.926056,5816.097,-144.11521995328994,0.010955810546875,0.9951019287109375,-0.007179722066440159,226,226,1.0,1.0
3031,-55.892334,5816.9565,-144.1186659918312,0.033721923828125,0.859161376953125,-0.0034460385412557384,223,223,1.0,1.0
3032,-55.89145,5817.7114,-144.11645417171212,0.000885009765625,0.7549591064453125,0.002211820119081645,227,227,1.0,1.0
3033,-55.87549,5818.268,-144.03613174194666,0.015960693359375,0.556732177734375,0.08032242976544908,219,218,0.9954337899543378,1.0
3034,-55.877106,5818.8613,-143.98291358684907,-0.001617431640625,0.593505859375,0.05321815509760016,225,225,1.0,1.0
3035,-55.904633,5819.368,-143.97223593434035,-0.02752685546875,0.507080078125,0.010677652508718435,225,225,1.0,1.0
3036,-55.891235,5819.793,-143.9620400445488,0.013397216796875,0.4246063232421875,0.010195889791559639,222,222,1.0,1.0
3037,-55.951538,5819.9756,-143.92837628821954,-0.060302734375,0.182861328125,0.03366375632925159,225,225,1.0,1.0
3038,-56.085144,5820.0225,-143.8774462112838,-0.13360595703125,0.0469970703125,0.050930076935750634,231,231,1.0,1.0
3039,-56.280212,5819.9336,-143.84268127117215,-0.195068359375,-0.08892822265625,0.03476494011164508,223,223,1.0,1.0
3040,-56.425507,5819.828,-143.7927588636506,-0.145294189453125,-0.10552978515625,0.04992240752157335,232,232,1.0,1.0
3041,-56.51007,5819.693,-143.73209862675523,-0.084564208984375,-0.1353912353515625,0.060660236895369105,232,232,1.0,1.0
3042,-56.709564,5819.5166,-143.73673384481287,-0.199493408203125,-0.1760711669921875,-0.004635218057645294,225,225,1.0,1.0
3043,-56.893433,5819.3535,-143.73058600131392,-0.183868408203125,-0.16314697265625,0.006147843498961737,234,234,1.0,1.0
3044,-56.94644,5819.218,-143.73905551853758,-0.053009033203125,-0.1359100341796875,-0.008469517223654735,227,227,1.0,1.0
3045,-56.911896,5819.327,-146.30013273607756,0.0345458984375,0.1092681884765625,-2.5610772175399843,216,216,1.0,1.0
3046,-57.266937,5819.8555,-150.69491491946243,-0.35504150390625,0.528350830078125,-4.394782183384867,220,220,1.0,1.0
3047,-57.52014,5820.519,-154.4347471629411,-0.253204345703125,0.6636962890625,-3.7398322434786735,216,216,1.0,1.0
3048,-57.616516,5820.875,-157.12178436188498,-0.09637451171875,0.3559417724609375,-2.6870371989438584,218,218,1.0,1.0
3049,-57.617004,5821.294,-158.98807863085975,-0.00048828125,0.4191436767578125,-1.866294268974776,215,214,0.9953488372093023,1.0
3050,-57.472626,5821.6387,-160.31676921338624,0.144378662109375,0.344970703125,-1.3286905825264916,217,217,1.0,1.0
3051,-57.388947,5821.948,-161.35785618391736,0.08367919921875,0.3097381591796875,-1.0410869705311119,220,220,1.0,1.0
3052,-57.21216,5822.267,-162.20716164157383,0.176788330078125,0.31890869140625,-0.8493054576564696,221,221,1.0,1.0
3053,-56.9841,5822.5957,-162.91395388197463,0.228057861328125,0.3287506103515625,-0.7067922404008022,223,222,0.9955156950672646,1.0
3054,-56.73874,5822.8613,-163.46273163610223,0.245361328125,0.2657928466796875,-0.5487777541275881,224,224,1.0,1.0
3055,-56.49048,5823.221,-163.9197782030655,0.248260498046875,0.3600006103515625,-0.4570465669632572,226,226,1.0,1.0
3056,-56.21573,5823.593,-164.2740299129412,0.274749755859375,0.371673583984375,-0.3542517098756892,225,225,1.0,1.0
3057,-56.062958,5824.09,-164.5961857586314,0.15277099609375,0.497283935546875,-0.32215584569022737,219,219,1.0,1.0
3058,-55.885956,5824.555,-164.86280071042717,0.177001953125,0.4654541015625,-0.26661495179576716,218,218,1.0,1.0
3059,-55.668518,5825.1787,-165.10732610104517,0.217437744140625,0.6233673095703125,-0.24452539061801137,224,224,1.0,1.0
3060,-55.49359,5825.9043,-165.35384560476408,0.1749267578125,0.7254791259765625,-0.24651950371890785,228,228,1.0,1.0
3061,-55.38083,5826.7065,-165.56192890204468,0.112762451171875,0.802276611328125,-0.20808329728059738,229,229,1.0,1.0
3062,-55.21115,5827.65,-165.73988691764012,0.169677734375,0.9435577392578125,-0.17795801559543878,226,226,1.0,1.0
3063,-55.188477,5828.857,-165.897232387168,0.022674560546875,1.2068023681640625,-0.15734546952788317,223,223,1.0,1.0
3064,-55.146667,5830.185,-166.0471291098764,0.04180908203125,1.328216552734375,-0.14989672270841575,222,222,1.0,1.0
3065,-55.10031,5831.658,-166.17852788299982,0.046356201171875,1.4730072021484375,-0.13139877312340856,222,222,1.0,1.0
3066,-55.031494,5833.3916,-166.3419598666806,0.068817138671875,1.733367919921875,-0.16343198368079928,229,229,1.0,1.0
3067,-54.938354,5835.281,-166.44742940409833,0.0931396484375,1.8889312744140625,-0.10546953741771269,221,221,1.0,1.0
3068,-54.875854,5837.383,-166.5612412362699,0.0625,2.102020263671875,-0.11381183217155569,223,223,1.0,1.0
3069,-54.814423,5839.544,-166.6727390076556,0.061431884765625,2.1610870361328125,-0.11149777138570979,225,224,0.9955555555555555,1.0
3070,-54.81775,5842.0605,-166.8141070144785,-0.003326416015625,2.5166778564453125,-0.1413680068229028,226,225,0.995575221238938,1.0
3071,-54.761993,5844.598,-166.88420030591067,0.055755615234375,2.5374603271484375,-0.07009329143216544,228,228,1.0,1.0
3072,-54.743073,5847.4033,-167.00429896504653,0.0189208984375,2.8052978515625,-0.12009865913587138,222,222,1.0,1.0
3073,-54.693695,5850.304,-167.16588194667077,0.04937744140625,2.9008331298828125,-0.16158298162422666,214,214,1.0,1.0
3074,-54.68799,5853.365,-167.3130596419837,0.005706787109375,3.0609283447265625,-0.14717769531294073,220,219,0.9954545454545455,1.0
3075,-54.65973,5856.332,-167.38479628721967,0.02825927734375,2.9668426513671875,-0.0717366452359718,220,219,0.9954545454545455,1.0
3076,-54.67227,5859.401,-167.45687044565503,-0.012542724609375,3.0687103271484375,-0.07207415843534645,222,221,0.9954954954954955,1.0
3077,-54.660034,5862.4453,-167.42172136254285,0.012237548828125,3.0445709228515625,0.03514908311216976,221,221,1.0,1.0
3078,-54.759674,5865.421,-167.4316092375153,-0.099639892578125,2.975494384765625,-0.009887874972421487,223,223,1.0,1.0
3079,-54.699677,5868.4136,-167.36410338031115,0.05999755859375,2.9927520751953125,0.06750585720414476,226,226,1.0,1.0
3080,-54.72934,5871.2754,-167.3041888649207,-0.0296630859375,2.8618927001953125,0.059914515390457286,224,224,1.0,1.0
3081,-54.746918,5874.246,-167.27590740316987,-0.017578125,2.9705657958984375,0.028281461750826176,221,221,1.0,1.0
3082,-54.811523,5877.125,-167.22670745964896,-0.064605712890625,2.8791351318359375,0.049199943520905974,221,220,0.995475113122172,1.0
3083,-54.781464,5880.0796,-167.204977946125,0.030059814453125,2.954376220703125,0.021729513523938825,214,213,0.9953271028037384,1.0
3084,-54.829712,5882.9624,-167.19993095441566,-0.048248291015625,2.8826751708984375,0.005046991709355991,216,216,1.0,1.0
3085,-54.851074,5885.6543,-167.16323599973975,-0.0213623046875,2.6918182373046875,0.03669495467590452,217,217,1.0,1.0
3086,-54.827698,5888.3657,-167.17800338880699,0.02337646484375,2.7112274169921875,-0.014767389067231811,224,223,0.9955357142857143,1.0
3087,-54.881866,5891.0806,-167.19075262429544,-0.054168701171875,2.7149200439453125,-0.012749235488464402,227,227,1.0,1.0
3088,-54.891113,5893.6646,-167.17700351468787,-0.009246826171875,2.5839691162109375,0.013749109607568455,219,219,1.0,1.0
3089,-54.877502,5896.4185,-167.1922807010416,0.01361083984375,2.75396728515625,-0.01527718635372208,222,222,1.0,1.0
3090,-54.90558,5898.879,-167.18956057500452,-0.028076171875,2.4603729248046875,0.0027201260370732197,225,225,1.0,1.0
3091,-54.855896,5901.531,-167.19801628010202,0.0496826171875,2.651702880859375,-0.008455705097517209,222,221,0.9954954954954955,1.0
3092,-54.839325,5904.1113,-167.20342682452122,0.016571044921875,2.5803985595703125,-0.005410544419194729,219,219,1.0,1.0
3093,-54.81964,5906.7085,-167.1871034237011,0.019683837890625,2.5971527099609375,0.016323400820119318,220,220,1.0,1.0
3094,-54.826385,5909.2393,-167.21160925579568,-0.006744384765625,2.53057861328125,-0.024505832094571134,224,224,1.0,1.0
3095,-54.83557,5911.68,-167.1433655690124,-0.009185791015625,2.4408721923828125,0.06824368678329315,224,224,1.0,1.0
3096,-54.87256,5914.265,-167.1942091362201,-0.0369873046875,2.5850372314453125,-0.05084356720771851,220,220,1.0,1.0
3097,-54.83658,5916.875,-167.20455998184232,0.035980224609375,2.6100616455078125,-0.010350845622226885,223,222,0.9955156950672646,1.0
3098,-54.906494,5919.521,-167.27378469500638,-0.069915771484375,2.6457977294921875,-0.06922471316407156,222,222,1.0,1.0
3099,-54.905426,5921.981,-167.25846953536464,0.001068115234375,2.4598236083984375,0.015315159641748786,225,225,1.0,1.0
3100,-54.938873,5924.6934,-167.31708835734503,-0.033447265625,2.712188720703125,-0.05861882198038217,220,220,1.0,1.0
3101,-54.87851,5927.289,-167.31695097087191,0.06036376953125,2.595672607421875,0.00013738647311864797,226,226,1.0,1.0
3102,-54.98941,5929.782,-167.37051571520712,-0.11090087890625,2.4933319091796875,-0.05356474433520178,224,224,1.0,1.0
3103,-54.92984,5932.3765,-167.3661254213923,0.0595703125,2.5942535400390625,0.004390293814811258,221,221,1.0,1.0
3104,-54.978302,5935.059,-167.39355630900437,-0.0484619140625,2.6826019287109375,-0.027430887612060088,227,226,0.9955947136563876,1.0
3105,-54.975372,5937.6597,-167.42162504532098,0.0029296875,2.6004486083984375,-0.028068736316603803,230,229,0.9956521739130435,1.0
3106,-55.022247,5940.37,-167.45692959035176,-0.046875,2.710418701171875,-0.0353045450307947,222,221,0.9954954954954955,1.0
3107,-55.11792,5942.957,-167.503845047845,-0.095672607421875,2.5869903564453125,-0.04691545749322895,218,218,1.0,1.0
3108,-55.18106,5945.6235,-167.5304930803335,-0.063140869140625,2.666473388671875,-0.026648032488499285,221,221,1.0,1.0
3109,-55.14209,5948.193,-167.52417948528182,0.038970947265625,2.569244384765625,0.0063135950516798565,227,227,1.0,1.0
3110,-55.234802,5950.7705,-167.56932585861364,-0.09271240234375,2.5774688720703125,-0.0451463733318167,221,221,1.0,1.0
3111,-55.4144,5953.1816,-167.49612735353318,-0.179595947265625,2.410919189453125,0.07319850508045575,224,223,0.9955357142857143,1.0
3112,-55.3732,5955.7666,-167.50612247259835,0.04119873046875,2.5849151611328125,-0.009995119065176871,220,219,0.9954545454545455,1.0
3113,-55.43582,5958.2866,-167.51475209444754,-0.0626220703125,2.519989013671875,-0.008629621849191702,225,224,0.9955555555555555,1.0
3114,-55.467285,5960.8735,-167.56894758037265,-0.031463623046875,2.586944580078125,-0.05419548592511453,223,222,0.9955156950672646,1.0
3115,-55.609375,5963.5596,-167.62248027611972,-0.14208984375,2.68585205078125,-0.05353269574706259,223,223,1.0,1.0
3116,-55.565094,5966.3276,-167.61356987632323,0.044281005859375,2.7678375244140625,0.00891039979649379,224,222,0.9910714285714286,1.0
3117,-55.620148,5969.0527,-167.63267144392356,-0.0550537109375,2.725250244140625,-0.019101567600341814,218,217,0.9954128440366973,1.0
3118,-55.712463,5971.731,-167.63788575768464,-0.092315673828125,2.678192138671875,-0.0052143137610748454,227,225,0.9911894273127754,1.0
3119,-55.784027,5974.1685,-167.66266814534373,-0.071563720703125,2.4373931884765625,-0.024782387659077375,231,230,0.9956709956709957,1.0
3120,-55.830444,5976.561,-167.66960432060975,-0.046417236328125,2.3925628662109375,-0.006936175266022606,228,227,0.9956140350877193,1.0
3121,-55.88492,5978.7812,-167.67081630863348,-0.054473876953125,2.2204437255859375,-0.0012119880237268527,224,224,1.0,1.0
3122,-55.948425,5980.8975,-167.69274369806072,-0.063507080078125,2.1161346435546875,-0.02192738942724367,226,226,1.0,1.0
3123,-55.947937,5982.932,-167.6863637347477,0.00048828125,2.0347900390625,0.006379963313040418,217,217,1.0,1.0
3124,-55.943146,5984.9263,-167.69951931933065,0.004791259765625,1.99407958984375,-0.013155584582974784,227,227,1.0,1.0
3125,-55.946503,5986.725,-167.62095178305844,-0.00335693359375,1.798675537109375,0.07856753627220786,228,228,1.0,1.0
3126,-56.009155,5988.461,-167.61560785339245,-0.062652587890625,1.7358856201171875,0.005343929665993067,228,228,1.0,1.0
3127,-55.993744,5990.107,-167.57846151310093,0.015411376953125,1.6461639404296875,0.037146340291515124,223,221,0.9910313901345291,1.0
3128,-55.93985,5991.8022,-167.59155915430023,0.05389404296875,1.695343017578125,-0.013097641199285314,224,222,0.9910714285714286,1.0
3129,-55.953156,5993.34,-167.56834783079393,-0.0133056640625,1.537811279296875,0.023211323506305472,222,222,1.0,1.0
3130,-56.029663,5994.84,-167.54671921720106,-0.076507568359375,1.500244140625,0.021628613592856873,222,222,1.0,1.0
3131,-56.06604,5996.3975,-167.58596062540013,-0.036376953125,1.5577850341796875,-0.039241408199072535,225,225,1.0,1.0
3132,-56.144165,5997.9263,-167.61104627946025,-0.078125,1.5289306640625,-0.025085654060110874,222,221,0.9954954954954955,1.0
3133,-56.081818,5999.467,-167.69609303457398,0.062347412109375,1.540435791015625,-0.08504675511372016,224,222,0.9910714285714286,1.0
3134,-56.080597,6000.941,-167.7070708707654,0.001220703125,1.474090576171875,-0.010977836191420513,223,221,0.9910313901345291,1.0
3135,-56.005524,6002.43,-167.696897811225,0.0750732421875,1.4894561767578125,0.010173059540385693,221,220,0.995475113122172,1.0
3136,-56.12863,6003.9116,-167.77129802491626,-0.12310791015625,1.4813995361328125,-0.07440021369126208,219,219,1.0,1.0
3137,-56.12503,6005.402,-167.7648423210015,0.00360107421875,1.490325927734375,0.006455703914751846,220,220,1.0,1.0
3138,-56.12729,6006.917,-167.77329989982942,-0.00225830078125,1.5152740478515625,-0.00845757882792877,215,215,1.0,1.0
3139,-56.171387,6008.3594,-167.79372032456666,-0.044097900390625,1.4422760009765625,-0.020420424737246715,217,217,1.0,1.0
3140,-56.153687,6009.826,-167.79536998385512,0.0177001953125,1.466827392578125,-0.0016496592884699573,220,219,0.9954545454545455,1.0
3141,-56.246002,6011.197,-167.82871786793714,-0.092315673828125,1.3707275390625,-0.03334788408202068,223,221,0.9910313901345291,1.0
3142,-56.23889,6012.549,-167.8441778002549,0.007110595703125,1.351898193359375,-0.015459932317762558,226,226,1.0,1.0
3143,-56.3042,6013.7837,-167.85473839041023,-0.0653076171875,1.235015869140625,-0.01056059015532641,226,226,1.0,1.0
3144,-56.264526,6014.95,-167.82488951934835,0.0396728515625,1.1663818359375,0.02984887106188312,227,227,1.0,1.0
3145,-56.24878,6016.046,-167.8049425804863,0.0157470703125,1.0958251953125,0.019946938862025795,225,225,1.0,1.0
3146,-56.242035,6016.939,-167.83572376294507,0.006744384765625,0.892974853515625,-0.030781182458763833,231,230,0.9956709956709957,1.0
3147,-56.284058,6017.714,-167.82931075413492,-0.042022705078125,0.775146484375,0.006413008810131903,218,218,1.0,1.0
3148,-56.287354,6018.3325,-167.80943277004496,-0.0032958984375,0.6185150146484375,0.019877984089964162,223,222,0.9955156950672646,1.0
3149,-56.25894,6018.9326,-167.7913891245938,0.028411865234375,0.600250244140625,0.018043645451169814,228,228,1.0,1.0
3150,-56.21402,6019.286,-167.72227728536646,0.044921875,0.35357666015625,0.06911183922733709,226,226,1.0,1.0
3151,-56.19345,6019.6323,-167.62971356249858,0.02056884765625,0.3461456298828125,0.09256372286787128,222,221,0.9954954954954955,1.0
3152,-56.226196,6020.0596,-167.5962552970522,-0.032745361328125,0.4274139404296875,0.033458265446372544,230,229,0.9956521739130435,1.0
3153,-56.286865,6020.3535,-167.60178866305273,-0.0606689453125,0.293914794921875,-0.005533366000506355,225,225,1.0,1.0
3154,-56.300446,6020.4717,-167.58509051089987,-0.013580322265625,0.11810302734375,0.016698152152865596,233,233,1.0,1.0
3155,-56.43866,6020.438,-167.57627326984039,-0.138214111328125,-0.03387451171875,0.00881724105949385,235,235,1.0,1.0
3156,-56.515747,6020.346,-167.54928219255314,-0.07708740234375,-0.09173583984375,0.026991077287237195,236,236,1.0,1.0
3157,-56.64383,6020.1235,-167.48145478101185,-0.128082275390625,-0.2228851318359375,0.06782741154127916,225,225,1.0,1.0
3158,-56.83667,6019.934,-167.4622634795987,-0.192840576171875,-0.1893768310546875,0.019191301413150116,227,227,1.0,1.0
3159,-57.015656,6019.71,-167.4875680014828,-0.178985595703125,-0.2240142822265625,-0.025304521884090655,228,228,1.0,1.0
3160,-57.172333,6019.593,-167.4812923364154,-0.15667724609375,-0.1172027587890625,0.006275665067402701,228,226,0.9912280701754386,1.0
3161,-57.425873,6019.6006,-169.85744017520884,-0.2535400390625,0.00787353515625,-2.3761478387934236,211,208,0.985781990521327,1.0
3162,-57.887543,6020.2305,-175.86848005309375,-0.461669921875,0.629730224609375,-6.011039877884911,210,209,0.9952380952380953,1.0
3163,-58.14691,6021.0605,-182.38351258769785,-0.259368896484375,0.83026123046875,-6.5150325346041145,215,214,0.9953488372093023,1.0
3164,-58.19153,6022.0444,-189.00592849109916,-0.04461669921875,0.984039306640625,-6.622415903401303,212,211,0.9952830188679245,1.0
3165,-58.2294,6023.279,-195.6757011009698,-0.037872314453125,1.234405517578125,-6.669772609870646,203,202,0.9950738916256158,1.0
3166,-58.306824,6024.141,-202.28739219560623,-0.077423095703125,0.86236572265625,-6.611691094636416,207,205,0.9903381642512077,1.0
3167,-58.225464,6025.0073,-208.92037588132527,0.08135986328125,0.8660736083984375,-6.632983685719053,214,211,0.985981308411215,1.0
3168,-58.100616,6025.8228,-215.59917433966802,0.124847412109375,0.8152008056640625,-6.678798458342753,209,208,0.9952153110047847,1.0
3169,-58.03003,6026.197,-222.2358559210646,0.070587158203125,0.3738555908203125,-6.63668158139656,217,216,0.9953917050691244,1.0
3170,-57.859833,6026.511,-228.93468191734104,0.170196533203125,0.314422607421875,-6.698825996276436,209,208,0.9952153110047847,1.0
3171,-57.67856,6026.6646,-235.6081387079273,0.1812744140625,0.153472900390625,-6.6734567905862665,211,211,1.0,1.0
3172,-57.73651,6026.825,-242.25636431278986,-0.057952880859375,0.16064453125,-6.648225604862534,214,214,1.0,1.0
3173,-57.66342,6026.9043,-248.93826031086772,0.073089599609375,0.0790863037109375,-6.6818959980778505,207,207,1.0,1.0
3174,-57.781006,6027.1133,-255.61772116906565,-0.117584228515625,0.2089996337890625,-6.679460858197937,201,201,1.0,1.0
3175,-57.95691,6027.711,-262.2425970662334,-0.1759033203125,0.5975799560546875,-6.624875897167726,207,206,0.9951690821256038,1.0
3176,-58.078827,6028.551,-268.91447184733545,-0.121917724609375,0.8398284912109375,-6.6718747811020895,207,207,1.0,1.0
3177,-58.337036,6029.93,-275.54345724441174,-0.258209228515625,1.3794708251953125,-6.628985397076308,209,207,0.9904306220095693,1.0
3178,-58.73404,6031.656,-281.6812264285731,-0.397003173828125,1.72540283203125,-6.137769184161372,206,205,0.9951456310679612,1.0
3179,-59.130157,6033.3804,-286.7548831798165,-0.3961181640625,1.7247161865234375,-5.073656751243383,210,208,0.9904761904761905,1.0
3180,-59.45099,6035.1333,-290.28605575732865,-0.320831298828125,1.7529296875,-3.531172577512161,209,208,0.9952153110047847,1.0
3181,-59.77838,6036.767,-292.17373457274545,-0.327392578125,1.633758544921875,-1.8876788154167778,213,213,1.0,1.0
3182,-59.91092,6038.3857,-293.3331469459412,-0.132537841796875,1.6186370849609375,-1.1594123731957913,213,212,0.9953051643192489,1.0
3183,-60.03189,6040.135,-294.2652075307497,-0.1209716796875,1.7490081787109375,-0.9320605848084937,209,209,1.0,1.0
3184,-60.194366,6042.2104,-294.97224147185017,-0.1624755859375,2.0755462646484375,-0.7070339411004403,217,217,1.0,1.0
3185,-60.29831,6044.316,-295.5327199174536,-0.10394287109375,2.1054534912109375,-0.5604784456034243,218,218,1.0,1.0
3186,-60.4234,6046.662,-295.94642705965447,-0.125091552734375,2.345977783203125,-0.41370714220086374,217,217,1.0,1.0
3187,-60.533264,6049.188,-296.25771785277874,-0.10986328125,2.526092529296875,-0.31129079312426605,220,220,1.0,1.0
3188,-60.61328,6052.0215,-296.41782449533406,-0.08001708984375,2.833709716796875,-0.16010664255531418,218,217,0.9954128440366973,1.0
3189,-60.738342,6054.9214,-296.5220646509949,-0.12506103515625,2.8996734619140625,-0.10424015566083308,226,225,0.995575221238938,1.0
3190,-60.726257,6057.806,-296.61180274293116,0.0120849609375,2.884552001953125,-0.08973809193625563,222,222,1.0,1.0
3191,-60.711975,6060.724,-296.6508226807588,0.0142822265625,2.918121337890625,-0.03901993782761508,223,222,0.9955156950672646,1.0
3192,-60.791534,6063.7373,-296.7423444812346,-0.079559326171875,3.0131683349609375,-0.091521800475867,228,228,1.0,1.0
3193,-60.80728,6066.7266,-296.80999329906894,-0.0157470703125,2.9893341064453125,-0.06764881783431693,230,230,1.0,1.0
3194,-60.792572,6069.729,-296.83514242195173,0.01470947265625,3.0022735595703125,-0.02514912288281249,227,227,1.0,1.0
3195,-60.85681,6072.688,-296.88861666370923,-0.064239501953125,2.9589996337890625,-0.053474241757471716,231,231,1.0,1.0
3196,-60.887787,6075.58,-296.93264903234103,-0.030975341796875,2.891998291015625,-0.044032368631779,235,235,1.0,1.0
3197,-60.897034,6078.4604,-296.96140636433205,-0.009246826171875,2.88055419921875,-0.0287573319910121,227,227,1.0,1.0
3198,-60.82904,6081.4585,-296.9656409030864,0.0679931640625,2.997833251953125,-0.004234538754371429,231,231,1.0,1.0
3199,-60.85614,6084.3833,-296.9590374884707,-0.027099609375,2.9248809814453125,0.006603414615720614,230,227,0.9869565217391304,1.0
3200,-60.94748,6087.237,-296.9609318137204,-0.091339111328125,2.8534088134765625,-0.0018943252497000368,227,226,0.9955947136563876,1.0
3201,-60.921295,6089.971,-296.9720305717725,0.02618408203125,2.73443603515625,-0.0110987580521078,221,221,1.0,1.0
3202,-60.922424,6092.6846,-296.99348832334493,-0.001129150390625,2.7132568359375,-0.021457751572439746,227,227,1.0,1.0
3203,-60.91754,6095.3984,-297.0017315551062,0.0048828125,2.714111328125,-0.008243231761231679,225,223,0.9911111111111112,1.0
3204,-60.935547,6098.0254,-296.9869570957514,-0.01800537109375,2.6269378662109375,0.014774459354777973,218,217,0.9954128440366973,1.0
3205,-60.95688,6100.777,-297.0102778719289,-0.021331787109375,2.75140380859375,-0.023320776177519285,221,221,1.0,1.0
3206,-60.991425,6103.366,-297.01067113588743,-0.0345458984375,2.5893402099609375,-0.0003932639585199936,226,226,1.0,1.0
3207,-60.960968,6106.01,-297.01342587168864,0.03045654296875,2.6434173583984375,-0.0027547358012058286,224,224,1.0,1.0
3208,-60.94922,6108.6245,-297.03576194465757,0.011749267578125,2.614959716796875,-0.022336072968903727,224,224,1.0,1.0
3209,-60.95584,6111.218,-297.03519000667893,-0.006622314453125,2.593475341796875,0.0005719379786164736,224,224,1.0,1.0
3210,-60.968414,6113.785,-297.04666475960363,-0.0125732421875,2.5674591064453125,-0.011474752924680297,222,220,0.990990990990991,1.0
3211,-61.0083,6116.382,-297.03692319191816,-0.039886474609375,2.5969085693359375,0.00974156768543982,220,220,1.0,1.0
3212,-60.90451,6118.9834,-297.00234967555076,0.103790283203125,2.60137939453125,0.03457351636740085,221,220,0.995475113122172,1.0
3213,-61.002777,6121.5293,-297.02470106785154,-0.0982666015625,2.5461273193359375,-0.02235139230079915,219,219,1.0,1.0
3214,-60.943726,6124.104,-297.01570428177877,0.059051513671875,2.574676513671875,0.008996786072796697,222,222,1.0,1.0
3215,-61.01111,6126.7134,-297.0213566596611,-0.0673828125,2.609222412109375,-0.005652377882290476,223,223,1.0,1.0
3216,-60.96985,6129.317,-297.0313940111455,0.041259765625,2.603668212890625,-0.010037351484404934,223,223,1.0,1.0
3217,-61.03076,6131.835,-297.03072034110556,-0.0609130859375,2.51788330078125,0.0006736700399431552,226,224,0.9911504424778761,1.0
3218,-61.029144,6134.4395,-297.0266278023945,0.001617431640625,2.6044769287109375,0.004092538711084738,225,223,0.9911111111111112,1.0
3219,-61.13626,6137.0186,-297.0274492397378,-0.10711669921875,2.5791015625,-0.0008214373432646057,222,222,1.0,1.0
3220,-61.090973,6139.552,-297.0208875893881,0.0452880859375,2.5333251953125,0.006561650349698495,221,221,1.0,1.0
3221,-61.1539,6142.1035,-297.0093345987304,-0.06292724609375,2.5515594482421875,0.011552990657724258,227,226,0.9955947136563876,1.0
3222,-61.157013,6144.659,-297.01348491580137,-0.00311279296875,2.5558624267578125,-0.004150317070982104,225,225,1.0,1.0
3223,-61.193604,6147.174,-297.0029957185615,-0.036590576171875,2.5146484375,0.010489197239864785,222,222,1.0,1.0
3224,-61.262115,6149.7515,-297.02076395243773,-0.068511962890625,2.577667236328125,-0.017768233876223512,220,220,1.0,1.0
3225,-61.316895,6152.291,-296.9932745135085,-0.054779052734375,2.5395050048828125,0.027489438929277476,223,223,1.0,1.0
3226,-61.235504,6154.866,-296.9796671718743,0.081390380859375,2.5752716064453125,0.013607341634166534,220,220,1.0,1.0
3227,-61.320526,6157.442,-296.96981707305184,-0.08502197265625,2.575592041015625,0.009850098822502653,220,220,1.0,1.0
3228,-61.266785,6159.965,-296.9655312576847,0.053741455078125,2.523193359375,0.004285815367174726,218,218,1.0,1.0
3229,-61.348633,6162.499,-296.9738759421723,-0.08184814453125,2.534423828125,-0.008344684487612542,212,211,0.9952830188679245,1.0
3230,-61.312653,6165.007,-296.9575985470265,0.035980224609375,2.5078125,0.016277395145789592,214,214,1.0,1.0
3231,-61.406555,6167.5396,-296.9679339573519,-0.093902587890625,2.5328216552734375,-0.010335410325326269,215,215,1.0,1.0
3232,-61.285706,6170.178,-296.9653779111583,0.120849609375,2.6384429931640625,0.002556046193534705,216,215,0.9953703703703703,1.0
3233,-61.313385,6172.7627,-296.9454450290161,-0.027679443359375,2.5842742919921875,0.019932882142214267,220,219,0.9954545454545455,1.0
3234,-61.334045,6175.3047,-296.95166452273617,-0.020660400390625,2.542236328125,-0.006219493720043693,218,218,1.0,1.0
3235,-61.292023,6177.9116,-296.9314348272798,0.042022705078125,2.606719970703125,0.020229695456350928,221,221,1.0,1.0
3236,-61.270355,6180.45,-296.9280653605243,0.02166748046875,2.5384979248046875,0.003369466755570929,229,228,0.9956331877729258,1.0
3237,-61.31714,6183.0527,-296.8926903034723,-0.046783447265625,2.6023406982421875,0.035375057051972504,229,227,0.9912663755458515,1.0
3238,-61.27133,6185.566,-296.8649458711248,0.045806884765625,2.5132904052734375,0.027744432347508348,225,223,0.9911111111111112,1.0
3239,-61.31662,6188.056,-296.8527733575236,-0.0452880859375,2.49029541015625,0.012172513601234973,219,219,1.0,1.0
3240,-61.360046,6190.627,-296.8631945703411,-0.043426513671875,2.570556640625,-0.010421212817496752,223,223,1.0,1.0
3241,-61.37982,6193.112,-296.8650675818905,-0.019775390625,2.4850311279296875,-0.0018730115494583705,225,224,0.9955555555555555,1.0
3242,-61.31723,6195.6665,-296.85717656349135,0.062591552734375,2.554718017578125,0.00789101839916926,225,224,0.9955555555555555,1.0
3243,-61.427704,6198.1978,-296.87183910845357,-0.1104736328125,2.53143310546875,-0.014662544962198118,221,218,0.9864253393665159,1.0
3244,-61.444183,6200.701,-296.86835498696365,-0.0164794921875,2.5035858154296875,0.0034841214899277795,222,220,0.990990990990991,1.0
3245,-61.44397,6203.176,-296.85605468065,0.000213623046875,2.47479248046875,0.012300306313645756,222,221,0.9954954954954955,1.0
3246,-61.417816,6205.653,-296.8325224874022,0.026153564453125,2.477142333984375,0.023532193247845227,226,226,1.0,1.0
3247,-61.51544,6208.107,-296.83474718978187,-0.097625732421875,2.4542999267578125,-0.0022247023796736734,226,225,0.995575221238938,1.0
3248,-61.483337,6210.6323,-296.81959592633507,0.0321044921875,2.525604248046875,0.015151263446809943,223,222,0.9955156950672646,1.0
3249,-61.54962,6213.167,-296.8055406721997,-0.0662841796875,2.534881591796875,0.014055254135398423,226,225,0.995575221238938,1.0
3250,-61.50113,6215.6743,-296.7833500249645,0.048492431640625,2.5071563720703125,0.022190647235206144,230,229,0.9956521739130435,1.0
3251,-61.55307,6218.2104,-296.78930597647764,-0.05194091796875,2.536285400390625,-0.005955951513134734,229,227,0.9912663755458515,1.0
3252,-61.541595,6220.725,-296.7702510040216,0.011474609375,2.5144500732421875,0.01905497245603315,224,223,0.9955357142857143,1.0
3253,-61.53607,6223.303,-296.7605774056554,0.005523681640625,2.577911376953125,0.00967359836618403,222,221,0.9954954954954955,1.0
3254,-61.566406,6225.8022,-296.7669797195122,-0.03033447265625,2.4991912841796875,-0.006402313856801227,226,225,0.995575221238938,1.0
3255,-61.55252,6228.326,-296.7595153716037,0.013885498046875,2.5237274169921875,0.007464347908546257,227,225,0.9911894273127754,1.0
3256,-61.54828,6230.8047,-296.7498360729463,0.004241943359375,2.478546142578125,0.009679298657394744,228,227,0.9956140350877193,1.0
3257,-61.525726,6233.3193,-296.75820629525657,0.022552490234375,2.5147247314453125,-0.00837022231023947,227,226,0.9955947136563876,1.0
3258,-61.487915,6235.769,-296.73006829128684,0.037811279296875,2.449676513671875,0.028138003969754903,231,230,0.9956709956709957,1.0
3259,-61.50836,6238.2954,-296.7470720272176,-0.02044677734375,2.52642822265625,-0.01700373593076111,226,226,1.0,1.0
3260,-61.418518,6240.7236,-296.6988393836029,0.08984375,2.4279937744140625,0.048232643614729426,220,220,1.0,1.0
3261,-61.46469,6243.1494,-296.7181809114834,-0.046173095703125,2.425628662109375,-0.019341527880506675,224,223,0.9955357142857143,1.0
3262,-61.448303,6245.5757,-296.7490500786565,0.016387939453125,2.426422119140625,-0.030869167173114328,222,220,0.990990990990991,1.0
3263,-61.47638,6248.0103,-296.7486256746591,-0.028076171875,2.4346160888671875,0.0004244039974674551,222,221,0.9954954954954955,1.0
3264,-61.368378,6250.5137,-296.7326703980173,0.108001708984375,2.503326416015625,0.015955276641743423,228,228,1.0,1.0
3265,-61.448975,6253.1016,-296.7433720553478,-0.080596923828125,2.5876617431640625,-0.010701657330460919,223,223,1.0,1.0
3266,-61.354156,6255.6494,-296.72474086597003,0.094818115234375,2.547698974609375,0.018631189377756346,228,227,0.9956140350877193,1.0
3267,-61.41223,6258.1445,-296.7662246869563,-0.058074951171875,2.4952850341796875,-0.04148382098626437,231,231,1.0,1.0
3268,-61.33081,6260.453,-296.7084560751931,0.0814208984375,2.308563232421875,0.05776861176318019,229,229,1.0,1.0
3269,-61.375122,6262.7124,-296.7407317139002,-0.0443115234375,2.259063720703125,-0.0322756387070592,236,236,1.0,1.0
3270,-61.350616,6264.7974,-296.7185823397606,0.024505615234375,2.0847930908203125,0.022149374139602343,229,228,0.9956331877729258,1.0
3271,-61.36734,6266.8086,-296.693413849959,-0.0167236328125,2.0113067626953125,0.02516848980160784,238,238,1.0,1.0
3272,-61.37018,6268.787,-296.7141918143522,-0.002838134765625,1.97833251953125,-0.020777964393218606,234,234,1.0,1.0
3273,-61.427338,6270.5684,-296.6845623745345,-0.057159423828125,1.7813873291015625,0.02962943981770135,229,228,0.9956331877729258,1.0
3274,-61.354523,6272.3438,-296.65203495068306,0.07281494140625,1.7753753662109375,0.03252742385144646,226,226,1.0,1.0
3275,-61.47238,6274.067,-296.6511608735009,-0.11785888671875,1.7231292724609375,0.0008740771821688555,227,227,1.0,1.0
3276,-61.457,6275.7295,-296.62380386376407,0.015380859375,1.6627044677734375,0.027357009736845826,230,230,1.0,1.0
3277,-61.359344,6277.2935,-296.58058490956995,0.09765625,1.56396484375,0.043218954194097166,229,229,1.0,1.0
3278,-61.398743,6278.897,-296.5916401692924,-0.039398193359375,1.6035919189453125,-0.011055259722492406,234,234,1.0,1.0
3279,-61.38803,6280.4863,-296.5790522725273,0.010711669921875,1.5893402099609375,0.012587896765128769,227,227,1.0,1.0
3280,-61.338074,6282.001,-296.57311453870784,0.049957275390625,1.5145416259765625,0.005937733819440982,228,227,0.9956140350877193,1.0
3281,-61.28055,6283.4307,-296.53428837262425,0.057525634765625,1.4296875,0.0388261660835778,229,229,1.0,1.0
3282,-61.261597,6284.941,-296.56683169601945,0.018951416015625,1.5101776123046875,-0.03254332339519615,227,227,1.0,1.0
3283,-61.23712,6286.406,-296.5326180112745,0.02447509765625,1.4650115966796875,0.03421368474493557,233,233,1.0,1.0
3284,-61.273315,6287.8604,-296.58004952389507,-0.03619384765625,1.4546051025390625,-0.04743151262056798,233,233,1.0,1.0
3285,-61.200623,6289.446,-296.56736610267996,0.07269287109375,1.585357666015625,0.012683421215131985,229,227,0.9912663755458515,1.0
3286,-61.19101,6290.945,-296.5472736316685,0.009613037109375,1.498992919921875,0.02009247101150379,226,226,1.0,1.0
3287,-61.14731,6292.401,-296.5683699345134,0.043701171875,1.4561004638671875,-0.021096302844902146,229,229,1.0,1.0
3288,-61.04532,6293.738,-296.5372928453863,0.10198974609375,1.3366851806640625,0.031077089127082114,234,234,1.0,1.0
3289,-61.03601,6295.058,-296.5068479384853,0.009307861328125,1.320404052734375,0.030444906900994956,226,226,1.0,1.0
3290,-61.118683,6296.381,-296.5249900186463,-0.082672119140625,1.3227996826171875,-0.01814208016098671,231,230,0.9956709956709957,1.0
3291,-61.006775,6297.63,-296.49717661163436,0.111907958984375,1.248870849609375,0.027813407011950772,233,233,1.0,1.0
3292,-60.99832,6298.8145,-296.5243322802359,0.008453369140625,1.1843719482421875,-0.02715566860155874,231,230,0.9956709956709957,1.0
3293,-60.960297,6300.0405,-296.5223240269649,0.03802490234375,1.2262420654296875,0.002008253271003239,234,232,0.9914529914529915,1.0
3294,-60.8696,6301.166,-296.7861320138944,0.0906982421875,1.12554931640625,-0.26380798692949914,235,234,0.9957446808510638,1.0
3295,-60.884216,6302.105,-296.7845982594357,-0.014617919921875,0.93896484375,0.0015337544587134342,235,234,0.9957446808510638,1.0
3296,-60.814453,6302.931,-296.7698186790248,0.06976318359375,0.82623291015625,0.014779580410894194,229,228,0.9956331877729258,1.0
3297,-60.878815,6303.577,-296.77615996593096,-0.064361572265625,0.6458282470703125,-0.006341286906176714,227,226,0.9955947136563876,1.0
3298,-60.849945,6304.185,-296.7711362930324,0.02886962890625,0.6078338623046875,0.005023672898599704,230,229,0.9956521739130435,1.0
3299,-60.820496,6304.6455,-296.7195855739484,0.029449462890625,0.4603271484375,0.05155071908399816,232,232,1.0,1.0
3300,-60.848328,6305.1294,-296.72072971447034,-0.02783203125,0.4837493896484375,-0.0011441405219693593,234,233,0.9957264957264957,1.0
3301,-60.815704,6305.5127,-296.696044243638,0.032623291015625,0.3832855224609375,0.024685470832337866,231,231,1.0,1.0
3302,-60.794678,6305.7236,-296.6481024208439,0.021026611328125,0.2110748291015625,0.04794182279412619,235,235,1.0,1.0
3303,-60.772583,6305.7754,-296.6534483650294,0.0220947265625,0.0518798828125,-0.00534594418551721,240,240,1.0,1.0
3304,-60.808075,6305.825,-296.6324563346712,-0.035491943359375,0.049713134765625,0.020992030358205335,239,239,1.0,1.0
3305,-60.795715,6305.838,-296.6306165955463,0.012359619140625,0.01287841796875,0.0018397391248787228,238,238,1.0,1.0
3306,-60.900085,6305.8154,-296.6312865529163,-0.1043701171875,-0.0225372314453125,-0.0006699573700270329,236,235,0.9957627118644068,1.0
3307,-60.97119,6305.7783,-296.6244324890093,-0.07110595703125,-0.037353515625,0.0068540639070261075,239,239,1.0,1.0
3308,-61.00238,6305.791,-296.6350973060133,-0.03118896484375,0.012603759765625,-0.010664817004005709,239,239,1.0,1.0
3309,-61.067505,6305.7837,-296.6331986277708,-0.06512451171875,-0.0074005126953125,0.0018986782424484702,242,241,0.9958677685950413,1.0
3310,-61.17511,6305.8237,-296.62249085521586,-0.10760498046875,0.0399932861328125,0.010707772554954512,240,240,1.0,1.0
3311,-61.03882,6306.022,-297.05570118309925,0.13629150390625,0.198089599609375,-0.4332103278833635,225,225,1.0,1.0
3312,-61.238617,6307.554,-302.47728767553343,-0.199798583984375,1.5321502685546875,-5.4215864924342085,227,226,0.9955947136563876,1.0
3313,-61.225037,6308.7603,-308.97416668326133,0.013580322265625,1.2059783935546875,-6.496879007727894,223,222,0.9955156950672646,1.0
3314,-61.248993,6309.618,-315.65372200039917,-0.023956298828125,0.8581085205078125,-6.679555317137866,214,213,0.9953271028037384,1.0
3315,-61.2164,6310.403,-322.07314703026896,0.0325927734375,0.7844390869140625,-6.419425029869765,216,216,1.0,1.0
3316,-61.14856,6311.026,-328.6430431477401,0.067840576171875,0.6231689453125,-6.569896117471179,218,218,1.0,1.0
3317,-61.092865,6311.506,-335.3453746644032,0.055694580078125,0.4801788330078125,-6.702331516663116,213,212,0.9953051643192489,1.0
3318,-61.03714,6311.8354,-342.06287455993026,0.05572509765625,0.32940673828125,-6.717499895527048,217,217,1.0,1.0
3319,-60.961243,6312.014,-348.6677198069923,0.075897216796875,0.178680419921875,-6.604845247062028,211,211,1.0,1.0
3320,-60.965393,6312.385,-355.40000865850527,-0.004150390625,0.370697021484375,-6.732288851512968,216,216,1.0,1.0
3321,-61.091248,6312.731,-361.7939831187324,-0.1258544921875,0.346343994140625,-6.393974460227104,211,211,1.0,1.0
3322,-61.222656,6313.144,-367.2558871858422,-0.13140869140625,0.4130859375,-5.461904067109795,209,208,0.9952153110047847,1.0
3323,-61.394318,6313.56,-371.34983685852063,-0.171661376953125,0.415802001953125,-4.093949672678409,212,212,1.0,1.0
3324,-61.57074,6314.044,-373.8778387228008,-0.176422119140625,0.4838104248046875,-2.5280018642801636,219,219,1.0,1.0
3325,-61.624115,6314.5513,-375.40244269131614,-0.053375244140625,0.507110595703125,-1.5246039685153425,218,218,1.0,1.0
3326,-61.703705,6315.0923,-376.51759671539634,-0.07958984375,0.5407867431640625,-1.1151540240801778,225,225,1.0,1.0
3327,-61.632507,6315.772,-377.388282882214,0.071197509765625,0.6798858642578125,-0.8706861668177011,221,221,1.0,1.0
3328,-61.730164,6316.629,-378.12034782805716,-0.09765625,0.857147216796875,-0.7320649458431749,212,212,1.0,1.0
3329,-61.774902,6317.6914,-378.63066387920935,-0.04473876953125,1.06243896484375,-0.5103160511521816,221,220,0.995475113122172,1.0
3330,-61.88748,6318.913,-379.01709788379964,-0.112579345703125,1.2217864990234375,-0.38643400459026606,222,220,0.990990990990991,1.0
3331,-61.942993,6320.25,-379.31452202653605,-0.055511474609375,1.3367156982421875,-0.297424142736432,220,220,1.0,1.0
3332,-61.94113,6321.802,-379.5073289230846,0.001861572265625,1.551605224609375,-0.1928068965485246,220,220,1.0,1.0
3333,-62.015198,6323.411,-379.66129868889556,-0.074066162109375,1.6093902587890625,-0.15396976581097038,224,224,1.0,1.0
3334,-62.060608,6325.241,-379.78591336073487,-0.04541015625,1.8301544189453125,-0.12461467183930115,222,221,0.9954954954954955,1.0
3335,-62.06723,6327.321,-379.89606510255663,-0.006622314453125,2.0793609619140625,-0.11015174182176933,220,219,0.9954545454545455,1.0
3336,-62.053497,6329.459,-379.9583435266716,0.01373291015625,2.1382904052734375,-0.06227842411499473,222,222,1.0,1.0
3337,-62.050995,6331.8325,-380.0603554647405,0.00250244140625,2.3733673095703125,-0.10201193806888112,225,225,1.0,1.0
3338,-62.099426,6334.4346,-380.19195754382395,-0.048431396484375,2.60205078125,-0.13160207908346216,222,222,1.0,1.0
3339,-62.071625,6337.282,-380.29473172477924,0.027801513671875,2.847442626953125,-0.10277418095527238,224,223,0.9955357142857143,1.0
3340,-62.12091,6340.2036,-380.37645431309954,-0.049285888671875,2.9214324951171875,-0.08172258832029075,220,220,1.0,1.0
3341,-62.12372,6343.0767,-380.48293847131055,-0.0028076171875,2.8732452392578125,-0.1064841582109998,223,223,1.0,1.0
3342,-62.09659,6346.03,-380.57735774733345,0.027130126953125,2.9532318115234375,-0.09441927602290916,222,222,1.0,1.0
3343,-62.105286,6349.062,-380.69721787158363,-0.008697509765625,3.0321197509765625,-0.11986012425019163,218,218,1.0,1.0
3344,-62.138153,6352.005,-380.8056970614759,-0.032867431640625,2.943023681640625,-0.10847918989227286,224,224,1.0,1.0
3345,-62.163452,6354.9624,-380.8876430765251,-0.025299072265625,2.957672119140625,-0.08194601504919641,225,225,1.0,1.0
3346,-62.210968,6357.8496,-380.9753715679862,-0.047515869140625,2.887054443359375,-0.08772849146110932,219,219,1.0,1.0
3347,-62.179718,6360.7134,-381.0600909352075,0.03125,2.8637542724609375,-0.08471936722127728,220,219,0.9954545454545455,1.0
3348,-62.1904,6363.534,-381.10243820812474,-0.01068115234375,2.8209381103515625,-0.042347272917233225,224,223,0.9955357142857143,1.0
3349,-62.18112,6366.3237,-381.17059745265846,0.00927734375,2.7897796630859375,-0.06815924453372335,224,224,1.0,1.0
3350,-62.229706,6369.188,-381.2229635393764,-0.048583984375,2.864288330078125,-0.052366086717913235,231,231,1.0,1.0
3351,-62.236298,6371.876,-381.2726144079765,-0.006591796875,2.687835693359375,-0.04965086860011833,229,229,1.0,1.0
3352,-62.32669,6374.594,-381.32324221532474,-0.09039306640625,2.7184906005859375,-0.05062780734823599,229,229,1.0,1.0
3353,-62.32892,6377.292,-381.34925954107564,-0.002227783203125,2.697845458984375,-0.026017325750923793,224,224,1.0,1.0
3354,-62.393616,6379.968,-381.3640187680145,-0.064697265625,2.6756744384765625,-0.014759226938860648,221,220,0.995475113122172,1.0
3355,-62.394592,6382.6123,-381.41357233574655,-0.0009765625,2.644775390625,-0.04955356773205021,223,223,1.0,1.0
3356,-62.4657,6385.193,-381.43068649071114,-0.07110595703125,2.5804901123046875,-0.017114154964601946,230,230,1.0,1.0
3357,-62.44229,6387.867,-381.42818038090104,0.023406982421875,2.6745452880859375,0.0025061098101240033,230,230,1.0,1.0
3358,-62.5011,6390.396,-381.46020810856027,-0.058807373046875,2.5290069580078125,-0.032027727659234916,224,224,1.0,1.0
3359,-62.547363,6393.053,-381.47270207298044,-0.0462646484375,2.6571502685546875,-0.012493964420175722,219,219,1.0,1.0
3360,-62.537292,6395.5493,-381.478261468546,0.01007080078125,2.496185302734375,-0.005559395565564464,225,225,1.0,1.0
3361,-62.523926,6398.182,-381.47361753110283,0.01336669921875,2.6327056884765625,0.0046439374431938895,226,226,1.0,1.0
3362,-62.533936,6400.706,-381.48351487166747,-0.010009765625,2.5238494873046875,-0.00989734056464579,225,225,1.0,1.0
3363,-62.52005,6403.341,-381.47969118452886,0.013885498046875,2.634674072265625,0.0038236871385801687,223,223,1.0,1.0
3364,-62.52719,6405.884,-381.48783688738973,-0.00714111328125,2.543212890625,-0.008145702860875735,220,220,1.0,1.0
3365,-62.52661,6408.4746,-381.5002041894034,0.000579833984375,2.5908660888671875,-0.012367302013693297,220,220,1.0,1.0
3366,-62.548645,6410.9883,-381.505205792562,-0.02203369140625,2.513916015625,-0.00500160315857125,226,226,1.0,1.0
3367,-62.55359,6413.57,-381.5099907625021,-0.00494384765625,2.581756591796875,-0.0047849699401605345,226,226,1.0,1.0
3368,-62.523407,6416.0728,-381.49407122865983,0.030181884765625,2.5028839111328125,0.0159195338423201,220,220,1.0,1.0
3369,-62.479736,6418.665,-381.5021720941147,0.043670654296875,2.5921173095703125,-0.008100865454891824,219,219,1.0,1.0
3370,-62.47473,6421.1533,-381.48029406735986,0.0050048828125,2.4881134033203125,0.021878026754849313,222,222,1.0,1.0
3371,-62.473022,6423.7046,-381.49722093778104,0.001708984375,2.551422119140625,-0.016926870421183047,224,224,1.0,1.0
3372,-62.483368,6426.2,-381.49147693193106,-0.010345458984375,2.4954833984375,0.005744005849984163,221,221,1.0,1.0
3373,-62.475525,6428.7373,-381.494918423294,0.007843017578125,2.537261962890625,-0.0034414913629256466,220,220,1.0,1.0
3374,-62.475433,6431.277,-381.47107201125806,9.1552734375e-05,2.5397796630859375,0.02384641203591763,223,223,1.0,1.0
3375,-62.460022,6433.78,-381.48173534680285,0.015411376953125,2.50299072265625,-0.010663335544769843,221,221,1.0,1.0
3376,-62.478912,6436.2646,-381.45311285382525,-0.018890380859375,2.4847564697265625,0.02862249297759522,221,221,1.0,1.0
3377,-62.491364,6438.8413,-381.45620456012074,-0.012451171875,2.576690673828125,-0.003091706295496403,219,219,1.0,1.0
3378,-62.528503,6441.287,-381.4647481651238,-0.037139892578125,2.4458160400390625,-0.008543605003069586,218,217,0.9954128440366973,1.0
3379,-62.539764,6443.8647,-381.456175077367,-0.011260986328125,2.5775909423828125,0.008573087756823475,220,219,0.9954545454545455,1.0
3380,-62.58844,6446.3857,-381.4342378261563,-0.048675537109375,2.5209197998046875,0.021937251210690623,216,215,0.9953703703703703,1.0
3381,-62.58374,6448.933,-381.4361177598286,0.00469970703125,2.547271728515625,-0.0018799336723257553,219,218,0.9954337899543378,1.0
3382,-62.718323,6451.4863,-381.4122831048012,-0.13458251953125,2.5533447265625,0.023834655027423428,220,220,1.0,1.0
3383,-62.70685,6454.0327,-381.4279559908075,0.011474609375,2.546417236328125,-0.015672886006327224,220,220,1.0,1.0
3384,-62.72461,6456.529,-381.40005068030973,-0.01776123046875,2.4959564208984375,0.027905310497754507,219,219,1.0,1.0
3385,-62.713226,6459.105,-381.386842626311,0.011383056640625,2.5759735107421875,0.013208053998684233,221,221,1.0,1.0
3386,-62.778473,6461.6265,-381.4042122968641,-0.06524658203125,2.521484375,-0.01736967055310149,223,223,1.0,1.0
3387,-62.800537,6464.21,-381.4037954775719,-0.022064208984375,2.5832977294921875,0.0004168192922036011,227,227,1.0,1.0
3388,-62.797485,6466.702,-381.3890998803363,0.0030517578125,2.491973876953125,0.014695597235605335,226,226,1.0,1.0
3389,-62.85031,6469.213,-381.3781472266352,-0.052825927734375,2.51080322265625,0.01095265370113301,225,225,1.0,1.0
3390,-62.874023,6471.731,-381.3963469212542,-0.023712158203125,2.518280029296875,-0.01819969461897195,222,222,1.0,1.0
3391,-62.884033,6474.2944,-381.3707809274547,-0.010009765625,2.5634765625,0.025565993799484165,222,221,0.9954954954954955,1.0
3392,-62.94513,6476.8027,-381.3670919065938,-0.06109619140625,2.5082244873046875,0.0036890208608817304,220,219,0.9954545454545455,1.0
3393,-62.927917,6479.36,-381.34479803745944,0.0172119140625,2.5573272705078125,0.022293869134376584,223,222,0.9955156950672646,1.0
3394,-62.961823,6481.8384,-381.36159157558103,-0.033905029296875,2.4785308837890625,-0.01679353812156385,221,221,1.0,1.0
3395,-63.007294,6484.38,-381.3446939878433,-0.04547119140625,2.541595458984375,0.016897587737725428,219,218,0.9954337899543378,1.0
3396,-63.081696,6486.784,-381.35284307189545,-0.07440185546875,2.404388427734375,-0.008149084052164834,222,220,0.990990990990991,1.0
3397,-63.108215,6489.326,-381.32398100754705,-0.026519775390625,2.5417633056640625,0.02886206434841937,220,219,0.9954545454545455,1.0
3398,-63.14081,6491.8535,-381.3394310269496,-0.0325927734375,2.52716064453125,-0.015450019402576695,219,218,0.9954337899543378,1.0
3399,-63.18152,6494.347,-381.315755261496,-0.04071044921875,2.4936065673828125,0.023675765453630156,221,220,0.995475113122172,1.0
3400,-63.216858,6496.8525,-381.30843123441167,-0.03533935546875,2.50543212890625,0.007324027084362659,228,228,1.0,1.0
3401,-63.273956,6499.3916,-381.30384006474304,-0.057098388671875,2.539093017578125,0.0045911696686253434,225,225,1.0,1.0
3402,-63.27359,6501.8945,-381.2957783397663,0.0003662109375,2.50311279296875,0.008061724976741838,219,219,1.0,1.0
3403,-63.345917,6504.4023,-381.29577817296797,-0.07232666015625,2.507965087890625,1.6679831371122766e-07,224,224,1.0,1.0
3404,-63.31668,6506.9365,-381.2823516292653,0.02923583984375,2.5343475341796875,0.013426543702650173,225,225,1.0,1.0
3405,-63.323975,6509.506,-381.2723152176255,-0.007293701171875,2.569122314453125,0.01003641163982035,227,227,1.0,1.0
3406,-63.29962,6512.0054,-381.2690292603035,0.02435302734375,2.49932861328125,0.003285957321951779,225,225,1.0,1.0
3407,-63.324005,6514.5337,-381.25905182403676,-0.024383544921875,2.5283660888671875,0.009977436266746156,219,219,1.0,1.0
3408,-63.313904,6517.0513,-381.24052993325597,0.010101318359375,2.5176544189453125,0.018521890780785904,216,216,1.0,1.0
3409,-63.333008,6519.6274,-381.2380406878571,-0.01910400390625,2.5759735107421875,0.0024892453988668403,218,218,1.0,1.0
3410,-63.29193,6522.123,-381.22865289092135,0.04107666015625,2.495758056640625,0.009387796935767249,216,216,1.0,1.0
3411,-63.360077,6524.671,-381.22465339930005,-0.068145751953125,2.54779052734375,0.003999491621285034,214,214,1.0,1.0
3412,-63.347717,6527.16,-381.2201557062706,0.012359619140625,2.489410400390625,0.004497693029443214,218,218,1.0,1.0
3413,-63.370087,6529.722,-381.2075026491084,-0.022369384765625,2.5621185302734375,0.012653057162213698,219,219,1.0,1.0
3414,-63.377563,6532.2095,-381.19982068261663,-0.007476806640625,2.487396240234375,0.007681966491761082,221,221,1.0,1.0
3415,-63.420746,6534.718,-381.18802466408334,-0.043182373046875,2.508392333984375,0.011796018533284401,215,215,1.0,1.0
3416,-63.486847,6537.2646,-381.1836450662912,-0.06610107421875,2.5469818115234375,0.00437959779215249,215,215,1.0,1.0
3417,-63.518585,6539.7603,-381.1762489299912,-0.03173828125,2.4956207275390625,0.007396136300031187,217,217,1.0,1.0
3418,-63.59189,6542.2515,-381.1894171994942,-0.07330322265625,2.49139404296875,-0.013168269503013677,216,216,1.0,1.0
3419,-63.705353,6544.8164,-381.1718292881423,-0.11346435546875,2.5647430419921875,0.017587911351875752,211,211,1.0,1.0
3420,-63.78482,6547.355,-381.1778707197374,-0.0794677734375,2.53875732421875,-0.0060414315951175575,219,219,1.0,1.0
3421,-63.82007,6549.8774,-381.152807377738,-0.035247802734375,2.522430419921875,0.025063341999429358,223,223,1.0,1.0
3422,-63.942596,6552.349,-381.1699816720182,-0.122528076171875,2.471893310546875,-0.01717429428021155,222,221,0.9954954954954955,1.0
3423,-64.01843,6554.8813,-381.15406069743227,-0.075836181640625,2.532440185546875,0.01592097458590618,219,219,1.0,1.0
3424,-64.078156,6557.3525,-381.14301041446515,-0.059722900390625,2.4711456298828125,0.011050282967112251,221,221,1.0,1.0
3425,-64.13907,6559.825,-381.1238636966573,-0.0609130859375,2.472442626953125,0.01914671780786148,225,225,1.0,1.0
3426,-64.20676,6562.3457,-381.1204237253976,-0.06768798828125,2.520294189453125,0.003439971259703965,219,219,1.0,1.0
3427,-64.28763,6564.8047,-381.1120815781857,-0.08087158203125,2.4590911865234375,0.00834214721184086,218,218,1.0,1.0
3428,-64.3082,6567.308,-381.10011972699573,-0.02056884765625,2.5033416748046875,0.011961851190003705,218,218,1.0,1.0
3429,-64.35895,6569.765,-381.06063534567227,-0.050750732421875,2.456939697265625,0.03948438132347581,223,223,1.0,1.0
