frame_idx,cum_x,cum_y,cum_yaw,dx,dy,dyaw,good_matches,inliers,inlier_ratio,mean_score
0,0.0,0.0,0.0,0.0,0.0,0.0,0,0,1.0,1.0
1,0.52108765,0.14219666,0.020864469238474206,0.52108765,0.14219666,0.020864469238474206,333,332,0.996996996996997,1.0
2,0.95458984,0.3418274,0.0002444789710027463,0.4335022,0.19963074,-0.02061999026747146,316,314,0.9936708860759493,1.0
3,1.3704834,0.4449005,-0.006891169527752015,0.41589355,0.10307312,-0.007135648498754761,328,327,0.9969512195121951,1.0
4,1.7479248,0.59999084,0.01835376399434429,0.3774414,0.15509033,0.025244933522096304,298,297,0.9966442953020134,1.0
5,1.9073181,0.81941223,-0.01744928467221135,0.15939331,0.21942139,-0.03580304866655564,304,302,0.993421052631579,1.0
6,2.0939941,0.9639435,-0.01756581300062045,0.18667603,0.14453125,-0.00011652832840910006,322,321,0.9968944099378882,1.0
7,2.2747498,1.1730804,-0.019016026899467825,0.18075562,0.20913696,-0.001450213898847374,329,327,0.993920972644377,1.0
8,2.5867615,1.3544006,-0.0400754137386069,0.31201172,0.18132019,-0.02105938683913908,341,340,0.9970674486803519,1.0
9,2.883545,1.6159058,-0.09788179950760179,0.29678345,0.26150513,-0.057806385768994877,359,354,0.9860724233983287,1.0
10,2.9770813,1.8567505,-0.41092356244618006,0.09353638,0.24084473,-0.31304176293857827,406,395,0.9729064039408867,1.0
11,3.188446,2.1983185,-0.623748296972252,0.21136475,0.341568,-0.21282473452607192,418,407,0.9736842105263158,1.0
12,3.466278,2.1907501,-1.162953218792524,0.27783203,-0.0075683594,-0.539204921820272,427,405,0.9484777517564403,1.0
13,3.4713135,2.6198578,-1.5951013254472861,0.0050354004,0.42910767,-0.43214810665476205,463,458,0.9892008639308856,1.0
14,3.4314575,3.2560577,-2.27091689692806,-0.039855957,0.63619995,-0.675815571480774,497,488,0.9818913480885312,1.0
15,3.3175964,3.7301636,-2.883063943783073,-0.113861084,0.47410583,-0.612147046855013,508,507,0.9980314960629921,1.0
16,3.4665222,4.0497894,-3.18708475625165,0.14892578,0.31962585,-0.3040208124685775,531,529,0.9962335216572504,1.0
17,3.480774,4.4087067,-3.636101083194075,0.014251709,0.35891724,-0.44901632694242505,547,528,0.9652650822669104,1.0
18,3.4555664,4.8457184,-3.8920067859103535,-0.02520752,0.43701172,-0.2559057027162784,560,556,0.9928571428571429,1.0
19,3.5547485,5.3266754,-4.838078116798297,0.09918213,0.48095703,-0.9460713308879427,589,576,0.9779286926994907,1.0
20,3.4520874,5.808319,-5.102565515359377,-0.10266113,0.48164368,-0.26448739856107983,601,598,0.9950083194675541,1.0
21,3.4653015,6.3341675,-5.187068820404797,0.013214111,0.5258484,-0.08450330504542052,603,601,0.9966832504145937,1.0
22,3.3358154,6.9426117,-5.303729204827293,-0.12948608,0.6084442,-0.11666038442249489,607,604,0.9950576606260296,1.0
23,3.2483826,7.467636,-5.421964017431393,-0.08743286,0.5250244,-0.1182348126041008,616,614,0.9967532467532467,1.0
24,3.1677551,7.975296,-5.6773991395675605,-0.08062744,0.5076599,-0.2554351221361676,620,615,0.9919354838709677,1.0
25,3.0874023,8.276886,-5.975645448286803,-0.08035278,0.30158997,-0.29824630871924307,617,614,0.9951377633711507,1.0
26,3.0745544,8.752457,-6.074976049628043,-0.0128479,0.47557068,-0.09933060134124008,620,616,0.9935483870967742,1.0
27,2.7558594,9.215607,-6.154299261590839,-0.31869507,0.46315002,-0.07932321196279561,623,622,0.9983948635634029,1.0
28,2.4729004,9.585907,-6.267422271965134,-0.28295898,0.3703003,-0.11312301037429516,634,630,0.9936908517350158,1.0
29,2.4384766,9.9457855,-6.379176759201498,-0.034423828,0.35987854,-0.11175448723636427,618,610,0.9870550161812298,1.0
30,2.0870667,10.331985,-6.514531606053113,-0.3514099,0.38619995,-0.13535484685161533,625,621,0.9936,1.0
31,1.8417664,10.61853,-6.644696242521067,-0.2453003,0.2865448,-0.13016463646795368,612,610,0.9967320261437909,1.0
32,1.7233276,10.8402405,-6.745964590721595,-0.11843872,0.2217102,-0.10126834820052788,606,605,0.9983498349834984,1.0
33,1.5429382,11.102951,-6.922966799463844,-0.1803894,0.26271057,-0.1770022087422493,616,610,0.9902597402597403,1.0
34,1.3113708,11.422211,-7.023239137189081,-0.23156738,0.31925964,-0.10027233772523618,595,592,0.9949579831932773,1.0
35,1.1685486,11.686752,-7.096280170395993,-0.14282227,0.26454163,-0.07304103320691177,611,606,0.9918166939443536,1.0
36,0.97488403,12.010681,-7.2031366926432705,-0.19366455,0.32392883,-0.10685652224727811,607,605,0.9967051070840197,1.0
37,0.81591797,12.219757,-7.263250903205815,-0.15896606,0.20907593,-0.060114210562544415,611,608,0.9950900163666121,1.0
38,0.7033386,12.455551,-7.396204562485554,-0.112579346,0.23579407,-0.13295365927973868,599,597,0.996661101836394,1.0
39,0.6727905,12.5824585,-7.421562547102861,-0.030548096,0.12690735,-0.025357984617306855,604,603,0.9983443708609272,1.0
40,0.5483093,12.766525,-7.499511948222022,-0.1244812,0.18406677,-0.07794940111916157,604,603,0.9983443708609272,1.0
41,0.32815552,12.816193,-7.576892316045268,-0.22015381,0.04966736,-0.07738036782324635,602,601,0.9983388704318937,1.0
42,0.19210815,12.937332,-7.628505679818537,-0.13604736,0.12113953,-0.05161336377326923,610,608,0.9967213114754099,1.0
43,0.1532898,12.99852,-7.824954036581224,-0.03881836,0.061187744,-0.19644835676268682,612,610,0.9967320261437909,1.0
44,0.06561279,13.0867,-7.893695923564265,-0.087677,0.08818054,-0.06874188698304082,624,623,0.9983974358974359,1.0
45,-0.058013916,13.194153,-7.945939323118563,-0.12362671,0.10745239,-0.05224339955429774,625,623,0.9968,1.0
46,-0.09118652,13.162094,-8.043499606557925,-0.033172607,-0.032058716,-0.09756028343936209,636,634,0.9968553459119497,1.0
47,-0.11047363,13.15361,-8.052596617718615,-0.01928711,-0.008483887,-0.009097011160690118,628,627,0.9984076433121019,1.0
48,-0.08920288,13.163025,-8.071052305454034,0.021270752,0.009414673,-0.018455687735417625,627,626,0.9984051036682615,1.0
49,-0.26531982,13.14624,-8.11032952000461,-0.17611694,-0.016784668,-0.0392772145505763,627,627,1.0,1.0
50,-0.24511719,13.00621,-8.118266395347641,0.020202637,-0.1400299,-0.0079368753430306,621,621,1.0,1.0
51,-0.2989807,12.809799,-8.124097501446627,-0.053863525,-0.19641113,-0.005831106098985916,616,615,0.9983766233766234,1.0
52,-0.3765564,12.784851,-8.153647079023395,-0.07757568,-0.02494812,-0.02954957757676799,598,596,0.9966555183946488,1.0
53,-0.31021118,12.821396,-8.130256596904424,0.066345215,0.0365448,0.023390482118970678,577,573,0.9930675909878682,1.0
54,-0.40255737,12.84375,-8.109282664556188,-0.09234619,0.022354126,0.020973932348235035,591,587,0.9932318104906938,1.0
55,-0.17749023,12.582397,-8.162773025891427,0.22506714,-0.26135254,-0.053490361335239336,603,599,0.9933665008291874,1.0
56,-0.23669434,12.355499,-8.229682924676228,-0.0592041,-0.2268982,-0.06690989878480086,584,578,0.9897260273972602,1.0
57,-0.23443604,12.104416,-8.238732575035021,0.0022583008,-0.25108337,-0.009049650358792726,602,601,0.9983388704318937,1.0
58,-0.11022949,11.855087,-8.204547797193111,0.12420654,-0.24932861,0.03418477784190922,592,589,0.9949324324324325,1.0
59,0.20275879,11.454681,-8.259932897150554,0.31298828,-0.40040588,-0.0553850999574426,592,589,0.9949324324324325,1.0
60,0.25094604,11.180756,-8.259399492588269,0.048187256,-0.27392578,0.0005334045622841189,611,609,0.9967266775777414,1.0
61,0.3294983,10.877869,-8.290788039896066,0.078552246,-0.30288696,-0.031388547307796874,627,624,0.9952153110047847,1.0
62,0.32028198,10.70459,-8.291596959376381,-0.009216309,-0.17327881,-0.0008089194803155133,633,633,1.0,1.0
63,0.35269165,10.562012,-8.304095184059221,0.032409668,-0.14257812,-0.012498224682839672,616,616,1.0,1.0
64,0.33502197,10.40271,-8.30936202101604,-0.017669678,-0.15930176,-0.00526683695681934,614,613,0.998371335504886,1.0
65,0.30215454,10.255173,-8.290473876987063,-0.03286743,-0.14753723,0.018888144028977174,642,641,0.9984423676012462,1.0
66,0.25805664,10.047882,-8.304178342416849,-0.0440979,-0.20729065,-0.013704465429786008,590,589,0.9983050847457627,1.0
67,0.18444824,9.901947,-8.307618423420863,-0.0736084,-0.14593506,-0.003440081004013013,606,604,0.9966996699669967,1.0
68,0.29855347,9.557419,-8.382438236227413,0.114105225,-0.3445282,-0.07481981280654999,595,593,0.9966386554621849,1.0
69,0.2312622,9.249527,-8.379696572866301,-0.06729126,-0.30789185,0.0027416633611114273,628,628,1.0,1.0
70,0.1746521,9.012238,-8.371950165796768,-0.056610107,-0.23728943,0.007746407069533134,603,602,0.9983416252072969,1.0
71,0.100616455,8.846817,-8.36249035882417,-0.074035645,-0.16542053,0.009459806972598774,568,568,1.0,1.0
72,-0.042053223,8.654297,-8.380076245678124,-0.14266968,-0.19252014,-0.017585886853954517,573,571,0.9965095986038395,1.0
73,-0.17034912,8.387909,-8.415924990299198,-0.1282959,-0.26638794,-0.03584874462107324,579,578,0.998272884283247,1.0
74,-0.24911499,8.174927,-8.496028378924853,-0.07876587,-0.21298218,-0.08010338862565597,558,556,0.996415770609319,1.0
75,-0.17642212,7.9670258,-8.581240759655142,0.07269287,-0.207901,-0.08521238073028889,543,539,0.992633517495396,1.0
76,-0.16070557,7.633606,-8.575814816244856,0.015716553,-0.3334198,0.005425943410286062,541,534,0.9870609981515711,1.0
77,-0.14169312,7.319809,-8.583162051535973,0.019012451,-0.313797,-0.00734723529111809,544,543,0.9981617647058824,1.0
78,-0.08627319,6.9206085,-8.595475480687302,0.055419922,-0.39920044,-0.012313429151328005,526,526,1.0,1.0
79,0.17538452,6.585785,-8.72179568476913,0.2616577,-0.3348236,-0.12632020408182898,538,532,0.9888475836431226,1.0
80,0.39367676,6.276291,-8.732567462656116,0.21829224,-0.30949402,-0.010771777886985499,543,540,0.994475138121547,1.0
81,0.34048462,6.04393,-8.9182578145821,-0.05319214,-0.23236084,-0.18569035192598513,557,553,0.992818671454219,1.0
82,0.605011,5.8614197,-9.04598231005685,0.26452637,-0.18251038,-0.1277244954747501,553,550,0.9945750452079566,1.0
83,0.819397,5.7754517,-9.089476482250364,0.21438599,-0.08596802,-0.043494172193513626,512,510,0.99609375,1.0
84,0.8503418,5.7023773,-9.273924297555695,0.030944824,-0.07307434,-0.18444781530533158,511,502,0.9823874755381604,1.0
85,1.0520325,5.7252197,-9.361059444810913,0.20169067,0.022842407,-0.08713514725521855,523,517,0.988527724665392,1.0
86,1.0977173,5.949188,-9.52031828652444,0.045684814,0.2239685,-0.1592588417135259,513,509,0.9922027290448343,1.0
87,1.3428955,6.109833,-9.578468651041305,0.24517822,0.16064453,-0.05815036451686508,515,511,0.9922330097087378,1.0
88,1.3601379,6.2503967,-9.672136922445782,0.017242432,0.14056396,-0.09366827140447687,500,492,0.984,1.0
89,1.3192749,6.3717957,-9.766853389816342,-0.040863037,0.121398926,-0.09471646737056008,499,495,0.9919839679358717,1.0
90,1.4381714,6.5984497,-9.846093820566487,0.118896484,0.22665405,-0.0792404307501456,517,511,0.988394584139265,1.0
91,1.6651001,6.8488007,-9.999587242000946,0.22692871,0.25035095,-0.15349342143445802,510,507,0.9941176470588236,1.0
92,1.7745667,7.092285,-10.113375359660635,0.10946655,0.2434845,-0.11378811765968959,503,500,0.9940357852882704,1.0
93,1.8299866,7.3224792,-10.271104265176557,0.055419922,0.23019409,-0.15772890551592283,479,477,0.9958246346555324,1.0
94,2.0278625,7.408386,-10.491309698550822,0.19787598,0.08590698,-0.22020543337426382,483,479,0.9917184265010351,1.0
95,2.1013794,7.8417664,-10.649690636532096,0.073516846,0.43338013,-0.15838093798127417,461,457,0.9913232104121475,1.0
96,2.0958557,8.061356,-10.844652792902236,-0.0055236816,0.21958923,-0.19496215637014003,445,442,0.9932584269662922,1.0
97,2.1337585,8.138138,-10.980268693531496,0.037902832,0.07678223,-0.1356159006292592,442,439,0.9932126696832579,1.0
98,2.1801147,8.019272,-11.274126732539882,0.0463562,-0.11886597,-0.29385803900838525,446,442,0.9910313901345291,1.0
99,2.0987244,8.042038,-11.479592665888996,-0.08139038,0.022766113,-0.2054659333491131,432,429,0.9930555555555556,1.0
100,2.008484,8.128876,-11.631809615865963,-0.09024048,0.08683777,-0.15221694997696697,443,438,0.9887133182844243,1.0
101,1.8441467,8.258514,-11.729129318332285,-0.16433716,0.12963867,-0.09731970246632159,441,439,0.9954648526077098,1.0
102,1.7184143,8.417572,-11.847326842022833,-0.12573242,0.15905762,-0.11819752369054735,425,421,0.9905882352941177,1.0
103,1.6793518,8.487366,-12.094540148179137,-0.0390625,0.0697937,-0.2472133061563036,418,411,0.9832535885167464,1.0
104,1.5106506,8.653412,-12.314094505230468,-0.16870117,0.16604614,-0.21955435705133097,422,421,0.9976303317535545,1.0
105,1.3483582,8.895142,-12.638386764441618,-0.16229248,0.24172974,-0.3242922592111499,448,443,0.9888392857142857,1.0
106,1.2156982,9.027237,-12.80912138984446,-0.13265991,0.13209534,-0.1707346254028417,434,432,0.9953917050691244,1.0
107,1.1311951,9.248383,-12.909661922638923,-0.084503174,0.22114563,-0.10054053279446369,413,412,0.9975786924939467,1.0
108,0.7706604,9.365448,-13.034820829408705,-0.36053467,0.11706543,-0.1251589067697818,420,420,1.0,1.0
109,0.7147522,9.601624,-13.106885791335547,-0.055908203,0.23617554,-0.07206496192684128,432,428,0.9907407407407407,1.0
110,0.56192017,9.743393,-13.114587121758406,-0.15283203,0.14176941,-0.007701330422859572,431,428,0.9930394431554525,1.0
111,0.37390137,9.8185425,-13.296977471435799,-0.1880188,0.075149536,-0.1823903496773924,427,422,0.9882903981264637,1.0
112,0.20202637,10.198822,-13.445030041387138,-0.171875,0.38027954,-0.14805256995133992,444,440,0.990990990990991,1.0
113,0.039398193,10.318024,-13.51514212418146,-0.16262817,0.11920166,-0.07011208279432282,437,433,0.9908466819221968,1.0
114,-0.029815674,10.6180725,-13.620233559124593,-0.06921387,0.30004883,-0.10509143494313204,441,438,0.9931972789115646,1.0
115,-0.12683105,10.916687,-13.74531339376074,-0.09701538,0.2986145,-0.12507983463614822,448,447,0.9977678571428571,1.0
116,-0.15161133,11.217545,-13.825271675662762,-0.024780273,0.30085754,-0.0799582819020208,461,460,0.9978308026030369,1.0
117,-0.15185547,11.401413,-13.920092959863522,-0.00024414062,0.18386841,-0.09482128420076041,472,470,0.9957627118644068,1.0
118,-0.25601196,11.582794,-14.056269310883705,-0.104156494,0.18138123,-0.13617635102018255,459,455,0.9912854030501089,1.0
119,-0.32717896,11.813324,-14.216144047856325,-0.07116699,0.23052979,-0.15987473697262028,450,449,0.9977777777777778,1.0
120,-0.28677368,11.870407,-14.32929440181733,0.040405273,0.05708313,-0.11315035396100581,438,436,0.9954337899543378,1.0
121,-0.356781,12.031891,-14.44874718069268,-0.070007324,0.16148376,-0.11945277887534918,452,447,0.9889380530973452,1.0
122,-0.34240723,12.319122,-14.487094082430472,0.014373779,0.28723145,-0.03834690173779229,446,444,0.9955156950672646,1.0
123,-0.3914795,12.268311,-14.728364126954268,-0.049072266,-0.050811768,-0.24127004452379697,449,447,0.9955456570155902,1.0
124,-0.47628784,12.372559,-14.851342673932423,-0.08480835,0.10424805,-0.12297854697815466,452,447,0.9889380530973452,1.0
125,-0.4984436,12.477158,-14.925639090339336,-0.022155762,0.104599,-0.074296416406913,464,464,1.0,1.0
126,-0.47473145,12.469101,-14.978546616768266,0.023712158,-0.008056641,-0.052907526428929236,449,447,0.9955456570155902,1.0
127,-0.37832642,12.603165,-15.012808543350557,0.09640503,0.13406372,-0.03426192658229055,429,428,0.9976689976689976,1.0
128,-0.48492432,12.715836,-15.171735641255442,-0.1065979,0.1126709,-0.15892709790488507,447,446,0.9977628635346756,1.0
129,-0.5977783,12.736557,-15.320245528640235,-0.112854004,0.020721436,-0.14850988738479445,457,455,0.9956236323851203,1.0
130,-0.6399536,12.752487,-15.213773692490435,-0.042175293,0.015930176,0.10647183614980094,463,462,0.9978401727861771,1.0
131,-0.5828247,12.770966,-15.258069483402398,0.057128906,0.018478394,-0.04429579091196308,455,454,0.9978021978021978,1.0
132,-0.52767944,12.768112,-15.292390737254806,0.055145264,-0.0028533936,-0.034321253852408515,454,451,0.9933920704845814,1.0
133,-0.74057007,12.851669,-15.327674634880518,-0.21289062,0.08355713,-0.03528389762571229,459,454,0.9891067538126361,1.0
134,-0.6826172,12.781891,-15.424109409801584,0.05795288,-0.06977844,-0.09643477492106704,467,464,0.9935760171306209,1.0
135,-0.72735596,12.6662445,-15.529410925185354,-0.04473877,-0.11564636,-0.10530151538376972,455,450,0.989010989010989,1.0
136,-0.62231445,12.593887,-15.578753215890794,0.105041504,-0.07235718,-0.04934229070543934,457,452,0.9890590809628009,1.0
137,-0.50027466,12.567413,-15.540287028673738,0.122039795,-0.026473999,0.0384661872170555,430,427,0.9930232558139535,1.0
138,-0.48532104,12.639908,-15.61385109554945,0.014953613,0.07249451,-0.0735640668757109,432,431,0.9976851851851852,1.0
139,-0.31326294,12.6150055,-15.636860499410304,0.1720581,-0.024902344,-0.02300940386085454,440,437,0.9931818181818182,1.0
140,-0.005706787,12.604904,-15.608595314267031,0.30755615,-0.010101318,0.028265185143271684,437,435,0.9954233409610984,1.0
141,0.09060669,12.620743,-15.717045302467127,0.09631348,0.015838623,-0.10844998820009628,443,443,1.0,1.0
142,0.22964478,12.545105,-15.719714207445387,0.13903809,-0.07563782,-0.0026689049782587476,425,423,0.9952941176470588,1.0
143,0.37313843,12.682938,-15.703570615168623,0.14349365,0.13783264,0.01614359227676343,442,440,0.995475113122172,1.0
144,0.37194824,12.710419,-15.714113630077488,-0.0011901855,0.02748108,-0.010543014908865389,435,434,0.9977011494252873,1.0
145,0.45568848,12.774185,-15.747455564278273,0.083740234,0.06376648,-0.0333419342007839,441,437,0.9909297052154195,1.0
146,0.58877563,12.869263,-15.775182489104692,0.13308716,0.095077515,-0.027726924826419183,427,426,0.9976580796252927,1.0
147,0.7652588,13.006073,-15.774029216320773,0.17648315,0.1368103,0.0011532727839190476,415,411,0.9903614457831326,1.0
148,0.8600769,13.09935,-15.827135090281423,0.094818115,0.09327698,-0.05310587396065003,437,435,0.9954233409610984,1.0
149,0.96707153,13.204941,-15.80508601598986,0.10699463,0.10559082,0.022049074291564014,450,448,0.9955555555555555,1.0
150,0.9491577,13.418228,-15.828758167112738,-0.017913818,0.21328735,-0.02367215112287917,444,444,1.0,1.0
151,0.99575806,13.474869,-15.819860543134132,0.04660034,0.056640625,0.008897623978605851,459,458,0.9978213507625272,1.0
152,1.0124512,13.581528,-15.81946820882236,0.016693115,0.106658936,0.00039233431177146047,484,483,0.9979338842975206,1.0
153,0.96621704,13.619827,-15.861020400561157,-0.04623413,0.03829956,-0.04155219173879615,462,462,1.0,1.0
154,0.92922974,13.7018585,-15.873683149480824,-0.036987305,0.08203125,-0.012662748919666945,457,456,0.9978118161925602,1.0
155,1.0014343,13.722549,-15.91274601382077,0.07220459,0.020690918,-0.039062864339946414,471,469,0.9957537154989384,1.0
156,0.8848572,13.7061615,-15.95802704151141,-0.11657715,-0.01638794,-0.04528102769064093,455,453,0.9956043956043956,1.0
157,0.9119873,13.741913,-15.903096209754757,0.027130127,0.035751343,0.054930831756654086,465,464,0.9978494623655914,1.0
158,0.82092285,13.742584,-15.968677271072371,-0.09106445,0.0006713867,-0.06558106131761478,472,470,0.9957627118644068,1.0
159,0.7732239,13.762131,-15.953999396655083,-0.047698975,0.019546509,0.014677874417287698,471,470,0.9978768577494692,1.0
160,0.71591187,13.674698,-15.952196351787675,-0.05731201,-0.08743286,0.0018030448674089296,480,477,0.99375,1.0
161,0.63601685,13.531403,-15.962868580606647,-0.07989502,-0.14329529,-0.010672228818972576,488,487,0.9979508196721312,1.0
162,0.48876953,13.440063,-15.968074816685574,-0.14724731,-0.09133911,-0.0052062360789258315,470,470,1.0,1.0
163,0.45443726,13.359879,-15.9373626937166,-0.034332275,-0.08018494,0.030712122968973445,486,485,0.9979423868312757,1.0
164,0.3703308,13.325455,-15.914081097014135,-0.084106445,-0.034423828,0.023281596702466035,469,467,0.9957356076759062,1.0
165,0.36679077,13.208572,-15.91896241861778,-0.003540039,-0.116882324,-0.004881321603644252,462,459,0.9935064935064936,1.0
166,0.3045349,13.236588,-15.933602192224019,-0.06225586,0.028015137,-0.014639773606239288,465,464,0.9978494623655914,1.0
167,0.21343994,13.229065,-15.93789394525257,-0.09109497,-0.007522583,-0.004291753028551481,477,475,0.9958071278825996,1.0
168,0.1539917,13.229614,-15.903304725567434,-0.059448242,0.0005493164,0.03458921968513695,491,489,0.9959266802443992,1.0
169,0.1737976,13.267273,-15.93128042478693,0.019805908,0.03765869,-0.027975699219497042,494,492,0.9959514170040485,1.0
170,0.12954712,13.245819,-15.941100482461197,-0.04425049,-0.021453857,-0.00982005767426715,480,476,0.9916666666666667,1.0
171,0.16207886,13.268356,-15.926312029757938,0.03253174,0.022537231,0.014788452703259226,469,468,0.997867803837953,1.0
172,0.15939331,13.344254,-15.92382606325741,-0.0026855469,0.07589722,0.0024859665005278818,499,498,0.9979959919839679,1.0
173,0.13894653,13.371536,-15.914163263725369,-0.020446777,0.027282715,0.009662799532040309,522,521,0.9980842911877394,1.0
174,0.25100708,13.409714,-15.889298281370353,0.11206055,0.03817749,0.024864982355015854,538,537,0.9981412639405205,1.0
175,0.15597534,13.318192,-15.892352808097863,-0.09503174,-0.09152222,-0.003054526727510994,536,535,0.9981343283582089,1.0
176,0.13320923,13.3160095,-15.90192736783073,-0.022766113,-0.0021820068,-0.009574559732867234,547,547,1.0,1.0
177,0.14724731,13.374893,-15.913549648005473,0.014038086,0.058883667,-0.011622280174742705,567,567,1.0,1.0
178,0.08459473,13.474045,-15.905068304604656,-0.06265259,0.09915161,0.008481343400817203,563,563,1.0,1.0
179,0.064941406,13.587921,-15.883635782638464,-0.01965332,0.11387634,0.02143252196619207,570,570,1.0,1.0
180,0.043060303,13.62561,-15.881556058433159,-0.021881104,0.03768921,0.002079724205305579,561,561,1.0,1.0
181,0.078704834,13.604782,-15.865740568462318,0.03564453,-0.020828247,0.015815489970840466,567,566,0.9982363315696648,1.0
182,0.099365234,13.5651245,-15.873198899434309,0.0206604,-0.039657593,-0.007458330971990903,564,562,0.9964539007092199,1.0
183,0.13226318,13.500092,-15.874182044180152,0.03289795,-0.06503296,-0.0009831447458437694,557,557,1.0,1.0
184,0.18017578,13.427567,-15.864791987903601,0.047912598,-0.072525024,0.00939005627655089,547,546,0.9981718464351006,1.0
185,0.25231934,13.31131,-15.857733225786665,0.072143555,-0.116256714,0.007058762116935312,537,537,1.0,1.0
186,0.3157959,13.212677,-15.8495793336212,0.06347656,-0.09863281,0.008153892165465795,546,545,0.9981684981684982,1.0
187,-0.035247803,12.893204,-15.398075616954136,-0.3510437,-0.31947327,0.45150371666706446,479,478,0.9979123173277662,1.0
188,0.25427246,11.969711,-10.091033332143276,0.28952026,-0.92349243,5.307042284810861,467,467,1.0,1.0
189,0.78359985,11.210373,-3.720636828587655,0.5293274,-0.7593384,6.370396503555621,482,478,0.991701244813278,1.0
190,0.92575073,10.691254,2.881377754465248,0.14215088,-0.51911926,6.602014583052903,472,469,0.9936440677966102,1.0
191,1.1360779,10.026138,9.550183224843682,0.21032715,-0.66511536,6.668805470378433,449,447,0.9955456570155902,1.0
192,1.2967529,9.426392,16.200168114797364,0.16067505,-0.5997467,6.649984889953682,418,417,0.9976076555023924,1.0
193,1.5037537,8.820099,22.907574858479464,0.20700073,-0.6062927,6.7074067436821005,434,433,0.9976958525345622,1.0
194,1.5010681,7.8808594,29.52282301669948,-0.0026855469,-0.9392395,6.615248158220017,424,424,1.0,1.0
195,1.5168762,6.853592,36.223546052246924,0.015808105,-1.0272675,6.700723035547447,409,408,0.9975550122249389,1.0
196,1.6243896,5.545944,42.922489733440955,0.10751343,-1.3076477,6.698943681194031,405,405,1.0,1.0
197,1.6029053,4.25943,49.62293902577314,-0.021484375,-1.2865143,6.700449292332187,392,391,0.9974489795918368,1.0
198,1.6544495,2.8557587,56.311383107973725,0.05154419,-1.4036713,6.688444082200584,366,366,1.0,1.0
199,1.679779,1.5687103,62.925188220144,0.02532959,-1.2870483,6.613805112170274,378,378,1.0,1.0
200,1.9035339,0.18580627,69.56734991438546,0.22375488,-1.382904,6.642161694241466,402,402,1.0,1.0
201,2.1970825,-0.72784424,76.27673644769195,0.29354858,-0.9136505,6.7093865333064855,430,430,1.0,1.0
202,2.635315,-1.33255,82.95942523144316,0.43823242,-0.6047058,6.682688783751216,426,426,1.0,1.0
203,2.8380432,-1.5441742,89.59256324919262,0.20272827,-0.21162415,6.633138017749455,426,426,1.0,1.0
204,3.4667358,-1.4886322,96.15717636098546,0.6286926,0.055541992,6.564613111792841,437,437,1.0,1.0
205,3.908142,-1.2502441,102.67722374081404,0.44140625,0.23838806,6.520047379828577,424,424,1.0,1.0
206,4.4972534,-0.86657715,108.35564510439218,0.5891113,0.383667,5.678421363578139,445,443,0.9955056179775281,1.0
207,4.875519,-0.0771637,112.77909588542022,0.37826538,0.78941345,4.423450781028031,454,454,1.0,1.0
208,5.263214,0.9593353,115.74842133851764,0.3876953,1.036499,2.9693254530974302,448,446,0.9955357142857143,1.0
209,5.589569,2.457611,117.353598013509,0.32635498,1.4982758,1.6051766749913503,438,436,0.9954337899543378,1.0
210,5.750702,4.1943665,118.22233018365807,0.16113281,1.7367554,0.868732170149077,442,439,0.9932126696832579,1.0
211,5.9465027,5.963516,118.81448678226178,0.19580078,1.7691498,0.5921565986037053,470,467,0.9936170212765958,1.0
212,6.002716,8.082291,119.20413600625672,0.05621338,2.1187744,0.3896492239949424,455,454,0.9978021978021978,1.0
213,6.096466,10.255493,119.39285759311315,0.09375,2.1732025,0.18872158685643822,459,457,0.9956427015250545,1.0
214,6.2184753,12.814178,119.53075667344004,0.12200928,2.5586853,0.13789908032688356,468,467,0.9978632478632479,1.0
215,6.2781982,15.613342,119.50983070666415,0.0597229,2.7991638,-0.02092596677588756,478,476,0.99581589958159,1.0
216,6.2217712,18.442413,119.51738426552762,-0.056427002,2.829071,0.007553558863474158,483,482,0.9979296066252588,1.0
217,6.282501,21.64859,119.41342677224999,0.06072998,3.2061768,-0.10395749327763307,472,471,0.9978813559322034,1.0
218,6.195404,25.009735,119.20194018292854,-0.08709717,3.361145,-0.21148658932144956,506,504,0.9960474308300395,1.0
219,6.052429,28.581085,118.91380339518828,-0.14297485,3.57135,-0.28813678774025947,496,492,0.9919354838709677,1.0
220,5.8632507,32.334946,118.62921966670204,-0.18917847,3.7538605,-0.28458372848624325,486,485,0.9979423868312757,1.0
221,5.657654,36.16501,118.28133972051045,-0.20559692,3.8300629,-0.34787994619159607,501,499,0.9960079840319361,1.0
222,5.309021,40.210693,117.94826344195596,-0.3486328,4.045685,-0.333076278554483,484,482,0.9958677685950413,1.0
223,4.9417114,44.488235,117.71825850202357,-0.36730957,4.277542,-0.23000493993238127,479,476,0.9937369519832986,1.0
224,4.6661377,48.829056,117.49638729299227,-0.27557373,4.3408203,-0.22187120903130955,472,471,0.9978813559322034,1.0
225,4.40036,53.323563,117.37125826881513,-0.2657776,4.494507,-0.1251290241771473,465,464,0.9978494623655914,1.0
226,4.050995,58.079407,117.21767758066957,-0.34936523,4.755844,-0.15358068814554973,463,461,0.9956803455723542,1.0
227,3.6186829,62.951324,117.08103459515627,-0.432312,4.8719177,-0.1366429855132991,442,440,0.995475113122172,1.0
228,3.1957397,68.10358,117.0721525176228,-0.42294312,5.152252,-0.008882077533475393,461,460,0.9978308026030369,1.0
229,2.8309631,73.323746,116.9672246273863,-0.3647766,5.220169,-0.10492789023649497,473,470,0.9936575052854123,1.0
230,2.400177,78.72426,116.845028124492,-0.43078613,5.4005127,-0.12219650289429503,476,473,0.9936974789915967,1.0
231,2.036438,84.247894,116.65945879881633,-0.363739,5.523636,-0.18556932567567036,466,464,0.9957081545064378,1.0
232,1.2127991,90.300476,117.06872711116752,-0.8236389,6.052582,0.4092683123511818,457,433,0.9474835886214442,1.0
233,0.7598572,96.10646,116.86781688481119,-0.4529419,5.8059845,-0.2009102263563317,458,457,0.9978165938864629,1.0
234,0.27059937,102.03447,116.66720767112393,-0.4892578,5.928009,-0.20060921368725737,476,475,0.9978991596638656,1.0
235,-0.20135498,107.89023,116.56340229293389,-0.47195435,5.8557587,-0.10380537819004647,483,481,0.9958592132505176,1.0
236,-0.807312,113.86493,116.46214183579959,-0.60595703,5.974701,-0.10126045713430716,476,473,0.9936974789915967,1.0
237,-1.3395996,119.91452,116.32159748426285,-0.5322876,6.049591,-0.14054435153672631,455,454,0.9978021978021978,1.0
238,-1.793457,125.78595,116.11292861977587,-0.45385742,5.8714294,-0.20866886448698574,449,447,0.9955456570155902,1.0
239,-2.2261353,131.65532,115.97753644568208,-0.43267822,5.8693695,-0.1353921740937948,461,458,0.9934924078091106,1.0
240,-2.6635437,137.4044,115.87132895349284,-0.43740845,5.7490845,-0.10620749218923624,456,451,0.9890350877192983,1.0
241,-3.0243835,143.10645,115.78181152400013,-0.36083984,5.7020416,-0.08951742949270569,454,454,1.0,1.0
242,-3.4945068,148.76907,115.68743647350406,-0.4701233,5.662628,-0.09437505049606214,459,457,0.9956427015250545,1.0
243,-3.834076,154.49944,115.62874553432292,-0.3395691,5.730362,-0.05869093918114123,454,454,1.0,1.0
244,-4.308777,160.44875,115.76714847133358,-0.47470093,5.9493103,0.13840293701067,488,487,0.9979508196721312,1.0
245,-4.68985,165.82137,115.69924035108414,-0.381073,5.3726196,-0.06790812024944458,510,508,0.996078431372549,1.0
246,-5.0779114,171.22989,115.64275263133345,-0.38806152,5.4085236,-0.05648771975069141,479,478,0.9979123173277662,1.0
247,-5.4692993,176.56418,115.60030942995124,-0.39138794,5.3342896,-0.04244320138220612,476,474,0.9957983193277311,1.0
248,-5.82312,181.9804,115.55851300010245,-0.3538208,5.416214,-0.04179642984878618,483,483,1.0,1.0
249,-6.2839355,187.3497,115.48529111260224,-0.46081543,5.3693085,-0.07322188750021072,471,468,0.9936305732484076,1.0
250,-6.5704346,192.71902,115.44565777718303,-0.28649902,5.3693237,-0.039633335419209416,501,497,0.9920159680638723,1.0
251,-7.0248413,198.12337,115.42428539274233,-0.45440674,5.4043427,-0.021372384440695613,481,477,0.9916839916839917,1.0
252,-7.3799133,203.38582,115.3967490545208,-0.35507202,5.262451,-0.02753633822154434,479,477,0.9958246346555324,1.0
253,-7.6875305,208.72772,115.36015074105363,-0.3076172,5.3419037,-0.03659831346717044,485,483,0.9958762886597938,1.0
254,-8.091888,214.05013,115.33192127647881,-0.4043579,5.322403,-0.028229464574815455,488,488,1.0,1.0
255,-8.279755,219.53056,115.34142063058188,-0.18786621,5.480438,0.009499354103073149,512,510,0.99609375,1.0
256,-8.602081,224.90616,115.32527666450162,-0.32232666,5.375595,-0.016143966080257564,493,492,0.9979716024340771,1.0
257,-8.960297,230.24452,115.25350284366142,-0.35821533,5.3383636,-0.0717738208401896,494,494,1.0,1.0
258,-9.326324,235.59071,115.21840777175508,-0.36602783,5.3461914,-0.03509507190634228,509,505,0.9921414538310412,1.0
259,-9.70047,240.93694,115.18533889672527,-0.3741455,5.346222,-0.03306887502980913,499,497,0.9959919839679359,1.0
260,-9.998688,246.37572,115.1573123053691,-0.29821777,5.4387817,-0.02802659135616501,504,502,0.996031746031746,1.0
261,-10.37558,251.77016,115.16738114659607,-0.3768921,5.3944397,0.01006884122696457,505,503,0.996039603960396,1.0
262,-10.649017,256.99988,115.15431172192427,-0.2734375,5.229721,-0.013069424671794207,501,500,0.998003992015968,1.0
263,-10.965515,262.2959,115.13312073508392,-0.3164978,5.2960052,-0.021190986840358566,496,493,0.9939516129032258,1.0
264,-11.213104,267.4707,115.10259673095108,-0.24758911,5.1748047,-0.03052400413284321,512,507,0.990234375,1.0
265,-11.426178,272.76056,115.08946552675225,-0.21307373,5.289856,-0.013131204198827408,519,516,0.9942196531791907,1.0
266,-11.66095,278.02045,115.07073509703635,-0.23477173,5.2598877,-0.018730429715897192,510,506,0.9921568627450981,1.0
267,-11.827728,283.26025,115.05825921179535,-0.16677856,5.239792,-0.0124758852410079,531,529,0.9962335216572504,1.0
268,-12.01889,288.453,115.05391726180629,-0.19116211,5.192749,-0.0043419499890567205,527,525,0.9962049335863378,1.0
269,-12.220398,293.73465,115.01616322349729,-0.20150757,5.2816467,-0.03775403830900506,543,543,1.0,1.0
270,-12.447205,298.92984,114.99741383267627,-0.22680664,5.1951904,-0.01874939082101239,528,527,0.9981060606060606,1.0
271,-12.634766,304.16077,114.98051802538403,-0.18756104,5.230942,-0.016895807292249942,511,511,1.0,1.0
272,-12.865662,309.2675,114.9749017951693,-0.230896,5.10672,-0.005616230214731833,507,507,1.0,1.0
273,-13.005981,314.48322,114.95376799518446,-0.14031982,5.2157135,-0.021133799984832967,529,527,0.996219281663516,1.0
274,-13.222778,319.6064,114.93364691044937,-0.21679688,5.1231995,-0.020121084735093137,522,520,0.9961685823754789,1.0
275,-13.405304,324.83905,114.9050747427154,-0.18252563,5.2326355,-0.028572167733964284,535,533,0.9962616822429906,1.0
276,-13.643585,330.10483,114.86130632709326,-0.23828125,5.2657776,-0.043768415622133,529,528,0.998109640831758,1.0
277,-13.834381,335.31604,114.85356274875012,-0.1907959,5.211212,-0.007743578343141091,548,547,0.9981751824817519,1.0
278,-13.982819,340.35144,114.84581718541902,-0.1484375,5.0354156,-0.007745563331101724,546,546,1.0,1.0
279,-14.169983,345.2141,114.8096377040054,-0.1871643,4.8626556,-0.036179481413627215,534,533,0.99812734082397,1.0
280,-14.33905,349.94177,114.7877766553411,-0.16906738,4.727661,-0.02186104866429397,508,507,0.9980314960629921,1.0
281,-14.425049,354.51892,114.77601887296852,-0.085998535,4.5771484,-0.011757782372586532,502,499,0.9940239043824701,1.0
282,-14.63855,358.8949,114.71104568534027,-0.21350098,4.375992,-0.06497318762824995,515,515,1.0,1.0
283,-14.738861,363.0278,114.69959408435712,-0.10031128,4.132904,-0.011451600983149042,527,525,0.9962049335863378,1.0
284,-14.877106,367.0733,114.66163960255236,-0.13824463,4.0455017,-0.03795448180476053,534,533,0.99812734082397,1.0
285,-14.980896,371.04144,114.63905375817839,-0.10379028,3.9681396,-0.02258584437396569,529,528,0.998109640831758,1.0
286,-15.120331,374.74823,114.59483199734187,-0.13943481,3.7068024,-0.044221760836522336,525,523,0.9961904761904762,1.0
287,-15.248077,378.35587,114.59608537549256,-0.12774658,3.6076355,0.0012533781506955581,536,534,0.996268656716418,1.0
288,-15.319977,381.79504,114.59896959489508,-0.071899414,3.4391785,0.0028842194025153495,513,512,0.9980506822612085,1.0
289,-15.432587,385.2459,114.59172247174544,-0.11260986,3.450882,-0.0072471231496399,535,535,1.0,1.0
290,-15.462128,388.49554,114.55945728546399,-0.029541016,3.2496185,-0.03226518628145491,523,522,0.9980879541108987,1.0
291,-15.562347,391.7824,114.55269915823736,-0.10021973,3.2868652,-0.0067581272266306934,527,527,1.0,1.0
292,-15.566681,395.07275,114.51474332861014,-0.004333496,3.2903595,-0.037955829627223076,527,527,1.0,1.0
293,-15.7430725,398.2856,114.4644706818992,-0.1763916,3.21286,-0.050272646710934836,531,530,0.9981167608286252,1.0
294,-15.878113,401.37274,114.43947658243232,-0.13504028,3.0871277,-0.024994099466884065,535,533,0.9962616822429906,1.0
295,-15.930634,404.3479,114.40261925605502,-0.052520752,2.9751434,-0.03685732637730708,526,524,0.9961977186311787,1.0
296,-16.01709,407.04108,114.37202045464396,-0.0864563,2.693161,-0.030598801411063123,533,532,0.99812382739212,1.0
297,-16.091919,409.49484,114.33167110506704,-0.0748291,2.4537659,-0.04034934957691526,525,523,0.9961904761904762,1.0
298,-16.265106,412.0745,114.38474878605076,-0.17318726,2.5796509,0.05307768098372376,495,491,0.9919191919191919,1.0
299,-16.378052,414.32306,114.3696313505681,-0.11294556,2.248581,-0.015117435482666471,517,514,0.9941972920696325,1.0
300,-16.502045,416.52832,114.37362638367678,-0.12399292,2.2052612,0.003995033108674191,524,523,0.9980916030534351,1.0
301,-16.53888,418.6374,114.36464003421494,-0.036834717,2.109085,-0.0089863494618383,523,522,0.9980879541108987,1.0
302,-16.674591,420.643,114.32285698511131,-0.13571167,2.0056152,-0.04178304910362361,534,534,1.0,1.0
303,-16.823547,422.57733,114.2785058839402,-0.1489563,1.9343109,-0.044351101171123175,556,554,0.9964028776978417,1.0
304,-16.946014,424.34784,114.26055292364886,-0.12246704,1.7704926,-0.01795296029133941,536,534,0.996268656716418,1.0
305,-17.059479,426.15265,114.22523441935088,-0.113464355,1.8048248,-0.03531850429797105,534,531,0.9943820224719101,1.0
306,-17.167725,427.8401,114.19030532374153,-0.10824585,1.6874237,-0.03492909560936328,541,539,0.9963031423290203,1.0
307,-17.3266,429.44638,114.14701553762573,-0.15887451,1.6062927,-0.04328978611578899,528,528,1.0,1.0
308,-17.429016,430.90344,114.113949007181,-0.10241699,1.4570465,-0.033066530444724435,526,524,0.9961977186311787,1.0
309,-17.549316,432.3387,114.0683686929323,-0.12030029,1.4352722,-0.0455803142487082,535,533,0.9962616822429906,1.0
310,-17.573608,433.70166,114.02974072857576,-0.024291992,1.3629303,-0.03862796435653185,546,542,0.9926739926739927,1.0
311,-17.602783,435.04376,114.01931652315325,-0.029174805,1.3421173,-0.010424205422512399,531,530,0.9981167608286252,1.0
312,-17.707916,436.2976,113.96071996383718,-0.10513306,1.2538452,-0.0585965593160682,516,515,0.998062015503876,1.0
313,-17.814331,437.5896,113.91934479163665,-0.106414795,1.2920074,-0.04137517220053003,532,531,0.9981203007518797,1.0
314,-17.893524,438.77698,113.87298164282552,-0.079193115,1.1873779,-0.04636314881112842,538,536,0.9962825278810409,1.0
315,-17.981628,439.80573,113.82871792241745,-0.08810425,1.0287476,-0.04426372040806809,526,524,0.9961977186311787,1.0
316,-18.036102,440.75287,113.77384060216498,-0.054473877,0.9471588,-0.05487732025247756,526,526,1.0,1.0
317,-18.063965,441.52002,113.7190251254707,-0.027862549,0.7671509,-0.05481547669428587,547,545,0.9963436928702011,1.0
318,-18.10376,442.17047,113.64174997732361,-0.039794922,0.6504669,-0.07727514814708697,556,554,0.9964028776978417,1.0
319,-18.10144,442.80048,113.56021265231539,0.002319336,0.6300049,-0.08153732500822887,548,547,0.9981751824817519,1.0
320,-18.086792,443.23398,113.50623644478819,0.0146484375,0.4335022,-0.05397620752719948,528,528,1.0,1.0
321,-18.040955,443.69507,113.46304837336204,0.045837402,0.46110535,-0.04318807142614773,531,531,1.0,1.0
322,-17.991608,443.89807,113.41845711648234,0.049346924,0.20298767,-0.044591256879695104,559,559,1.0,1.0
323,-17.957214,444.07007,113.38904054155225,0.03439331,0.17199707,-0.029416574930090648,578,578,1.0,1.0
324,-17.884918,444.0852,113.34566173609801,0.07229614,0.01512146,-0.04337880545424057,590,590,1.0,1.0
325,-17.874542,444.15604,113.32085930169515,0.010375977,0.0708313,-0.02480243440285511,591,589,0.9966159052453468,1.0
326,-17.86441,444.2326,113.31158232577583,0.010131836,0.0765686,-0.009276975919315068,588,588,1.0,1.0
327,-17.835175,444.3407,113.29131741256707,0.02923584,0.108078,-0.020264913208756327,581,581,1.0,1.0
328,-17.832428,444.5141,113.27683252546288,0.002746582,0.17338562,-0.014484887104192896,572,571,0.9982517482517482,1.0
329,-17.846344,444.63983,113.23093354480571,-0.013916016,0.12571716,-0.04589898065717243,555,554,0.9981981981981982,1.0
330,-17.84851,444.83313,113.23990366592199,-0.002166748,0.1933136,0.008970121116279784,548,546,0.9963503649635036,1.0
331,-17.845459,445.08853,113.20618124291468,0.0030517578,0.2554016,-0.0337224230073041,568,566,0.9964788732394366,1.0
332,-17.8237,445.35516,113.20864481799975,0.021759033,0.26664734,0.0024635750850780826,564,563,0.99822695035461,1.0
333,-17.88913,445.46997,113.1807153992651,-0.06542969,0.11482239,-0.027929418734664514,598,595,0.9949832775919732,1.0
334,-17.91333,445.57037,113.06057993081109,-0.02420044,0.10038757,-0.12013546845401563,529,529,1.0,1.0
335,-17.952148,445.59418,112.77233600763675,-0.03881836,0.023803711,-0.2882439231743316,522,518,0.9923371647509579,1.0
336,-17.941711,445.4406,112.46633894785434,0.010437012,-0.15356445,-0.3059970597824152,525,523,0.9961904761904762,1.0
337,-17.945435,445.37366,112.25826417070758,-0.0037231445,-0.066970825,-0.20807477714675762,500,498,0.996,1.0
338,-17.99768,445.45557,112.0750986759876,-0.052246094,0.08192444,-0.18316549471997795,526,525,0.9980988593155894,1.0
339,-17.994171,445.4773,111.92543683811034,0.0035095215,0.021713257,-0.14966183787726392,532,531,0.9981203007518797,1.0
340,-17.994781,445.49512,111.78283296043246,-0.00061035156,0.017822266,-0.14260387767788185,543,543,1.0,1.0
341,-18.000336,445.5815,111.67621467996432,-0.005554199,0.08639526,-0.10661828046814091,535,534,0.9981308411214953,1.0
342,-17.954865,445.7238,111.57761848172288,0.04547119,0.14227295,-0.09859619824143173,536,536,1.0,1.0
343,-17.962494,445.91318,111.44849213533736,-0.0076293945,0.18939209,-0.12912634638551723,538,537,0.9981412639405205,1.0
344,-17.969269,446.21082,111.3757166794033,-0.0067749023,0.2976532,-0.07277545593406341,556,556,1.0,1.0
345,-17.868896,446.50323,111.3051758169015,0.100372314,0.29241943,-0.0705408625018048,536,536,1.0,1.0
346,-17.841858,446.9921,111.20886490589436,0.027038574,0.48886108,-0.09631091100714377,532,532,1.0,1.0
347,-17.831299,447.5352,111.14497435978612,0.010559082,0.5430908,-0.0638905461082372,531,530,0.9981167608286252,1.0
348,-17.88507,448.16455,111.05736798506128,-0.053771973,0.62934875,-0.08760637472484169,557,554,0.9946140035906643,1.0
349,-17.872833,448.95624,111.00335523358636,0.012237549,0.7917023,-0.05401275147491399,557,554,0.9946140035906643,1.0
350,-17.87027,449.94086,110.9446243341188,0.0025634766,0.98461914,-0.05873089946755555,530,530,1.0,1.0
351,-17.806427,451.03195,110.92956800976737,0.06384277,1.091095,-0.015056324351432872,537,537,1.0,1.0
352,-17.778198,452.3147,110.87825177144133,0.02822876,1.2827454,-0.05131623832603617,532,526,0.9887218045112782,1.0
353,-17.79889,453.69067,110.82812056348132,-0.020690918,1.3759918,-0.050131207960010624,525,524,0.9980952380952381,1.0
354,-17.861786,455.31226,110.75731502622791,-0.06289673,1.621582,-0.07080553725341085,523,519,0.9923518164435946,1.0
355,-17.861267,457.07864,110.71298053171762,0.0005187988,1.7663879,-0.04433449451029026,517,517,1.0,1.0
356,-17.924591,459.03546,110.6712300533976,-0.063323975,1.9568024,-0.04175047832002631,523,522,0.9980879541108987,1.0
357,-18.0047,461.19193,110.62315561742629,-0.08010864,2.1564636,-0.04807443597130515,528,525,0.9943181818181818,1.0
358,-18.046356,463.5284,110.59756312150209,-0.041656494,2.3364868,-0.0255924959242061,524,520,0.9923664122137404,1.0
359,-18.140717,466.14447,110.56406513862741,-0.09436035,2.6160736,-0.03349798287468319,514,513,0.9980544747081712,1.0
360,-18.181,468.94653,110.516964191549,-0.040283203,2.8020477,-0.04710094707841325,509,509,1.0,1.0
361,-18.237976,471.94098,110.49396093429681,-0.05697632,2.994461,-0.0230032572521898,522,521,0.9980842911877394,1.0
362,-18.267181,474.89246,110.47346771803699,-0.029205322,2.951477,-0.020493216259821548,523,521,0.9961759082217974,1.0
363,-18.313202,477.99683,110.43357099796819,-0.046020508,3.1043549,-0.039896720068795105,515,513,0.996116504854369,1.0
364,-18.465668,481.02747,110.38683874092642,-0.15246582,3.030655,-0.04673225704176606,520,517,0.9942307692307693,1.0
365,-18.545502,484.19458,110.37011397953918,-0.079833984,3.167099,-0.016724761387237736,522,518,0.9923371647509579,1.0
366,-18.680328,487.31857,110.34923553134165,-0.13482666,3.123993,-0.020878448197539815,517,514,0.9941972920696325,1.0
367,-18.698029,490.34705,110.32721215639346,-0.017700195,3.028473,-0.022023374948186358,506,506,1.0,1.0
368,-18.760895,493.35944,110.29109287046484,-0.06286621,3.0123901,-0.036119285928618065,498,496,0.9959839357429718,1.0
369,-18.905365,496.40137,110.23210634982593,-0.14447021,3.041916,-0.05898652063891577,500,496,0.992,1.0
370,-18.928925,499.22937,110.169164105959,-0.02355957,2.8280182,-0.06294224386692497,502,500,0.9960159362549801,1.0
371,-19.072723,502.07483,110.1241729341293,-0.14379883,2.8454742,-0.04499117182969824,505,503,0.996039603960396,1.0
372,-19.07425,504.93317,110.09294894435992,-0.0015258789,2.8583374,-0.031223989769389986,496,495,0.9979838709677419,1.0
373,-19.094543,507.69983,110.08826134046787,-0.02029419,2.7666779,-0.004687603892050487,486,484,0.9958847736625515,1.0
374,-19.207306,510.4064,110.05658750119545,-0.11276245,2.7065735,-0.03167383927241952,470,467,0.9936170212765958,1.0
375,-19.241394,513.0854,110.02565731041796,-0.034088135,2.6789703,-0.03093019077749723,474,473,0.9978902953586498,1.0
376,-19.283813,515.70325,109.98884298162073,-0.042419434,2.6178894,-0.036814328797223975,500,498,0.996,1.0
377,-19.341034,518.3603,109.94592611954046,-0.05722046,2.6570282,-0.04291686208027879,515,514,0.9980582524271845,1.0
378,-19.327057,520.99347,109.8805718910457,0.013977051,2.6331635,-0.06535422849474892,514,513,0.9980544747081712,1.0
379,-19.372925,523.6198,109.84795874557767,-0.04586792,2.6263275,-0.032613145468037695,501,498,0.9940119760479041,1.0
380,-19.388092,526.1765,109.84230588731403,-0.015167236,2.556717,-0.005652858263646384,500,498,0.996,1.0
381,-19.393097,528.74994,109.84804370608322,-0.005004883,2.57341,0.005737818769194155,502,502,1.0,1.0
382,-19.327423,531.391,109.84474481770218,0.06567383,2.6410828,-0.00329888838103382,497,496,0.9979879275653923,1.0
383,-19.362427,533.9298,109.84035737844353,-0.035003662,2.5388184,-0.004387439258654506,493,491,0.9959432048681541,1.0
384,-19.30478,536.5609,109.8778306655478,0.057647705,2.6310883,0.03747328710427112,483,479,0.9917184265010351,1.0
385,-19.390503,539.1982,109.83299110321585,-0.08572388,2.6372833,-0.044839562331951334,500,497,0.994,1.0
386,-19.401703,541.82947,109.8161247821451,-0.011199951,2.631256,-0.016866321070747987,504,502,0.996031746031746,1.0
387,-19.381165,544.4846,109.82348535843204,0.02053833,2.655182,0.007360576286940784,501,501,1.0,1.0
388,-19.368011,547.1262,109.81260465130592,0.013153076,2.6415863,-0.010880707126122036,521,521,1.0,1.0
389,-19.357635,549.8178,109.82596747282136,0.010375977,2.691574,0.013362821515449019,515,512,0.9941747572815534,1.0
390,-19.335938,552.4225,109.81812231914961,0.021697998,2.60466,-0.007845153671752795,503,501,0.9960238568588469,1.0
391,-19.323425,554.97943,109.84376958265925,0.012512207,2.5569305,0.025647263509633613,511,510,0.9980430528375733,1.0
392,-19.26947,557.63214,109.87025856607966,0.053955078,2.65271,0.026488983420407647,521,519,0.9961612284069098,1.0
393,-19.249115,560.3395,109.88542608487016,0.020355225,2.7073364,0.015167518790499332,522,521,0.9980842911877394,1.0
394,-19.254578,563.07666,109.9234902485965,-0.0054626465,2.737152,0.03806416372632952,520,516,0.9923076923076923,1.0
395,-19.298248,565.75824,109.91849566672029,-0.043670654,2.6815643,-0.004994581876210093,523,519,0.9923518164435946,1.0
396,-19.270203,568.40784,109.94177096316353,0.028045654,2.6496277,0.02327529644324448,524,521,0.9942748091603053,1.0
397,-19.3208,571.0882,109.93810424319555,-0.050598145,2.6803741,-0.0036667199679749065,536,536,1.0,1.0
398,-19.274475,573.6865,110.00118965255126,0.046325684,2.5983582,0.06308540935570543,557,556,0.9982046678635548,1.0
399,-19.29663,576.3064,109.97414339034978,-0.022155762,2.6198425,-0.027046262201486666,570,569,0.9982456140350877,1.0
400,-19.266663,578.83203,110.00272714662977,0.029968262,2.5256042,0.02858375627997895,550,549,0.9981818181818182,1.0
401,-19.287476,581.54596,110.01982070937179,-0.020812988,2.713913,0.01709356274202383,534,534,1.0,1.0
402,-19.355652,584.08716,110.02095371987534,-0.06817627,2.5411835,0.0011330105035578326,532,532,1.0,1.0
403,-19.412048,586.70575,110.01870014754722,-0.056396484,2.618576,-0.0022535723281209862,533,532,0.99812382739212,1.0
404,-19.411713,589.24835,110.06065139827176,0.00033569336,2.5426025,0.041951250724543754,520,519,0.9980769230769231,1.0
405,-19.341614,591.80695,110.11915161854316,0.07009888,2.5585938,0.058500220271404293,538,536,0.9962825278810409,1.0
406,-19.296814,594.2718,110.13994665290801,0.044799805,2.4648438,0.020795034364853728,557,555,0.9964093357271095,1.0
407,-19.347412,596.8177,110.18196816174719,-0.050598145,2.5458984,0.04202150883918876,560,559,0.9982142857142857,1.0
408,-19.308228,599.37964,110.23358312215161,0.03918457,2.5619507,0.05161496040441965,578,577,0.9982698961937716,1.0
409,-19.299347,601.985,110.23684533637949,0.008880615,2.6053772,0.0032622142278770517,579,578,0.998272884283247,1.0
410,-19.300293,604.5234,110.30827582700518,-0.0009460449,2.538391,0.07143049062568178,576,575,0.9982638888888888,1.0
411,-19.239166,607.21893,110.33136958749084,0.06112671,2.6955566,0.02309376048566853,580,578,0.996551724137931,1.0
412,-19.26593,609.8713,110.35968630100496,-0.026763916,2.6523285,0.02831671351411629,573,573,1.0,1.0
413,-19.293793,612.5853,110.38989349110801,-0.027862549,2.7140198,0.030207190103058716,564,564,1.0,1.0
414,-19.24231,615.1776,110.42651648913018,0.051483154,2.5922546,0.036622998022174176,574,573,0.9982578397212544,1.0
415,-19.238586,617.823,110.48295610950153,0.0037231445,2.645401,0.05643962037135639,580,580,1.0,1.0
416,-19.241943,620.40283,110.50307256396115,-0.0033569336,2.5798645,0.020116454459632085,578,576,0.9965397923875432,1.0
417,-19.30368,622.98956,110.56874126980016,-0.06173706,2.586731,0.06566870583899674,588,587,0.9982993197278912,1.0
418,-19.318268,625.67346,110.5893914098783,-0.014587402,2.6839294,0.02065014007814814,572,568,0.993006993006993,1.0
419,-19.3479,628.2479,110.62676626712313,-0.029632568,2.5744476,0.03737485724482801,556,553,0.9946043165467626,1.0
420,-19.383423,630.86456,110.63626212774223,-0.03552246,2.6166534,0.00949586061909065,564,560,0.9929078014184397,1.0
421,-19.510468,633.4664,110.65202702566926,-0.12704468,2.6017914,0.015764897927031674,561,559,0.9964349376114082,1.0
422,-19.518555,636.0322,110.7117638156757,-0.008087158,2.5658875,0.059736790006445176,584,582,0.9965753424657534,1.0
423,-19.575531,638.6094,110.76124341278994,-0.05697632,2.577118,0.049479597114240215,614,612,0.996742671009772,1.0
424,-19.557678,641.2266,110.81010869096136,0.017852783,2.6172638,0.048865278171418,606,604,0.9966996699669967,1.0
425,-19.538452,643.7779,110.87902766040307,0.019226074,2.5512848,0.0689189694417072,600,599,0.9983333333333333,1.0
426,-19.51419,646.4817,110.92236024368725,0.024261475,2.7037659,0.043332583284180326,620,618,0.9967741935483871,1.0
427,-19.452606,649.0507,110.98304260951738,0.061584473,2.5690155,0.060682365830136885,610,605,0.9918032786885246,1.0
428,-19.48587,651.67505,111.02394741167215,-0.03326416,2.6243591,0.04090480215477154,597,594,0.9949748743718593,1.0
429,-19.518188,654.3156,111.08467852234153,-0.032318115,2.640564,0.060731110669381506,609,608,0.9983579638752053,1.0
430,-19.510162,656.8961,111.14283884828595,0.008026123,2.58049,0.05816032594441649,628,626,0.9968152866242038,1.0
431,-19.525818,659.50366,111.18205211923578,-0.015655518,2.6075134,0.039213270949825844,613,609,0.9934747145187602,1.0
432,-19.48822,662.08655,111.24512209361076,0.037597656,2.5829163,0.06306997437498041,614,611,0.995114006514658,1.0
433,-19.476807,664.7385,111.31639240097972,0.011413574,2.6519623,0.07127030736895555,605,604,0.9983471074380166,1.0
434,-19.573883,667.26074,111.33464666699115,-0.097076416,2.5222473,0.018254266011418538,607,606,0.9983525535420099,1.0
435,-19.524384,669.9754,111.37927519452246,0.04949951,2.7146606,0.04462852753131863,613,611,0.9967373572593801,1.0
436,-19.485107,672.4616,111.45441485531845,0.039276123,2.4862213,0.07513966079598797,608,605,0.9950657894736842,1.0
437,-19.45346,675.2165,111.51553147378614,0.03164673,2.7548676,0.06111661846768656,613,611,0.9967373572593801,1.0
438,-19.443146,677.8062,111.5802492965008,0.010314941,2.5897064,0.06471782271465405,602,602,1.0,1.0
439,-19.42218,680.5204,111.60949807680247,0.020965576,2.7141876,0.02924878030166466,608,607,0.9983552631578947,1.0
440,-19.284698,683.11615,111.68684843029,0.13748169,2.5957794,0.07735035348752485,604,600,0.9933774834437086,1.0
441,-19.203491,685.828,111.76499346413495,0.081207275,2.7118683,0.07814503384494978,619,615,0.9935379644588045,1.0
442,-19.13263,688.48535,111.81800763832227,0.07086182,2.6573334,0.053014174187322925,601,599,0.9966722129783694,1.0
443,-19.035309,691.179,111.88649083451514,0.09732056,2.6936798,0.0684831961928687,617,614,0.9951377633711507,1.0
444,-18.932129,693.9165,111.96695234641946,0.10317993,2.7374725,0.08046151190431328,627,626,0.9984051036682615,1.0
445,-18.883911,696.57697,112.02854248215758,0.048217773,2.6604767,0.061590135738116406,641,639,0.9968798751950078,1.0
446,-18.789093,699.3853,112.1565806960427,0.094818115,2.8083649,0.12803821388511735,637,636,0.9984301412872841,1.0
447,-18.756592,702.0769,112.2046223879943,0.03250122,2.6916046,0.04804169195161522,640,638,0.996875,1.0
448,-18.71399,704.7489,112.29388891425907,0.04260254,2.6720123,0.08926652626476654,648,647,0.9984567901234568,1.0
449,-18.659332,707.42957,112.38168586750966,0.054656982,2.6806946,0.08779695325058967,648,647,0.9984567901234568,1.0
450,-18.611786,710.0817,112.46670881491362,0.047546387,2.652176,0.08502294740395773,650,646,0.9938461538461538,1.0
451,-18.617554,712.9052,112.54110171644379,-0.0057678223,2.8234863,0.07439290153017901,663,660,0.995475113122172,1.0
452,-18.549377,715.5305,112.60978132717426,0.06817627,2.6252747,0.06867961073047574,652,651,0.9984662576687117,1.0
453,-18.523499,718.31116,112.72746196630489,0.025878906,2.780655,0.11768063913062475,672,670,0.9970238095238095,1.0
454,-18.410706,720.9868,112.85248369651342,0.11279297,2.6756744,0.1250217302085306,675,674,0.9985185185185185,1.0
455,-18.401459,723.7943,112.97036280765357,0.009246826,2.807495,0.1178791111401507,688,687,0.998546511627907,1.0
456,-18.359924,726.5175,113.0449655241601,0.041534424,2.7231903,0.07460271650653205,682,679,0.9956011730205279,1.0
457,-18.403229,729.40247,113.16726595527946,-0.043304443,2.8849335,0.12230043111936287,684,681,0.9956140350877193,1.0
458,-18.375458,732.11066,113.26727518591481,0.027770996,2.708191,0.10000923063535477,712,712,1.0,1.0
459,-18.389496,734.7733,113.39061875007414,-0.014038086,2.6626892,0.12334356415932869,711,710,0.9985935302390999,1.0
460,-18.38562,737.5386,113.49074842459885,0.0038757324,2.7652435,0.1001296745247031,717,716,0.99860529986053,1.0
461,-18.44397,740.21265,113.58148218179174,-0.05834961,2.6740417,0.0907337571928935,733,731,0.9972714870395635,1.0
462,-18.340118,742.9069,113.68856105624486,0.10385132,2.6942902,0.10707887445312632,726,724,0.9972451790633609,1.0
463,-18.281433,745.68005,113.77236085854278,0.058685303,2.7731476,0.08379980229791627,749,747,0.9973297730307076,1.0
464,-18.197937,748.37396,113.92113701831326,0.083496094,2.6939087,0.14877615977047068,742,740,0.9973045822102425,1.0
465,-18.179443,751.05426,114.00943074252112,0.018493652,2.6802826,0.08829372420786497,734,732,0.997275204359673,1.0
466,-18.183441,753.91016,114.15009173017245,-0.0039978027,2.8558655,0.14066098765133556,732,731,0.9986338797814208,1.0
467,-18.11908,756.68774,114.23435106974952,0.06436157,2.777588,0.0842593395770742,739,737,0.9972936400541272,1.0
468,-18.145264,759.4971,114.3167655254976,-0.026184082,2.8093567,0.08241445574808154,737,736,0.9986431478968792,1.0
469,-18.167603,762.2043,114.37807056634911,-0.022338867,2.7072296,0.06130504085151445,744,743,0.9986559139784946,1.0
470,-18.088287,765.00006,114.51858076926081,0.079315186,2.7957916,0.14051020291170485,746,741,0.9932975871313673,1.0
471,-18.088562,767.87463,114.62496244525352,-0.0002746582,2.8745575,0.10638167599271217,737,734,0.9959294436906377,1.0
472,-18.071991,770.705,114.73207122179326,0.016571045,2.830368,0.10710877653974796,742,739,0.9959568733153639,1.0
473,-17.970734,773.5188,114.85189738895895,0.101257324,2.813797,0.11982616716568432,708,703,0.9929378531073446,1.0
474,-17.948578,776.39294,114.95077781551498,0.022155762,2.8741302,0.09888042655603066,731,726,0.9931600547195623,1.0
475,-18.017181,779.21313,115.05734369980112,-0.068603516,2.820221,0.10656588428614405,752,750,0.9973404255319149,1.0
476,-18.012207,782.0921,115.18085855308746,0.0049743652,2.8789673,0.12351485328633145,750,747,0.996,1.0
477,-17.989532,784.994,115.32361801366807,0.02267456,2.9019165,0.1427594605806067,730,727,0.9958904109589041,1.0
478,-18.103943,787.7587,115.37070052890307,-0.1144104,2.7647247,0.047082515235008726,733,733,1.0,1.0
479,-18.132874,790.64545,115.48837718318325,-0.028930664,2.8867188,0.11767665428016827,759,756,0.9960474308300395,1.0
480,-18.201233,793.5392,115.58737176162262,-0.068359375,2.8937225,0.09899457843936875,784,784,1.0,1.0
481,-18.269348,796.36914,115.68953586325807,-0.068115234,2.8299255,0.10216410163545844,786,786,1.0,1.0
482,-18.312042,799.1354,115.77729236164053,-0.04269409,2.76622,0.0877564983824562,799,796,0.9962453066332916,1.0
483,-18.405243,801.99426,115.84435435831698,-0.09320068,2.8588562,0.06706199667643983,796,792,0.9949748743718593,1.0
484,-18.496857,804.7025,115.9343283811955,-0.09161377,2.7082672,0.08997402287852782,791,789,0.9974715549936789,1.0
485,-18.614532,807.53784,116.01718592148175,-0.11767578,2.8353271,0.08285754028625006,815,811,0.9950920245398773,1.0
486,-18.7034,810.3137,116.07294821239897,-0.08886719,2.7758942,0.05576229091722079,804,803,0.9987562189054726,1.0
487,-18.766083,813.1584,116.13059957955333,-0.062683105,2.8446503,0.05765136715435773,778,776,0.9974293059125964,1.0
488,-18.87558,815.9956,116.2295357127082,-0.10949707,2.837204,0.09893613315486946,774,773,0.9987080103359173,1.0
489,-18.940765,818.76465,116.31474644917718,-0.06518555,2.7690125,0.08521073646898479,796,793,0.9962311557788944,1.0
490,-19.003662,821.6103,116.41162522118775,-0.06289673,2.845642,0.09687877201057468,804,802,0.9975124378109452,1.0
491,-19.06195,824.3096,116.50661227960323,-0.058288574,2.6992645,0.094987058415481,793,793,1.0,1.0
492,-19.179077,827.151,116.58587274943427,-0.117126465,2.8414307,0.07926046983104676,819,817,0.9975579975579976,1.0
493,-19.297943,829.8946,116.63776815244584,-0.11886597,2.7435913,0.0518954030115706,816,811,0.9938725490196079,1.0
494,-19.459564,832.65173,116.71203207087305,-0.1616211,2.7571259,0.07426391842721253,818,813,0.9938875305623472,1.0
495,-19.520813,835.4348,116.78175160050104,-0.06124878,2.7830963,0.06971952962798254,824,822,0.9975728155339806,1.0
496,-19.504547,838.1966,116.95955169590012,0.01626587,2.761795,0.1778000953990725,832,829,0.9963942307692307,1.0
497,-19.612976,840.9717,117.00559444754,-0.108428955,2.7751007,0.04604275163988778,827,825,0.9975816203143894,1.0
498,-19.699554,843.723,117.07095158459138,-0.08657837,2.7513275,0.06535713705138266,829,827,0.9975874547647768,1.0
499,-19.745514,846.58374,117.15006308393498,-0.045959473,2.8607025,0.07911149934359112,822,821,0.9987834549878345,1.0
500,-19.868652,849.3187,117.19303942059304,-0.12313843,2.7349854,0.042976336658053796,828,827,0.998792270531401,1.0
501,-19.899994,850.74176,117.24544422129709,-0.031341553,1.4230499,0.052404800704053844,845,844,0.9988165680473373,1.0
502,-20.012573,853.5236,117.29961213512514,-0.112579346,2.781845,0.05416791382805446,824,820,0.9951456310679612,1.0
503,-20.045685,856.3533,117.35159905193515,-0.033111572,2.8296661,0.051986916810010914,825,824,0.9987878787878788,1.0
504,-20.175415,859.1417,117.39528203914837,-0.12973022,2.788437,0.043682987213211205,836,836,1.0,1.0
505,-20.180634,861.97296,117.4461784073064,-0.005218506,2.8312378,0.05089636815804016,830,829,0.9987951807228915,1.0
506,-20.3125,864.68994,117.48870331396076,-0.13186646,2.7169647,0.04252490665434934,828,828,1.0,1.0
507,-20.315643,867.6372,117.53961364154507,-0.0031433105,2.9472504,0.05091032758432384,825,822,0.9963636363636363,1.0
508,-20.390442,870.47015,117.60407366792977,-0.074798584,2.8329315,0.06446002638469679,816,815,0.9987745098039216,1.0
509,-20.446564,873.3401,117.64357197963146,-0.056121826,2.8699188,0.03949831170168545,815,813,0.9975460122699387,1.0
510,-20.55075,876.1221,117.67844416357492,-0.10418701,2.782013,0.0348721839434633,825,824,0.9987878787878788,1.0
511,-20.67041,879.0435,117.6861336128374,-0.119659424,2.9214478,0.007689449262472586,824,823,0.9987864077669902,1.0
512,-20.714813,881.8106,117.71344412264574,-0.044403076,2.7670746,0.027310509808339267,833,831,0.9975990396158463,1.0
513,-20.82193,884.7202,117.7362439629358,-0.1071167,2.909607,0.0227998402900684,821,818,0.9963459196102314,1.0
514,-20.878998,887.5587,117.74228095658007,-0.05706787,2.8385162,0.006036993644274514,822,817,0.9939172749391727,1.0
515,-20.945343,890.48517,117.7829001771537,-0.066345215,2.9264374,0.04061922057362498,829,826,0.9963811821471653,1.0
516,-21.012482,893.4131,117.798102996361,-0.06713867,2.9279327,0.01520281920728219,835,833,0.9976047904191617,1.0
517,-21.124725,896.2338,117.84142630005256,-0.11224365,2.8207245,0.04332330369157069,829,828,0.9987937273823885,1.0
518,-21.289307,899.193,117.82197534041795,-0.1645813,2.959137,-0.019450959634613723,818,818,1.0,1.0
519,-21.4263,902.0189,117.83553478834385,-0.13699341,2.8259277,0.013559447925903119,825,822,0.9963636363636363,1.0
520,-21.508972,904.92664,117.84448582433683,-0.08267212,2.9077148,0.008951035992979129,841,838,0.9964328180737217,1.0
521,-21.625,907.84314,117.85236056735357,-0.11602783,2.9165344,0.007874743016738574,829,826,0.9963811821471653,1.0
522,-21.697021,910.6969,117.88859996263396,-0.072021484,2.8537903,0.036239395280383335,831,830,0.9987966305655837,1.0
523,-21.810791,913.56116,117.90765211177404,-0.11376953,2.8642273,0.019052149140073193,834,832,0.9976019184652278,1.0
524,-21.917755,916.53357,117.96887483162489,-0.10696411,2.9724274,0.06122271985084689,828,827,0.998792270531401,1.0
525,-22.091583,919.32916,117.96975726932418,-0.17382812,2.7956085,0.000882437699283011,839,835,0.9952324195470799,1.0
526,-22.261292,922.2787,117.9982973737797,-0.16970825,2.9495392,0.028540104455533073,813,812,0.998769987699877,1.0
527,-22.378815,925.15454,118.02586002393652,-0.11752319,2.8758392,0.027562650156812966,828,826,0.9975845410628019,1.0
528,-22.509064,928.0731,118.04171885603897,-0.13024902,2.9185486,0.015858832102456616,827,825,0.9975816203143894,1.0
529,-22.63089,930.879,118.0416768349583,-0.12182617,2.8059387,-4.202108067412075e-05,839,837,0.9976162097735399,1.0
530,-22.759827,933.83936,118.05130225422388,-0.12893677,2.9602966,0.009625419265594501,834,832,0.9976019184652278,1.0
531,-22.89801,936.62354,118.10136141575137,-0.1381836,2.784195,0.05005916152747934,830,827,0.9963855421686747,1.0
532,-22.99936,939.47784,118.08296226661164,-0.10134888,2.8542938,-0.018399149139717973,828,827,0.998792270531401,1.0
533,-23.114807,942.3434,118.0834221285082,-0.115448,2.8655396,0.0004598618965589358,841,840,0.9988109393579072,1.0
534,-23.259796,945.15796,118.06124050558562,-0.14498901,2.8145447,-0.022181622922583348,822,821,0.9987834549878345,1.0
535,-23.435486,947.945,118.07293696655107,-0.1756897,2.7870636,0.011696460965446097,828,827,0.998792270531401,1.0
536,-23.608795,950.79736,118.05713351611227,-0.17330933,2.8523712,-0.015803450438799327,834,830,0.9952038369304557,1.0
537,-23.781708,953.57446,118.05943460437732,-0.1729126,2.7770844,0.0023010882650381682,836,834,0.9976076555023924,1.0
538,-23.905518,956.34656,118.06095177855586,-0.123809814,2.77211,0.0015171741785443265,843,840,0.99644128113879,1.0
539,-24.101257,959.1533,118.06261406357808,-0.19573975,2.8067932,0.0016622850222162287,828,823,0.9939613526570048,1.0
540,-24.185059,961.9494,118.06640098743331,-0.08380127,2.7960968,0.0037869238552334073,823,821,0.9975698663426489,1.0
541,-24.31604,964.82623,118.06461115182353,-0.13098145,2.8768158,-0.0017898356097905007,828,827,0.998792270531401,1.0
542,-24.414307,967.5842,118.07240601507577,-0.0982666,2.7579803,0.007794863252237717,835,833,0.9976047904191617,1.0
543,-24.55429,970.5525,118.03159416389532,-0.13998413,2.9682465,-0.04081185118045252,825,824,0.9987878787878788,1.0
544,-24.706635,973.57007,117.99368635947594,-0.15234375,3.0176086,-0.037907804419372276,848,847,0.9988207547169812,1.0
545,-24.782074,976.4671,117.98040301802834,-0.07543945,2.897049,-0.013283341447602903,833,833,1.0,1.0
546,-24.909943,979.328,117.95326564099284,-0.12786865,2.8609314,-0.027137377035497793,840,838,0.9976190476190476,1.0
547,-25.055542,981.894,117.9479248091299,-0.14559937,2.5659943,-0.005340831862935703,855,851,0.9953216374269006,1.0
548,-25.168304,984.4315,117.91502054188658,-0.11276245,2.5375366,-0.03290426724332602,856,855,0.9988317757009346,1.0
549,-25.260193,986.78894,117.90275228924952,-0.09188843,2.3574219,-0.01226825263706349,857,855,0.9976662777129521,1.0
550,-25.369324,989.0846,117.88003552251332,-0.10913086,2.2956848,-0.02271676673619912,864,862,0.9976851851851852,1.0
551,-25.538391,991.3019,117.87812222539496,-0.16906738,2.2173157,-0.001913297118364915,854,853,0.9988290398126464,1.0
552,-25.688995,993.3426,117.8055465039453,-0.15060425,2.0407257,-0.07257572144966398,845,844,0.9988165680473373,1.0
553,-25.821014,995.3021,117.7865097731555,-0.13201904,1.9595184,-0.01903673078979972,845,845,1.0,1.0
554,-25.966034,997.1521,117.75469416800324,-0.14501953,1.8499756,-0.031815605152264025,838,836,0.9976133651551312,1.0
555,-26.136536,998.91614,117.74572494397437,-0.17050171,1.7640076,-0.008969224028880176,851,846,0.9941245593419507,1.0
556,-26.2919,1000.6455,117.70974149365763,-0.15536499,1.7293549,-0.03598345031673655,840,837,0.9964285714285714,1.0
557,-26.463348,1002.287,117.6974340147422,-0.17144775,1.6414642,-0.01230747891543761,834,833,0.9988009592326139,1.0
558,-26.57367,1003.9318,117.70435180646462,-0.110321045,1.6448364,0.006917791722414768,839,837,0.9976162097735399,1.0
559,-26.666718,1005.5659,117.66522507754941,-0.093048096,1.6340942,-0.03912672891521197,838,837,0.9988066825775657,1.0
560,-26.785309,1007.09265,117.6137842684178,-0.11859131,1.5267334,-0.05144080913161006,850,848,0.9976470588235294,1.0
561,-27.04486,1008.6265,117.5644728783454,-0.259552,1.5338745,-0.04931139007240387,851,850,0.9988249118683902,1.0
562,-27.204956,1010.20215,117.54455796475489,-0.16009521,1.5756073,-0.01991491359050905,847,841,0.9929161747343566,1.0
563,-27.347137,1011.7842,117.51712427432386,-0.1421814,1.5820618,-0.027433690431029997,851,848,0.9964747356051704,1.0
564,-27.464142,1013.5027,117.54468489663607,-0.117004395,1.7184753,0.027560622312213606,843,840,0.99644128113879,1.0
565,-27.667786,1015.1759,117.53519016766157,-0.2036438,1.6732025,-0.009494728974497608,817,815,0.9975520195838433,1.0
566,-27.842682,1016.89905,117.46311405414093,-0.17489624,1.723114,-0.07207611352064179,827,826,0.9987908101571947,1.0
567,-27.98581,1018.45215,117.4485551146272,-0.14312744,1.5531311,-0.014558939513733138,817,815,0.9975520195838433,1.0
568,-28.0737,1019.98615,117.42750601123613,-0.087890625,1.5340118,-0.021049103391061,824,820,0.9951456310679612,1.0
569,-28.244598,1021.5145,117.41251405150435,-0.17089844,1.5283966,-0.01499195973178855,841,838,0.9964328180737217,1.0
570,-28.328735,1022.9934,117.38361933036109,-0.08413696,1.4788971,-0.028894721143256395,825,823,0.9975757575757576,1.0
571,-28.455719,1024.3423,117.40885771932821,-0.12698364,1.3488922,0.025238388967126515,817,814,0.996328029375765,1.0
572,-28.627533,1025.6971,117.37968606581371,-0.17181396,1.3548737,-0.029171653514491625,850,846,0.9952941176470588,1.0
573,-28.690552,1026.9214,117.37719299204502,-0.0630188,1.224289,-0.00249307376869396,859,854,0.9941792782305006,1.0
574,-28.787079,1028.0049,117.37854072913531,-0.0965271,1.0834656,0.0013477370902792824,863,860,0.996523754345307,1.0
575,-28.902985,1028.9929,117.36788109181413,-0.11590576,0.98802185,-0.010659637321181607,874,871,0.9965675057208238,1.0
576,-29.041992,1029.7711,117.35812207698808,-0.13900757,0.7782135,-0.009759014826042581,864,863,0.9988425925925926,1.0
577,-29.181396,1030.3909,117.31953715957702,-0.1394043,0.61972046,-0.038584917411053195,858,856,0.9976689976689976,1.0
578,-29.263031,1030.797,117.31539039631654,-0.08163452,0.4061737,-0.004146763260480904,859,856,0.9965075669383003,1.0
579,-29.373566,1031.1919,117.29970674215204,-0.11053467,0.39486694,-0.015683654164499232,858,856,0.9976689976689976,1.0
580,-29.450958,1031.5039,117.28485179985698,-0.07739258,0.31195068,-0.014854942295061818,861,859,0.9976771196283392,1.0
581,-29.593842,1031.7207,117.2758113052413,-0.1428833,0.21685791,-0.009040494615681887,889,884,0.9943757030371203,1.0
582,-29.641144,1031.7369,117.26291187510854,-0.047302246,0.016281128,-0.01289943013276216,931,930,0.9989258861439313,1.0
583,-29.676392,1031.6909,117.2479512710393,-0.035247803,-0.046035767,-0.014960604069244906,927,927,1.0,1.0
584,-29.688293,1031.6042,117.24005071966373,-0.0119018555,-0.0867157,-0.007900551375572482,923,921,0.9978331527627302,1.0
585,-29.702423,1031.5508,117.23268133627802,-0.014129639,-0.053527832,-0.007369383385712083,942,941,0.9989384288747346,1.0
586,-29.704529,1031.5593,117.24132837273714,-0.002105713,0.008483887,0.008647036459126012,939,939,1.0,1.0
587,-29.723755,1031.5791,117.23356741441229,-0.019226074,0.019821167,-0.007760958324849429,947,946,0.9989440337909187,1.0
588,-29.786102,1031.6946,117.23877348957697,-0.062347412,0.11543274,0.0052060751646860305,929,927,0.9978471474703983,1.0
589,-29.834808,1031.8152,117.23997186179488,-0.048706055,0.120666504,0.001198372217907709,917,917,1.0,1.0
590,-29.411255,1032.3657,113.94036762309851,0.42355347,0.55049133,-3.29960423869637,814,808,0.9926289926289926,1.0
591,-29.45465,1033.941,107.58629246514333,-0.043395996,1.5753326,-6.3540751579551795,785,784,0.9987261146496815,1.0
592,-29.54599,1035.0801,100.5238903405504,-0.09133911,1.1390381,-7.062402124592929,808,808,1.0,1.0
593,-29.545227,1036.0076,93.74589299114784,0.00076293945,0.92744446,-6.777997349402557,808,805,0.9962871287128713,1.0
594,-29.757263,1036.9579,87.01917035804826,-0.21203613,0.95028687,-6.726722633099577,815,811,0.9950920245398773,1.0
595,-29.902374,1037.834,80.0917291719017,-0.14511108,0.8761444,-6.9274411861465595,810,809,0.9987654320987654,1.0
596,-30.04248,1038.5035,73.60128430387587,-0.1401062,0.6695404,-6.490444868025839,811,811,1.0,1.0
597,-30.07547,1039.0269,66.96759197857445,-0.032989502,0.5232849,-6.633692325301423,804,802,0.9975124378109452,1.0
598,-30.413239,1040.0778,59.91155451196755,-0.33776855,1.0509186,-7.056037466606896,793,789,0.9949558638083228,1.0
599,-30.624084,1040.7397,53.34557141427985,-0.21084595,0.66200256,-6.565983097687699,791,785,0.9924146649810367,1.0
600,-30.787567,1041.4865,46.928707128598795,-0.16348267,0.7467346,-6.416864285681058,796,790,0.992462311557789,1.0
601,-31.066284,1042.1398,41.40267987579023,-0.27871704,0.65327454,-5.526027252808569,796,795,0.9987437185929648,1.0
602,-31.423279,1042.7836,37.13148180983421,-0.35699463,0.6438141,-4.271198065956012,818,815,0.9963325183374083,1.0
603,-31.716156,1043.5652,34.2080220511282,-0.2928772,0.7816467,-2.9234597587060143,830,829,0.9987951807228915,1.0
604,-32.028778,1044.5955,32.12687064790038,-0.31262207,1.030304,-2.081151403227816,840,837,0.9964285714285714,1.0
605,-32.17932,1045.4298,30.862489918204272,-0.15054321,0.8343811,-1.264380729696111,849,848,0.9988221436984688,1.0
606,-32.306305,1046.3931,29.736656946833794,-0.12698364,0.9632416,-1.1258329713704796,848,848,1.0,1.0
607,-32.498108,1047.735,28.911704595762146,-0.19180298,1.3419495,-0.8249523510716494,851,848,0.9964747356051704,1.0
608,-32.60794,1049.1726,28.33964259934856,-0.10983276,1.4376373,-0.5720619964135851,862,860,0.9976798143851509,1.0
609,-32.697266,1050.7126,27.898437182865937,-0.08932495,1.5400391,-0.4412054164826255,871,870,0.9988518943742825,1.0
610,-32.787903,1052.4701,27.50517005841065,-0.09063721,1.7574005,-0.3932671244552868,847,845,0.9976387249114522,1.0
611,-32.878113,1054.3547,27.293878719621432,-0.09020996,1.8846893,-0.21129133878921802,864,863,0.9988425925925926,1.0
612,-32.90985,1056.3988,27.120708998720904,-0.03173828,2.044098,-0.17316972090052987,860,860,1.0,1.0
613,-32.92581,1058.7102,27.0163282391697,-0.015960693,2.3113556,-0.1043807595512058,851,850,0.9988249118683902,1.0
614,-32.935974,1061.2277,26.95857149901106,-0.0101623535,2.5174103,-0.057756740158638215,851,847,0.9952996474735605,1.0
615,-32.886383,1063.9895,26.91588188188821,0.049591064,2.761856,-0.04268961712284893,841,840,0.9988109393579072,1.0
616,-32.933716,1067.0259,26.865942663569907,-0.047332764,3.0363464,-0.0499392183183054,859,858,0.9988358556461001,1.0
617,-32.866547,1070.2961,26.837145497187414,0.06716919,3.270279,-0.028797166382492353,851,851,1.0,1.0
618,-32.824097,1073.6349,26.762065113705557,0.04244995,3.338791,-0.07508038348185819,851,851,1.0,1.0
619,-32.868042,1077.1348,26.687939798411374,-0.043945312,3.499939,-0.07412531529418237,822,819,0.9963503649635036,1.0
620,-32.820984,1080.5535,26.609321833844337,0.047058105,3.4186554,-0.07861796456703649,862,860,0.9976798143851509,1.0
621,-32.701874,1084.04,26.53542493335508,0.11911011,3.4865112,-0.07389690048925489,875,872,0.9965714285714286,1.0
622,-32.66031,1087.498,26.423247695911638,0.04156494,3.4579926,-0.11217723744344427,862,862,1.0,1.0
623,-32.671112,1090.7942,26.30348498375046,-0.010803223,3.296173,-0.1197627121611772,848,847,0.9988207547169812,1.0
624,-32.658722,1094.1915,26.21268329315092,0.012390137,3.3973694,-0.09080169059953931,846,845,0.9988179669030733,1.0
625,-32.558167,1097.5042,26.181517695378147,0.10055542,3.312622,-0.031165597772771978,865,864,0.9988439306358381,1.0
626,-32.436615,1100.8125,26.17086268352097,0.12155151,3.3083954,-0.010655011857178617,861,859,0.9976771196283392,1.0
627,-32.486694,1104.1226,26.14084954056284,-0.050079346,3.3101044,-0.030013142958130783,840,836,0.9952380952380953,1.0
628,-32.44867,1107.323,26.17470740178379,0.038024902,3.2004242,0.03385786122095049,831,830,0.9987966305655837,1.0
629,-32.414093,1110.4026,26.196889198050286,0.034576416,3.0795746,0.022181796266494462,835,833,0.9976047904191617,1.0
630,-32.299896,1113.3995,26.224684233248663,0.11419678,2.9969788,0.027795035198378483,836,831,0.9940191387559809,1.0
631,-32.310455,1116.4204,26.251414025848398,-0.010559082,3.0209045,0.026729792599734344,841,835,0.9928656361474435,1.0
632,-32.303986,1119.425,26.271007167862763,0.0064697266,3.0046997,0.019593142014366315,839,839,1.0,1.0
633,-32.29373,1122.4031,26.311100174655913,0.010253906,2.9780884,0.04009300679315143,844,843,0.9988151658767772,1.0
634,-32.28302,1125.3451,26.336500567761725,0.01071167,2.9420166,0.025400393105811728,848,847,0.9988207547169812,1.0
635,-32.237305,1128.2489,26.4049336599465,0.045715332,2.9037628,0.06843309218477545,856,855,0.9988317757009346,1.0
636,-32.21521,1131.1649,26.488466376336184,0.022094727,2.9160004,0.08353271638968379,862,861,0.9988399071925754,1.0
637,-32.205963,1134.1793,26.544789538415237,0.009246826,3.0144043,0.05632316207905395,861,859,0.9976771196283392,1.0
638,-32.248627,1137.0492,26.628808798559568,-0.042663574,2.8698883,0.08401926014432973,859,858,0.9988358556461001,1.0
639,-32.21408,1139.9773,26.7248996255691,0.0345459,2.9281158,0.09609082700953168,865,864,0.9988439306358381,1.0
640,-32.173523,1142.9471,26.831498873697626,0.04055786,2.9698792,0.10659924812852571,868,867,0.9988479262672811,1.0
641,-32.1568,1145.8562,26.90229826360876,0.016723633,2.9090881,0.07079938991113223,866,865,0.9988452655889145,1.0
642,-32.10431,1148.7963,27.004137180294613,0.052490234,2.9400635,0.10183891668585217,862,860,0.9976798143851509,1.0
643,-32.03195,1151.6857,27.092229050998423,0.07235718,2.8894348,0.08809187070380885,855,853,0.9976608187134502,1.0
644,-32.060516,1154.5195,27.172933508226034,-0.028564453,2.8338928,0.0807044572276123,838,836,0.9976133651551312,1.0
645,-32.01999,1157.4246,27.24802671832334,0.040527344,2.9050598,0.07509321009730688,852,850,0.9976525821596244,1.0
646,-32.0625,1160.2513,27.30486424899803,-0.042510986,2.8267975,0.05683753067468644,852,851,0.9988262910798122,1.0
647,-32.0119,1163.1398,27.38550244395886,0.050598145,2.888382,0.08063819496082851,852,851,0.9988262910798122,1.0
648,-32.004486,1165.9966,27.47858778921033,0.0074157715,2.8568115,0.09308534525147051,862,860,0.9976798143851509,1.0
649,-31.9841,1168.9336,27.562583057827325,0.020385742,2.9370422,0.08399526861699531,857,856,0.9988331388564761,1.0
650,-32.08368,1171.8783,27.647103595008726,-0.09957886,2.9446716,0.08452053718140233,851,851,1.0,1.0
651,-32.060364,1174.8137,27.746902810185208,0.02331543,2.9353638,0.09979921517648087,855,853,0.9976608187134502,1.0
652,-32.051666,1177.7532,27.842092620820278,0.00869751,2.939499,0.09518981063506819,852,851,0.9988262910798122,1.0
653,-32.043884,1180.6783,27.928206387746535,0.0077819824,2.9251404,0.08611376692625757,857,857,1.0,1.0
654,-32.022186,1183.5897,28.00458341215403,0.021697998,2.9114227,0.07637702440749526,862,861,0.9988399071925754,1.0
655,-32.006897,1186.534,28.097693263601165,0.015289307,2.9443817,0.09310985144713492,860,859,0.9988372093023256,1.0
656,-32.025238,1189.4255,28.191159476002742,-0.018341064,2.8914185,0.09346621240157647,865,864,0.9988439306358381,1.0
657,-31.991577,1192.2412,28.277737160912864,0.03366089,2.8157043,0.08657768491012088,852,852,1.0,1.0
658,-32.003326,1195.1471,28.377129773839247,-0.011749268,2.9058533,0.0993926129263822,857,855,0.9976662777129521,1.0
659,-31.906311,1197.9594,28.493640502776483,0.09701538,2.8123016,0.11651072893723532,848,846,0.9976415094339622,1.0
660,-31.875702,1200.8285,28.572536415189642,0.03060913,2.8691254,0.0788959124131586,845,845,1.0,1.0
661,-31.856598,1203.6976,28.65015028625741,0.019104004,2.8691254,0.07761387106776818,841,840,0.9988109393579072,1.0
662,-31.861542,1206.635,28.763976101587193,-0.0049438477,2.937317,0.1138258153297839,848,847,0.9988207547169812,1.0
663,-31.89505,1209.5242,28.848580690411378,-0.0335083,2.8891907,0.08460458882418487,843,843,1.0,1.0
664,-31.887451,1212.4653,28.964526196602726,0.007598877,2.941101,0.11594550619134994,856,856,1.0,1.0
665,-31.910583,1215.3052,29.02639160136263,-0.023132324,2.8399048,0.061865404759904416,859,856,0.9965075669383003,1.0
666,-31.952576,1218.1678,29.1247653502046,-0.041992188,2.8626404,0.09837374884197211,860,860,1.0,1.0
667,-31.936462,1220.9746,29.19645053187832,0.016113281,2.8067474,0.07168518167371986,863,863,1.0,1.0
668,-32.01779,1223.8413,29.26553798908348,-0.081329346,2.8666382,0.06908745720516211,851,851,1.0,1.0
669,-31.932098,1226.6738,29.375242598274387,0.08569336,2.8325043,0.10970460919090656,849,847,0.9976442873969376,1.0
670,-32.021454,1229.5674,29.449638850205087,-0.08935547,2.8935242,0.0743962519307001,857,855,0.9976662777129521,1.0
671,-32.05362,1232.4536,29.52898426225863,-0.032165527,2.8861694,0.07934541205354323,848,846,0.9976415094339622,1.0
672,-32.04712,1235.3682,29.60928211930171,0.006500244,2.9145966,0.08029785704308341,844,842,0.9976303317535545,1.0
673,-32.13208,1238.2563,29.66028735995876,-0.08496094,2.8882294,0.05100524065705118,852,850,0.9976525821596244,1.0
674,-32.143005,1241.2014,29.797622596583356,-0.010925293,2.9450684,0.13733523662459224,851,850,0.9988249118683902,1.0
675,-32.21286,1244.0519,29.875414064904156,-0.06985474,2.8504944,0.07779146832080049,855,854,0.9988304093567252,1.0
676,-32.233063,1246.9467,29.930575503267526,-0.020202637,2.8947601,0.05516143836336964,851,851,1.0,1.0
677,-32.245575,1249.7933,29.990448953969796,-0.012512207,2.8467255,0.05987345070226808,864,863,0.9988425925925926,1.0
678,-32.29669,1252.6638,30.05398360151744,-0.051116943,2.8704224,0.06353464754764317,868,867,0.9988479262672811,1.0
679,-32.289703,1255.5298,30.13110495866337,0.0069885254,2.8659363,0.07712135714592983,873,872,0.9988545246277205,1.0
680,-32.334595,1258.3074,30.201125011744857,-0.044891357,2.7775726,0.070020053081485,877,877,1.0,1.0
681,-32.339447,1261.1577,30.26853995904914,-0.004852295,2.8503418,0.06741494730428119,854,854,1.0,1.0
682,-32.38687,1263.9928,30.336798862303336,-0.047424316,2.835083,0.0682589032541984,859,857,0.9976717112922002,1.0
683,-32.36142,1266.8573,30.403925182908818,0.02545166,2.8644714,0.06712632060548328,858,857,0.9988344988344988,1.0
684,-32.34131,1269.7008,30.501841838734176,0.020111084,2.8434753,0.09791665582535732,855,853,0.9976608187134502,1.0
685,-32.359894,1272.4915,30.56857105077984,-0.018585205,2.7906342,0.0667292120456634,861,859,0.9976771196283392,1.0
686,-32.404755,1275.309,30.648619903646328,-0.04486084,2.8175507,0.08004885286648697,860,859,0.9988372093023256,1.0
687,-32.432587,1278.1204,30.70636333155585,-0.027832031,2.8113403,0.05774342790952175,852,851,0.9988262910798122,1.0
688,-32.42984,1280.9489,30.78660157076396,0.002746582,2.8284454,0.08023823920811037,858,856,0.9976689976689976,1.0
689,-32.483856,1283.7384,30.852589961990724,-0.054016113,2.7895355,0.06598839122676264,844,841,0.9964454976303317,1.0
690,-32.471252,1286.569,30.91299199401336,0.01260376,2.8305817,0.06040203202263794,858,858,1.0,1.0
691,-32.508636,1289.3005,30.954362859301323,-0.037384033,2.7315216,0.0413708652879622,861,859,0.9976771196283392,1.0
692,-32.425964,1292.0999,31.037982259873747,0.08267212,2.7993774,0.08361940057242317,850,849,0.9988235294117647,1.0
693,-32.465332,1294.8596,31.093636906752653,-0.039367676,2.7598114,0.05565464687890589,858,853,0.9941724941724942,1.0
694,-32.43808,1297.6835,31.15832820920257,0.027252197,2.8238983,0.06469130244991722,853,853,1.0,1.0
695,-32.47058,1300.4941,31.17967394563152,-0.03250122,2.8106232,0.021345736428952725,840,838,0.9976190476190476,1.0
696,-32.468323,1303.1858,31.206042417633807,0.0022583008,2.6915894,0.02636847200228616,841,838,0.9964328180737217,1.0
697,-32.513428,1305.9495,31.23342118700155,-0.04510498,2.7637024,0.027378769367744023,853,853,1.0,1.0
698,-32.474365,1308.7197,31.33799986589028,0.0390625,2.7702484,0.10457867888872857,836,834,0.9976076555023924,1.0
699,-32.507324,1311.5763,31.392245868252395,-0.032958984,2.856598,0.054246002362117254,858,857,0.9988344988344988,1.0
700,-32.491272,1314.4026,31.438769710706165,0.016052246,2.826355,0.04652384245377072,857,855,0.9976662777129521,1.0
701,-32.51935,1317.2659,31.511086681919238,-0.028076172,2.8633118,0.07231697121307237,853,853,1.0,1.0
702,-32.5058,1320.1179,31.5863034731599,0.013549805,2.8519897,0.07521679124066252,863,861,0.9976825028968713,1.0
703,-32.52304,1322.9976,31.65537885825259,-0.017242432,2.8795776,0.06907538509268704,846,846,1.0,1.0
704,-32.57086,1325.8885,31.715754340200505,-0.047821045,2.891037,0.06037548194791395,859,859,1.0,1.0
705,-32.554626,1328.7656,31.79431113953457,0.016235352,2.8770142,0.078556799334066,860,859,0.9988372093023256,1.0
706,-32.649048,1331.6084,31.842412878222003,-0.09442139,2.8427887,0.04810173868743347,856,854,0.9976635514018691,1.0
707,-32.717346,1334.4719,31.89641879131066,-0.06829834,2.8634644,0.05400591308865669,857,855,0.9976662777129521,1.0
708,-32.819977,1337.3527,31.977206678248745,-0.102630615,2.8806915,0.08078788693808762,856,855,0.9988317757009346,1.0
709,-32.90457,1340.2446,32.04626334408375,-0.08459473,2.891983,0.06905666583500268,858,856,0.9976689976689976,1.0
710,-32.920044,1343.1392,32.12108539205854,-0.015472412,2.8945312,0.0748220479747943,852,849,0.9964788732394366,1.0
711,-32.996796,1346.0387,32.182378941144734,-0.07675171,2.8994904,0.06129354908619711,858,856,0.9976689976689976,1.0
712,-33.053528,1348.864,32.24028688815511,-0.056732178,2.8252869,0.05790794701038108,848,847,0.9988207547169812,1.0
713,-33.14633,1351.7457,32.312387341915986,-0.092803955,2.8816986,0.07210045376087815,838,837,0.9988066825775657,1.0
714,-33.186035,1354.5034,32.40042349947736,-0.03970337,2.75766,0.0880361575613768,851,850,0.9988249118683902,1.0
715,-33.28894,1357.3302,32.43158763996027,-0.10290527,2.8267517,0.031164140482909136,856,855,0.9988317757009346,1.0
716,-33.259094,1360.1477,32.52468299900112,0.029846191,2.817566,0.09309535904085,861,860,0.9988385598141696,1.0
717,-33.356903,1363.0142,32.57148255023902,-0.09780884,2.8664398,0.046799551237892985,854,854,1.0,1.0
718,-33.444214,1365.877,32.618637842152566,-0.08731079,2.862854,0.04715529191354899,854,854,1.0,1.0
719,-33.48932,1368.6981,32.68494286843319,-0.04510498,2.8211517,0.06630502628062339,855,855,1.0,1.0
720,-33.50995,1371.5352,32.75068730514651,-0.020629883,2.8369904,0.0657444367133245,854,853,0.9988290398126464,1.0
721,-33.589233,1374.3748,32.79653320478465,-0.07928467,2.8395844,0.045845899638137476,851,850,0.9988249118683902,1.0
722,-33.627136,1377.1764,32.865246362302315,-0.037902832,2.801651,0.06871315751766605,838,838,1.0,1.0
723,-33.705444,1380.024,32.90476769033765,-0.078308105,2.8476105,0.03952132803533538,851,849,0.9976498237367802,1.0
724,-33.6734,1382.8153,32.96138626892385,0.032043457,2.7912292,0.05661857858620579,853,852,0.9988276670574443,1.0
725,-33.756165,1385.6141,32.99551849786759,-0.08276367,2.7988586,0.0341322289437434,865,862,0.9965317919075144,1.0
726,-33.762268,1388.4253,33.052027148778045,-0.0061035156,2.8111572,0.05650865091045514,857,853,0.9953325554259043,1.0
727,-33.81369,1391.2023,33.078612137159034,-0.05142212,2.777008,0.02658498838098662,838,837,0.9988066825775657,1.0
728,-33.82196,1393.9572,33.144100424713116,-0.008270264,2.7548676,0.06548828755408004,837,837,1.0,1.0
729,-33.836548,1396.8174,33.196978185502275,-0.014587402,2.8602295,0.05287776078915762,848,845,0.9964622641509434,1.0
730,-33.86908,1399.6536,33.25853749563408,-0.03253174,2.836197,0.061559310131804997,864,862,0.9976851851851852,1.0
731,-33.905273,1402.5931,33.30776732410273,-0.036193848,2.9395905,0.04922982846864765,858,857,0.9988344988344988,1.0
732,-33.9664,1405.4773,33.3611388262637,-0.06112671,2.8841095,0.05337150216096972,856,855,0.9988317757009346,1.0
733,-33.99887,1408.3152,33.42414583553045,-0.032470703,2.83786,0.06300700926675672,853,852,0.9988276670574443,1.0
734,-34.008087,1410.8932,33.478066074929195,-0.009216309,2.5779572,0.05392023939874565,856,855,0.9988317757009346,1.0
735,-34.052063,1413.4717,33.51910604448475,-0.04397583,2.578476,0.041039969555557214,861,860,0.9988385598141696,1.0
736,-34.10312,1415.9811,33.535713440965935,-0.05105591,2.5093536,0.01660739648118196,860,860,1.0,1.0
737,-34.209106,1418.3204,33.54976392375082,-0.10598755,2.3394012,0.014050482784881045,852,852,1.0,1.0
738,-34.276215,1420.57,33.538251175566344,-0.067108154,2.2494812,-0.011512748184475839,843,843,1.0,1.0
739,-34.335724,1422.7378,33.55044629840919,-0.059509277,2.1678162,0.012195122842850306,848,848,1.0,1.0
740,-34.372406,1424.7911,33.54687378414844,-0.03668213,2.0533142,-0.0035725142607511235,849,847,0.9976442873969376,1.0
741,-34.414124,1426.7853,33.557187085727776,-0.04171753,1.9941406,0.010313301579337771,829,829,1.0,1.0
742,-34.50232,1428.6903,33.554369904301545,-0.0881958,1.9050598,-0.002817181426233232,828,827,0.998792270531401,1.0
743,-34.478394,1430.4968,33.5696219617485,0.023925781,1.8064728,0.015252057446955737,842,842,1.0,1.0
744,-34.500305,1432.1946,33.594596912716476,-0.021911621,1.6977692,0.024974950967972063,824,822,0.9975728155339806,1.0
745,-34.527588,1433.7959,33.60350242522661,-0.027282715,1.6012878,0.008905512510135542,836,836,1.0,1.0
746,-34.512604,1435.4308,33.60289636238159,0.014984131,1.6348724,-0.0006060628450169509,843,841,0.9976275207591934,1.0
747,-34.52484,1437.0903,33.61174213842218,-0.012237549,1.6594849,0.008845776040588577,832,830,0.9975961538461539,1.0
748,-34.54062,1438.5802,33.63633411940378,-0.015777588,1.4898987,0.02459198098159993,834,831,0.9964028776978417,1.0
749,-34.625214,1440.0851,33.660455190134016,-0.08459473,1.5048828,0.024121070730237205,819,819,1.0,1.0
750,-34.651062,1441.6475,33.68185707233278,-0.025848389,1.5623932,0.021401882198766722,802,801,0.9987531172069826,1.0
751,-34.523773,1443.1904,33.73437448248437,0.12728882,1.542923,0.05251741015158721,800,798,0.9975,1.0
752,-34.52307,1444.7944,33.805287359176056,0.0007019043,1.6039734,0.07091287669168742,795,794,0.9987421383647799,1.0
753,-34.52295,1446.3828,33.833282756985035,0.00012207031,1.5883484,0.027995397808979545,773,772,0.9987063389391979,1.0
754,-34.522736,1447.9535,33.889211893128156,0.00021362305,1.5706329,0.055929136143121755,788,788,1.0,1.0
755,-34.489716,1449.5251,33.92665000563479,0.03302002,1.5716705,0.037438112506636874,818,816,0.9975550122249389,1.0
756,-34.456726,1450.9781,33.96481421938687,0.032989502,1.4529877,0.0381642137520773,814,812,0.9975429975429976,1.0
757,-34.457916,1452.4026,33.99314618595082,-0.0011901855,1.424408,0.028331966563952555,821,821,1.0,1.0
758,-34.472534,1453.7533,34.01916843102892,-0.01461792,1.3507233,0.02602224507810225,804,803,0.9987562189054726,1.0
759,-34.563507,1455.0225,34.00322744252103,-0.0909729,1.2691956,-0.015940988507889654,808,808,1.0,1.0
760,-34.638092,1456.1967,34.021822753485495,-0.07458496,1.1741791,0.018595310964461813,822,822,1.0,1.0
761,-34.65143,1457.1803,34.0355127183467,-0.013336182,0.98368835,0.013689964861206126,814,814,1.0,1.0
762,-34.631805,1458.0233,34.041682968498456,0.019622803,0.8430023,0.00617025015175683,817,817,1.0,1.0
763,-34.610687,1458.7783,34.040317378572205,0.021118164,0.75494385,-0.0013655899262550015,811,810,0.998766954377312,1.0
764,-34.638428,1459.3867,34.01055815686179,-0.027740479,0.6083374,-0.029759221710415455,796,796,1.0,1.0
765,-34.632477,1459.8864,34.01343035356546,0.0059509277,0.4996643,0.002872196703673143,816,816,1.0,1.0
766,-34.5997,1460.2964,33.992343455291085,0.03277588,0.4100952,-0.021086898274377153,829,828,0.9987937273823885,1.0
767,-34.65161,1460.657,33.96156300821704,-0.0519104,0.36065674,-0.03078044707404163,841,841,1.0,1.0
768,-34.711334,1460.9543,33.96892776961367,-0.0597229,0.29742432,0.007364761396629933,826,826,1.0,1.0
769,-34.732513,1461.206,33.96959128605568,-0.0211792,0.2516632,0.000663516442011319,837,835,0.997610513739546,1.0
770,-34.75107,1461.4119,33.97154906309622,-0.018554688,0.20581055,0.0019577770405382385,845,845,1.0,1.0
771,-34.662262,1461.4865,33.97110880160247,0.08880615,0.07455444,-0.00044026149374998285,854,854,1.0,1.0
772,-34.595,1461.5798,33.951429051950036,0.06726074,0.093444824,-0.019679749652435782,845,845,1.0,1.0
773,-34.4859,1461.6003,33.94231159295789,0.10910034,0.020553589,-0.009117458992146114,850,850,1.0,1.0
774,-34.40393,1461.5902,33.92032941897454,0.081970215,-0.010116577,-0.021982173983354208,823,823,1.0,1.0
775,-34.24243,1461.5776,33.92498414767948,0.16149902,-0.012557983,0.0046547287049411076,808,807,0.9987623762376238,1.0
776,-34.0632,1461.5575,33.934846064852735,0.17922974,-0.020126343,0.009861917173252775,816,815,0.9987745098039216,1.0
777,-33.222076,1461.6761,32.83375843390918,0.8411255,0.11868286,-1.101087630943553,736,735,0.998641304347826,1.0
778,-32.631927,1462.3113,27.04729160067607,0.5901489,0.63513184,-5.7864668332331135,685,684,0.9985401459854014,1.0
779,-32.634857,1462.9493,20.98370571547079,-0.0029296875,0.6380768,-6.063585885205276,708,707,0.998587570621469,1.0
780,-32.85312,1463.6875,15.762810101625266,-0.21826172,0.73812866,-5.220895613845523,727,723,0.9944979367262724,1.0
781,-33.20804,1464.2109,11.961480413685065,-0.35491943,0.52345276,-3.801329687940201,728,726,0.9972527472527473,1.0
782,-33.428925,1464.7739,9.519734862394422,-0.22088623,0.56292725,-2.4417455512906425,729,729,1.0,1.0
783,-33.520264,1465.1587,7.968876586341525,-0.09133911,0.38482666,-1.5508582760528966,717,717,1.0,1.0
784,-33.759308,1465.699,6.7697016430276955,-0.23904419,0.5402832,-1.1991749433138301,725,725,1.0,1.0
785,-33.980194,1466.29,5.775393528252163,-0.22088623,0.591095,-0.9943081147755328,731,730,0.9986320109439124,1.0
786,-34.095886,1466.8381,4.929157627007912,-0.11569214,0.5481262,-0.846235901244251,732,731,0.9986338797814208,1.0
787,-34.279938,1467.4037,4.243026969983102,-0.18405151,0.565567,-0.6861306570248099,733,733,1.0,1.0
788,-34.43393,1467.9497,3.7292558346811324,-0.1539917,0.5460205,-0.5137711353019698,738,738,1.0,1.0
789,-34.542755,1468.5647,3.3673672908865946,-0.10882568,0.6150055,-0.3618885437945377,734,734,1.0,1.0
790,-34.637543,1469.2473,3.0789054920495866,-0.0947876,0.6826477,-0.28846179883700773,716,716,1.0,1.0
791,-34.76828,1469.9355,2.870536347691383,-0.1307373,0.6881714,-0.20836914435820336,759,758,0.9986824769433466,1.0
792,-34.828094,1470.7278,2.7126021621625145,-0.059814453,0.79229736,-0.15793418552886856,733,732,0.9986357435197817,1.0
793,-34.90216,1471.6423,2.6116494997657873,-0.07406616,0.9145813,-0.10095266239672733,732,731,0.9986338797814208,1.0
794,-34.958557,1472.6757,2.5173427682124436,-0.056396484,1.033371,-0.09430673155334363,754,753,0.9986737400530504,1.0
795,-35.047546,1473.8953,2.419360547720186,-0.08898926,1.2196198,-0.09798222049225773,726,726,1.0,1.0
796,-35.261414,1475.3129,2.271076956747979,-0.21386719,1.417572,-0.14828359097220703,750,750,1.0,1.0
797,-35.31729,1476.9135,2.2185860754055207,-0.055877686,1.6006165,-0.05249088134245838,731,730,0.9986320109439124,1.0
798,-35.306854,1478.7203,2.1859517309566483,0.010437012,1.806839,-0.03263434444887245,735,735,1.0,1.0
799,-35.436646,1480.7167,2.1429922646301613,-0.12979126,1.9963074,-0.04295946632648684,732,732,1.0,1.0
800,-35.530212,1482.8994,2.161990764294481,-0.093566895,2.1827087,0.01899849966431945,715,715,1.0,1.0
801,-35.564148,1485.2764,2.176428458010152,-0.033935547,2.3769836,0.014437693715671128,699,699,1.0,1.0
802,-35.624268,1487.8723,2.212576000122999,-0.06011963,2.5959167,0.03614754211284691,697,696,0.9985652797704447,1.0
803,-35.693634,1490.717,2.2286859210988843,-0.069366455,2.8447418,0.0161099209758853,710,708,0.9971830985915493,1.0
804,-35.876373,1493.7859,2.2155895231879525,-0.18273926,3.0688477,-0.013096397910931833,706,706,1.0,1.0
805,-35.897034,1497.0719,2.2517935164939895,-0.0206604,3.285965,0.03620399330603683,718,718,1.0,1.0
806,-35.91638,1500.4908,2.2978295064799332,-0.019348145,3.4188995,0.04603598998594385,712,711,0.9985955056179775,1.0
807,-35.985382,1503.872,2.294171419711498,-0.069000244,3.3810577,-0.0036580867684350453,721,720,0.9986130374479889,1.0
808,-36.051514,1507.3674,2.264150436214268,-0.06613159,3.4954224,-0.030020983497229706,717,716,0.99860529986053,1.0
809,-36.099762,1510.8654,2.2324699578311913,-0.04824829,3.497879,-0.031680478383077,697,696,0.9985652797704447,1.0
810,-36.163727,1514.3151,2.1723640432368656,-0.063964844,3.4496918,-0.06010591459432553,699,699,1.0,1.0
811,-36.241333,1517.7373,2.130653085117808,-0.0776062,3.4222412,-0.041710958119057374,708,707,0.998587570621469,1.0
812,-36.29135,1521.1442,2.1220634314043822,-0.05001831,3.406845,-0.008589653713425995,710,709,0.9985915492957746,1.0
813,-36.33075,1524.5054,2.101438865582828,-0.039398193,3.361267,-0.020624565821554242,693,692,0.9985569985569985,1.0
814,-36.410034,1527.7965,2.083332475804631,-0.07928467,3.291092,-0.018106389778196827,689,689,1.0,1.0
815,-36.479065,1531.1042,2.0694234584682447,-0.06903076,3.3077393,-0.01390901733638651,685,683,0.997080291970803,1.0
816,-36.585815,1534.3113,2.0409378757563688,-0.10675049,3.2070007,-0.0284855827118758,673,672,0.9985141158989599,1.0
817,-36.62094,1537.5181,1.9992641855601185,-0.035125732,3.206787,-0.041673690196250286,697,697,1.0,1.0
818,-36.664337,1540.5132,1.9744433244124715,-0.043395996,2.9951782,-0.024820861147647144,687,684,0.9956331877729258,1.0
819,-36.616882,1543.6162,1.9734252292379406,0.047454834,3.1030731,-0.001018095174530887,672,671,0.9985119047619048,1.0
820,-36.707153,1546.688,1.9477136472804046,-0.090270996,3.0717926,-0.025711581957536003,669,669,1.0,1.0
821,-36.814972,1549.7194,1.9337983224128317,-0.1078186,3.0313263,-0.013915324867573025,670,668,0.9970149253731343,1.0
822,-36.859436,1552.7368,1.9167226761754885,-0.04446411,3.0174408,-0.017075646237343065,665,664,0.9984962406015038,1.0
823,-36.953156,1555.5352,1.8571658216140305,-0.09371948,2.7983856,-0.05955685456145796,650,650,1.0,1.0
824,-37.000732,1558.5835,1.852343656349849,-0.047576904,3.0483856,-0.004822165264181594,656,656,1.0,1.0
825,-37.121002,1561.4507,1.8384183551583881,-0.120269775,2.8672333,-0.013925301191460803,641,639,0.9968798751950078,1.0
826,-37.157288,1564.485,1.8505729567084335,-0.0362854,3.0343323,0.012154601550045352,633,631,0.9968404423380727,1.0
827,-37.241028,1567.3811,1.8380093764182501,-0.083740234,2.8961487,-0.012563580290183429,649,648,0.9984591679506933,1.0
828,-37.294556,1570.3098,1.8389335940907594,-0.053527832,2.9286804,0.0009242176725092983,661,660,0.9984871406959153,1.0
829,-37.306488,1573.2292,1.884023755883312,-0.011932373,2.9194183,0.04509016179255243,677,676,0.9985228951255539,1.0
830,-37.30179,1576.3052,1.8980194382897468,0.004699707,3.0759125,0.013995682406434867,652,651,0.9984662576687117,1.0
831,-37.37381,1579.2716,1.8949216643830171,-0.072021484,2.966385,-0.0030977739067296513,648,647,0.9984567901234568,1.0
832,-37.392303,1582.3043,1.9185915405108538,-0.018493652,3.032669,0.023669876127836626,646,646,1.0,1.0
833,-37.4494,1585.3029,1.9087911762339687,-0.05709839,2.9985352,-0.009800364276885024,648,647,0.9984567901234568,1.0
834,-37.623627,1588.3385,1.8938307370292808,-0.17422485,3.0356445,-0.01496043920468775,643,642,0.9984447900466563,1.0
835,-37.64203,1591.2896,1.9075762272988344,-0.0184021,2.9510193,0.013745490269553627,625,625,1.0,1.0
836,-37.690186,1594.2697,1.9070052675736517,-0.04815674,2.9801178,-0.0005709597251827258,623,622,0.9983948635634029,1.0
837,-37.756256,1597.2148,1.9138506545772505,-0.06607056,2.9451752,0.006845387003598777,606,604,0.9966996699669967,1.0
838,-37.778625,1600.2225,1.939777501391117,-0.022369385,3.0077362,0.02592684681386648,598,594,0.9933110367892977,1.0
839,-37.833893,1603.2275,1.9302021749142895,-0.055267334,3.0050507,-0.009575326476827378,580,580,1.0,1.0
840,-37.900757,1606.2683,1.9330359784448055,-0.06686401,3.0407715,0.002833803530515975,577,575,0.9965337954939342,1.0
841,-38.077637,1609.237,1.937078949046708,-0.17687988,2.9687347,0.004042970601902484,571,570,0.9982486865148862,1.0
842,-38.18924,1612.2126,1.928772170739479,-0.11160278,2.9756317,-0.008306778307228938,576,575,0.9982638888888888,1.0
843,-38.229828,1615.2145,1.9450966207153684,-0.04058838,3.0018158,0.016324449975889516,578,577,0.9982698961937716,1.0
844,-38.3226,1618.1804,1.9385432840908536,-0.09277344,2.9659424,-0.006553336624514686,557,553,0.992818671454219,1.0
845,-38.474915,1621.1296,1.9269085603317122,-0.15231323,2.9492645,-0.011634723759141338,560,555,0.9910714285714286,1.0
846,-38.5701,1624.0991,1.948004487101268,-0.095184326,2.9694366,0.021095926769555892,572,570,0.9965034965034965,1.0
847,-38.64154,1626.9581,1.9418344465971806,-0.07144165,2.8590088,-0.00617004050408748,580,579,0.9982758620689656,1.0
848,-38.676544,1629.9143,1.9468173626717713,-0.035003662,2.9562225,0.004982916074590667,571,568,0.9947460595446584,1.0
849,-38.6756,1632.9458,1.9558676708646445,0.0009460449,3.0314941,0.009050308192873231,571,567,0.9929947460595446,1.0
850,-38.639374,1635.887,1.995465899990412,0.036224365,2.9412231,0.03959822912576754,581,579,0.9965576592082617,1.0
851,-38.70343,1638.7858,1.9946928875210213,-0.0640564,2.898819,-0.0007730124693908518,582,578,0.993127147766323,1.0
852,-38.793304,1641.769,1.9884809967953803,-0.08987427,2.9833221,-0.0062118907256409955,578,576,0.9965397923875432,1.0
853,-38.88846,1644.6787,1.9971607974622065,-0.09515381,2.9096832,0.008679800666826325,584,579,0.9914383561643836,1.0
854,-38.929047,1647.6412,2.000058326155105,-0.04058838,2.9625702,0.00289752869289835,582,580,0.9965635738831615,1.0
855,-39.03424,1650.5955,1.9875012933974936,-0.10519409,2.954239,-0.012557032757611131,566,563,0.9946996466431095,1.0
856,-39.154175,1653.5314,1.9851646005691592,-0.11993408,2.9358978,-0.0023366928283343564,556,556,1.0,1.0
857,-39.220856,1656.4419,1.9717525595789782,-0.06668091,2.910553,-0.013412040990181081,557,555,0.9964093357271095,1.0
858,-39.33554,1659.4277,1.950835140725524,-0.11468506,2.9858398,-0.02091741885345431,576,575,0.9982638888888888,1.0
859,-39.39337,1662.3694,1.951090468976581,-0.05783081,2.9416046,0.0002553282510568351,582,577,0.9914089347079038,1.0
860,-39.460632,1665.3926,1.9497571671823404,-0.06726074,3.0232239,-0.0013333017942405104,577,574,0.9948006932409013,1.0
861,-39.53543,1668.3279,1.941453428843252,-0.074798584,2.9353027,-0.00830373833908859,598,591,0.9882943143812709,1.0
862,-39.501923,1671.3462,1.9570140860475516,0.0335083,3.0183258,0.015560657204299666,604,602,0.9966887417218543,1.0
863,-39.5856,1674.2833,1.9473047251797704,-0.0836792,2.9371185,-0.009709360867781262,582,578,0.993127147766323,1.0
864,-39.698578,1677.3063,1.9206443464496346,-0.112976074,3.022995,-0.026660378730135784,590,585,0.9915254237288136,1.0
865,-39.755768,1680.3682,1.9187089591566717,-0.05718994,3.0618286,-0.0019353872929628226,588,584,0.9931972789115646,1.0
866,-39.75891,1683.3221,1.9271481759141527,-0.0031433105,2.9539642,0.008439216757481022,591,586,0.9915397631133672,1.0
867,-39.892334,1686.2446,1.879234496839142,-0.13342285,2.92247,-0.04791367907501072,581,578,0.9948364888123924,1.0
868,-39.928986,1689.2815,1.8691843000167891,-0.03665161,3.03685,-0.010050196822352668,597,595,0.9966499162479062,1.0
869,-40.029846,1692.2751,1.8509701838755686,-0.100860596,2.993637,-0.01821411614122057,597,593,0.9932998324958124,1.0
870,-40.155365,1695.2317,1.8231530835874827,-0.1255188,2.9565277,-0.027817100288085848,611,607,0.9934533551554828,1.0
871,-40.22876,1698.204,1.8008587623248664,-0.073394775,2.97229,-0.022294321262616372,586,583,0.9948805460750854,1.0
872,-40.35431,1701.1873,1.7920127677339102,-0.12554932,2.9833374,-0.008845994590956353,591,587,0.9932318104906938,1.0
873,-40.418823,1704.1835,1.7831754902674806,-0.06451416,2.9962616,-0.008837277466429573,595,588,0.9882352941176471,1.0
874,-40.521637,1707.2483,1.753352892949383,-0.10281372,3.064804,-0.02982259731809776,604,600,0.9933774834437086,1.0
875,-40.599,1710.2067,1.7540529432205274,-0.07736206,2.9583282,0.0007000502711443948,603,602,0.9983416252072969,1.0
876,-40.725098,1713.1919,1.7093514360582667,-0.12609863,2.9852448,-0.04470150716226062,602,599,0.9950166112956811,1.0
877,-40.88553,1716.1473,1.7101981775605668,-0.16043091,2.95549,0.0008467415023002059,602,600,0.9966777408637874,1.0
878,-40.971558,1719.1006,1.6911260648817803,-0.08602905,2.9532013,-0.019072112678786432,587,583,0.9931856899488927,1.0
879,-41.073273,1722.0261,1.680638820418214,-0.10171509,2.925583,-0.01048724446356618,605,603,0.996694214876033,1.0
880,-41.15442,1725.001,1.671375773453016,-0.08114624,2.9747925,-0.009263046965198135,610,605,0.9918032786885246,1.0
881,-41.281067,1728.0093,1.6609238107478896,-0.12664795,3.0083618,-0.01045196270512627,596,592,0.9932885906040269,1.0
882,-41.36023,1731.0161,1.6410250283461152,-0.0791626,3.0067902,-0.019898782401774364,629,628,0.9984101748807631,1.0
883,-41.500305,1733.9899,1.613532552567579,-0.14007568,2.9738007,-0.027492475778536193,608,605,0.9950657894736842,1.0
884,-41.52231,1736.9785,1.6105966779792373,-0.022003174,2.9886017,-0.002935874588341752,600,597,0.995,1.0
885,-41.61615,1739.9838,1.5722138566182324,-0.09384155,3.0052643,-0.03838282136100501,605,602,0.9950413223140496,1.0
886,-41.598907,1742.9331,1.5869198967311744,0.017242432,2.949295,0.014706040112941954,614,612,0.996742671009772,1.0
887,-41.658264,1745.9025,1.5636675074699147,-0.05935669,2.9693909,-0.02325238926125971,622,620,0.9967845659163987,1.0
888,-41.69217,1748.9148,1.5459640019578313,-0.03390503,3.0122986,-0.01770350551208336,625,624,0.9984,1.0
889,-41.754333,1751.8652,1.5364697337438218,-0.062164307,2.95047,-0.009494268214009605,625,622,0.9952,1.0
890,-41.784668,1754.8235,1.5340840038117345,-0.030334473,2.9582825,-0.0023857299320873514,616,615,0.9983766233766234,1.0
891,-41.891663,1757.8073,1.5227839244196073,-0.10699463,2.9837494,-0.011300079392127241,610,606,0.9934426229508196,1.0
892,-41.846527,1760.782,1.5487307398958867,0.045135498,2.9746857,0.025946815476279382,605,603,0.996694214876033,1.0
893,-41.93982,1763.7412,1.5118038100467273,-0.09329224,2.9592743,-0.03692692984915947,609,608,0.9983579638752053,1.0
894,-41.952393,1766.6722,1.517528710806919,-0.012573242,2.9310608,0.005724900760191755,628,626,0.9968152866242038,1.0
895,-41.949463,1769.6327,1.5075442547056228,0.0029296875,2.9604645,-0.009984456101296307,641,639,0.9968798751950078,1.0
896,-41.97928,1772.6124,1.4964794740885048,-0.029815674,2.9796906,-0.011064780617118044,631,629,0.9968304278922345,1.0
897,-41.97873,1775.5612,1.4857626604401075,0.0005493164,2.9487457,-0.010716813648397163,627,623,0.9936204146730463,1.0
898,-42.052063,1778.5577,1.475554548065846,-0.07333374,2.9966125,-0.010208112374261492,640,635,0.9921875,1.0
899,-42.084778,1781.5073,1.4833661344014544,-0.032714844,2.949524,0.0078115863356082995,661,659,0.9969742813918305,1.0
900,-42.144592,1784.5762,1.464341901698359,-0.059814453,3.0688171,-0.019024232703095355,643,643,1.0,1.0
901,-42.221893,1787.5704,1.4334838687696145,-0.077301025,2.994278,-0.030858032928744474,639,637,0.9968701095461658,1.0
902,-42.311676,1790.5339,1.4117088810698775,-0.089782715,2.9634857,-0.021774987699737135,635,633,0.9968503937007874,1.0
903,-42.289215,1793.486,1.4347604711824962,0.022460938,2.952057,0.02305159011261861,628,623,0.9920382165605095,1.0
904,-42.318146,1796.4338,1.415195719689522,-0.028930664,2.9478455,-0.019564751492974194,625,623,0.9968,1.0
905,-42.35022,1799.4884,1.4134955691003566,-0.032073975,3.054596,-0.0017001505891653186,631,628,0.9952456418383518,1.0
906,-42.363342,1802.4048,1.3974030694170474,-0.013122559,2.9163666,-0.016092499683309183,636,629,0.9889937106918238,1.0
907,-42.454132,1805.3652,1.384692688568381,-0.090789795,2.9604187,-0.012710380848666422,639,635,0.9937402190923318,1.0
908,-42.50763,1808.3098,1.3682192868954375,-0.053497314,2.9445496,-0.016473401672943595,653,650,0.9954058192955589,1.0
909,-42.584137,1811.2354,1.3393016547473389,-0.07650757,2.925537,-0.02891763214809862,630,629,0.9984126984126984,1.0
910,-42.633057,1814.2223,1.3232861349865608,-0.048919678,2.9869385,-0.01601551976077813,645,642,0.9953488372093023,1.0
911,-42.63623,1817.1536,1.324199973726299,-0.0031738281,2.9312134,0.0009138387397382936,664,660,0.9939759036144579,1.0
912,-42.683105,1820.0673,1.3217128423434408,-0.046875,2.9136963,-0.0024871313828581675,667,665,0.9970014992503748,1.0
913,-42.764038,1823.029,1.2938495562805763,-0.08093262,2.9617767,-0.027863286062864385,667,665,0.9970014992503748,1.0
914,-42.782776,1825.9802,1.2699421549587995,-0.018737793,2.9512024,-0.023907401321776885,676,673,0.9955621301775148,1.0
915,-42.87332,1828.9265,1.2696944290931762,-0.090545654,2.946228,-0.0002477258656232822,680,676,0.9941176470588236,1.0
916,-42.89218,1831.8259,1.265971499644921,-0.018859863,2.899475,-0.003722929448255142,680,678,0.9970588235294118,1.0
917,-42.87451,1834.7665,1.2699958409893806,0.017669678,2.940567,0.0040243413444595545,677,674,0.9955686853766618,1.0
918,-42.872223,1837.6918,1.2714677143083521,0.0022888184,2.9253235,0.0014718733189716378,704,702,0.9971590909090909,1.0
919,-42.91336,1840.6418,1.2588148247096809,-0.041137695,2.9500732,-0.01265288959867118,701,696,0.992867332382311,1.0
920,-42.869934,1843.5872,1.2712098483746614,0.043426514,2.9453735,0.012395023664980475,699,698,0.9985693848354793,1.0
921,-42.850525,1846.3988,1.2783482688974943,0.01940918,2.8116608,0.007138420522832758,696,693,0.9956896551724138,1.0
922,-42.922943,1849.114,1.271231954495339,-0.07241821,2.7152405,-0.0071163144021553415,718,716,0.9972144846796658,1.0
923,-42.858154,1851.729,1.3027372873864533,0.06478882,2.6149292,0.03150533289111436,723,720,0.995850622406639,1.0
924,-42.82657,1854.2646,1.3132018568722599,0.031585693,2.5356445,0.010464569485806553,713,709,0.9943899018232819,1.0
925,-42.886658,1856.6624,1.2821667558915109,-0.06008911,2.3977509,-0.031035100980749002,723,722,0.9986168741355463,1.0
926,-42.897003,1858.9127,1.272973065294882,-0.010345459,2.2503815,-0.009193690596628806,744,742,0.9973118279569892,1.0
927,-42.921417,1861.1106,1.2545890910361919,-0.024414062,2.1978912,-0.0183839742586901,744,743,0.9986559139784946,1.0
928,-42.916626,1863.1332,1.289059733380813,0.0047912598,2.022583,0.034470642344620966,747,747,1.0,1.0
929,-42.967438,1865.062,1.2633627689445734,-0.050811768,1.928772,-0.025696964436239374,771,770,0.9987029831387808,1.0
930,-43.035492,1866.9655,1.250739000923163,-0.0680542,1.9034424,-0.012623768021410587,753,751,0.99734395750332,1.0
931,-43.052917,1868.7567,1.257657166625038,-0.017425537,1.791275,0.006918165701875066,771,768,0.9961089494163424,1.0
932,-43.071777,1870.5145,1.2565745968937303,-0.018859863,1.7577972,-0.0010825697313076312,784,782,0.9974489795918368,1.0
933,-43.112335,1872.2742,1.2544264369392235,-0.04055786,1.7596283,-0.0021481599545067646,772,768,0.9948186528497409,1.0
934,-43.150635,1873.9923,1.2414899163433064,-0.03829956,1.7181854,-0.01293652059591721,782,778,0.9948849104859335,1.0
935,-43.102142,1875.7117,1.2422375172055349,0.04849243,1.7193756,0.0007476008622284768,786,782,0.9949109414758269,1.0
936,-43.031525,1877.4722,1.2331917988855023,0.070617676,1.7604828,-0.009045718320032587,779,777,0.9974326059050064,1.0
937,-43.096436,1879.1792,1.2272452917270413,-0.06491089,1.707077,-0.005946507158460946,783,777,0.9923371647509579,1.0
938,-43.066193,1880.8788,1.2555684139142667,0.03024292,1.6995392,0.028323122187225297,769,767,0.9973992197659298,1.0
939,-43.099335,1882.6208,1.2507154103603677,-0.03314209,1.7420807,-0.00485300355389894,787,783,0.9949174078780177,1.0
940,-43.124084,1884.2888,1.259587437936618,-0.024749756,1.6679688,0.008872027576250403,800,796,0.995,1.0
941,-43.080536,1885.9261,1.2921218492307698,0.043548584,1.6372986,0.03253441129415159,802,799,0.9962593516209476,1.0
942,-43.078735,1887.507,1.314182731158195,0.0018005371,1.5808105,0.022060881927425283,794,792,0.9974811083123426,1.0
943,-43.08374,1889.0989,1.320600657836453,-0.005004883,1.59198,0.006417926678258063,799,796,0.9962453066332916,1.0
944,-43.03717,1890.5823,1.3409332545293724,0.046569824,1.4834442,0.020332596692919234,807,806,0.9987608426270136,1.0
945,-43.0448,1891.9185,1.3285098418913506,-0.0076293945,1.3361511,-0.012423412638021762,820,817,0.9963414634146341,1.0
946,-43.08383,1893.2588,1.3188753818988044,-0.039031982,1.3402863,-0.009634459992546125,810,806,0.9950617283950617,1.0
947,-43.08313,1894.4542,1.3157472254165514,0.0007019043,1.1954498,-0.003128156482252938,804,801,0.996268656716418,1.0
948,-43.112183,1895.5273,1.2831090475272835,-0.029052734,1.0731354,-0.03263817788926799,789,787,0.9974651457541192,1.0
949,-43.09796,1896.429,1.2747381395545507,0.014221191,0.90167236,-0.008370907972732808,800,797,0.99625,1.0
950,-43.092896,1897.3223,1.2649120090640704,0.005065918,0.8933258,-0.009826130490480233,818,817,0.9987775061124694,1.0
951,-43.128418,1898.077,1.2634603941785967,-0.03552246,0.7548065,-0.0014516148854736735,834,833,0.9988009592326139,1.0
952,-43.15033,1898.7218,1.245878067123721,-0.021911621,0.6447449,-0.017582327054875637,833,831,0.9975990396158463,1.0
953,-43.200653,1899.2487,1.2116769827633254,-0.050323486,0.5268707,-0.03420108436039581,823,822,0.9987849331713244,1.0
954,-43.21527,1899.7235,1.1753279988827445,-0.01461792,0.47483826,-0.03634898388058091,844,841,0.9964454976303317,1.0
955,-43.189148,1900.2123,1.185507209140747,0.026123047,0.48880005,0.01017921025800246,847,847,1.0,1.0
956,-43.178772,1900.5737,1.1779067785664417,0.010375977,0.36151123,-0.007600430574305477,842,842,1.0,1.0
957,-43.129944,1900.8086,1.1530666679212642,0.048828125,0.2348938,-0.024840110645177427,859,858,0.9988358556461001,1.0
958,-43.052856,1900.9141,1.1206235882672781,0.0770874,0.105407715,-0.03244307965398609,887,886,0.9988726042841037,1.0
959,-42.966125,1900.9855,1.0975106870641873,0.08673096,0.071395874,-0.023112901203090848,897,896,0.9988851727982163,1.0
960,-42.895477,1901.0331,1.0676276316759692,0.07064819,0.047607422,-0.02988305538821818,890,887,0.996629213483146,1.0
961,-42.784393,1901.0273,1.0562616424134175,0.111083984,-0.005783081,-0.011365989262551815,874,873,0.9988558352402745,1.0
962,-42.694122,1900.976,1.0517934003452558,0.090270996,-0.0513916,-0.0044682420681616255,876,876,1.0,1.0
963,-42.594543,1900.9271,1.0503523378534454,0.09957886,-0.04878235,-0.0014410624918105275,865,864,0.9988439306358381,1.0
964,-42.102753,1900.8707,0.9121940822303619,0.49179077,-0.056350708,-0.1381582556230835,820,817,0.9963414634146341,1.0
965,-41.191437,1901.3553,-3.733453705381684,0.9113159,0.48457336,-4.645647787612046,755,749,0.9920529801324504,1.0
966,-41.102814,1902.3157,-10.159755712632744,0.08862305,0.9602814,-6.42630200725106,750,746,0.9946666666666667,1.0
967,-41.276,1903.3063,-16.80944781960732,-0.17318726,0.9906006,-6.649692106974577,746,736,0.9865951742627346,1.0
968,-41.584778,1904.3462,-23.237604096621496,-0.30877686,1.039978,-6.428156277014174,746,740,0.9919571045576407,1.0
969,-41.88147,1905.4143,-28.92002557555314,-0.2966919,1.068161,-5.6824214789316425,734,729,0.9931880108991825,1.0
970,-42.39566,1906.3822,-33.29959290911098,-0.5141907,0.96788025,-4.37956733355784,720,715,0.9930555555555556,1.0
971,-42.73474,1906.991,-36.06576621839202,-0.3390808,0.60876465,-2.766173309281041,748,742,0.9919786096256684,1.0
972,-42.88806,1907.4874,-37.95392679088982,-0.15332031,0.49641418,-1.888160572497793,753,749,0.9946879150066401,1.0
973,-42.97577,1907.9885,-39.39733255272008,-0.08770752,0.5010376,-1.443405761830263,743,737,0.9919246298788694,1.0
974,-42.966736,1908.4701,-40.59557180700713,0.009033203,0.4815216,-1.1982392542870495,747,744,0.9959839357429718,1.0
975,-42.912567,1908.9229,-41.575939667388305,0.0541687,0.45272827,-0.9803678603811685,742,738,0.9946091644204852,1.0
976,-42.94995,1909.4707,-42.34739509359369,-0.037384033,0.5477905,-0.7714554262053862,741,737,0.9946018893387314,1.0
977,-42.96698,1910.143,-42.92279154835212,-0.017028809,0.6722717,-0.5753964547584324,742,741,0.9986522911051213,1.0
978,-42.9794,1910.7664,-43.39476072838479,-0.012420654,0.62335205,-0.471969180032669,746,746,1.0,1.0
979,-43.022003,1911.5597,-43.78535295840016,-0.04260254,0.7933655,-0.3905922300153713,756,751,0.9933862433862434,1.0
980,-43.043396,1912.4529,-44.0826493238385,-0.021392822,0.89323425,-0.29729636543834376,749,746,0.9959946595460614,1.0
981,-42.98407,1913.4274,-44.29414559809894,0.059326172,0.9744415,-0.2114962742604378,750,748,0.9973333333333333,1.0
982,-43.00476,1914.5079,-44.500340679200434,-0.020690918,1.0805817,-0.20619508110149046,752,748,0.9946808510638298,1.0
983,-42.981995,1915.8633,-44.6616126877993,0.022766113,1.3552856,-0.16127200859886068,749,746,0.9959946595460614,1.0
984,-43.04242,1917.4376,-44.768407388168406,-0.060424805,1.574295,-0.10679470036910543,756,753,0.996031746031746,1.0
985,-43.03836,1919.0696,-44.85882583768621,0.004058838,1.631897,-0.09041844951780459,758,758,1.0,1.0
986,-43.011383,1920.958,-44.904320965262215,0.026977539,1.8884583,-0.0454951275760019,752,749,0.9960106382978723,1.0
987,-43.084595,1923.0288,-44.97347954155996,-0.07321167,2.070816,-0.0691585762977455,750,748,0.9973333333333333,1.0
988,-43.06845,1925.3043,-45.01379416841028,0.016143799,2.275528,-0.040314626850316386,746,746,1.0,1.0
989,-43.05005,1927.6726,-45.06100456744859,0.0184021,2.3682404,-0.047210399038313776,744,742,0.9973118279569892,1.0
990,-43.084473,1930.3389,-45.078259901927865,-0.034423828,2.6663208,-0.01725533447927559,747,746,0.998661311914324,1.0
991,-43.091217,1933.1772,-45.10848673387571,-0.0067443848,2.8383179,-0.030226831947843955,717,714,0.99581589958159,1.0
992,-43.17041,1936.1948,-45.12679450619685,-0.079193115,3.017624,-0.018307772321144167,750,748,0.9973333333333333,1.0
993,-43.114685,1939.3529,-45.12282935124302,0.055725098,3.158081,0.003965154953831679,738,737,0.9986449864498645,1.0
994,-43.209656,1942.6565,-45.1418956251373,-0.0949707,3.3035583,-0.019066273894283167,730,727,0.9958904109589041,1.0
995,-43.266937,1945.9838,-45.135661543397894,-0.057281494,3.3272552,0.006234081739407313,758,751,0.9907651715039578,1.0
996,-43.3071,1949.3699,-45.18618732583754,-0.040161133,3.3861542,-0.05052578243963906,758,755,0.996042216358839,1.0
997,-43.297363,1952.6459,-45.152944011389344,0.009735107,3.2759705,0.03324331444819093,763,761,0.9973787680209698,1.0
998,-43.352753,1955.9166,-45.1269389890015,-0.055389404,3.2707062,0.026005022387845637,750,747,0.996,1.0
999,-43.33969,1959.0996,-45.11781487477257,0.013061523,3.183014,0.00912411422893239,755,753,0.9973509933774835,1.0
1000,-43.359222,1962.3035,-45.086685560384254,-0.01953125,3.2038727,0.031129314388315506,743,741,0.9973082099596231,1.0
1001,-43.407135,1965.4519,-45.072369397634446,-0.047912598,3.1484528,0.014316162749808722,761,760,0.9986859395532195,1.0
1002,-43.424835,1967.0145,-45.04593662422336,-0.017700195,1.5625916,0.026432773411086494,755,753,0.9973509933774835,1.0
1003,-43.444763,1970.0378,-45.030321724393254,-0.019927979,3.0232544,0.01561489983010495,759,757,0.997364953886693,1.0
1004,-43.492584,1973.021,-44.99772572333523,-0.047821045,2.983139,0.03259600105802647,763,761,0.9973787680209698,1.0
1005,-43.51306,1976.0101,-44.97333674388383,-0.020477295,2.9891205,0.0243889794513999,785,783,0.9974522292993631,1.0
1006,-43.577515,1978.9122,-44.94585739748393,-0.064453125,2.9020844,0.027479346399897655,772,768,0.9948186528497409,1.0
1007,-43.559357,1981.7325,-44.91323032935989,0.018157959,2.8202972,0.03262706812403568,764,762,0.9973821989528796,1.0
1008,-43.565826,1984.564,-44.88439978926226,-0.0064697266,2.8314667,0.0288305400976333,766,764,0.9973890339425587,1.0
1009,-43.631256,1987.3704,-44.85923022186066,-0.06542969,2.806366,0.025169567401595837,769,765,0.9947984395318595,1.0
1010,-43.58206,1990.1458,-44.79182651636473,0.049194336,2.7754517,0.06740370549593074,765,763,0.9973856209150327,1.0
1011,-43.600708,1992.9701,-44.76112120929365,-0.01864624,2.824356,0.030705307071083893,773,771,0.9974126778783958,1.0
1012,-43.615845,1995.7262,-44.777250079636644,-0.015136719,2.7561188,-0.016128870342994296,787,783,0.9949174078780177,1.0
1013,-43.654724,1998.5664,-44.74208604298798,-0.038879395,2.8401642,0.035164036648664417,780,778,0.9974358974358974,1.0
1014,-43.65564,2001.3396,-44.69345985647823,-0.00091552734,2.7732391,0.04862618650974898,767,765,0.9973924380704041,1.0
1015,-43.64157,2004.2057,-44.65651931296475,0.0140686035,2.8660583,0.03694054351347967,781,780,0.998719590268886,1.0
1016,-43.64026,2006.9774,-44.59707394646258,0.0013122559,2.771698,0.059445366502166246,785,783,0.9974522292993631,1.0
1017,-43.649414,2009.7987,-44.54697969451904,-0.009155273,2.821289,0.05009425194354445,789,787,0.9974651457541192,1.0
1018,-43.666443,2012.5466,-44.515848906621315,-0.017028809,2.7478943,0.031130787897725633,766,766,1.0,1.0
1019,-43.659363,2015.2991,-44.42329984684392,0.007080078,2.7524567,0.09254905977739424,759,759,1.0,1.0
1020,-43.67108,2018.0566,-44.373559277565015,-0.01171875,2.7575226,0.0497405692789036,755,755,1.0,1.0
1021,-43.707275,2020.778,-44.34457593790803,-0.036193848,2.721344,0.028983339656981584,741,741,1.0,1.0
1022,-43.724762,2023.5591,-44.294803088259705,-0.017486572,2.7810974,0.049772849648325804,739,737,0.9972936400541272,1.0
1023,-43.793762,2026.3137,-44.250546149533044,-0.069000244,2.7546387,0.044256938726660415,739,733,0.9918809201623816,1.0
1024,-43.800507,2029.0465,-44.17744763787092,-0.0067443848,2.7327728,0.07309851166212125,751,750,0.9986684420772304,1.0
1025,-43.820343,2031.8514,-44.1104467907271,-0.019836426,2.8048859,0.06700084714381684,744,744,1.0,1.0
1026,-43.795013,2034.5356,-44.05594049573314,0.02532959,2.684204,0.0545062949939634,756,755,0.9986772486772487,1.0
1027,-43.90152,2037.3785,-44.01357686428695,-0.10650635,2.842926,0.04236363144619536,764,759,0.993455497382199,1.0
1028,-43.852203,2040.1089,-43.9514039602985,0.049316406,2.730301,0.06217290398844404,749,745,0.9946595460614153,1.0
1029,-43.93631,2042.9176,-43.90540627293503,-0.084106445,2.80867,0.0459976873634673,755,753,0.9973509933774835,1.0
1030,-43.902374,2045.6986,-43.83140714934279,0.033935547,2.781021,0.07399912359224718,774,771,0.9961240310077519,1.0
1031,-43.96118,2048.4534,-43.77553411304092,-0.058807373,2.7548065,0.05587303630186579,745,741,0.9946308724832215,1.0
1032,-44.013153,2051.2622,-43.72416259447847,-0.051971436,2.808838,0.051371518562447406,742,738,0.9946091644204852,1.0
1033,-44.037537,2053.9512,-43.667950530172874,-0.024383545,2.6888428,0.056212064305596256,751,748,0.996005326231691,1.0
1034,-44.051086,2056.6917,-43.60965448001789,-0.013549805,2.740387,0.05829605015498555,750,747,0.996,1.0
1035,-44.08603,2059.4873,-43.53778698156719,-0.034942627,2.7956085,0.07186749845070373,751,749,0.9973368841544608,1.0
1036,-44.096497,2062.2722,-43.46242526153913,-0.010467529,2.7848816,0.07536172002805858,764,763,0.9986910994764397,1.0
1037,-44.215942,2065.0784,-43.440679452698376,-0.1194458,2.8062134,0.021745808840752435,770,770,1.0,1.0
1038,-44.224396,2067.7847,-43.37976453938305,-0.008453369,2.706253,0.060914913315322665,775,774,0.9987096774193548,1.0
1039,-44.252075,2070.5383,-43.30585465215736,-0.027679443,2.7536316,0.0739098872256976,764,763,0.9986910994764397,1.0
1040,-44.326508,2073.308,-43.24817728567593,-0.07443237,2.769806,0.05767736648142845,767,765,0.9973924380704041,1.0
1041,-44.350067,2076.0378,-43.19457277778232,-0.02355957,2.7296295,0.05360450789360956,773,769,0.9948253557567918,1.0
1042,-44.348755,2078.877,-43.11361520043585,0.0013122559,2.8391418,0.08095757734646704,784,783,0.9987244897959183,1.0
1043,-44.35312,2081.5781,-43.06597704686804,-0.0043640137,2.7012024,0.0476381535678095,787,784,0.9961880559085133,1.0
1044,-44.436127,2084.3613,-43.03810178962139,-0.08300781,2.783081,0.027875257246651908,771,770,0.9987029831387808,1.0
1045,-44.456207,2087.0615,-42.97524007073354,-0.020080566,2.7000885,0.06286171888784907,782,775,0.9910485933503836,1.0
1046,-44.47705,2089.8171,-42.90817638469379,-0.020843506,2.7556,0.06706368603975121,786,783,0.9961832061068703,1.0
1047,-44.51651,2092.601,-42.869734147940875,-0.03945923,2.7838898,0.038442236752916706,794,792,0.9974811083123426,1.0
1048,-44.53958,2095.2693,-42.821066185757815,-0.023071289,2.6683044,0.04866796218305814,791,789,0.9974715549936789,1.0
1049,-44.608307,2098.0112,-42.79024209718052,-0.068725586,2.741928,0.03082408857729437,780,778,0.9974358974358974,1.0
1050,-44.657684,2100.7502,-42.726508468080816,-0.04937744,2.7389069,0.06373362909970394,784,783,0.9987244897959183,1.0
1051,-44.657715,2103.4373,-42.67773620517278,-3.0517578e-05,2.6870575,0.048772262908041084,784,781,0.9961734693877551,1.0
1052,-44.77597,2106.2334,-42.63204546267198,-0.118255615,2.796173,0.045690742500794024,810,804,0.9925925925925926,1.0
1053,-44.816833,2108.8804,-42.579040389564376,-0.040863037,2.6468506,0.05300507310760684,822,815,0.9914841849148418,1.0
1054,-44.875885,2111.5613,-42.55027208838952,-0.059051514,2.6809998,0.02876830117485684,806,802,0.9950372208436724,1.0
1055,-45.01779,2114.2944,-42.55635782740509,-0.14190674,2.7331543,-0.006085739015568638,791,787,0.9949431099873578,1.0
1056,-45.024506,2116.9902,-42.494722732353715,-0.006713867,2.695877,0.061635095051374315,807,804,0.9962825278810409,1.0
1057,-45.070343,2119.6882,-42.443175893538104,-0.045837402,2.6978912,0.05154683881560887,809,809,1.0,1.0
1058,-45.1019,2122.4453,-42.38569033726793,-0.031555176,2.7570038,0.05748555627017016,794,791,0.9962216624685138,1.0
1059,-45.155884,2125.1453,-42.3427050624398,-0.053985596,2.6998596,0.04298527482813131,797,797,1.0,1.0
1060,-45.220093,2127.839,-42.31897869892546,-0.064208984,2.6939087,0.023726363514333236,781,776,0.9935979513444302,1.0
1061,-45.296753,2130.5803,-42.265263772518644,-0.076660156,2.7412872,0.05371492640681901,791,787,0.9949431099873578,1.0
1062,-45.318787,2133.311,-42.223071636010054,-0.022033691,2.730835,0.04219213650859248,782,779,0.9961636828644501,1.0
1063,-45.37274,2136.0027,-42.19392583376485,-0.053955078,2.6916046,0.02914580224520577,783,781,0.9974457215836526,1.0
1064,-45.334534,2138.7236,-42.13269383353542,0.038208008,2.7209167,0.061232000229431024,784,783,0.9987244897959183,1.0
1065,-45.404205,2141.3962,-42.09746810680662,-0.06967163,2.6726837,0.035225726728799346,785,783,0.9974522292993631,1.0
1066,-45.446014,2144.065,-42.03515747856719,-0.041809082,2.6687012,0.062310628239431363,773,770,0.9961190168175937,1.0
1067,-45.42456,2146.7932,-41.97493216349777,0.021453857,2.7282104,0.06022531506942176,767,762,0.9934810951760105,1.0
1068,-45.51071,2149.4294,-41.93223227713868,-0.08615112,2.636322,0.04269988635908698,776,773,0.9961340206185567,1.0
1069,-45.440247,2152.1008,-41.87208341773785,0.07046509,2.6712952,0.06014885940083,779,775,0.9948652118100129,1.0
1070,-45.441742,2154.7522,-41.81259133735365,-0.0014953613,2.6514587,0.05949208038419939,786,782,0.9949109414758269,1.0
1071,-45.43399,2157.3892,-41.78073243741347,0.007751465,2.636917,0.03185889994018187,785,783,0.9974522292993631,1.0
1072,-45.492065,2160.0583,-41.73786626359477,-0.05807495,2.6690826,0.04286617381869865,785,780,0.9936305732484076,1.0
1073,-45.578278,2162.787,-41.68440309782506,-0.08621216,2.728714,0.05346316576970429,784,780,0.9948979591836735,1.0
1074,-45.57202,2165.4106,-41.63093898355335,0.0062561035,2.6235962,0.053464114271714595,795,794,0.9987421383647799,1.0
1075,-45.60916,2168.1135,-41.57848375116208,-0.037139893,2.7028656,0.05245523239126781,803,799,0.9950186799501868,1.0
1076,-45.651825,2170.7974,-41.52104717478743,-0.042663574,2.6838531,0.05743657637465436,784,783,0.9987244897959183,1.0
1077,-45.694916,2173.509,-41.45803001065431,-0.04309082,2.7117157,0.06301716413311688,802,801,0.9987531172069826,1.0
1078,-45.643677,2176.107,-41.42869470254318,0.051239014,2.5978394,0.029335308111132104,794,792,0.9974811083123426,1.0
1079,-45.684357,2178.811,-41.33732223064256,-0.04067993,2.7041626,0.09137247190062135,795,794,0.9987421383647799,1.0
1080,-45.725037,2181.5295,-41.28094087046784,-0.04067993,2.7185974,0.05638136017472903,796,794,0.9974874371859297,1.0
1081,-45.817566,2184.294,-41.25811082212186,-0.0925293,2.7644043,0.022830048345977596,798,797,0.9987468671679198,1.0
1082,-45.84851,2187.047,-41.18277507824938,-0.030944824,2.7532349,0.07533574387248186,791,788,0.9962073324905183,1.0
1083,-45.991974,2189.7607,-41.16309741418705,-0.14346313,2.7135315,0.01967766406232779,795,792,0.9962264150943396,1.0
1084,-45.907104,2192.4915,-41.0711907099452,0.084869385,2.730774,0.09190670424185111,796,793,0.9962311557788944,1.0
1085,-46.011932,2195.329,-41.04199801723307,-0.10482788,2.8376617,0.029192692712128047,789,788,0.9987325728770595,1.0
1086,-46.056854,2198.1729,-41.002895173749806,-0.044921875,2.843628,0.03910284348326298,780,778,0.9974358974358974,1.0
1087,-46.09079,2200.8042,-40.947336276136774,-0.033935547,2.6312256,0.055558897613029845,782,776,0.9923273657289002,1.0
1088,-46.18927,2203.3672,-40.89174297217864,-0.098480225,2.5631104,0.05559330395813315,783,780,0.9961685823754789,1.0
1089,-46.25241,2205.858,-40.86558329056778,-0.06314087,2.4908142,0.026159681610861917,806,805,0.9987593052109182,1.0
1090,-46.31125,2208.2847,-40.811683317515154,-0.05883789,2.4268036,0.05389997305262032,802,801,0.9987531172069826,1.0
1091,-46.381744,2210.5984,-40.77404804096871,-0.070495605,2.3136597,0.03763527654644304,784,783,0.9987244897959183,1.0
1092,-46.44394,2212.7732,-40.72936464540305,-0.062194824,2.1747284,0.04468339556565449,779,776,0.9961489088575096,1.0
1093,-46.512573,2214.8362,-40.715077493973034,-0.06863403,2.0629578,0.014287151430015283,776,775,0.9987113402061856,1.0
1094,-46.579803,2216.7043,-40.72142098167342,-0.067230225,1.8681335,-0.006343487700387341,769,769,1.0,1.0
1095,-46.599213,2218.542,-40.72045377691894,-0.01940918,1.8375702,0.0009672047544776208,760,760,1.0,1.0
1096,-46.632935,2220.2607,-40.730417509112804,-0.033721924,1.718811,-0.009963732193870402,768,765,0.99609375,1.0
1097,-46.717834,2221.881,-40.738858518407945,-0.0848999,1.620285,-0.008441009295136663,780,778,0.9974358974358974,1.0
1098,-46.7269,2223.5298,-40.73120903024263,-0.009063721,1.6485596,0.00764948816531643,798,794,0.9949874686716792,1.0
1099,-46.723907,2225.1177,-40.72681353005816,0.0029907227,1.5880127,0.004395500184470611,786,785,0.9987277353689568,1.0
1100,-46.75644,2226.6897,-40.68575227527384,-0.03253174,1.5719452,0.041061254784316666,789,787,0.9974651457541192,1.0
1101,-46.720825,2228.2288,-40.66757906798106,0.035614014,1.538971,0.018173207292783048,785,785,1.0,1.0
1102,-46.716644,2229.8535,-40.623899459258084,0.004180908,1.6246338,0.04367960872297516,766,765,0.9986945169712794,1.0
1103,-46.78357,2231.352,-40.611393891005804,-0.06692505,1.4986267,0.012505568252280422,774,773,0.9987080103359173,1.0
1104,-46.816284,2232.8872,-40.60799475557251,-0.032714844,1.5351257,0.003399135433289222,767,763,0.9947848761408083,1.0
1105,-46.816742,2234.287,-40.58268465250983,-0.00045776367,1.3998871,0.025310103062678946,769,767,0.9973992197659298,1.0
1106,-46.84561,2235.7305,-40.53165247921534,-0.028869629,1.4433136,0.05103217329449212,773,773,1.0,1.0
1107,-46.854797,2237.1995,-40.5001425143162,-0.009185791,1.4690552,0.031509964899136524,789,786,0.9961977186311787,1.0
1108,-46.903442,2238.63,-40.477466684374384,-0.04864502,1.4305115,0.02267582994181791,783,780,0.9961685823754789,1.0
1109,-46.938904,2240.055,-40.46989084711994,-0.035461426,1.4250946,0.007575837254442048,778,777,0.9987146529562982,1.0
1110,-47.048676,2241.3896,-40.43900786167802,-0.10977173,1.3347015,0.03088298544191937,775,773,0.9974193548387097,1.0
1111,-47.063324,2242.7976,-40.3846132521277,-0.0146484375,1.4079285,0.05439460955032336,770,766,0.9948051948051948,1.0
1112,-47.114716,2244.0872,-40.390615595119776,-0.0513916,1.2895355,-0.006002342992077357,793,791,0.9974779319041615,1.0
1113,-47.151215,2245.2693,-40.35407452584087,-0.036499023,1.1821289,0.03654106927890514,804,802,0.9975124378109452,1.0
1114,-47.260773,2246.2932,-40.359455485901364,-0.109558105,1.0240173,-0.005380960060488743,803,802,0.9987546699875467,1.0
1115,-47.27362,2247.169,-40.354874380421734,-0.0128479,0.87561035,0.004581105479627843,836,835,0.9988038277511961,1.0
1116,-47.277435,2248.0227,-40.35682846022887,-0.0038146973,0.85375977,-0.0019540798071381498,813,813,1.0,1.0
1117,-47.33365,2248.6892,-40.371385582055204,-0.05621338,0.6664429,-0.014557121826333796,803,803,1.0,1.0
1118,-47.40567,2249.264,-40.39090295946339,-0.072021484,0.57463074,-0.019517377408188413,784,784,1.0,1.0
1119,-47.423676,2249.715,-40.405384043954555,-0.018005371,0.45108032,-0.014481084491166023,789,787,0.9974651457541192,1.0
1120,-47.44049,2250.073,-40.454605849299355,-0.016815186,0.35798645,-0.049221805344798204,806,806,1.0,1.0
1121,-47.49066,2250.3848,-40.47909971075708,-0.0501709,0.31184387,-0.024493861457730012,817,816,0.9987760097919217,1.0
1122,-47.41736,2250.621,-40.46794691147719,0.07330322,0.2362976,0.011152799279889236,823,819,0.9951397326852977,1.0
1123,-47.401794,2250.8853,-40.45786079477153,0.015563965,0.2642517,0.010086116705667784,830,829,0.9987951807228915,1.0
1124,-47.305542,2250.9932,-40.4463514367267,0.09625244,0.10801697,0.011509358044825618,852,849,0.9964788732394366,1.0
1125,-47.250732,2250.9321,-40.452538302334794,0.05480957,-0.060913086,-0.00618686560809186,885,885,1.0,1.0
1126,-47.154175,2250.853,-40.45955924560058,0.09655762,-0.07913208,-0.007020943265789082,869,869,1.0,1.0
1127,-47.110718,2250.7695,-40.473053759141216,0.04345703,-0.08338928,-0.013494513540632073,857,856,0.9988331388564761,1.0
1128,-47.001007,2250.6824,-40.44709787400143,0.10971069,-0.08717346,0.025955885139787777,848,848,1.0,1.0
1129,-46.92328,2250.5044,-40.433017087107906,0.07772827,-0.17790222,0.014080786893520028,837,837,1.0,1.0
1130,-46.73285,2250.338,-40.47777155635514,0.19042969,-0.1665039,-0.044754469247233426,816,816,1.0,1.0
1131,-46.061462,2250.6082,-43.34289639127403,0.6713867,0.27033997,-2.865124834918893,746,744,0.9973190348525469,1.0
1132,-46.11444,2251.0857,-47.55026398892574,-0.052978516,0.47743225,-4.2073675976517135,742,740,0.9973045822102425,1.0
1133,-46.406097,2251.4788,-50.679459651790225,-0.2916565,0.39311218,-3.1291956628644817,745,742,0.9959731543624161,1.0
1134,-46.687836,2251.8276,-52.71814740938356,-0.28173828,0.34899902,-2.0386877575933395,756,753,0.996031746031746,1.0
1135,-46.86386,2252.1582,-54.10889302834114,-0.17602539,0.33061218,-1.390745618957582,762,758,0.994750656167979,1.0
1136,-47.022766,2252.4795,-55.27117375989047,-0.15890503,0.32118225,-1.1622807315493282,774,772,0.9974160206718347,1.0
1137,-47.17514,2252.86,-56.25626764282519,-0.15237427,0.38058472,-0.9850938829347177,794,791,0.9962216624685138,1.0
1138,-47.296753,2253.3293,-57.06659853263721,-0.12161255,0.46929932,-0.8103308898120113,774,769,0.9935400516795866,1.0
1139,-47.39035,2253.773,-57.692576438800295,-0.09359741,0.44348145,-0.6259779061630883,766,763,0.9960835509138382,1.0
1140,-47.54785,2254.2207,-58.215959278443535,-0.15750122,0.44787598,-0.5233828396432387,767,765,0.9973924380704041,1.0
1141,-47.63739,2254.6604,-58.60337383587562,-0.089538574,0.43962097,-0.3874145574320867,797,790,0.9912170639899623,1.0
1142,-47.686493,2255.2268,-58.876669895121374,-0.049102783,0.5663452,-0.2732960592457511,787,782,0.9936467598475223,1.0
1143,-47.765167,2255.9153,-59.11372278803486,-0.07867432,0.68836975,-0.23705289291349188,801,799,0.9975031210986267,1.0
1144,-47.73529,2256.5708,-59.34538690569378,0.029876709,0.65556335,-0.23166411765891293,780,778,0.9974358974358974,1.0
1145,-47.753845,2257.2588,-59.492798220099985,-0.018554688,0.6879425,-0.1474113144062072,773,772,0.9987063389391979,1.0
1146,-47.721405,2258.1553,-59.61861124896288,0.032440186,0.89653015,-0.12581302886289542,774,773,0.9987080103359173,1.0
1147,-47.632416,2259.0635,-59.73231524036457,0.08898926,0.9081421,-0.11370399140169532,766,764,0.9973890339425587,1.0
1148,-47.613068,2260.1443,-59.81593869249504,0.019348145,1.0807953,-0.08362345213046876,772,770,0.9974093264248705,1.0
1149,-47.59619,2261.3855,-59.880534287472166,0.01687622,1.241272,-0.0645955949771294,783,779,0.9948914431673053,1.0
1150,-47.62329,2262.8406,-59.94118428203915,-0.02709961,1.4551086,-0.06064999456698894,769,769,1.0,1.0
1151,-47.60376,2264.4563,-59.987942059253285,0.01953125,1.6156311,-0.046757777214132684,782,782,1.0,1.0
1152,-47.62854,2266.214,-60.04086119268702,-0.024780273,1.757904,-0.05291913343372919,793,792,0.9987389659520807,1.0
1153,-47.6586,2268.1887,-60.09087982919267,-0.030059814,1.9745483,-0.05001863650565487,816,812,0.9950980392156863,1.0
1154,-47.69153,2270.323,-60.11015383796688,-0.032928467,2.134369,-0.019274008774201386,816,816,1.0,1.0
1155,-47.683533,2272.6538,-60.14623596423484,0.0079956055,2.3309326,-0.036082126267961714,787,785,0.9974587039390089,1.0
1156,-47.674683,2275.2393,-60.13258941316836,0.008850098,2.5855408,0.013646551066476297,792,789,0.9962121212121212,1.0
1157,-47.64563,2278.0012,-60.15603962066886,0.029052734,2.7619934,-0.02345020750049372,816,814,0.9975490196078431,1.0
1158,-47.69211,2280.9434,-60.15554360626892,-0.04647827,2.942215,0.0004960143999328799,821,819,0.997563946406821,1.0
1159,-47.69156,2284.0518,-60.14351020230997,0.0005493164,3.1084442,0.01203340395895504,818,815,0.9963325183374083,1.0
1160,-47.797424,2287.103,-60.133638191380115,-0.10586548,3.051239,0.009872010929852161,814,811,0.9963144963144963,1.0
1161,-47.846954,2290.2058,-60.1389765691098,-0.04953003,3.102768,-0.005338377729683807,821,821,1.0,1.0
1162,-47.90741,2293.371,-60.16567004154137,-0.060455322,3.1654053,-0.02669347243156571,823,823,1.0,1.0
1163,-47.900635,2296.5308,-60.1390580883763,0.0067749023,3.159668,0.026611953165064012,823,821,0.9975698663426489,1.0
1164,-48.00757,2299.578,-60.15297686578404,-0.106933594,3.0471802,-0.013918777407739178,825,823,0.9975757575757576,1.0
1165,-48.0383,2302.6226,-60.10106527679389,-0.030731201,3.0446014,0.05191158899015098,812,810,0.9975369458128078,1.0
1166,-48.106415,2305.7053,-60.08352717868413,-0.068115234,3.0828552,0.017538098109763537,808,807,0.9987623762376238,1.0
1167,-48.14572,2308.7085,-60.06285074713837,-0.03930664,3.0032349,0.020676431545760487,817,817,1.0,1.0
1168,-48.24356,2311.5938,-60.04179131100668,-0.097839355,2.8851929,0.021059436131683842,823,822,0.9987849331713244,1.0
1169,-48.31064,2314.5107,-60.047042908909674,-0.06707764,2.916916,-0.005251597902992155,836,836,1.0,1.0
1170,-48.44232,2317.3184,-60.037352970698564,-0.13168335,2.8077087,0.009689938211113067,837,835,0.997610513739546,1.0
1171,-48.40631,2320.0935,-60.00733618837902,0.036010742,2.7752533,0.030016782319543717,819,816,0.9963369963369964,1.0
1172,-48.43167,2322.8523,-59.93722346093949,-0.025360107,2.7587128,0.07011272743952683,817,815,0.9975520195838433,1.0
1173,-48.427094,2325.5981,-59.91145210000364,0.0045776367,2.7457886,0.025771360935851573,816,814,0.9975490196078431,1.0
1174,-48.445404,2328.1924,-59.89937556333623,-0.018310547,2.5942688,0.01207653666741709,805,803,0.9975155279503105,1.0
1175,-48.465027,2330.884,-59.85923645903865,-0.019622803,2.691574,0.04013910429758029,828,827,0.998792270531401,1.0
1176,-48.486115,2333.654,-59.8378387372101,-0.021087646,2.7700348,0.021397721828551104,835,833,0.9976047904191617,1.0
1177,-48.494934,2336.3389,-59.78653768620105,-0.00881958,2.6846924,0.05130105100904939,825,824,0.9987878787878788,1.0
1178,-48.535492,2339.0173,-59.747539970052564,-0.04055786,2.6785126,0.038997716148484796,809,808,0.9987639060568603,1.0
1179,-48.51291,2341.7795,-59.73670468734031,0.022583008,2.7621613,0.010835282712259166,827,827,1.0,1.0
1180,-48.54126,2344.4873,-59.70918505179001,-0.02835083,2.7077637,0.027519635550297145,827,826,0.9987908101571947,1.0
1181,-48.57483,2347.1418,-59.66997530982022,-0.033569336,2.6544952,0.03920974196979459,820,817,0.9963414634146341,1.0
1182,-48.66571,2349.798,-59.655579946196795,-0.09088135,2.6561432,0.014395363623419219,813,811,0.997539975399754,1.0
1183,-48.707,2352.4612,-59.62827557096428,-0.041290283,2.6631165,0.027304375232518115,800,799,0.99875,1.0
1184,-48.807495,2355.163,-59.60632572465035,-0.100494385,2.7018585,0.02194984631392935,797,792,0.9937264742785445,1.0
1185,-48.814423,2357.96,-59.535850247018985,-0.0069274902,2.7969513,0.07047547763136223,799,798,0.9987484355444305,1.0
1186,-48.915314,2360.594,-59.52873636277421,-0.10089111,2.634018,0.007113884244774806,800,798,0.9975,1.0
1187,-48.953888,2363.1736,-59.495373024899735,-0.03857422,2.5796509,0.03336333787447732,827,826,0.9987908101571947,1.0
1188,-49.097534,2365.773,-59.47566017346048,-0.14364624,2.599411,0.019712851439250216,832,830,0.9975961538461539,1.0
1189,-49.199036,2368.4858,-59.433892594435115,-0.101501465,2.7129974,0.041767579025366645,828,827,0.998792270531401,1.0
1190,-49.30893,2371.0833,-59.43447511037008,-0.1098938,2.597412,-0.0005825159349638914,827,823,0.9951632406287787,1.0
1191,-49.35022,2373.818,-59.389272922565084,-0.041290283,2.7347565,0.04520218780499826,811,809,0.9975339087546239,1.0
1192,-49.414978,2376.5503,-59.3401806188482,-0.0647583,2.7320557,0.0490923037168816,794,792,0.9974811083123426,1.0
1193,-49.424774,2379.2388,-59.29532192308342,-0.009796143,2.6884613,0.04485869576478059,800,800,1.0,1.0
1194,-49.504486,2381.9175,-59.28948908467251,-0.079711914,2.6786041,0.00583283841091019,794,793,0.9987405541561712,1.0
1195,-49.535492,2384.5835,-59.26370449082023,-0.03100586,2.6659393,0.025784593852281035,786,783,0.9961832061068703,1.0
1196,-49.613403,2387.317,-59.23607207164137,-0.07791138,2.733307,0.027632419178866288,796,793,0.9962311557788944,1.0
1197,-49.64966,2389.9243,-59.214970988357116,-0.036254883,2.6073914,0.021101083284252285,800,795,0.99375,1.0
1198,-49.697815,2392.6323,-59.18483035924435,-0.04815674,2.7079315,0.03014062911276559,801,797,0.9950062421972534,1.0
1199,-49.770264,2395.234,-59.21554182171374,-0.07244873,2.6016235,-0.030711462469392412,781,781,1.0,1.0
1200,-49.77289,2397.9922,-59.17341865810855,-0.0026245117,2.758255,0.042123163605187176,810,810,1.0,1.0
1201,-49.855316,2400.6414,-59.12990078120485,-0.08242798,2.6491852,0.043517876903698946,811,809,0.9975339087546239,1.0
1202,-49.861237,2403.38,-59.09214175376434,-0.00592041,2.7384338,0.03775902744051289,811,810,0.998766954377312,1.0
1203,-49.941498,2406.0752,-59.07618001408342,-0.08026123,2.6953888,0.015961739680920503,803,802,0.9987546699875467,1.0
1204,-50.006866,2408.7815,-59.01985116379572,-0.06536865,2.7062378,0.056328850287695395,802,801,0.9987531172069826,1.0
1205,-50.05191,2411.4775,-58.9908219727852,-0.045043945,2.696106,0.02902919101051967,816,814,0.9975490196078431,1.0
1206,-50.12213,2414.1404,-58.987568496601305,-0.07022095,2.6627655,0.0032534761838952375,816,815,0.9987745098039216,1.0
1207,-50.17328,2416.8816,-58.96503648642714,-0.05114746,2.741211,0.022532010174166527,810,809,0.9987654320987654,1.0
1208,-50.192474,2419.507,-58.99101877648655,-0.019195557,2.6254425,-0.025982290059409795,812,811,0.9987684729064039,1.0
1209,-50.24591,2422.2432,-58.960492184953466,-0.05343628,2.7359772,0.030526591533079097,816,815,0.9987745098039216,1.0
1210,-50.35257,2424.8867,-58.97614703530366,-0.106658936,2.6436157,-0.01565485035019301,818,818,1.0,1.0
1211,-50.40341,2427.5957,-58.920484586754945,-0.050842285,2.7091064,0.05566244854871733,800,800,1.0,1.0
1212,-50.492004,2430.2136,-58.93387463523667,-0.08859253,2.6178284,-0.013390048481726053,826,823,0.9963680387409201,1.0
1213,-50.523163,2432.9158,-58.924092564482606,-0.031158447,2.7021484,0.009782070754063552,831,828,0.9963898916967509,1.0
1214,-50.57251,2435.587,-58.89028336175156,-0.049346924,2.6711884,0.033809202731049995,829,827,0.9975874547647768,1.0
1215,-50.647583,2438.3013,-58.87867751957694,-0.07507324,2.7143402,0.011605842174615867,836,835,0.9988038277511961,1.0
1216,-50.73712,2440.9155,-58.88370314837971,-0.089538574,2.6142883,-0.00502562880276805,838,838,1.0,1.0
1217,-50.80896,2443.5784,-58.867121342721866,-0.07183838,2.662918,0.01658180565784531,829,828,0.9987937273823885,1.0
1218,-50.918396,2446.2297,-58.863088289914764,-0.109436035,2.651352,0.004033052807105558,818,816,0.9975550122249389,1.0
1219,-50.99118,2448.8955,-58.86461466488531,-0.072784424,2.6658936,-0.0015263749705482616,825,823,0.9975757575757576,1.0
1220,-51.04428,2451.6243,-58.83045119407038,-0.053100586,2.7287903,0.034163470814933164,812,806,0.9926108374384236,1.0
1221,-51.117035,2454.2417,-58.817454103712954,-0.072753906,2.6175537,0.012997090357424383,808,804,0.995049504950495,1.0
1222,-51.160004,2456.9746,-58.81754616561179,-0.04296875,2.7329102,-9.206189883555327e-05,819,818,0.9987789987789988,1.0
1223,-51.236145,2459.5205,-58.80396486395382,-0.07614136,2.5457764,0.013581301657963549,819,814,0.9938949938949939,1.0
1224,-51.30066,2462.213,-58.7970041166188,-0.06451416,2.692276,0.00696074733502302,811,809,0.9975339087546239,1.0
1225,-51.337524,2464.9026,-58.75976312504973,-0.036865234,2.6896667,0.037240991569070056,813,810,0.996309963099631,1.0
1226,-51.347046,2467.7273,-58.722338016536355,-0.009521484,2.824768,0.03742510851337679,816,814,0.9975490196078431,1.0
1227,-51.45398,2470.393,-58.70980632858446,-0.106933594,2.6657715,0.012531687951893574,815,814,0.9987730061349693,1.0
1228,-51.4252,2473.103,-58.70830311800691,0.028778076,2.7099762,0.0015032105775508674,836,833,0.9964114832535885,1.0
1229,-51.480835,2475.775,-58.67677105860314,-0.055633545,2.671753,0.031532059403771934,834,833,0.9988009592326139,1.0
1230,-51.500793,2478.4487,-58.65885326871481,-0.019958496,2.673874,0.017917789888327124,835,832,0.9964071856287425,1.0
1231,-51.603973,2481.102,-58.66738190363587,-0.10317993,2.653244,-0.008528634921066387,833,829,0.9951980792316927,1.0
1232,-51.585205,2483.8672,-58.64395482366309,0.01876831,2.7651978,0.023427079972783107,827,826,0.9987908101571947,1.0
1233,-51.68039,2486.513,-58.6321788549145,-0.095184326,2.6456451,0.011775968748588921,813,813,1.0,1.0
1234,-51.76773,2489.221,-58.62233869233409,-0.08734131,2.7079773,0.009840162580413309,811,811,1.0,1.0
1235,-51.855164,2491.9604,-58.60072346452027,-0.08743286,2.7394104,0.021615227813819568,812,811,0.9987684729064039,1.0
1236,-51.872467,2494.7166,-58.59093499057253,-0.017303467,2.7562103,0.009788473947745898,823,821,0.9975698663426489,1.0
1237,-51.920074,2497.5486,-58.57026098098051,-0.047607422,2.8319244,0.020674009592017942,803,802,0.9987546699875467,1.0
1238,-51.973175,2500.2087,-58.59105201740122,-0.053100586,2.6601105,-0.020791036420712772,796,793,0.9962311557788944,1.0
1239,-52.091644,2502.9014,-58.61112345458875,-0.11846924,2.6925201,-0.020071437187532622,814,813,0.9987714987714987,1.0
1240,-52.151886,2505.6616,-58.61703098104216,-0.0602417,2.7601929,-0.005907526453413486,813,813,1.0,1.0
1241,-52.211243,2508.3286,-58.62969223189116,-0.05935669,2.6670227,-0.012661250848996565,804,804,1.0,1.0
1242,-52.295624,2510.9807,-58.62819725897649,-0.0843811,2.652008,0.0014949729146718526,807,807,1.0,1.0
1243,-52.277344,2513.8074,-58.56463949425635,0.01828003,2.8266144,0.06355776472014403,813,811,0.997539975399754,1.0
1244,-52.355347,2516.494,-58.56336701555778,-0.07800293,2.6864471,0.0012724786985663856,825,824,0.9987878787878788,1.0
1245,-52.464203,2519.1423,-58.54038486898217,-0.1088562,2.6484528,0.022982146575609395,821,819,0.997563946406821,1.0
1246,-52.55432,2521.987,-58.56294259381189,-0.09011841,2.8446655,-0.02255772482971707,826,822,0.9951573849878934,1.0
1247,-52.685028,2524.7715,-58.59939829155002,-0.13070679,2.7843628,-0.03645569773812903,800,796,0.995,1.0
1248,-52.723145,2527.5557,-58.610820440864835,-0.038116455,2.7843018,-0.011422149314820865,790,786,0.9949367088607595,1.0
1249,-52.816925,2530.1436,-58.619081311502114,-0.09378052,2.5879517,-0.00826087063727745,801,799,0.9975031210986267,1.0
1250,-52.930878,2532.7139,-58.68023844228955,-0.11395264,2.5703125,-0.061157130787435725,804,801,0.996268656716418,1.0
1251,-52.956085,2535.009,-58.696418959276464,-0.02520752,2.2951202,-0.016180516986915625,827,827,1.0,1.0
1252,-53.02838,2537.3242,-58.72605656850067,-0.07229614,2.3153076,-0.029637609224201975,809,808,0.9987639060568603,1.0
1253,-53.092896,2539.4421,-58.73528672428618,-0.06451416,2.1179504,-0.009230155785514392,813,812,0.998769987699877,1.0
1254,-53.109985,2541.4546,-58.740291329077806,-0.017089844,2.0125122,-0.0050046047916214535,812,811,0.9987684729064039,1.0
1255,-53.154266,2543.4062,-58.7782688634683,-0.044281006,1.9515533,-0.03797753439048923,823,821,0.9975698663426489,1.0
1256,-53.167725,2545.2585,-58.79924031169525,-0.013458252,1.8524017,-0.02097144822695079,817,815,0.9975520195838433,1.0
1257,-53.26303,2547.0664,-58.837939133684785,-0.0953064,1.807785,-0.038698821989534254,813,811,0.997539975399754,1.0
1258,-53.243134,2548.892,-58.8404351134258,0.019897461,1.8256226,-0.002495979741010842,789,787,0.9974651457541192,1.0
1259,-53.289642,2550.569,-58.86031366787184,-0.04650879,1.677063,-0.019878554446042137,778,778,1.0,1.0
1260,-53.27484,2552.2974,-58.80631827171357,0.014801025,1.7281647,0.05399539615826999,777,775,0.9974259974259975,1.0
1261,-53.266083,2553.868,-58.83577350423219,0.008758545,1.5704498,-0.029455232518624266,780,778,0.9974358974358974,1.0
1262,-53.247894,2555.4663,-58.82577486853519,0.018188477,1.5983887,0.009998635697001278,783,782,0.9987228607918263,1.0
1263,-53.27887,2557.0767,-58.848041316916635,-0.030975342,1.6102295,-0.022266448381445512,784,783,0.9987244897959183,1.0
1264,-53.288727,2558.6472,-58.852782184875025,-0.009857178,1.5706024,-0.004740867958388623,768,766,0.9973958333333334,1.0
1265,-53.31546,2560.181,-58.87456337288699,-0.026733398,1.5336914,-0.021781188011960613,775,774,0.9987096774193548,1.0
1266,-53.269745,2561.7358,-58.86342038435157,0.045715332,1.5548553,0.01114298853541842,789,786,0.9961977186311787,1.0
1267,-53.243256,2563.2415,-58.857238257811844,0.026489258,1.505661,0.006182126539725691,789,786,0.9961977186311787,1.0
1268,-53.197296,2564.758,-58.871740692564764,0.045959473,1.5166321,-0.014502434752921083,798,796,0.9974937343358395,1.0
1269,-53.20462,2566.2693,-58.92565806229114,-0.0073242188,1.5112305,-0.053917369726374266,807,805,0.9975216852540273,1.0
1270,-53.18045,2567.7495,-58.94724396868487,0.024169922,1.4803009,-0.021585906393728153,798,797,0.9987468671679198,1.0
1271,-53.177704,2569.2197,-58.952077963993354,0.002746582,1.4700928,-0.0048339953084811675,787,784,0.9961880559085133,1.0
1272,-53.170624,2570.6228,-58.998448214993836,0.007080078,1.4029694,-0.04637025100048433,781,779,0.9974391805377721,1.0
1273,-53.14279,2571.9575,-59.02103425226877,0.027832031,1.3345947,-0.02258603727493267,787,783,0.9949174078780177,1.0
1274,-53.057373,2573.2234,-59.012456578459535,0.0854187,1.2657623,0.008577673809233658,793,790,0.9962168978562421,1.0
1275,-53.06613,2574.3623,-59.03092812879912,-0.008758545,1.1389618,-0.018471550339583927,795,793,0.9974842767295597,1.0
1276,-53.07141,2575.3748,-59.04446298929645,-0.005279541,1.0124207,-0.013534860497327024,786,786,1.0,1.0
1277,-53.088287,2576.289,-59.02666087071554,-0.01687622,0.9143677,0.017802118580908653,775,774,0.9987096774193548,1.0
1278,-53.11743,2576.968,-59.10988596756901,-0.029144287,0.6790619,-0.08322509685346745,773,768,0.9935316946959897,1.0
1279,-53.06833,2577.6982,-59.06527148099781,0.049102783,0.7303314,0.044614486571199735,772,769,0.9961139896373057,1.0
1280,-53.093353,2578.117,-59.06445534784932,-0.025024414,0.41879272,0.0008161331484887282,793,790,0.9962168978562421,1.0
1281,-53.103455,2578.4587,-59.06228939713316,-0.010101318,0.3418274,0.0021659507161545743,822,822,1.0,1.0
1282,-53.163727,2578.896,-59.06477198305111,-0.060272217,0.43714905,-0.00248258591794847,795,794,0.9987421383647799,1.0
1283,-53.135498,2579.3064,-59.07100026423172,0.02822876,0.41047668,-0.006228281180613411,789,789,1.0,1.0
1284,-53.133514,2579.5195,-59.05452613278786,0.0019836426,0.21325684,0.01647413144385647,816,816,1.0,1.0
1285,-53.164246,2579.6123,-59.051316155009545,-0.030731201,0.09283447,0.003209977778317551,866,866,1.0,1.0
1286,-53.24591,2579.5535,-59.06712942358205,-0.08166504,-0.058761597,-0.015813268572509174,863,863,1.0,1.0
1287,-53.25995,2579.4521,-59.06623702957707,-0.014038086,-0.10131836,0.0008923940049885248,840,839,0.9988095238095238,1.0
1288,-53.255463,2579.2905,-59.06532904857099,0.004486084,-0.16168213,0.0009079810060792536,821,821,1.0,1.0
1289,-53.269897,2579.0957,-59.06391966052442,-0.014434814,-0.19485474,0.001409388046569367,824,824,1.0,1.0
1290,-53.310272,2578.9287,-59.07143717094955,-0.040374756,-0.16706848,-0.007517510425132746,837,836,0.998805256869773,1.0
1291,-53.29129,2578.789,-59.0829512509583,0.018981934,-0.13952637,-0.011514080008753924,821,821,1.0,1.0
1292,-52.71405,2578.6082,-60.46474573902354,0.57724,-0.18081665,-1.381794488065239,746,744,0.9973190348525469,1.0
1293,-52.651276,2579.2024,-66.43256505550312,0.06277466,0.5942993,-5.967819316479573,722,716,0.9916897506925207,1.0
1294,-52.686615,2579.963,-73.13780935831213,-0.035339355,0.7604828,-6.7052443028090085,739,735,0.9945872801082544,1.0
1295,-52.73413,2581.0244,-79.81586972515707,-0.04751587,1.0616302,-6.678060366844947,747,740,0.9906291834002677,1.0
1296,-52.982147,2582.0596,-86.01105830116029,-0.24801636,1.0352631,-6.195188576003214,759,752,0.9907773386034255,1.0
1297,-53.09659,2582.9148,-91.00814968493465,-0.11444092,0.8551636,-4.997091383774366,766,764,0.9973890339425587,1.0
1298,-53.273315,2583.6562,-94.52104759929628,-0.1767273,0.7413788,-3.5128979143616377,787,784,0.9961880559085133,1.0
1299,-53.30844,2584.0864,-96.92752785985688,-0.035125732,0.43013,-2.406480260560597,792,788,0.9949494949494949,1.0
1300,-53.184692,2584.5208,-98.64449896883632,0.12374878,0.43429565,-1.7169711089794346,816,814,0.9975490196078431,1.0
1301,-53.038788,2584.928,-100.05588067046094,0.14590454,0.40724182,-1.4113817016246262,811,808,0.9963008631319359,1.0
1302,-52.839905,2585.3196,-101.14687208799265,0.19888306,0.39167786,-1.09099141753171,818,814,0.9951100244498777,1.0
1303,-52.690216,2585.7407,-102.03348872623735,0.14968872,0.42114258,-0.8866166382447099,824,823,0.9987864077669902,1.0
1304,-52.46228,2586.2852,-102.71938645032141,0.22793579,0.5443115,-0.6858977240840595,823,821,0.9975698663426489,1.0
1305,-52.332764,2586.8352,-103.27217234090476,0.1295166,0.55010986,-0.5527858905833446,821,820,0.9987819732034104,1.0
1306,-52.255737,2587.5044,-103.75023220521926,0.07702637,0.6691437,-0.47805986431449854,830,829,0.9987951807228915,1.0
1307,-52.117035,2588.2275,-104.09259137769416,0.1387024,0.72320557,-0.3423591724749059,816,813,0.9963235294117647,1.0
1308,-52.081482,2589.0288,-104.41591415689771,0.03555298,0.80122375,-0.3233227792035495,812,809,0.9963054187192119,1.0
1309,-51.96521,2590.0579,-104.6750208018306,0.11627197,1.0289764,-0.25910664493289043,820,819,0.998780487804878,1.0
1310,-51.9664,2591.3352,-104.87767370187701,-0.0011901855,1.2773743,-0.20265290004641032,821,821,1.0,1.0
1311,-52.055817,2592.7932,-105.09039013073449,-0.089416504,1.4580383,-0.2127164288574736,813,812,0.998769987699877,1.0
1312,-52.072052,2594.396,-105.23008530709319,-0.016235352,1.6028137,-0.13969517635870368,843,842,0.9988137603795967,1.0
1313,-52.13092,2596.2163,-105.3118245210083,-0.05886841,1.8203888,-0.08173921391511295,834,829,0.9940047961630696,1.0
1314,-52.150513,2598.2117,-105.38298750798252,-0.019592285,1.9953461,-0.07116298697421419,839,839,1.0,1.0
1315,-52.20819,2600.3547,-105.44038642468833,-0.057678223,2.1431274,-0.05739891670580269,847,847,1.0,1.0
1316,-52.20929,2602.739,-105.48341524389032,-0.0010986328,2.3842163,-0.04302881920199502,837,837,1.0,1.0
1317,-52.19452,2605.306,-105.55342649468821,0.014770508,2.5667877,-0.07001125079789655,827,826,0.9987908101571947,1.0
1318,-52.11789,2608.0923,-105.56853363384866,0.07662964,2.7862701,-0.015107139160443027,832,832,1.0,1.0
1319,-52.141083,2611.0283,-105.64958978034394,-0.02319336,2.9360962,-0.08105614649528278,827,824,0.9963724304715841,1.0
1320,-52.144684,2614.1714,-105.696835401299,-0.0036010742,3.1430817,-0.047245620955058326,826,821,0.9939467312348669,1.0
1321,-52.089172,2617.422,-105.712733339659,0.055511475,3.2506256,-0.01589793835999894,796,793,0.9962311557788944,1.0
1322,-52.128876,2620.6096,-105.77208246294329,-0.03970337,3.1875,-0.05934912328429876,796,796,1.0,1.0
1323,-52.117645,2623.859,-105.79179984588933,0.011230469,3.2492828,-0.019717382946044734,798,796,0.9974937343358395,1.0
1324,-52.151,2627.1187,-105.823110099093,-0.033355713,3.2596893,-0.03131025320366722,805,802,0.9962732919254659,1.0
1325,-52.186127,2630.3647,-105.84738679012874,-0.035125732,3.2460938,-0.02427669103574062,803,803,1.0,1.0
1326,-52.25177,2633.5679,-105.82937294881258,-0.06564331,3.203064,0.01801384131616491,777,776,0.9987129987129987,1.0
1327,-52.2966,2636.7422,-105.82898990416817,-0.044830322,3.1743774,0.0003830446444041538,773,772,0.9987063389391979,1.0
1328,-52.368713,2639.835,-105.85797568366155,-0.07211304,3.092743,-0.02898577949337837,769,767,0.9973992197659298,1.0
1329,-52.476013,2642.93,-105.85385441673213,-0.107299805,3.0948944,0.004121266929422502,754,753,0.9986737400530504,1.0
1330,-52.60025,2645.9177,-105.83038631682682,-0.12423706,2.987854,0.02346809990530916,771,770,0.9987029831387808,1.0
1331,-52.637543,2648.896,-105.8212466654759,-0.03729248,2.9783936,0.009139651350922023,769,766,0.9960988296488946,1.0
1332,-52.6633,2651.848,-105.83354657949899,-0.025756836,2.9518585,-0.012299914023093935,753,749,0.9946879150066401,1.0
1333,-52.68576,2654.6785,-105.81892977106601,-0.022460938,2.830536,0.014616808432981278,751,750,0.9986684420772304,1.0
1334,-52.666718,2657.5256,-105.82697369962754,0.019042969,2.8472595,-0.00804392856154075,743,741,0.9973082099596231,1.0
1335,-52.667603,2660.2886,-105.8333925496557,-0.00088500977,2.762848,-0.006418850028152224,737,734,0.9959294436906377,1.0
1336,-52.663177,2662.9521,-105.82356369349756,0.004425049,2.6634674,0.009828856158131664,726,726,1.0,1.0
1337,-52.61371,2665.5835,-105.82268318452915,0.049468994,2.6314697,0.0008805089684084073,748,746,0.9973262032085561,1.0
1338,-52.483337,2668.2727,-105.79450755898634,0.1303711,2.6891632,0.028175625542809574,732,729,0.9959016393442623,1.0
1339,-52.53424,2670.9556,-105.8027022417001,-0.05090332,2.6829376,-0.008194682713767453,728,727,0.9986263736263736,1.0
1340,-52.49173,2673.6396,-105.81020090438147,0.042510986,2.6840363,-0.007498662681377411,735,733,0.9972789115646259,1.0
1341,-52.6127,2676.3276,-105.85312570440966,-0.12097168,2.687912,-0.042924800028185474,745,742,0.9959731543624161,1.0
1342,-52.60559,2679.0825,-105.8454690367315,0.0071105957,2.7549896,0.007656667678162884,725,723,0.9972413793103448,1.0
1343,-52.56952,2681.8596,-105.85538388493758,0.036071777,2.777069,-0.009914848206079203,726,724,0.9972451790633609,1.0
1344,-52.504852,2684.6497,-105.81924070075777,0.06466675,2.790039,0.03614318417979976,717,714,0.99581589958159,1.0
1345,-52.584167,2687.3274,-105.86712829615676,-0.079315186,2.6777496,-0.047887595398993364,701,699,0.9971469329529244,1.0
1346,-52.56549,2690.1038,-105.86120285016221,0.018676758,2.7764282,0.005925445994551808,695,694,0.9985611510791367,1.0
1347,-52.649902,2692.769,-105.87937392520259,-0.08441162,2.6652527,-0.018171075040374286,700,700,1.0,1.0
1348,-52.62799,2695.511,-105.88136748653152,0.021911621,2.741928,-0.0019935613289325427,691,691,1.0,1.0
1349,-52.674744,2698.2156,-105.8874816103661,-0.04675293,2.7046204,-0.006114123834574718,696,695,0.9985632183908046,1.0
1350,-52.670105,2700.9807,-105.91052673591594,0.004638672,2.76503,-0.02304512554983671,683,680,0.9956076134699854,1.0
1351,-52.74936,2703.7742,-105.9178384388524,-0.07925415,2.7934875,-0.0073117029364668015,678,677,0.9985250737463127,1.0
1352,-52.73935,2706.552,-105.91367307157707,0.010009766,2.7778778,0.004165367275337714,674,672,0.9970326409495549,1.0
1353,-52.71994,2709.3948,-105.90590975242412,0.01940918,2.8427277,0.007763319152940599,662,656,0.9909365558912386,1.0
1354,-52.79825,2712.163,-105.89983948842826,-0.078308105,2.7683105,0.006070263995863292,662,659,0.9954682779456193,1.0
1355,-52.825134,2714.9204,-105.93240376938863,-0.026885986,2.7572327,-0.03256428096037302,639,636,0.9953051643192489,1.0
1356,-52.780518,2717.745,-105.88591607907355,0.0446167,2.824829,0.046487690315076935,652,650,0.9969325153374233,1.0
1357,-52.821106,2720.5,-105.90239567750132,-0.04058838,2.7547913,-0.016479598427768728,648,645,0.9953703703703703,1.0
1358,-52.782898,2723.2693,-105.9030476068655,0.038208008,2.7693481,-0.0006519293641883356,632,628,0.9936708860759493,1.0
1359,-52.809235,2726.0266,-105.91374559980206,-0.02633667,2.7572174,-0.010697992936554546,636,633,0.9952830188679245,1.0
1360,-52.82611,2728.7854,-105.92264996261918,-0.01687622,2.7588654,-0.008904362817119543,648,648,1.0,1.0
1361,-52.798767,2731.597,-105.88351485791294,0.02734375,2.811615,0.039135104706227386,639,638,0.9984350547730829,1.0
1362,-52.87094,2734.2751,-105.90810045420807,-0.07217407,2.6783295,-0.024585596295121612,638,634,0.9937304075235109,1.0
1363,-52.884033,2737.022,-105.91403087840399,-0.013092041,2.746704,-0.005930424195930221,638,635,0.9952978056426333,1.0
1364,-52.93634,2739.7996,-105.91491330283682,-0.05230713,2.7776031,-0.0008824244328290894,628,626,0.9968152866242038,1.0
1365,-52.863007,2742.5527,-105.93182696960967,0.07333374,2.7532654,-0.01691366677285684,641,639,0.9968798751950078,1.0
1366,-52.875458,2745.2737,-105.9482486027999,-0.012451172,2.7210236,-0.016421633190214294,644,641,0.9953416149068323,1.0
1367,-52.90973,2748.0105,-105.95773875318162,-0.03427124,2.7367096,-0.009490150381719225,634,630,0.9936908517350158,1.0
1368,-52.903595,2750.7188,-105.99152535766045,0.006134033,2.7081451,-0.033786604478837315,635,632,0.9952755905511811,1.0
1369,-52.970306,2753.4368,-105.9754784501481,-0.066711426,2.7180023,0.016046907512351407,636,634,0.9968553459119497,1.0
1370,-52.91275,2756.1912,-105.97271018597881,0.057556152,2.7544708,0.002768264169289725,630,627,0.9952380952380953,1.0
1371,-52.918762,2758.919,-105.98414791134394,-0.006011963,2.7277374,-0.011437725365133317,630,628,0.9968253968253968,1.0
1372,-53.01233,2761.6338,-105.98435329155241,-0.093566895,2.7148438,-0.00020538020846782342,613,607,0.9902120717781403,1.0
1373,-52.97888,2764.3772,-105.99927949553258,0.033447266,2.743393,-0.014926203980163455,611,610,0.9983633387888707,1.0
1374,-53.04605,2767.0667,-106.02914116287339,-0.06716919,2.6895294,-0.0298616673408113,602,601,0.9983388704318937,1.0
1375,-53.041748,2769.7666,-106.0401183389668,0.0043029785,2.7000275,-0.01097717609341827,612,607,0.9918300653594772,1.0
1376,-53.009796,2772.5322,-106.05640832940456,0.031951904,2.765686,-0.01628999043774931,602,600,0.9966777408637874,1.0
1377,-52.968414,2775.3137,-106.01762569036077,0.041381836,2.7814484,0.0387826390437864,598,598,1.0,1.0
1378,-53.038605,2777.948,-106.0583881739157,-0.07019043,2.6341705,-0.04076248355493021,605,605,1.0,1.0
1379,-53.00473,2780.601,-106.06546482916552,0.03387451,2.6531677,-0.007076655249822782,611,611,1.0,1.0
1380,-53.075043,2783.2874,-106.09541116669601,-0.0703125,2.6862793,-0.02994633753048449,602,601,0.9983388704318937,1.0
1381,-52.99707,2786.009,-106.07200486134593,0.07797241,2.7217865,0.023406305350074638,591,591,1.0,1.0
1382,-53.003998,2788.7026,-106.05233547407856,-0.0069274902,2.6935272,0.019669387267369623,584,583,0.9982876712328768,1.0
1383,-52.943634,2791.4734,-106.02467474106575,0.06036377,2.7708588,0.027660733012814544,592,589,0.9949324324324325,1.0
1384,-52.97827,2794.1973,-106.02618991724341,-0.03463745,2.7238312,-0.0015151761776558434,593,591,0.9966273187183811,1.0
1385,-52.99124,2796.838,-106.03907106877278,-0.012969971,2.6406708,-0.012881151529366674,602,601,0.9983388704318937,1.0
1386,-53.026,2799.4424,-106.05798621538484,-0.03475952,2.6044922,-0.018915146612063966,582,582,1.0,1.0
1387,-53.052063,2802.159,-106.06711122272799,-0.026062012,2.716507,-0.009125007343140014,595,595,1.0,1.0
1388,-53.079376,2804.8103,-106.06473707958216,-0.027313232,2.6514435,0.0023741431458234852,589,588,0.99830220713073,1.0
1389,-53.11145,2807.4458,-106.0851854544497,-0.032073975,2.6354218,-0.02044837486754594,583,581,0.9965694682675815,1.0
1390,-53.13745,2810.1785,-106.06288404088654,-0.026000977,2.7326202,0.022301413563151806,576,575,0.9982638888888888,1.0
1391,-53.13733,2812.8972,-106.05628628056873,0.00012207031,2.7186432,0.006597760317821838,591,590,0.9983079526226735,1.0
1392,-53.195892,2815.5823,-106.07169674995717,-0.058563232,2.6850433,-0.015410469388446157,596,592,0.9932885906040269,1.0
1393,-53.267853,2818.4956,-105.97211472486138,-0.07196045,2.9133148,0.09958202509578007,589,588,0.99830220713073,1.0
1394,-53.27536,2821.1565,-105.99570868023154,-0.007507324,2.6608276,-0.023593955370165294,582,580,0.9965635738831615,1.0
1395,-53.32779,2823.9253,-105.99841970350012,-0.0524292,2.768921,-0.0027110232685684642,580,577,0.9948275862068966,1.0
1396,-53.411346,2826.6853,-106.02999547283846,-0.08355713,2.759903,-0.03157576933834903,583,581,0.9965694682675815,1.0
1397,-53.420654,2829.4114,-106.04075960386601,-0.009307861,2.7261505,-0.010764131027537744,600,593,0.9883333333333333,1.0
1398,-53.4588,2832.1995,-106.06221079282676,-0.038146973,2.7881927,-0.021451188960748345,604,600,0.9933774834437086,1.0
1399,-53.46286,2834.9436,-106.07576525050109,-0.004058838,2.7440643,-0.013554457674330276,576,572,0.9930555555555556,1.0
1400,-53.526855,2837.574,-106.11490215816981,-0.06399536,2.6304016,-0.039136907668723915,574,572,0.9965156794425087,1.0
1401,-53.523407,2840.3806,-106.12121412752604,0.0034484863,2.806717,-0.00631196935623919,573,570,0.9947643979057592,1.0
1402,-53.528015,2842.999,-106.13594791188227,-0.0046081543,2.6184845,-0.014733784356227006,564,562,0.9964539007092199,1.0
1403,-53.58441,2845.7646,-106.1746355840276,-0.056396484,2.7656403,-0.03868767214532641,578,578,1.0,1.0
1404,-53.58612,2848.4768,-106.16978703425421,-0.0017089844,2.7121887,0.00484854977339149,594,592,0.9966329966329966,1.0
1405,-53.691956,2851.178,-106.15151302354818,-0.10583496,2.7011719,0.018274010706042725,593,591,0.9966273187183811,1.0
1406,-53.616486,2853.9575,-106.14270007548947,0.07546997,2.7794342,0.008812948058709915,576,574,0.9965277777777778,1.0
1407,-53.7518,2856.6333,-106.17462249037587,-0.13531494,2.6759033,-0.0319224148863924,568,567,0.9982394366197183,1.0
1408,-53.727844,2859.3123,-106.21313670468616,0.023956299,2.6788788,-0.03851421431029945,590,587,0.9949152542372881,1.0
1409,-53.778137,2862.0667,-106.22357564605858,-0.05029297,2.7544708,-0.010438941372412072,578,575,0.9948096885813149,1.0
1410,-53.757294,2864.7566,-106.25246393494233,0.020843506,2.6898956,-0.028888288883742473,576,574,0.9965277777777778,1.0
1411,-53.82608,2867.5076,-106.34756013380076,-0.06878662,2.7509613,-0.09509619885842217,587,584,0.9948892674616695,1.0
1412,-53.81534,2870.2556,-106.35102938799112,0.0107421875,2.7479553,-0.003469254190356728,574,573,0.9982578397212544,1.0
1413,-53.913086,2873.0093,-106.35584254633982,-0.0977478,2.753601,-0.00481315834869667,570,569,0.9982456140350877,1.0
1414,-53.927063,2875.6997,-106.36659129275817,-0.013977051,2.6905518,-0.010748746418358948,555,552,0.9945945945945946,1.0
1415,-53.992615,2878.443,-106.32974756905168,-0.06555176,2.743332,0.03684372370649366,566,559,0.9876325088339223,1.0
1416,-53.95993,2881.091,-106.34836873871895,0.032684326,2.6478577,-0.01862116966726468,580,576,0.993103448275862,1.0
1417,-53.96579,2883.865,-106.3500539729448,-0.005859375,2.7740173,-0.0016852342258547326,581,580,0.9982788296041308,1.0
1418,-54.00421,2886.571,-106.35918452692057,-0.03842163,2.7061615,-0.009130553975764396,576,574,0.9965277777777778,1.0
1419,-54.03482,2889.2822,-106.37613634478244,-0.03060913,2.7110748,-0.01695181786186311,572,570,0.9965034965034965,1.0
1420,-54.120636,2892.1516,-106.43602514104228,-0.08581543,2.869339,-0.059888796259842954,557,555,0.9964093357271095,1.0
1421,-54.168182,2894.961,-106.47365378524616,-0.047546387,2.809311,-0.03762864420388273,563,563,1.0,1.0
1422,-54.272797,2897.7917,-106.51576218712489,-0.10461426,2.8308258,-0.04210840187873232,577,577,1.0,1.0
1423,-54.304077,2900.7095,-106.52029159891211,-0.031280518,2.9176636,-0.004529411787215907,551,551,1.0,1.0
1424,-54.361267,2903.393,-106.55723164257664,-0.05718994,2.6836243,-0.03694004366453438,568,568,1.0,1.0
1425,-54.427856,2905.9043,-106.57260446312061,-0.066589355,2.511261,-0.01537282054397698,562,558,0.9928825622775801,1.0
1426,-54.455963,2908.2383,-106.6021903446496,-0.02810669,2.3338623,-0.029585881528984167,567,564,0.9947089947089947,1.0
1427,-54.572845,2910.4766,-106.6370415341422,-0.116882324,2.2381897,-0.034851189492600666,551,548,0.9945553539019963,1.0
1428,-54.608154,2912.553,-106.65409541266257,-0.035308838,2.0764313,-0.017053878520376296,554,553,0.9981949458483754,1.0
1429,-54.600372,2914.5808,-106.66870024660244,0.0077819824,2.027771,-0.01460483393987233,565,563,0.9964601769911504,1.0
1430,-54.68393,2916.478,-106.70079113955423,-0.08355713,1.8972168,-0.032090892951785806,564,564,1.0,1.0
1431,-54.649414,2918.3135,-106.68656054304469,0.03451538,1.8354187,0.014230596509541367,546,546,1.0,1.0
1432,-54.75473,2920.0525,-106.69744323885463,-0.10531616,1.7389832,-0.010882695809941735,547,546,0.9981718464351006,1.0
1433,-54.755707,2921.6787,-106.71718120588322,-0.0009765625,1.6262512,-0.01973796702859644,540,540,1.0,1.0
1434,-54.89276,2923.4438,-106.733928878279,-0.13705444,1.765091,-0.016747672395776177,547,545,0.9963436928702011,1.0
1435,-54.89862,2924.9924,-106.78296917840882,-0.005859375,1.5485535,-0.049040300129815084,541,540,0.9981515711645101,1.0
1436,-54.97824,2926.5906,-106.79858319102856,-0.07962036,1.5981903,-0.015614012619732609,538,536,0.9962825278810409,1.0
1437,-54.96457,2928.1,-106.8190298291647,0.013671875,1.509552,-0.020446638136143492,534,532,0.9962546816479401,1.0
1438,-54.96057,2929.6416,-106.85313842379635,0.0039978027,1.5415039,-0.03410859463164669,548,546,0.9963503649635036,1.0
1439,-54.933105,2931.0923,-106.87553877568627,0.02746582,1.4507751,-0.022400351889915036,549,548,0.9981785063752276,1.0
1440,-54.952637,2932.595,-106.88720719460717,-0.01953125,1.5025787,-0.011668418920905066,541,538,0.9944547134935305,1.0
1441,-54.95523,2934.0754,-106.89362390303297,-0.0025939941,1.4805298,-0.006416708425807559,542,539,0.9944649446494465,1.0
1442,-55.04837,2935.5837,-106.85318172903975,-0.09313965,1.5082703,0.04044217399323101,532,531,0.9981203007518797,1.0
1443,-55.024384,2936.989,-106.89126853644265,0.023986816,1.4052734,-0.03808680740291237,530,526,0.9924528301886792,1.0
1444,-55.03061,2938.515,-106.90071040087197,-0.006225586,1.52594,-0.009441864429315761,524,524,1.0,1.0
1445,-55.10022,2940.0044,-106.92059374701866,-0.069610596,1.4893951,-0.019883346146682804,537,535,0.9962756052141527,1.0
1446,-55.116272,2941.3723,-106.92479681583424,-0.016052246,1.3678131,-0.00420306881559022,541,540,0.9981515711645101,1.0
1447,-55.102875,2942.767,-106.94295174603782,0.013397217,1.3947296,-0.018154930203584035,541,540,0.9981515711645101,1.0
1448,-55.160004,2944.038,-106.97603375796452,-0.057128906,1.2708893,-0.033082011926693786,521,519,0.9961612284069098,1.0
1449,-55.227264,2945.234,-106.98619197895704,-0.06726074,1.195694,-0.010158220992528763,538,537,0.9981412639405205,1.0
1450,-55.226105,2946.303,-106.98957848045237,0.001159668,1.0691681,-0.003386501495322071,552,551,0.9981884057971014,1.0
1451,-55.274414,2947.1768,-106.99646123778554,-0.048309326,0.87368774,-0.006882757333177862,551,550,0.9981851179673321,1.0
1452,-55.352295,2948.0107,-106.96285958958643,-0.07788086,0.83410645,0.03360164819910912,546,545,0.9981684981684982,1.0
1453,-55.332336,2948.6572,-106.95539918517751,0.019958496,0.6464081,0.00746040440891559,535,535,1.0,1.0
1454,-55.367798,2949.2053,-106.96685013856951,-0.035461426,0.54803467,-0.011450953392001776,532,530,0.9962406015037594,1.0
1455,-55.42276,2949.7017,-106.9775906835943,-0.05496216,0.49627686,-0.010740545024795135,530,530,1.0,1.0
1456,-55.392303,2950.0923,-107.0201781117724,0.030456543,0.39059448,-0.042587428178089734,525,523,0.9961904761904762,1.0
1457,-55.43686,2950.3533,-107.00456612627205,-0.044555664,0.26091003,0.015611985500339313,550,549,0.9981818181818182,1.0
1458,-55.496002,2950.4097,-107.02397457831364,-0.059143066,0.056365967,-0.019408452041595345,577,577,1.0,1.0
1459,-55.56195,2950.2888,-107.01594038463939,-0.06594849,-0.120895386,0.008034193674247764,554,554,1.0,1.0
1460,-55.6586,2950.1863,-107.00871830791422,-0.09664917,-0.10256958,0.007222076725165708,542,542,1.0,1.0
1461,-55.802124,2950.025,-107.00404628362332,-0.14352417,-0.16137695,0.0046720242908963976,542,542,1.0,1.0
1462,-55.92337,2949.8442,-107.00413227548194,-0.12124634,-0.18060303,-8.599185861313628e-05,555,553,0.9963963963963964,1.0
1463,-55.91687,2949.5952,-106.9840989230341,0.006500244,-0.24894714,0.020033352447839433,546,546,1.0,1.0
1464,-55.95935,2949.3945,-106.97825852881213,-0.04248047,-0.20062256,0.005840394221956383,544,544,1.0,1.0
1465,-55.78488,2949.0974,-107.73100930378051,0.174469,-0.29710388,-0.7527507749683734,516,513,0.9941860465116279,1.0
1466,-55.82187,2949.4854,-111.94571355978462,-0.036987305,0.38783264,-4.214704256004106,480,477,0.99375,1.0
1467,-56.106293,2949.9783,-116.2420517759565,-0.28442383,0.49291992,-4.296338216171876,495,492,0.9939393939393939,1.0
1468,-56.290894,2950.3792,-119.50825815025996,-0.18460083,0.40081787,-3.266206374303459,520,514,0.9884615384615385,1.0
1469,-56.38037,2950.8508,-121.57852978965077,-0.08947754,0.47169495,-2.0702716393908087,497,494,0.993963782696177,1.0
1470,-56.35437,2951.214,-123.11865675975946,0.026000977,0.3631897,-1.5401269701086893,497,495,0.9959758551307847,1.0
1471,-56.134247,2951.5732,-124.31923200776014,0.22012329,0.35905457,-1.2005752480006817,479,476,0.9937369519832986,1.0
1472,-56.10321,2951.9146,-125.3552660754075,0.031036377,0.34124756,-1.0360340676473685,488,484,0.9918032786885246,1.0
1473,-55.929535,2952.184,-126.18537779148312,0.17367554,0.26945496,-0.8301117160756138,475,472,0.9936842105263158,1.0
1474,-55.840027,2952.5752,-126.8061714419189,0.08950806,0.39123535,-0.6207936504357863,477,473,0.9916142557651991,1.0
1475,-55.67105,2952.8704,-127.32934520842053,0.16897583,0.2950592,-0.5231737665016263,463,458,0.9892008639308856,1.0
1476,-55.590607,2953.3254,-127.69185380952975,0.080444336,0.4550476,-0.36250860110920935,479,475,0.9916492693110647,1.0
1477,-55.51001,2953.7798,-128.09284465876158,0.080596924,0.4543152,-0.40099084923182693,487,483,0.9917864476386037,1.0
1478,-55.38684,2954.382,-128.36726949214324,0.123168945,0.6022644,-0.2744248333816603,486,484,0.9958847736625515,1.0
1479,-55.335327,2955.0942,-128.67333568217202,0.051513672,0.71209717,-0.30606619002878205,461,458,0.9934924078091106,1.0
1480,-55.200226,2955.9065,-128.88565000523386,0.13510132,0.8122406,-0.21231432306184578,464,462,0.9956896551724138,1.0
1481,-55.12027,2956.7412,-129.09899802439162,0.079956055,0.8348236,-0.21334801915777146,472,471,0.9978813559322034,1.0
1482,-55.121918,2957.8052,-129.281533012203,-0.0016479492,1.0638428,-0.18253498781137592,483,481,0.9958592132505176,1.0
1483,-55.018646,2958.8938,-129.45367919432485,0.103271484,1.0885773,-0.17214618212185148,486,486,1.0,1.0
1484,-55.070465,2960.307,-129.6458962502666,-0.051818848,1.4131775,-0.19221705594175353,481,480,0.997920997920998,1.0
1485,-55.04358,2961.7615,-129.8632295339366,0.026885986,1.4546509,-0.21733328367000057,468,465,0.9935897435897436,1.0
1486,-55.175446,2963.4636,-130.01137994039672,-0.13186646,1.70224,-0.14815040646012145,470,468,0.9957446808510638,1.0
1487,-55.167572,2965.4065,-130.09772286737766,0.007873535,1.9428558,-0.0863429269809324,482,479,0.9937759336099585,1.0
1488,-55.25708,2967.4712,-130.25520013570102,-0.08950806,2.0645752,-0.15747726832337167,466,463,0.9935622317596566,1.0
1489,-55.247314,2969.6636,-130.38898799775842,0.009765625,2.1923523,-0.13378786205739576,464,462,0.9956896551724138,1.0
1490,-55.331726,2972.1772,-130.500738326338,-0.08441162,2.5136871,-0.11175032857957197,469,465,0.9914712153518124,1.0
1491,-55.364197,2974.8665,-130.57609419788966,-0.032470703,2.6892395,-0.07535587155167657,458,456,0.9956331877729258,1.0
1492,-55.404877,2977.6206,-130.7011346139403,-0.04067993,2.7541656,-0.12504041605064314,463,461,0.9956803455723542,1.0
1493,-55.462616,2980.5754,-130.8375046751594,-0.057739258,2.954895,-0.1363700612191162,460,458,0.9956521739130435,1.0
1494,-55.557037,2983.6963,-130.98395144157968,-0.09442139,3.1209717,-0.14644676642028162,463,462,0.9978401727861771,1.0
1495,-55.69226,2986.8508,-131.09775062179915,-0.13522339,3.1546173,-0.11379918021946879,466,461,0.9892703862660944,1.0
1496,-55.800293,2990.0496,-131.18859818031706,-0.10803223,3.1986542,-0.09084755851792169,450,447,0.9933333333333333,1.0
1497,-55.814423,2993.1663,-131.22442879872438,-0.014129639,3.1167908,-0.035830618407310236,461,460,0.9978308026030369,1.0
1498,-55.836395,2996.2168,-131.27495405384218,-0.021972656,3.050537,-0.05052525511781203,466,465,0.9978540772532188,1.0
1499,-55.830017,2999.3245,-131.27793014788185,0.006378174,3.107666,-0.002976094039658029,442,441,0.997737556561086,1.0
1500,-55.8208,3002.2073,-131.3556945301348,0.009216309,2.882843,-0.07776438225295501,446,444,0.9955156950672646,1.0
1501,-56.03723,3005.3674,-131.33350869689951,-0.21643066,3.1601715,0.022185833235291975,442,437,0.9886877828054299,1.0
1502,-56.05893,3006.8276,-131.33845297850502,-0.021697998,1.4603119,-0.004944281605497944,423,419,0.9905437352245863,1.0
1503,-56.0524,3009.6716,-131.38810221732766,0.0065307617,2.844101,-0.04964923882264555,430,425,0.9883720930232558,1.0
1504,-56.093353,3012.5745,-131.42130938108238,-0.04095459,2.9029083,-0.0332071637547278,422,420,0.995260663507109,1.0
1505,-56.111572,3015.446,-131.44901921794767,-0.018218994,2.8715973,-0.02770983686527365,416,413,0.9927884615384616,1.0
1506,-56.214294,3018.2642,-131.48956528489973,-0.10272217,2.8180084,-0.040546066952058216,406,403,0.9926108374384236,1.0
1507,-56.183685,3021.0571,-131.5210933013792,0.03060913,2.7929382,-0.03152801647947095,413,413,1.0,1.0
1508,-56.29062,3023.9016,-131.55648759375495,-0.106933594,2.8443756,-0.03539429237574292,423,421,0.9952718676122931,1.0
1509,-56.222015,3026.6926,-131.5765098795506,0.068603516,2.7910156,-0.020022285795659563,427,420,0.9836065573770492,1.0
1510,-56.22345,3029.4075,-131.6159266230269,-0.0014343262,2.714798,-0.03941674347629318,429,429,1.0,1.0
1511,-56.187195,3032.1865,-131.62347005869563,0.036254883,2.779068,-0.007543435668743885,413,411,0.9951573849878934,1.0
1512,-56.151794,3034.9087,-131.6732368493824,0.03540039,2.7221375,-0.0497667906867577,419,417,0.9952267303102625,1.0
1513,-56.198822,3037.6658,-131.73940288259888,-0.047027588,2.75708,-0.06616603321650051,427,426,0.9976580796252927,1.0
1514,-56.211884,3040.3557,-131.78349660525066,-0.013061523,2.689972,-0.044093722651793496,431,431,1.0,1.0
1515,-56.244568,3043.0815,-131.83713384271542,-0.032684326,2.7259216,-0.05363723746474919,432,432,1.0,1.0
1516,-56.2222,3045.7927,-131.84729833791494,0.022369385,2.711258,-0.010164495199523943,427,425,0.9953161592505855,1.0
1517,-56.328033,3048.5151,-131.89668006684593,-0.10583496,2.722412,-0.0493817289309914,426,425,0.9976525821596244,1.0
1518,-56.347534,3051.1758,-131.92439875332406,-0.019500732,2.6607513,-0.027718686478117056,419,417,0.9952267303102625,1.0
1519,-56.38977,3053.873,-131.95004026113236,-0.042236328,2.6972961,-0.025641507808288798,419,415,0.9904534606205251,1.0
1520,-56.35031,3056.5479,-131.98452810003218,0.03945923,2.6746826,-0.03448783889983405,410,410,1.0,1.0
1521,-56.365814,3059.0938,-132.12828505717684,-0.01550293,2.545868,-0.14375695714465442,412,411,0.9975728155339806,1.0
1522,-56.424652,3061.7554,-132.19260620601946,-0.05883789,2.661621,-0.06432114884263225,425,422,0.9929411764705882,1.0
1523,-56.330658,3064.373,-132.20653323300323,0.09399414,2.6177216,-0.013927026983778698,411,406,0.9878345498783455,1.0
1524,-56.401154,3067.1313,-132.24998033449776,-0.070495605,2.758194,-0.043447101494525145,398,396,0.9949748743718593,1.0
1525,-56.44687,3069.7744,-132.28231806030368,-0.045715332,2.6429596,-0.0323377258059085,400,400,1.0,1.0
1526,-56.507996,3072.4968,-132.346489395005,-0.06112671,2.7224884,-0.06417133470131323,409,407,0.9951100244498777,1.0
1527,-56.585358,3075.2222,-132.3849037993299,-0.07736206,2.7254333,-0.03841440432489592,400,396,0.99,1.0
1528,-56.642212,3077.96,-132.42989340709437,-0.056854248,2.737854,-0.044989607764469704,391,390,0.9974424552429667,1.0
1529,-56.694427,3080.7004,-132.46966613889393,-0.052215576,2.7404327,-0.03977273179956782,381,381,1.0,1.0
1530,-56.755432,3083.364,-132.52077877849825,-0.06100464,2.6635895,-0.05111263960433609,388,386,0.9948453608247423,1.0
1531,-56.758087,3086.1287,-132.54075422232498,-0.0026550293,2.7647095,-0.019975443826731314,382,381,0.9973821989528796,1.0
1532,-56.76056,3088.8384,-132.57336451618602,-0.0024719238,2.7097626,-0.032610293861036005,370,370,1.0,1.0
1533,-56.799805,3091.5957,-132.61031769062043,-0.039245605,2.7573242,-0.0369531744344041,374,373,0.9973262032085561,1.0
1534,-56.832123,3094.2722,-132.63888740953678,-0.032318115,2.6765137,-0.02856971891633495,370,366,0.9891891891891892,1.0
1535,-56.85016,3096.988,-132.69221026497328,-0.018035889,2.715805,-0.05332285543651651,363,361,0.9944903581267218,1.0
1536,-56.94574,3099.6814,-132.7178685547809,-0.095581055,2.693344,-0.025658289807606136,359,359,1.0,1.0
1537,-56.921997,3102.3318,-132.75665483041584,0.023742676,2.650406,-0.03878627563494276,360,358,0.9944444444444445,1.0
1538,-56.90518,3105.0593,-132.78294995796378,0.016815186,2.7276459,-0.026295127547952442,346,346,1.0,1.0
1539,-56.960938,3107.771,-132.8049001957589,-0.055755615,2.7117615,-0.02195023779513292,346,344,0.9942196531791907,1.0
1540,-56.893097,3110.4746,-132.8346222050548,0.067840576,2.70372,-0.029722009295896593,346,342,0.9884393063583815,1.0
1541,-56.955536,3113.158,-132.88843677302606,-0.062438965,2.6834412,-0.053814567971238146,354,354,1.0,1.0
1542,-56.915833,3115.9473,-132.90132681499637,0.03970337,2.7891846,-0.012890041970303273,359,358,0.9972144846796658,1.0
1543,-56.90045,3118.5156,-132.9748874208642,0.015380859,2.5682678,-0.07356060586783261,353,350,0.9915014164305949,1.0
1544,-56.932495,3121.2744,-132.98502448187895,-0.032043457,2.7587128,-0.010137061014749158,362,360,0.994475138121547,1.0
1545,-56.909607,3123.8997,-133.02896013160313,0.022888184,2.6253052,-0.043935649724166075,355,351,0.9887323943661972,1.0
1546,-57.00244,3126.6814,-133.03944208251303,-0.09283447,2.7817993,-0.010481950909903233,351,348,0.9914529914529915,1.0
1547,-56.990723,3129.3572,-133.0983949596192,0.01171875,2.6758423,-0.05895287710616558,339,337,0.9941002949852508,1.0
1548,-56.972565,3132.0286,-133.1006039455633,0.018157959,2.6713562,-0.0022089859440989628,337,337,1.0,1.0
1549,-56.946136,3134.687,-133.11408498182067,0.026428223,2.6583557,-0.013481036257349028,335,334,0.9970149253731343,1.0
1550,-56.978027,3137.4565,-133.16624537623474,-0.03189087,2.7694397,-0.05216039441406447,343,341,0.9941690962099126,1.0
1551,-56.99826,3140.1367,-133.17860899748337,-0.020233154,2.6800995,-0.012363621248628822,352,350,0.9943181818181818,1.0
1552,-57.01654,3142.836,-133.21283964731333,-0.01828003,2.6990967,-0.03423064982996239,336,334,0.9940476190476191,1.0
1553,-57.055603,3145.5347,-133.24183023719374,-0.0390625,2.6988068,-0.028990589880401877,336,335,0.9970238095238095,1.0
1554,-56.99301,3148.2378,-133.23467400796727,0.06259155,2.703247,0.0071562292264624955,328,326,0.9939024390243902,1.0
1555,-57.003967,3150.88,-133.26898456976508,-0.010955811,2.6421509,-0.03431056179779787,325,324,0.9969230769230769,1.0
1556,-57.0325,3153.5825,-133.30106825856024,-0.028533936,2.7025452,-0.03208368879514301,320,319,0.996875,1.0
1557,-57.010773,3156.222,-133.3329013039975,0.021728516,2.6393585,-0.03183304543725821,307,305,0.993485342019544,1.0
1558,-56.917297,3158.892,-133.33747019520726,0.09347534,2.670227,-0.004568891209781801,309,309,1.0,1.0
1559,-56.96585,3161.6248,-133.35657038883787,-0.048553467,2.732727,-0.019100193630610243,307,307,1.0,1.0
1560,-56.802643,3164.2114,-133.37560374781623,0.16320801,2.586563,-0.019033358978376123,291,289,0.993127147766323,1.0
1561,-56.830536,3166.9736,-133.34756288187697,-0.027893066,2.7621002,0.02804086593926156,297,295,0.9932659932659933,1.0
1562,-56.706177,3169.6836,-133.34885206745642,0.12435913,2.7100067,-0.0012891855794551813,296,295,0.9966216216216216,1.0
1563,-56.78058,3172.3196,-133.35831644683682,-0.074401855,2.6360168,-0.00946437938041503,299,298,0.9966555183946488,1.0
1564,-56.81314,3174.9326,-133.4148017070373,-0.032562256,2.6130524,-0.05648526020047081,298,297,0.9966442953020134,1.0
1565,-56.68158,3177.5786,-133.37463697272187,0.13156128,2.6460724,0.04016473431541707,293,290,0.9897610921501706,1.0
1566,-56.642273,3180.1638,-133.39279479444627,0.03930664,2.5850983,-0.018157821724398455,296,294,0.9932432432432432,1.0
1567,-56.640594,3182.8706,-133.3983849157973,0.0016784668,2.7068176,-0.005590121351017853,294,292,0.9931972789115646,1.0
1568,-56.64691,3185.4043,-133.42304216756315,-0.0063171387,2.5337524,-0.02465725176585568,307,307,1.0,1.0
1569,-56.538727,3188.1655,-133.41613042351088,0.108184814,2.761322,0.0069117440522708014,300,300,1.0,1.0
1570,-56.495453,3190.7683,-133.4405529184733,0.043273926,2.602829,-0.024422494962419872,292,292,1.0,1.0
1571,-56.435333,3193.4707,-133.4341429625419,0.06011963,2.7023315,0.00640995593137734,309,307,0.9935275080906149,1.0
1572,-56.436462,3196.1724,-133.43601250121756,-0.0011291504,2.701767,-0.0018695386756745857,303,302,0.9966996699669967,1.0
1573,-56.311707,3198.87,-133.41926567407472,0.12475586,2.6978302,0.01674682714284051,308,308,1.0,1.0
1574,-56.432556,3201.4941,-133.52778834755048,-0.12084961,2.6240082,-0.10852267347577119,297,295,0.9932659932659933,1.0
1575,-56.352783,3203.896,-133.53981711842113,0.07977295,2.4018555,-0.012028770870652256,293,292,0.9965870307167235,1.0
1576,-56.342194,3206.2551,-133.52647806949,0.0105896,2.3591309,0.013339048931137548,305,303,0.9934426229508196,1.0
1577,-56.253967,3208.4155,-133.51864503859602,0.08822632,2.1603088,0.007833030893976913,297,297,1.0,1.0
1578,-56.277863,3210.5454,-133.52944089519758,-0.023895264,2.129776,-0.010795856601556086,292,292,1.0,1.0
1579,-56.295654,3212.6667,-133.53088475778176,-0.017791748,2.1212616,-0.001443862584187308,296,295,0.9966216216216216,1.0
1580,-56.23123,3214.5596,-133.50612620408043,0.06442261,1.892868,0.024758553701331718,308,307,0.9967532467532467,1.0
1581,-56.25296,3216.3445,-133.51520847178557,-0.021728516,1.7849884,-0.009082267705129009,305,305,1.0,1.0
1582,-56.19171,3218.118,-133.47903936596046,0.06124878,1.7734985,0.036169105825100065,287,286,0.9965156794425087,1.0
1583,-56.086823,3219.8643,-133.44749868311138,0.104888916,1.7463684,0.03154068284908631,275,274,0.9963636363636363,1.0
1584,-56.275208,3221.3962,-133.47582988179727,-0.18838501,1.5319824,-0.028331198685887092,292,291,0.9965753424657534,1.0
1585,-56.2695,3223.126,-133.46369138713555,0.005706787,1.7297668,0.01213849466170226,293,293,1.0,1.0
1586,-56.31247,3224.656,-133.4691170262182,-0.04296875,1.5299225,-0.005425639082653032,298,296,0.9932885906040269,1.0
1587,-56.40033,3226.1865,-133.51880686170853,-0.08786011,1.5305481,-0.04968983549031389,300,298,0.9933333333333333,1.0
1588,-56.441467,3227.728,-133.47704528696468,-0.041137695,1.5414886,0.04176157474384223,297,295,0.9932659932659933,1.0
1589,-56.341736,3229.1777,-133.51794898075573,0.099731445,1.4497681,-0.040903693791047684,302,302,1.0,1.0
1590,-56.379425,3230.6245,-133.52939185178968,-0.03768921,1.4467316,-0.011442871033963036,304,303,0.9967105263157895,1.0
1591,-56.34317,3232.1567,-133.52433492458147,0.036254883,1.5322571,0.005056927208219743,301,300,0.9966777408637874,1.0
1592,-56.267334,3233.687,-133.51200563583757,0.07583618,1.5301819,0.012329288743887827,300,299,0.9966666666666667,1.0
1593,-56.249207,3235.0728,-133.55549695524982,0.018127441,1.3857422,-0.043491319412242914,300,299,0.9966666666666667,1.0
1594,-56.242218,3236.5403,-133.57407683519818,0.0069885254,1.4675293,-0.018579879948358472,290,288,0.993103448275862,1.0
1595,-56.278015,3238.069,-133.55953658603588,-0.03579712,1.5288239,0.0145402491623218,282,282,1.0,1.0
1596,-56.308258,3239.4268,-133.5648502589979,-0.03024292,1.3575592,-0.00531367296201655,291,290,0.9965635738831615,1.0
1597,-56.33557,3240.8562,-133.52495453751948,-0.027313232,1.4294128,0.03989572147840811,302,298,0.9867549668874173,1.0
1598,-56.300476,3242.1125,-133.56110602492834,0.035095215,1.2562408,-0.03615148740886144,281,281,1.0,1.0
1599,-56.338654,3243.416,-133.5418045490036,-0.03817749,1.3034058,0.019301475924753522,278,278,1.0,1.0
1600,-56.355377,3244.489,-133.59761429649305,-0.016723633,1.072937,-0.05580974748945033,291,291,1.0,1.0
1601,-56.37921,3245.4255,-133.59599143918072,-0.023834229,0.93663025,0.0016228573123198316,306,305,0.9967320261437909,1.0
1602,-56.31418,3246.3186,-133.57115425884015,0.06503296,0.8930969,0.024837180340568626,284,282,0.9929577464788732,1.0
1603,-56.35623,3247.027,-133.58453434107253,-0.042053223,0.7084198,-0.013380082232366145,278,278,1.0,1.0
1604,-56.382294,3247.7244,-133.59784430659485,-0.026062012,0.69737244,-0.013309965522330007,284,284,1.0,1.0
1605,-56.446045,3248.2615,-133.57909364934048,-0.06375122,0.53704834,0.01875065725438422,272,272,1.0,1.0
1606,-56.37851,3248.6975,-133.53602680086172,0.0675354,0.43597412,0.04306684847875409,279,279,1.0,1.0
1607,-56.371826,3248.9973,-133.54225457024972,0.0066833496,0.29989624,-0.006227769388016394,290,288,0.993103448275862,1.0
1608,-56.336823,3249.3743,-133.48647774302694,0.035003662,0.37702942,0.055776827222793535,292,291,0.9965753424657534,1.0
1609,-56.34619,3249.5488,-133.5049450733235,-0.0093688965,0.174469,-0.01846733029656514,306,306,1.0,1.0
1610,-56.362823,3249.6091,-133.47684850081555,-0.01663208,0.060302734,0.02809657250796191,324,323,0.9969135802469136,1.0
1611,-56.364014,3249.6472,-133.43911194973458,-0.0011901855,0.03807068,0.037736551080979466,318,318,1.0,1.0
1612,-56.456512,3249.5256,-133.43872025293555,-0.09249878,-0.12162781,0.0003916967990386173,310,310,1.0,1.0
1613,-56.470642,3249.4207,-133.40777530787838,-0.014129639,-0.105026245,0.030944945057169285,304,304,1.0,1.0
1614,-56.525085,3249.2715,-133.40001535736238,-0.05444336,-0.14926147,0.0077599505159908645,317,317,1.0,1.0
1615,-56.591705,3249.1694,-133.39471565827546,-0.06661987,-0.10205078,0.005299699086920093,328,328,1.0,1.0
1616,-56.71103,3248.9675,-133.37918893112766,-0.11932373,-0.20191956,0.01552672714781359,308,308,1.0,1.0
1617,-56.85562,3248.8044,-133.10518844875702,-0.14459229,-0.16317749,0.2740004823706334,276,273,0.9891304347826086,1.0
1618,-56.889526,3248.6963,-132.56391690191393,-0.03390503,-0.10824585,0.5412715468430859,267,266,0.9962546816479401,1.0
1619,-56.926697,3248.7139,-132.1675006905975,-0.03717041,0.017471313,0.3964162113164067,255,255,1.0,1.0
1620,-56.891144,3248.655,-131.86792731326662,0.03555298,-0.058746338,0.29957337733088174,264,263,0.9962121212121212,1.0
1621,-56.920166,3248.7397,-131.7337466100197,-0.029022217,0.084625244,0.1341807032469375,270,269,0.9962962962962963,1.0
1622,-56.843018,3248.9673,-131.5427303233191,0.07714844,0.22755432,0.19101628670059229,270,265,0.9814814814814815,1.0
1623,-56.77545,3249.149,-131.4033345365947,0.06756592,0.18171692,0.13939578672438924,284,282,0.9929577464788732,1.0
1624,-56.74292,3249.443,-131.25748284134357,0.03253174,0.29412842,0.14585169525112732,286,283,0.9895104895104895,1.0
1625,-56.69568,3249.72,-131.1939857814467,0.04724121,0.27682495,0.06349705989685364,302,302,1.0,1.0
1626,-56.639313,3250.11,-131.14160785440305,0.056365967,0.39016724,0.05237792704366787,291,290,0.9965635738831615,1.0
1627,-56.551453,3250.59,-131.08731752690338,0.08786011,0.47988892,0.05429032749968549,279,279,1.0,1.0
1628,-56.5206,3251.007,-131.04660064631045,0.030853271,0.41697693,0.04071688059291953,269,267,0.9925650557620818,1.0
1629,-56.46646,3251.6416,-131.0196578329132,0.054138184,0.6345062,0.02694281339726049,283,283,1.0,1.0
1630,-56.425903,3252.1687,-130.97632785942247,0.04055786,0.5270996,0.04332997349073851,282,282,1.0,1.0
1631,-56.46042,3253.0703,-130.95713988400152,-0.03451538,0.9017029,0.019187975420957546,285,284,0.9964912280701754,1.0
1632,-56.472717,3253.8813,-130.94038153409724,-0.012298584,0.8109741,0.016758349904284417,289,288,0.9965397923875432,1.0
1633,-56.378815,3254.7869,-130.893206907057,0.09390259,0.9055786,0.04717462704025067,293,293,1.0,1.0
1634,-56.448395,3255.8633,-130.92590259977965,-0.06958008,1.0764465,-0.03269569272265583,289,289,1.0,1.0
1635,-56.319153,3257.2034,-130.87665704310837,0.12924194,1.3400269,0.04924555667128893,280,278,0.9928571428571429,1.0
1636,-56.319794,3258.6582,-130.8754784580687,-0.00064086914,1.4547272,0.0011785850396644382,289,289,1.0,1.0
1637,-56.294556,3260.2673,-130.86395769582217,0.025238037,1.6091614,0.011520762246531435,285,281,0.9859649122807017,1.0
1638,-56.207245,3262.035,-130.88241392566434,0.08731079,1.7675323,-0.018456229842162806,281,281,1.0,1.0
1639,-56.280426,3263.9172,-130.9173239516657,-0.07318115,1.8822784,-0.03491002600135893,288,288,1.0,1.0
1640,-56.209778,3265.929,-130.92901119925378,0.07064819,2.011795,-0.011687247588078842,272,272,1.0,1.0
1641,-56.168304,3268.262,-130.92162127633006,0.04147339,2.3329926,0.007389922923714767,282,281,0.9964539007092199,1.0
1642,-56.241943,3270.7935,-130.94056922522037,-0.073638916,2.5314941,-0.018947948890304815,281,281,1.0,1.0
1643,-56.16696,3273.4092,-130.94593958099284,0.07498169,2.6156769,-0.0053703557724819,263,262,0.9961977186311787,1.0
1644,-56.146973,3276.0376,-131.0045209606999,0.019989014,2.628418,-0.05858137970705733,264,263,0.9962121212121212,1.0
1645,-56.195465,3278.9875,-131.04282975131648,-0.04849243,2.949936,-0.03830879061656883,272,272,1.0,1.0
1646,-56.12137,3281.9307,-131.0685219659501,0.07409668,2.9432373,-0.02569221463364452,281,281,1.0,1.0
1647,-56.194733,3284.924,-131.06874924848955,-0.07336426,2.9933014,-0.00022728253943986296,267,267,1.0,1.0
1648,-56.232574,3287.9617,-131.06927424817266,-0.037841797,3.037506,-0.0005249996831054092,267,265,0.9925093632958801,1.0
1649,-56.299866,3290.949,-131.07853676998909,-0.06729126,2.987259,-0.00926252181642711,265,264,0.9962264150943396,1.0
1650,-56.23297,3293.744,-131.04697625958778,0.06689453,2.794983,0.03156051040130139,256,256,1.0,1.0
1651,-56.227997,3296.633,-131.02714681062594,0.0049743652,2.8891296,0.019829448961845027,275,274,0.9963636363636363,1.0
1652,-56.304535,3299.586,-131.02228815664074,-0.076538086,2.9528656,0.004858653985182093,251,251,1.0,1.0
1653,-56.25357,3302.419,-131.01807006234893,0.050964355,2.8329468,0.004218094291824403,245,243,0.9918367346938776,1.0
1654,-56.350677,3305.2197,-131.050065859918,-0.09710693,2.8008423,-0.03199579756906426,236,236,1.0,1.0
1655,-56.260162,3308.1,-131.0083437299634,0.09051514,2.8803253,0.041722129954587746,234,234,1.0,1.0
1656,-56.288116,3310.9236,-131.00819281880194,-0.027954102,2.823532,0.00015091116146036582,227,226,0.9955947136563876,1.0
1657,-56.46295,3313.6646,-131.02993903741356,-0.1748352,2.741043,-0.02174621861159843,228,226,0.9912280701754386,1.0
1658,-56.263733,3316.3733,-130.98365911820363,0.19921875,2.7086945,0.04627991920992287,225,224,0.9955555555555555,1.0
1659,-56.307556,3319.0767,-130.99137133364633,-0.043823242,2.7032623,-0.007712215442686965,223,223,1.0,1.0
1660,-56.272247,3321.5845,-130.9381659372833,0.035308838,2.5078888,0.0532053963630544,227,226,0.9955947136563876,1.0
1661,-56.36502,3324.1287,-131.00084024626722,-0.09277344,2.5442352,-0.06267430898392289,224,222,0.9910714285714286,1.0
1662,-56.166443,3326.663,-130.89573265922138,0.19857788,2.534546,0.10510758704584927,221,220,0.995475113122172,1.0
1663,-56.17276,3329.2747,-130.88922130580957,-0.0063171387,2.6115417,0.006511353411811823,208,207,0.9951923076923077,1.0
1664,-56.103943,3331.8398,-130.8393964671504,0.06881714,2.565277,0.04982483865914923,223,221,0.9910313901345291,1.0
1665,-56.226166,3334.4243,-130.8672750958251,-0.1222229,2.5845337,-0.027878628674695108,237,237,1.0,1.0
1666,-56.22415,3336.906,-130.8532174324215,0.0020141602,2.481598,0.014057663403600887,241,238,0.9875518672199171,1.0
1667,-56.23755,3339.6033,-130.8165352297193,-0.013397217,2.6973267,0.03668220270220788,236,232,0.9830508474576272,1.0
1668,-56.08133,3342.136,-130.75257486509923,0.15621948,2.53273,0.06396036462005879,229,229,1.0,1.0
1669,-56.1575,3344.7124,-130.76898528262856,-0.076171875,2.576477,-0.016410417529324338,223,223,1.0,1.0
1670,-56.343445,3347.2947,-130.78089721084112,-0.1859436,2.5822906,-0.011911928212549773,220,220,1.0,1.0
1671,-56.365387,3349.9333,-130.80187475290086,-0.021942139,2.6387787,-0.0209775420597431,217,217,1.0,1.0
1672,-56.430267,3352.4243,-130.84516734499928,-0.06488037,2.4909515,-0.04329259209841185,220,217,0.9863636363636363,1.0
1673,-56.318176,3355.0413,-130.8317329729311,0.112091064,2.6170197,0.01343437206820164,226,225,0.995575221238938,1.0
1674,-56.506744,3357.5525,-130.84611974895626,-0.18856812,2.5111847,-0.01438677602515746,224,224,1.0,1.0
1675,-56.408875,3360.093,-130.85062637644455,0.09786987,2.5404663,-0.004506627488292114,216,214,0.9907407407407407,1.0
1676,-56.498993,3362.6213,-130.84012018050922,-0.09011841,2.528305,0.010506195935330143,215,214,0.9953488372093023,1.0
1677,-56.503235,3365.0833,-130.8742763838187,-0.0042419434,2.461853,-0.03415620330950638,212,211,0.9952830188679245,1.0
1678,-56.507446,3367.6694,-130.89024267552927,-0.004211426,2.5862122,-0.01596629171054192,217,214,0.9861751152073732,1.0
1679,-56.588104,3370.2488,-130.90522487846332,-0.08065796,2.5793457,-0.014982202934052653,217,213,0.9815668202764977,1.0
1680,-56.6445,3372.8787,-130.91529238968945,-0.056396484,2.629959,-0.010067511226153547,218,217,0.9954128440366973,1.0
1681,-56.599243,3375.4395,-130.91284819859095,0.04525757,2.5608673,0.0024441910985154923,217,214,0.9861751152073732,1.0
1682,-56.688812,3378.0232,-130.873779722397,-0.08956909,2.5837555,0.0390684761939654,217,212,0.9769585253456221,1.0
1683,-56.678436,3380.601,-130.9026917303454,0.010375977,2.5778809,-0.028912007948412123,204,200,0.9803921568627451,1.0
1684,-56.693115,3383.1992,-130.91885735678574,-0.014678955,2.5981293,-0.01616562644032755,196,195,0.9948979591836735,1.0
1685,-56.715576,3385.7375,-130.91232129811348,-0.022460938,2.5383148,0.006536058672256533,204,203,0.9950980392156863,1.0
1686,-56.79129,3388.3337,-130.91153195367235,-0.07571411,2.5961304,0.0007893444411273771,207,205,0.9903381642512077,1.0
1687,-56.7731,3390.9277,-130.90242120844863,0.018188477,2.5939941,0.009110745223712961,209,208,0.9952153110047847,1.0
1688,-56.72989,3393.529,-130.9242988507163,0.04321289,2.6013336,-0.021877642267670527,203,202,0.9950738916256158,1.0
1689,-56.719604,3396.1309,-130.91700825885962,0.010284424,2.6017456,0.007290591856672516,202,199,0.9851485148514851,1.0
1690,-56.817505,3398.7583,-130.97370133782437,-0.09790039,2.627411,-0.056693078964727986,204,202,0.9901960784313726,1.0
1691,-56.76465,3401.1907,-130.97595747645266,0.052856445,2.4322968,-0.0022561386283048465,204,203,0.9950980392156863,1.0
1692,-56.7641,3403.6992,-130.98802281177066,0.0005493164,2.508545,-0.012065335318001762,217,216,0.9953917050691244,1.0
1693,-56.695374,3406.138,-131.02687204587914,0.068725586,2.438797,-0.03884923410847026,214,214,1.0,1.0
1694,-56.75125,3408.8242,-131.0089880691069,-0.055877686,2.686264,0.017883976772255148,225,225,1.0,1.0
1695,-56.872925,3411.2876,-131.06319424164647,-0.121673584,2.4632874,-0.05420617253958479,218,218,1.0,1.0
1696,-56.81894,3413.88,-131.06752109220014,0.053985596,2.5922852,-0.004326850553653707,219,218,0.9954337899543378,1.0
1697,-56.815002,3416.4304,-131.08949717375623,0.0039367676,2.5506134,-0.02197608155610013,231,231,1.0,1.0
1698,-56.82837,3419.0188,-131.0961585825319,-0.013366699,2.5883484,-0.006661408775679185,225,225,1.0,1.0
1699,-56.851196,3421.4465,-131.12010244157034,-0.022827148,2.4277344,-0.023943859038447146,219,217,0.9908675799086758,1.0
1700,-56.79947,3424.119,-131.11763027944642,0.051727295,2.6723175,0.002472162123934235,238,237,0.9957983193277311,1.0
1701,-56.851715,3426.5725,-131.13081642713038,-0.052246094,2.4535828,-0.013186147683953523,243,243,1.0,1.0
1702,-56.920685,3429.1616,-131.1443488820622,-0.06896973,2.589035,-0.013532454931817746,242,242,1.0,1.0
1703,-56.86798,3431.6963,-131.1505811303057,0.052703857,2.534546,-0.006232248243524287,243,243,1.0,1.0
1704,-56.87494,3434.2585,-131.18025351997863,-0.006958008,2.562271,-0.029672389672932745,251,250,0.9960159362549801,1.0
1705,-56.911957,3436.7656,-131.1995615775219,-0.037017822,2.507019,-0.019308057543281305,258,256,0.9922480620155039,1.0
1706,-56.85446,3439.3535,-131.22885140407448,0.057495117,2.5878754,-0.029289826552558112,259,257,0.9922779922779923,1.0
1707,-56.856995,3441.8936,-131.238355442957,-0.002532959,2.539917,-0.009504038882502744,255,255,1.0,1.0
1708,-56.91873,3444.4841,-131.248900449639,-0.06173706,2.5904694,-0.010545006681996413,259,258,0.9961389961389961,1.0
1709,-56.92563,3447.0413,-131.26769237707396,-0.0068969727,2.5571594,-0.018791927434965897,255,254,0.996078431372549,1.0
1710,-57.017822,3449.6182,-131.29275027105137,-0.0921936,2.5767975,-0.02505789397743166,265,264,0.9962264150943396,1.0
1711,-56.980286,3452.2134,-131.2945558050461,0.03753662,2.5951538,-0.0018055339947164921,261,260,0.9961685823754789,1.0
1712,-57.020874,3454.845,-131.33056618909123,-0.04058838,2.631485,-0.03601038404513341,255,254,0.996078431372549,1.0
1713,-56.96985,3457.453,-131.3390173848765,0.05102539,2.6080017,-0.008451195785289054,266,265,0.9962406015037594,1.0
1714,-56.958923,3459.9963,-131.3416013447492,0.010925293,2.5433807,-0.002583959872673155,276,271,0.9818840579710145,1.0
1715,-56.94632,3462.7068,-131.33353825250268,0.01260376,2.7104492,0.008063092246529065,263,262,0.9961977186311787,1.0
1716,-56.95862,3465.2144,-131.31716835285422,-0.012298584,2.50766,0.016369899648444618,265,264,0.9962264150943396,1.0
1717,-56.871002,3468.023,-131.33404377755664,0.08761597,2.8084717,-0.016875424702416885,270,268,0.9925925925925926,1.0
1718,-56.898224,3470.6943,-131.33853388854104,-0.02722168,2.6714478,-0.004490110984402343,264,262,0.9924242424242424,1.0
1719,-56.865936,3473.19,-131.3301131069939,0.032287598,2.4955444,0.008420781547143824,263,261,0.9923954372623575,1.0
1720,-56.84604,3475.6619,-131.31020327147135,0.019897461,2.4719086,0.019909835522561387,274,273,0.9963503649635036,1.0
1721,-56.915894,3478.0244,-131.3057360773457,-0.06985474,2.3625183,0.004467194125656824,298,297,0.9966442953020134,1.0
1722,-56.887604,3480.335,-131.28566845808803,0.028289795,2.3105316,0.020067619257676927,312,310,0.9935897435897436,1.0
1723,-56.8584,3482.569,-131.25969127628625,0.029205322,2.234192,0.02597718180178676,316,316,1.0,1.0
1724,-56.821747,3484.7117,-131.24800928987443,0.03665161,2.1424866,0.011681986411811705,320,319,0.996875,1.0
1725,-56.783844,3486.7822,-131.2337219265613,0.037902832,2.0705414,0.014287363313145155,311,309,0.9935691318327974,1.0
1726,-56.840668,3488.8135,-131.19075596911708,-0.05682373,2.0311432,0.04296595744421159,321,320,0.9968847352024922,1.0
1727,-56.861725,3490.7761,-131.16397924595142,-0.021057129,1.9626312,0.026776723165640056,305,302,0.9901639344262295,1.0
1728,-56.847687,3492.6802,-131.13638961611503,0.014038086,1.9040985,0.02758962983640625,318,317,0.9968553459119497,1.0
1729,-56.874176,3494.5317,-131.10044495431305,-0.026489258,1.851593,0.035944661801971776,305,305,1.0,1.0
1730,-56.899628,3496.3022,-131.08759971338316,-0.02545166,1.7704926,0.0128452409298843,319,319,1.0,1.0
1731,-56.7601,3498.0725,-131.04884484743414,0.13952637,1.7702026,0.03875486594900724,325,323,0.9938461538461538,1.0
1732,-56.77191,3499.7559,-131.02596055134538,-0.011810303,1.6832886,0.022884296088759824,324,323,0.9969135802469136,1.0
1733,-56.79126,3501.352,-131.03083277025644,-0.019348145,1.5962524,-0.004872218911062908,332,332,1.0,1.0
1734,-56.73523,3502.9524,-131.02862217130462,0.056030273,1.6003723,0.0022105989518314056,333,329,0.987987987987988,1.0
1735,-56.941315,3504.5806,-131.05188223565315,-0.2060852,1.6281891,-0.023260064348538115,355,354,0.9971830985915493,1.0
1736,-56.960266,3506.1387,-131.04297221188662,-0.018951416,1.5580139,0.008910023766522673,362,359,0.9917127071823204,1.0
1737,-56.944366,3507.6897,-131.04406876588385,0.015899658,1.5511322,-0.001096553997228848,362,360,0.994475138121547,1.0
1738,-57.069977,3509.3125,-131.03666495244926,-0.12561035,1.6229095,0.007403813434590146,366,365,0.9972677595628415,1.0
1739,-57.08142,3510.8657,-131.04232171304736,-0.011444092,1.5531158,-0.005656760598087044,376,376,1.0,1.0
1740,-57.2619,3512.5059,-131.0204569434264,-0.18048096,1.6402588,0.021864769620955668,381,379,0.994750656167979,1.0
1741,-57.280884,3514.0073,-131.01364002898327,-0.018981934,1.5013885,0.006816914443143063,376,374,0.9946808510638298,1.0
1742,-57.291748,3515.4878,-130.98543093497275,-0.010864258,1.4803619,0.028209094010512678,389,388,0.9974293059125964,1.0
1743,-57.30945,3517.0278,-131.01744536005518,-0.017700195,1.5400238,-0.03201442508242776,395,394,0.9974683544303797,1.0
1744,-57.318542,3518.4065,-130.98027385701212,-0.009094238,1.3785858,0.03717150304305203,398,396,0.9949748743718593,1.0
1745,-57.272614,3519.7507,-130.9860087655019,0.045928955,1.3441467,-0.00573490848978732,398,395,0.992462311557789,1.0
1746,-57.26239,3520.8364,-130.98221649243587,0.010223389,1.0855713,0.0037922730660468217,406,405,0.9975369458128078,1.0
1747,-57.27231,3521.9019,-130.9633776844171,-0.009918213,1.0653534,0.01883880801874537,419,419,1.0,1.0
1748,-57.245087,3522.7864,-130.9599191889541,0.02722168,0.8844452,0.0034584954630072335,415,415,1.0,1.0
1749,-57.161346,3523.537,-130.93157899210135,0.083740234,0.7508545,0.02834019685275556,384,383,0.9973958333333334,1.0
1750,-57.22931,3524.2185,-130.9216562706933,-0.06796265,0.68141174,0.009922721408069034,379,376,0.9920844327176781,1.0
1751,-57.23999,3524.8662,-130.91873921139796,-0.010681152,0.6477814,0.00291705929533645,413,412,0.9975786924939467,1.0
1752,-57.193634,3525.3284,-130.82521735933767,0.0463562,0.462265,0.09352185206029527,408,407,0.9975490196078431,1.0
1753,-57.13504,3525.885,-130.7856144440001,0.05859375,0.5567169,0.039602915337572674,388,385,0.9922680412371134,1.0
1754,-57.05066,3526.3345,-130.73369147798928,0.0843811,0.44944763,0.05192296601080661,389,387,0.9948586118251928,1.0
1755,-57.05307,3526.56,-130.73444722552983,-0.0024108887,0.22569275,-0.0007557475405392129,417,415,0.9952038369304557,1.0
1756,-57.032898,3526.6277,-130.7133888705709,0.02017212,0.067611694,0.021058354958925277,441,439,0.9954648526077098,1.0
1757,-57.123108,3526.715,-130.69609748361106,-0.09020996,0.08729553,0.01729138695983981,429,429,1.0,1.0
1758,-57.16742,3526.6467,-130.66710723950337,-0.044311523,-0.06838989,0.02899024410768297,424,424,1.0,1.0
1759,-57.252533,3526.486,-130.62875812384098,-0.085113525,-0.16053772,0.03834911566237435,420,419,0.9976190476190476,1.0
1760,-57.441498,3526.3093,-130.60431613412936,-0.18896484,-0.17666626,0.024441989711605876,429,427,0.9953379953379954,1.0
1761,-57.54718,3526.1248,-130.55603814230162,-0.10568237,-0.18467712,0.04827799182773634,432,431,0.9976851851851852,1.0
1762,-57.65338,3525.981,-130.53611698580394,-0.10620117,-0.14375305,0.01992115649767307,424,422,0.9952830188679245,1.0
1763,-57.893646,3525.6948,-130.33803857425502,-0.2402649,-0.28601074,0.198078411548907,405,405,1.0,1.0
1764,-58.10486,3525.4414,-129.4597627235878,-0.21121216,-0.25335693,0.8782758506672126,374,373,0.9973262032085561,1.0
1765,-58.06006,3525.3142,-128.58008402074302,0.044799805,-0.127182,0.8796787028447765,362,361,0.9972375690607734,1.0
1766,-58.04059,3525.346,-128.0779545285718,0.019470215,0.03173828,0.5021294921711953,367,366,0.997275204359673,1.0
1767,-58.10733,3525.392,-127.7523241131545,-0.06674194,0.046157837,0.32563041541730714,374,374,1.0,1.0
1768,-58.00641,3525.5022,-127.51709565197555,0.10092163,0.11003113,0.23522846117894386,367,366,0.997275204359673,1.0
1769,-57.987976,3525.739,-127.30287163644019,0.018432617,0.23690796,0.21422401553536377,362,359,0.9917127071823204,1.0
1770,-58.045197,3526.01,-127.14341510296731,-0.05722046,0.27098083,0.15945653347287492,368,365,0.9918478260869565,1.0
1771,-57.943237,3526.306,-126.9779257166062,0.10195923,0.29585266,0.16548938636111232,386,383,0.9922279792746114,1.0
1772,-57.840942,3526.6472,-126.88247348896748,0.10229492,0.34121704,0.09545222763871992,387,387,1.0,1.0
1773,-57.800354,3527.0305,-126.81191099363909,0.04058838,0.38336182,0.07056249532839229,390,389,0.9974358974358974,1.0
1774,-57.78003,3527.5159,-126.76462053286085,0.020324707,0.48544312,0.0472904607782466,396,393,0.9924242424242424,1.0
1775,-57.600555,3527.9993,-126.69893405706748,0.17947388,0.48339844,0.06568647579336799,378,376,0.9947089947089947,1.0
1776,-57.60782,3528.6816,-126.64824984413212,-0.0072631836,0.6824951,0.050684212935348145,381,380,0.9973753280839895,1.0
1777,-57.575104,3529.428,-126.57906472275238,0.032714844,0.74624634,0.06918512137975003,393,392,0.9974554707379135,1.0
1778,-57.476562,3530.209,-126.54077746644157,0.09854126,0.7810364,0.03828725631080642,372,370,0.9946236559139785,1.0
1779,-57.48825,3531.128,-126.51143451921587,-0.011688232,0.91903687,0.02934294722569925,383,380,0.9921671018276762,1.0
1780,-57.378235,3532.1504,-126.45480655740943,0.11001587,1.0224304,0.05662796180643876,400,398,0.995,1.0
1781,-57.302643,3533.4336,-126.40611683187647,0.07559204,1.2831573,0.04868972553295443,398,396,0.9949748743718593,1.0
1782,-57.241882,3534.812,-126.36442954786204,0.060760498,1.3784637,0.04168728401442258,380,377,0.9921052631578947,1.0
1783,-57.234283,3536.3555,-126.31194272452974,0.007598877,1.543396,0.05248682333229938,381,380,0.9973753280839895,1.0
1784,-57.108124,3538.05,-126.29150548520133,0.12615967,1.6946411,0.02043723932841214,392,388,0.9897959183673469,1.0
1785,-57.118683,3540.004,-126.27935682613,-0.010559082,1.9539795,0.012148659071332401,403,400,0.9925558312655087,1.0
1786,-57.104584,3542.1555,-126.2444239339798,0.014099121,2.1515503,0.03493289215020046,397,396,0.9974811083123426,1.0
1787,-57.207184,3544.405,-126.2294500331831,-0.1026001,2.2494812,0.014973900796710998,403,401,0.9950372208436724,1.0
1788,-57.190002,3546.8538,-126.21082283528447,0.017181396,2.4487305,0.01862719789862526,409,408,0.9975550122249389,1.0
1789,-57.25815,3549.5474,-126.18819462463145,-0.06814575,2.6936646,0.022628210653018933,403,401,0.9950372208436724,1.0
1790,-57.329773,3552.466,-126.18246211630589,-0.071624756,2.918686,0.005732508325565596,403,402,0.9975186104218362,1.0
1791,-57.337067,3555.3699,-126.17067206796804,-0.007293701,2.9038086,0.011790048337843152,417,416,0.9976019184652278,1.0
1792,-57.273804,3558.4688,-126.13621411793706,0.06326294,3.0988312,0.03445795003099002,434,433,0.9976958525345622,1.0
1793,-57.441284,3561.5059,-126.10274387702184,-0.16748047,3.037033,0.03347024091522428,426,426,1.0,1.0
1794,-57.349884,3564.617,-126.08384670138638,0.09140015,3.1111145,0.018897175635463233,448,448,1.0,1.0
1795,-57.470795,3567.693,-126.06704038225428,-0.120910645,3.076233,0.016806319132100126,459,458,0.9978213507625272,1.0
1796,-57.48999,3570.7942,-126.01822965148558,-0.019195557,3.101059,0.04881073076869201,469,469,1.0,1.0
1797,-57.524902,3573.8657,-125.98069027464946,-0.03491211,3.0715637,0.03753937683612498,482,481,0.9979253112033195,1.0
1798,-57.545868,3576.9827,-125.98217870528015,-0.020965576,3.116928,-0.0014884306306832764,480,480,1.0,1.0
1799,-57.589417,3580.0845,-125.94229916791441,-0.043548584,3.101822,0.03987953736574096,485,484,0.9979381443298969,1.0
1800,-57.584045,3583.0374,-125.9109659375333,0.0053710938,2.952774,0.03133323038110452,518,517,0.9980694980694981,1.0
1801,-57.633728,3586.091,-125.87869088041477,-0.049682617,3.0536346,0.03227505711854435,525,524,0.9980952380952381,1.0
1802,-57.70984,3589.0698,-125.82990060144886,-0.07611084,2.9788513,0.04879027896591198,523,523,1.0,1.0
1803,-57.62491,3592.0273,-125.79113889591632,0.08493042,2.9575195,0.03876170553253368,520,518,0.9961538461538462,1.0
1804,-57.5578,3594.9092,-125.7501638740624,0.067108154,2.8819427,0.04097502185391861,514,509,0.9902723735408561,1.0
1805,-57.57422,3597.7363,-125.72293492511929,-0.016418457,2.827057,0.02722894894310625,526,525,0.9980988593155894,1.0
1806,-57.545258,3600.5303,-125.69521562699384,0.028961182,2.793991,0.027719298125442625,540,539,0.9981481481481481,1.0
1807,-57.54828,3603.343,-125.67851903105897,-0.0030212402,2.8128204,0.01669659593486927,543,542,0.998158379373849,1.0
1808,-57.554626,3606.0825,-125.66955426886277,-0.0063476562,2.7394562,0.008964762196196682,542,541,0.9981549815498155,1.0
1809,-57.56906,3608.8076,-125.65805070032756,-0.014434814,2.725006,0.011503568535201205,554,554,1.0,1.0
1810,-57.675934,3611.5757,-125.62056800115539,-0.10687256,2.7681427,0.0374826991721772,561,559,0.9964349376114082,1.0
1811,-57.56552,3614.349,-125.58178300008571,0.1104126,2.773468,0.03878500106968191,563,560,0.9946714031971581,1.0
1812,-57.657745,3617.0562,-125.56628885098054,-0.09222412,2.707016,0.015494149105171558,575,571,0.9930434782608696,1.0
1813,-57.67743,3619.8413,-125.52376040560516,-0.019683838,2.7850952,0.042528445375387795,587,587,1.0,1.0
1814,-57.695465,3622.6301,-125.5121674171913,-0.018035889,2.7888184,0.011592988413853667,597,597,1.0,1.0
1815,-57.741913,3625.3584,-125.49282078890553,-0.046447754,2.7282867,0.01934662828577798,599,598,0.998330550918197,1.0
1816,-57.753906,3628.1428,-125.47954374217535,-0.011993408,2.7844849,0.013277046730181458,608,607,0.9983552631578947,1.0
1817,-57.805756,3630.8374,-125.47323080926652,-0.051849365,2.694519,0.006312932908832337,622,620,0.9967845659163987,1.0
1818,-57.921417,3633.5325,-125.4651172241262,-0.11566162,2.6950073,0.008113585140317292,624,621,0.9951923076923077,1.0
1819,-57.9516,3636.2908,-125.45643894891673,-0.030181885,2.758255,0.008678275209478612,626,625,0.9984025559105432,1.0
1820,-58.02646,3638.944,-125.43837448765228,-0.07485962,2.6534119,0.01806446126443734,649,649,1.0,1.0
1821,-57.99182,3641.6873,-125.41840892265196,0.03463745,2.7430725,0.019965565000325366,661,660,0.9984871406959153,1.0
1822,-58.069763,3644.3257,-125.41894389715468,-0.077941895,2.6384735,-0.0005349745027134479,667,665,0.9970014992503748,1.0
1823,-58.129883,3647.1123,-125.42323481305812,-0.06011963,2.786499,-0.00429091590344406,687,687,1.0,1.0
1824,-58.11383,3649.8757,-125.39496298708775,0.016052246,2.7635345,0.02827182597036223,697,697,1.0,1.0
1825,-58.171875,3652.5166,-125.3921507477764,-0.058044434,2.6408234,0.0028122393113583746,705,705,1.0,1.0
1826,-58.235016,3655.1912,-125.39257112303933,-0.06314087,2.6746674,-0.00042037526293837226,701,699,0.9971469329529244,1.0
1827,-58.291412,3657.9636,-125.41399667924465,-0.056396484,2.7723694,-0.021425556205315513,720,717,0.9958333333333333,1.0
1828,-58.45349,3660.6973,-125.41153420007973,-0.16207886,2.7337494,0.002462479164918469,742,739,0.9959568733153639,1.0
1829,-58.472656,3663.4272,-125.41400286608423,-0.019165039,2.730072,-0.002468666004504226,733,732,0.9986357435197817,1.0
1830,-58.562897,3666.1555,-125.41539362542613,-0.09024048,2.7282104,-0.0013907593419090595,735,734,0.998639455782313,1.0
1831,-58.605225,3668.8184,-125.41890877372767,-0.04232788,2.6629639,-0.00351514830152645,736,734,0.9972826086956522,1.0
1832,-58.7016,3671.5142,-125.44672605442081,-0.09637451,2.6958313,-0.027817280693149,754,752,0.9973474801061007,1.0
1833,-58.665375,3674.2407,-125.40136010547631,0.036224365,2.7266693,0.045365948944490614,749,748,0.9986648865153538,1.0
1834,-58.725006,3677.0183,-125.41307183728661,-0.059631348,2.7775116,-0.011711731810287888,746,745,0.9986595174262735,1.0
1835,-58.706787,3679.7012,-125.39870631334053,0.018218994,2.6827393,0.014365523946077086,754,752,0.9973474801061007,1.0
1836,-58.793,3682.513,-125.38348335673258,-0.08621216,2.8118439,0.015222956607936699,764,762,0.9973821989528796,1.0
1837,-58.786133,3685.33,-125.3940625500309,0.006866455,2.8170776,-0.010579193298311217,785,783,0.9974522292993631,1.0
1838,-58.796326,3688.0498,-125.39305805874187,-0.010192871,2.719696,0.0010044912890282566,789,788,0.9987325728770595,1.0
1839,-58.86447,3690.7227,-125.39648829682909,-0.06814575,2.6728363,-0.003430238087218221,787,784,0.9961880559085133,1.0
1840,-58.86844,3693.4104,-125.40412095435903,-0.003967285,2.6876373,-0.0076326575299459146,818,818,1.0,1.0
1841,-58.88394,3696.0798,-125.39159254487511,-0.01550293,2.6693878,0.012528409483925515,809,808,0.9987639060568603,1.0
1842,-58.875305,3698.7441,-125.37639685642196,0.008636475,2.6642456,0.01519568845314239,810,808,0.9975308641975309,1.0
1843,-58.878967,3701.4326,-125.35418804506911,-0.0036621094,2.6885986,0.022208811352848273,823,822,0.9987849331713244,1.0
1844,-58.870056,3704.1116,-125.35941930974637,0.008911133,2.6789093,-0.005231264677260428,836,835,0.9988038277511961,1.0
1845,-58.9115,3706.8477,-125.36575955185485,-0.04144287,2.736145,-0.006340242108479987,863,860,0.996523754345307,1.0
1846,-58.890503,3709.5322,-125.37807622201977,0.020996094,2.6846313,-0.01231667016491781,853,849,0.9953106682297772,1.0
1847,-58.923035,3712.213,-125.37805717549315,-0.03253174,2.6806488,1.904652661513386e-05,850,848,0.9976470588235294,1.0
1848,-58.89102,3714.8657,-125.38199994833323,0.03201294,2.6528778,-0.003942772840074367,851,851,1.0,1.0
1849,-58.951782,3717.58,-125.37819920741687,-0.060760498,2.7143707,0.003800740916364878,852,852,1.0,1.0
1850,-58.945557,3720.2122,-125.37802081898141,0.006225586,2.632187,0.00017838843545850384,848,847,0.9988207547169812,1.0
1851,-59.026825,3722.8228,-125.37481186815921,-0.08126831,2.610611,0.003208950822196128,833,831,0.9975990396158463,1.0
1852,-59.005096,3725.4856,-125.36232346793034,0.021728516,2.6628876,0.012488400228877755,839,838,0.99880810488677,1.0
1853,-59.01349,3728.0928,-125.36852499020806,-0.008392334,2.6071625,-0.006201522277720992,832,829,0.9963942307692307,1.0
1854,-59.002625,3730.7478,-125.38049476336002,0.010864258,2.6549988,-0.011969773151958912,852,847,0.994131455399061,1.0
1855,-59.01764,3733.4167,-125.37491652390298,-0.015014648,2.668991,0.005578239457031594,855,853,0.9976608187134502,1.0
1856,-59.01828,3736.1956,-125.37468054023432,-0.00064086914,2.7787323,0.00023598366866218963,853,853,1.0,1.0
1857,-59.067963,3738.9565,-125.37037535419205,-0.049682617,2.7608795,0.004305186042268918,864,864,1.0,1.0
1858,-59.098145,3741.5762,-125.39489822566941,-0.030181885,2.61969,-0.02452287147735697,859,858,0.9988358556461001,1.0
1859,-59.063873,3744.197,-125.40296720762635,0.03427124,2.6209412,-0.008068981956942249,855,854,0.9988304093567252,1.0
1860,-59.134857,3746.6458,-125.413698487789,-0.07098389,2.4487,-0.010731280162665323,856,851,0.9941588785046729,1.0
1861,-59.18222,3749.0127,-125.42584728300989,-0.04736328,2.3670197,-0.012148795220885146,872,872,1.0,1.0
1862,-59.190002,3751.2458,-125.42643444449615,-0.0077819824,2.2332,-0.00058716148626092,859,859,1.0,1.0
1863,-59.215332,3753.3584,-125.41385305670127,-0.02532959,2.112671,0.012581387794883369,862,860,0.9976798143851509,1.0
1864,-59.21277,3755.4482,-125.40231326432088,0.0025634766,2.0898743,0.01153979238038508,876,875,0.9988584474885844,1.0
1865,-59.299408,3757.45,-125.40903498169075,-0.086639404,2.0017242,-0.006721717369877302,870,870,1.0,1.0
1866,-59.317596,3759.3235,-125.41527767668912,-0.018188477,1.8734436,-0.006242694998369376,860,859,0.9988372093023256,1.0
1867,-59.35132,3761.1733,-125.41302879960354,-0.033721924,1.8498383,0.002248877085583018,876,874,0.997716894977169,1.0
1868,-59.366608,3762.888,-125.39027019864746,-0.015289307,1.7145233,0.022758600956075504,863,861,0.9976825028968713,1.0
1869,-59.375854,3764.6812,-125.39763084045512,-0.009246826,1.7933044,-0.007360641807658214,872,872,1.0,1.0
1870,-59.473022,3766.3823,-125.40091120550562,-0.09716797,1.7011414,-0.0032803650505029754,861,859,0.9976771196283392,1.0
1871,-59.43347,3767.9531,-125.40600127494406,0.03955078,1.570694,-0.005090069438433496,873,871,0.997709049255441,1.0
1872,-59.417847,3769.5776,-125.40455225739775,0.015625,1.6244202,0.0014490175463064687,869,866,0.996547756041427,1.0
1873,-59.430054,3771.1357,-125.3963239776986,-0.012207031,1.558136,0.008228279699153082,871,871,1.0,1.0
1874,-59.433838,3772.7131,-125.3909228983718,-0.0037841797,1.5773621,0.0054010793268012116,867,865,0.9976931949250288,1.0
1875,-59.440155,3774.2886,-125.38209767079046,-0.0063171387,1.5754089,0.008825227581347402,866,865,0.9988452655889145,1.0
1876,-59.502808,3775.8306,-125.3932276807038,-0.06265259,1.5420532,-0.01113000991334153,857,853,0.9953325554259043,1.0
1877,-59.462708,3777.4353,-125.38220320711929,0.040100098,1.6048279,0.011024473584515668,862,861,0.9988399071925754,1.0
1878,-59.480865,3778.9211,-125.38351947957042,-0.018157959,1.4858551,-0.0013162724511302842,865,864,0.9988439306358381,1.0
1879,-59.45578,3780.42,-125.38365073454631,0.02508545,1.4988861,-0.00013125497588849244,867,864,0.9965397923875432,1.0
1880,-59.45639,3781.9604,-125.38102204455564,-0.00061035156,1.5406036,0.0026286899906733997,873,871,0.997709049255441,1.0
1881,-59.48712,3783.4065,-125.3880759121198,-0.030731201,1.4459534,-0.007053867564167439,866,866,1.0,1.0
1882,-59.43103,3784.7656,-125.36408732926385,0.05609131,1.3590851,0.02398858285595347,877,875,0.9977194982896237,1.0
1883,-59.513123,3786.051,-125.38536919432853,-0.082092285,1.2853851,-0.02128186506468072,888,887,0.9988738738738738,1.0
1884,-59.51718,3787.2913,-125.39042340485194,-0.004058838,1.2401886,-0.005054210523408391,881,878,0.996594778660613,1.0
1885,-59.539368,3788.4038,-125.39364119802366,-0.02218628,1.1125183,-0.0032177931717082037,899,898,0.9988876529477196,1.0
1886,-59.52603,3789.3335,-125.38324774527516,0.013336182,0.9297333,0.010393452748500183,896,896,1.0,1.0
1887,-59.564728,3790.1787,-125.38413250677586,-0.03869629,0.8451996,-0.0008847615007037857,893,893,1.0,1.0
1888,-59.525574,3790.9314,-125.34409969876174,0.039154053,0.75260925,0.04003280801411581,894,892,0.9977628635346756,1.0
1889,-59.591614,3791.533,-125.3391709143327,-0.06604004,0.60157776,0.0049287844290344125,902,899,0.9966740576496674,1.0
1890,-59.59958,3792.104,-125.30330313791708,-0.007965088,0.57092285,0.035867776415617995,888,887,0.9988738738738738,1.0
1891,-59.580627,3792.5076,-125.25569440893466,0.018951416,0.4035797,0.047608728982430286,897,895,0.9977703455964325,1.0
1892,-59.53192,3792.9016,-125.23757826404031,0.048706055,0.3940735,0.0181161448943567,892,890,0.9977578475336323,1.0
1893,-59.57544,3793.1875,-125.23659311334006,-0.043518066,0.28598022,0.0009851507002485809,904,903,0.9988938053097345,1.0
1894,-59.57425,3793.3223,-125.22417381834768,0.0011901855,0.13476562,0.012419294992386186,930,930,1.0,1.0
1895,-59.618988,3793.3723,-125.22076489910079,-0.04473877,0.05014038,0.003408919246899273,949,949,1.0,1.0
1896,-59.613922,3793.278,-125.19722295141193,0.005065918,-0.09423828,0.02354194768885702,938,936,0.997867803837953,1.0
1897,-59.6344,3793.129,-125.18094066454393,-0.020477295,-0.14915466,0.01628228686800526,926,925,0.9989200863930886,1.0
1898,-59.682343,3793.0254,-125.16921949617907,-0.047943115,-0.10348511,0.011721168364852416,926,926,1.0,1.0
1899,-59.67987,3792.902,-125.15380373515852,0.0024719238,-0.12333679,0.015415761020551805,921,920,0.998914223669924,1.0
1900,-59.732178,3792.75,-125.16118614177401,-0.05230713,-0.15202332,-0.007382406615486347,923,920,0.9967497291440953,1.0
1901,-59.59912,3792.8298,-125.60144148721835,0.13305664,0.07991028,-0.440255345444346,842,840,0.997624703087886,1.0
1902,-59.769135,3793.1577,-129.4331693352122,-0.17001343,0.3279724,-3.831727847993833,848,844,0.9952830188679245,1.0
1903,-59.919434,3793.6765,-133.55385515443072,-0.15029907,0.5188141,-4.120685819218512,825,824,0.9987878787878788,1.0
1904,-59.928436,3794.1013,-136.7273597746826,-0.009002686,0.42489624,-3.17350462025189,826,822,0.9951573849878934,1.0
1905,-60.033386,3794.5027,-139.03799621718466,-0.10494995,0.40138245,-2.3106364425020494,827,826,0.9987908101571947,1.0
1906,-60.05121,3794.8267,-140.60027116012128,-0.017822266,0.32395935,-1.5622749429366212,848,847,0.9988207547169812,1.0
1907,-59.99826,3795.1685,-141.78355684215526,0.052947998,0.34176636,-1.1832856820339948,828,826,0.9975845410628019,1.0
1908,-59.840668,3795.465,-142.72151692469095,0.15759277,0.29652405,-0.9379600825356936,843,843,1.0,1.0
1909,-59.712097,3795.7773,-143.47493202793882,0.12857056,0.31219482,-0.753415103247867,851,851,1.0,1.0
1910,-59.521973,3796.142,-144.09126541732545,0.19012451,0.36476135,-0.6163333893866151,845,844,0.9988165680473373,1.0
1911,-59.377563,3796.4905,-144.5868519823501,0.14440918,0.34846497,-0.4955865650246596,854,853,0.9988290398126464,1.0
1912,-59.25409,3796.8857,-144.98361745430276,0.12347412,0.3953247,-0.3967654719526546,858,856,0.9976689976689976,1.0
1913,-59.10733,3797.3623,-145.27949643606243,0.14675903,0.4764862,-0.29587898175968225,861,859,0.9976771196283392,1.0
1914,-58.950226,3797.8923,-145.56106101576154,0.15710449,0.5301361,-0.2815645796991122,882,881,0.9988662131519275,1.0
1915,-58.789886,3798.4766,-145.77917639851273,0.16033936,0.58432007,-0.2181153827512017,876,875,0.9988584474885844,1.0
1916,-58.649414,3799.191,-145.97111518516334,0.14047241,0.7143402,-0.19193878665059735,868,863,0.9942396313364056,1.0
1917,-58.54709,3799.955,-146.14123779120584,0.10232544,0.7641144,-0.17012260604249727,872,871,0.9988532110091743,1.0
1918,-58.528015,3800.8286,-146.30393899703793,0.019073486,0.8736572,-0.1627012058320991,877,874,0.9965792474344356,1.0
1919,-58.42935,3801.9937,-146.43888343847453,0.09866333,1.1651154,-0.13494444143660797,867,866,0.9988465974625144,1.0
1920,-58.41095,3803.3474,-146.57943980696533,0.0184021,1.3536835,-0.14055636849078015,882,881,0.9988662131519275,1.0
1921,-58.30066,3804.7769,-146.67973691894719,0.11029053,1.4293823,-0.10029711198187244,873,871,0.997709049255441,1.0
1922,-58.325195,3806.466,-146.78165221965241,-0.024536133,1.6892548,-0.10191530070522041,861,860,0.9988385598141696,1.0
1923,-58.294983,3808.2698,-146.86698455200576,0.030212402,1.8036346,-0.08533233235335501,861,861,1.0,1.0
1924,-58.265503,3810.2139,-146.94053348754673,0.02947998,1.944107,-0.07354893554097779,873,873,1.0,1.0
1925,-58.262115,3812.3718,-147.02912425880504,0.0033874512,2.157959,-0.0885907712583111,873,871,0.997709049255441,1.0
1926,-58.286896,3814.7483,-147.08950898457923,-0.024780273,2.3764648,-0.06038472577417769,866,865,0.9988452655889145,1.0
1927,-58.295227,3817.2588,-147.16422273044498,-0.008331299,2.5106049,-0.07471374586574153,860,860,1.0,1.0
1928,-58.28711,3820.0393,-147.23327679991985,0.008117676,2.7805634,-0.0690540694748629,868,868,1.0,1.0
1929,-58.30783,3822.9543,-147.33756659474557,-0.020721436,2.9151306,-0.10428979482570579,873,872,0.9988545246277205,1.0
1930,-58.35617,3825.957,-147.450273114265,-0.048339844,3.002594,-0.11270651951942445,877,877,1.0,1.0
1931,-58.32495,3829.0132,-147.51455277457512,0.031219482,3.0560913,-0.0642796603101116,871,869,0.9977037887485649,1.0
1932,-58.444397,3832.0122,-147.58419198718286,-0.1194458,2.9989166,-0.06963921260772857,875,874,0.9988571428571429,1.0
1933,-58.458313,3835.08,-147.59018301671202,-0.013916016,3.06781,-0.005991029529163525,880,880,1.0,1.0
1934,-58.47403,3838.1787,-147.5795724586793,-0.015716553,3.0986633,0.010610558032718114,889,887,0.9977502812148481,1.0
1935,-58.542114,3841.1772,-147.55743772845707,-0.06808472,2.9986572,0.022134730222237987,892,890,0.9977578475336323,1.0
1936,-58.589905,3844.097,-147.5952955577237,-0.047790527,2.9196014,-0.037857829266599835,896,895,0.9988839285714286,1.0
1937,-58.621338,3847.003,-147.5751200535128,-0.031433105,2.9060364,0.020175504210898927,886,884,0.9977426636568849,1.0
1938,-58.619446,3849.9243,-147.5563459216068,0.0018920898,2.9214325,0.018774131905975235,887,886,0.9988726042841037,1.0
1939,-58.644043,3852.84,-147.53925995195905,-0.024597168,2.915802,0.017085969647764435,881,880,0.9988649262202043,1.0
1940,-58.70813,3855.6812,-147.51665635148544,-0.064086914,2.841156,0.022603600473621494,881,880,0.9988649262202043,1.0
1941,-58.68695,3858.4321,-147.48795336118783,0.0211792,2.750946,0.028702990297603818,886,885,0.9988713318284425,1.0
1942,-58.730804,3861.1777,-147.4633259195118,-0.04385376,2.745697,0.02462744167604033,887,887,1.0,1.0
1943,-58.73105,3863.93,-147.4545470456,-0.00024414062,2.7521667,0.008778873911766752,891,889,0.9977553310886644,1.0
1944,-58.75351,3866.5847,-147.42678949736705,-0.022460938,2.654831,0.027757548232943803,877,876,0.9988597491448119,1.0
1945,-58.735962,3869.3215,-147.38382253894045,0.017547607,2.7369232,0.0429669584266179,878,878,1.0,1.0
1946,-58.71231,3872.0005,-147.368608334156,0.023651123,2.6790009,0.015214204784468778,889,889,1.0,1.0
1947,-58.71643,3874.6582,-147.34485463851524,-0.004119873,2.657608,0.023753695640738943,885,883,0.9977401129943503,1.0
1948,-58.696503,3877.303,-147.33271243306902,0.019927979,2.6447144,0.01214220544622155,885,883,0.9977401129943503,1.0
1949,-58.659058,3879.968,-147.30755691834722,0.03744507,2.664978,0.025155514721797622,896,893,0.9966517857142857,1.0
1950,-58.62018,3882.6135,-147.27899693650323,0.038879395,2.6454468,0.02855998184399242,879,878,0.9988623435722411,1.0
1951,-58.537476,3885.251,-147.25739952643292,0.08270264,2.637436,0.021597410070315196,866,866,1.0,1.0
1952,-58.58438,3887.79,-147.2510101633197,-0.046905518,2.5389862,0.006389363113214266,870,869,0.9988505747126437,1.0
1953,-58.51169,3890.3457,-147.23203972334844,0.07269287,2.5555725,0.018970439971283382,873,869,0.995418098510882,1.0
1954,-58.534607,3892.904,-147.21228361736814,-0.022918701,2.5584106,0.01975610598028158,862,860,0.9976798143851509,1.0
1955,-58.483612,3895.482,-147.1950218335736,0.050994873,2.5778503,0.017261783794539562,868,867,0.9988479262672811,1.0
1956,-58.49228,3898.0718,-147.1889757884394,-0.008666992,2.5897827,0.006046045134209682,872,870,0.9977064220183486,1.0
1957,-58.4729,3900.6243,-147.18690907821374,0.019378662,2.5524902,0.00206671022564125,868,865,0.9965437788018433,1.0
1958,-58.461365,3903.224,-147.18832962345115,0.0115356445,2.5998077,-0.0014205452373988652,874,873,0.9988558352402745,1.0
1959,-58.442535,3905.907,-147.19975151772903,0.018829346,2.6828156,-0.01142189427788386,868,868,1.0,1.0
1960,-58.393066,3908.5288,-147.17739548454708,0.049468994,2.6217499,0.0223560331819634,859,859,1.0,1.0
1961,-58.39734,3911.1848,-147.1771329946359,-0.004272461,2.6559143,0.00026248991115966825,869,868,0.998849252013809,1.0
1962,-58.376373,3913.824,-147.15890435402864,0.020965576,2.6392365,0.01822864060727337,868,867,0.9988479262672811,1.0
1963,-58.40866,3916.6204,-147.1557081941724,-0.032287598,2.7964935,0.003196159856221256,874,872,0.9977116704805492,1.0
1964,-58.418335,3919.4714,-147.15025059117787,-0.009674072,2.8510895,0.005457602994525713,882,879,0.9965986394557823,1.0
1965,-58.46814,3922.1333,-147.15920935184587,-0.049804688,2.661972,-0.008958760668018359,880,874,0.9931818181818182,1.0
1966,-58.539795,3924.677,-147.1624246944898,-0.07165527,2.5437164,-0.0032153426439399816,883,882,0.9988674971687429,1.0
1967,-58.578552,3927.123,-147.1528721488176,-0.038757324,2.4460602,0.00955254567217974,882,881,0.9988662131519275,1.0
1968,-58.590576,3929.4944,-147.1281178885008,-0.012023926,2.3714447,0.02475426031679201,892,891,0.9988789237668162,1.0
1969,-58.650787,3931.7083,-147.11841030774488,-0.06021118,2.2137756,0.009707580755934071,883,882,0.9988674971687429,1.0
1970,-58.663147,3933.8655,-147.08924375879278,-0.012359619,2.1572723,0.02916654895209735,893,892,0.9988801791713325,1.0
1971,-58.742554,3935.9912,-147.064103304072,-0.07940674,2.1257782,0.02514045472077594,895,894,0.9988826815642458,1.0
1972,-58.74936,3937.9622,-147.0370084928738,-0.00680542,1.9709625,0.02709481119819907,897,897,1.0,1.0
1973,-58.76184,3939.8625,-147.01035850307238,-0.012481689,1.9004364,0.026649989801419315,887,887,1.0,1.0
1974,-58.799988,3941.6682,-147.00173445121428,-0.038146973,1.8056335,0.008624051858114297,888,888,1.0,1.0
1975,-58.81006,3943.3362,-146.98280679923909,-0.010070801,1.6680756,0.018927651975190023,903,903,1.0,1.0
1976,-58.908752,3945.0935,-146.978160601268,-0.09869385,1.7572479,0.004646197971087815,891,891,1.0,1.0
1977,-58.91736,3946.7317,-146.97229078241674,-0.008605957,1.6381989,0.005869818851265581,889,888,0.9988751406074241,1.0
1978,-58.912994,3948.269,-146.95443154188183,0.0043640137,1.5373535,0.017859240534902943,882,881,0.9988662131519275,1.0
1979,-58.917908,3949.863,-146.9507713937355,-0.00491333,1.5938873,0.003660148146324451,900,900,1.0,1.0
1980,-58.952545,3951.4512,-146.96982832118633,-0.03463745,1.5882568,-0.01905692745082619,901,901,1.0,1.0
1981,-58.97534,3953.0168,-146.9667644608974,-0.02279663,1.5656128,0.0030638602889352584,902,900,0.9977827050997783,1.0
1982,-59.00345,3954.548,-146.96816567761397,-0.02810669,1.53125,-0.0014012167165853425,900,900,1.0,1.0
1983,-59.089203,3956.0635,-146.98099103023944,-0.085754395,1.5154724,-0.012825352625471347,906,906,1.0,1.0
1984,-59.04904,3957.5515,-146.96577695987142,0.040161133,1.4881439,0.015214070368017854,894,894,1.0,1.0
1985,-59.07663,3959.0842,-146.95024867263697,-0.02758789,1.5327148,0.015528287234456596,901,901,1.0,1.0
1986,-59.10324,3960.66,-146.94678529590797,-0.026611328,1.5757141,0.0034633767289877788,893,893,1.0,1.0
1987,-59.079132,3962.1868,-146.94026715692345,0.024108887,1.5268555,0.006518138984521578,900,899,0.9988888888888889,1.0
1988,-59.021545,3963.6462,-146.89302072064433,0.05758667,1.4594574,0.04724643627912038,894,893,0.9988814317673378,1.0
1989,-59.0372,3965.0273,-146.91194342355695,-0.015655518,1.3811188,-0.018922702912605553,898,898,1.0,1.0
1990,-59.055695,3966.377,-146.90034277671802,-0.018493652,1.3497314,0.011600646838934695,909,906,0.9966996699669967,1.0
1991,-59.02243,3967.5642,-146.88765035209784,0.03326416,1.187149,0.012692424620194117,897,897,1.0,1.0
1992,-59.074615,3968.6633,-146.87420201179955,-0.05218506,1.0990295,0.01344834029828577,912,912,1.0,1.0
1993,-59.077606,3969.6775,-146.86556837154825,-0.0029907227,1.0142517,0.008633640251309862,919,918,0.998911860718172,1.0
1994,-59.105164,3970.6223,-146.84982770638584,-0.027557373,0.94488525,0.015740665162402374,927,927,1.0,1.0
1995,-59.160187,3971.399,-146.80921102016518,-0.055023193,0.7766876,0.0406166862206528,928,928,1.0,1.0
1996,-59.17273,3972.0544,-146.7836825184594,-0.012542725,0.6554413,0.02552850170579563,927,927,1.0,1.0
1997,-59.166656,3972.657,-146.75749053110866,0.006072998,0.60253906,0.026191987350724935,916,915,0.9989082969432315,1.0
1998,-59.169647,3973.1187,-146.73656437908832,-0.0029907227,0.46176147,0.020926152020339043,926,926,1.0,1.0
1999,-59.218414,3973.4893,-146.68460384580936,-0.04876709,0.37071228,0.051960533278951886,942,942,1.0,1.0
2000,-59.162994,3973.8167,-146.6643937423585,0.055419922,0.32746887,0.020210103450854694,925,925,1.0,1.0
2001,-59.171783,3974.122,-146.65007278687995,-0.0087890625,0.30537415,0.01432095547855742,941,940,0.9989373007438895,1.0
2002,-59.21292,3974.2495,-146.6394438396959,-0.041137695,0.1273346,0.010628947184032865,959,959,1.0,1.0
2003,-59.251007,3974.3147,-146.63439605841774,-0.038085938,0.06512451,0.005047781278168562,972,972,1.0,1.0
2004,-59.320435,3974.3198,-146.6186142812198,-0.06942749,0.005126953,0.015781777197928625,960,960,1.0,1.0
2005,-59.429657,3974.2422,-146.60020496386727,-0.10922241,-0.077697754,0.018409317352524112,955,955,1.0,1.0
2006,-59.503357,3974.1511,-146.58623419037667,-0.07369995,-0.091049194,0.013970773490599431,951,951,1.0,1.0
2007,-59.569214,3974.0354,-146.5850531128793,-0.06585693,-0.1157074,0.0011810774973547114,960,960,1.0,1.0
2008,-59.661682,3973.9358,-146.57960223760318,-0.09246826,-0.09954834,0.005450875276139172,947,947,1.0,1.0
2009,-59.74951,3973.8325,-146.5843817343923,-0.08782959,-0.103149414,-0.004779496789137283,956,956,1.0,1.0
2010,-59.1297,3973.8933,-148.81435368066425,0.619812,0.06072998,-2.2299719462719554,873,872,0.9988545246277205,1.0
2011,-59.353973,3974.599,-154.96651837993332,-0.22427368,0.70570374,-6.152164699269065,831,828,0.9963898916967509,1.0
2012,-59.567963,3975.582,-161.56036835842406,-0.21398926,0.98291016,-6.59384997849073,833,832,0.9987995198079231,1.0
2013,-59.485962,3976.561,-168.2565412859454,0.08200073,0.97898865,-6.696172927521346,847,847,1.0,1.0
2014,-59.582214,3977.6787,-174.98285242160262,-0.09625244,1.1177368,-6.72631113565722,841,841,1.0,1.0
2015,-59.74539,3978.8965,-181.70360075011877,-0.16317749,1.2177124,-6.72074832851616,849,849,1.0,1.0
2016,-59.807068,3980.0093,-188.42006984341057,-0.061676025,1.1127014,-6.716469093291793,844,842,0.9976303317535545,1.0
2017,-59.88144,3981.0703,-195.11041063704013,-0.07437134,1.0609894,-6.690340793629557,853,850,0.9964830011723329,1.0
2018,-59.890015,3982.1199,-201.79863677713547,-0.008575439,1.0496521,-6.6882261400953515,852,851,0.9988262910798122,1.0
2019,-59.83304,3983.1372,-208.4747041434219,0.05697632,1.0172577,-6.676067366286419,860,855,0.9941860465116279,1.0
2020,-59.799164,3984.0547,-215.21616818944037,0.03387451,0.9175873,-6.741464046018474,853,850,0.9964830011723329,1.0
2021,-59.739777,3984.8333,-221.93848716791544,0.059387207,0.7785492,-6.722318978475079,837,835,0.997610513739546,1.0
2022,-59.603943,3985.5037,-228.63831400550757,0.13583374,0.6703491,-6.699826837592131,837,836,0.998805256869773,1.0
2023,-59.59381,3986.2197,-235.33339505619014,0.010131836,0.7159424,-6.695081050682578,833,829,0.9951980792316927,1.0
2024,-59.725983,3986.8267,-241.52780130004138,-0.13217163,0.6068268,-6.19440624385122,844,843,0.9988151658767772,1.0
2025,-59.823242,3987.563,-246.62936601124804,-0.09725952,0.7362213,-5.101564711206652,848,848,1.0,1.0
2026,-60.08313,3988.5283,-250.3594885412473,-0.2598877,0.9652252,-3.730122529999237,866,865,0.9988452655889145,1.0
2027,-60.283325,3989.6877,-252.58205089457377,-0.20019531,1.1595306,-2.222562353326473,874,873,0.9988558352402745,1.0
2028,-60.341187,3990.8684,-253.96503148269173,-0.057861328,1.1806641,-1.3829805881179527,877,875,0.9977194982896237,1.0
2029,-60.33029,3992.206,-255.1255810124345,0.010894775,1.3377228,-1.1605495297427937,882,881,0.9988662131519275,1.0
2030,-60.428192,3993.774,-256.1087677788841,-0.09790039,1.5679321,-0.9831867664495711,888,888,1.0,1.0
2031,-60.519073,3995.4414,-256.8950183249108,-0.09088135,1.6673737,-0.7862505460266563,885,884,0.9988700564971752,1.0
2032,-60.53003,3997.3755,-257.5086161042661,-0.010955811,1.9340973,-0.6135977793553187,888,888,1.0,1.0
2033,-60.54715,3999.42,-257.9849841380091,-0.017120361,2.044403,-0.4763680337430357,901,898,0.9966703662597114,1.0
2034,-60.54239,4001.7214,-258.30166335243877,0.004760742,2.3016205,-0.3166792144296428,882,880,0.9977324263038548,1.0
2035,-60.543945,4004.1113,-258.5608935509092,-0.0015563965,2.3899078,-0.25923019847044765,889,889,1.0,1.0
2036,-60.624573,4006.749,-258.7635227821557,-0.08062744,2.6377716,-0.20262923124650042,905,905,1.0,1.0
2037,-60.665253,4009.6243,-258.89505053564454,-0.04067993,2.8753052,-0.13152775348883355,900,899,0.9988888888888889,1.0
2038,-60.693573,4012.6357,-259.01362882221594,-0.028320312,3.0114746,-0.1185782865713908,912,911,0.9989035087719298,1.0
2039,-60.71579,4015.766,-259.1330997809988,-0.022216797,3.1304321,-0.11947095878286183,903,903,1.0,1.0
2040,-60.7175,4018.9404,-259.2434032865933,-0.0017089844,3.1743164,-0.11030350559448947,898,898,1.0,1.0
2041,-60.717285,4022.1758,-259.3719487451485,0.00021362305,3.23526,-0.12854545855514243,913,912,0.9989047097480832,1.0
2042,-60.77005,4025.4402,-259.51659245702774,-0.052764893,3.264511,-0.14464371187927572,900,900,1.0,1.0
2043,-60.73996,4028.7104,-259.5988865788166,0.030090332,3.2703857,-0.08229412178884074,914,914,1.0,1.0
2044,-60.72513,4031.9968,-259.65052754091175,0.014831543,3.2864227,-0.051640962095153384,909,908,0.9988998899889989,1.0
2045,-60.716248,4035.2458,-259.67916326439513,0.008880615,3.248932,-0.02863572348337929,906,906,1.0,1.0
2046,-60.666687,4038.4172,-259.67594981175625,0.049560547,3.1714325,0.0032134526388483456,913,913,1.0,1.0
2047,-60.644775,4041.5688,-259.68804280738703,0.021911621,3.1514893,-0.01209299563079431,908,908,1.0,1.0
2048,-60.65207,4044.768,-259.7003317914912,-0.007293701,3.199295,-0.012288984104148267,898,898,1.0,1.0
2049,-60.652954,4047.9358,-259.68197227527327,-0.00088500977,3.1676483,0.01835951621790767,897,896,0.9988851727982163,1.0
2050,-60.586853,4050.9934,-259.681568858976,0.066101074,3.057724,0.0004034162972668269,899,898,0.9988876529477196,1.0
2051,-60.568695,4054.003,-259.682989410726,0.018157959,3.0095825,-0.001420551750035012,914,913,0.9989059080962801,1.0
2052,-60.525116,4056.8826,-259.6859777787918,0.0435791,2.879654,-0.0029883680658294625,905,904,0.9988950276243094,1.0
2053,-60.505676,4059.7505,-259.67308614529674,0.019439697,2.8677979,0.01289163349510695,906,905,0.9988962472406181,1.0
2054,-60.506897,4062.6482,-259.6665837717931,-0.0012207031,2.8976288,0.006502373503624901,915,915,1.0,1.0
2055,-60.453552,4065.552,-259.6379885225851,0.053344727,2.9038544,0.028595249207999572,910,908,0.9978021978021978,1.0
2056,-60.419495,4068.4045,-259.6420117417247,0.034057617,2.8526154,-0.004023219139577555,915,915,1.0,1.0
2057,-60.40921,4071.2166,-259.6450139788187,0.010284424,2.8119354,-0.0030022370940409808,906,905,0.9988962472406181,1.0
2058,-60.33777,4074.0671,-259.649215355928,0.07144165,2.8504791,-0.004201377109266076,911,908,0.9967069154774972,1.0
2059,-60.25482,4076.8452,-259.6675238031802,0.08294678,2.7781372,-0.01830844725221708,912,912,1.0,1.0
2060,-60.234222,4079.6946,-259.65686469901544,0.020599365,2.8493195,0.010659104164752896,907,905,0.9977949283351709,1.0
2061,-60.190247,4082.4973,-259.7015598066607,0.04397583,2.802765,-0.044695107645300505,905,902,0.9966850828729282,1.0
2062,-60.166656,4085.3284,-259.7009795829013,0.023590088,2.8309479,0.0005802237594297796,915,915,1.0,1.0
2063,-60.17105,4088.0908,-259.72088239417275,-0.0043945312,2.762436,-0.019902811271431176,917,916,0.9989094874591058,1.0
2064,-60.1875,4090.944,-259.727470135075,-0.016448975,2.8532562,-0.0065877409022412365,910,909,0.9989010989010989,1.0
2065,-60.187836,4093.769,-259.73615265937445,-0.00033569336,2.8248444,-0.008682524299459619,910,910,1.0,1.0
2066,-60.187225,4096.6084,-259.74820298615356,0.00061035156,2.839264,-0.012050326779082517,905,904,0.9988950276243094,1.0
2067,-60.17209,4099.4414,-259.75122808001623,0.015136719,2.83313,-0.0030250938626903584,909,909,1.0,1.0
2068,-60.169342,4102.249,-259.74784610400405,0.002746582,2.8075256,0.003381976012196438,900,900,1.0,1.0
2069,-60.191284,4105.0938,-259.7508692621896,-0.021942139,2.8447418,-0.0030231581855310195,901,901,1.0,1.0
2070,-60.195435,4107.766,-259.78148708130743,-0.0041503906,2.6725006,-0.030617819117841342,903,903,1.0,1.0
2071,-60.20746,4110.6025,-259.77803943767196,-0.012023926,2.8365173,0.0034476436354405966,890,889,0.998876404494382,1.0
2072,-60.201782,4113.374,-259.80130972192336,0.0056762695,2.7715302,-0.023270284251401704,878,876,0.9977220956719818,1.0
2073,-60.207703,4116.2065,-259.803560650328,-0.00592041,2.8325958,-0.002250928404636684,894,894,1.0,1.0
2074,-60.165802,4119.026,-259.80067229732646,0.041900635,2.8194122,0.002888353001512817,895,894,0.9988826815642458,1.0
2075,-60.16925,4121.9165,-259.81660234922373,-0.0034484863,2.8904724,-0.01593005189727159,903,902,0.9988925802879292,1.0
2076,-60.180237,4124.759,-259.80556128567446,-0.010986328,2.8424683,0.011041063549275226,889,888,0.9988751406074241,1.0
2077,-60.153748,4127.5615,-259.8300672186584,0.026489258,2.8029327,-0.024505932983998047,898,898,1.0,1.0
2078,-60.138824,4130.3335,-259.8537134273885,0.014923096,2.771759,-0.02364620873007139,883,882,0.9988674971687429,1.0
2079,-60.158386,4133.196,-259.8635487135558,-0.019561768,2.8624725,-0.009835286167272684,889,889,1.0,1.0
2080,-60.15448,4135.952,-259.842833912068,0.00390625,2.7565765,0.020714801487803434,877,877,1.0,1.0
2081,-60.059204,4138.6895,-259.8396179385306,0.09527588,2.7371216,0.003215973537388862,886,885,0.9988713318284425,1.0
2082,-60.073273,4141.4214,-259.8418467552749,-0.0140686035,2.7321625,-0.002228816744322304,891,891,1.0,1.0
2083,-59.989166,4144.208,-259.83788191450435,0.084106445,2.7866058,0.003964840770526339,885,883,0.9977401129943503,1.0
2084,-59.996246,4146.9946,-259.8367828379557,-0.007080078,2.7864075,0.0010990765486528014,882,881,0.9988662131519275,1.0
2085,-59.947876,4149.7173,-259.83118994855363,0.04837036,2.7226257,0.005592889402043534,882,881,0.9988662131519275,1.0
2086,-59.96216,4152.645,-259.8334720837272,-0.014282227,2.9279022,-0.0022821351735868023,894,893,0.9988814317673378,1.0
2087,-59.93405,4155.515,-259.8711884690159,0.02810669,2.8699493,-0.037716385288709624,885,885,1.0,1.0
2088,-59.86026,4158.3145,-259.8531301925709,0.073791504,2.7990723,0.018058276445024977,875,874,0.9988571428571429,1.0
2089,-59.880463,4160.933,-259.8505178672765,-0.020202637,2.6187134,0.00261232529441402,874,873,0.9988558352402745,1.0
2090,-59.79422,4163.473,-259.8399666381152,0.086242676,2.5400848,0.010551229161302272,869,869,1.0,1.0
2091,-59.79608,4165.9214,-259.83173193067404,-0.0018615723,2.4480438,0.008234707441167978,869,868,0.998849252013809,1.0
2092,-59.7919,4168.123,-259.8343901017661,0.004180908,2.2016144,-0.002658171092031393,870,869,0.9988505747126437,1.0
2093,-59.793182,4170.2896,-259.8342447319532,-0.0012817383,2.1665802,0.00014536981286300784,894,894,1.0,1.0
2094,-59.84561,4172.336,-259.80385909501166,-0.0524292,2.0465698,0.030385636941556823,886,886,1.0,1.0
2095,-59.79367,4174.3467,-259.79038666388885,0.051940918,2.0108948,0.013472431122812408,880,879,0.9988636363636364,1.0
2096,-59.788605,4176.2227,-259.77582997992647,0.005065918,1.8759003,0.014556683962390933,873,872,0.9988545246277205,1.0
2097,-59.811066,4178.0864,-259.75119941577015,-0.022460938,1.8638306,0.02463056415630131,876,876,1.0,1.0
2098,-59.806274,4179.845,-259.72846987746186,0.0047912598,1.7587433,0.022729538308264685,870,870,1.0,1.0
2099,-59.848755,4181.586,-259.7039744540836,-0.04248047,1.7407684,0.02449542337825187,873,872,0.9988545246277205,1.0
2100,-59.82727,4183.213,-259.6793684436868,0.021484375,1.627121,0.024606010396768255,871,871,1.0,1.0
2101,-59.869934,4184.8525,-259.64386399829755,-0.042663574,1.6395416,0.03550444538927062,872,869,0.9965596330275229,1.0
2102,-59.89621,4186.429,-259.6124061972636,-0.026275635,1.5766907,0.031457801033917474,867,867,1.0,1.0
2103,-59.89145,4187.949,-259.6015811708607,0.004760742,1.5200806,0.010825026402929145,875,875,1.0,1.0
2104,-59.879974,4189.547,-259.5724154267524,0.011474609,1.5974274,0.029165744108287112,888,887,0.9988738738738738,1.0
2105,-59.92386,4191.0693,-259.5639774460465,-0.043884277,1.5226288,0.008437980705856942,876,875,0.9988584474885844,1.0
2106,-59.893494,4192.6064,-259.56286402091536,0.03036499,1.5370026,0.001113425131170993,870,869,0.9988505747126437,1.0
2107,-59.908386,4194.192,-259.54757099954634,-0.014892578,1.5852509,0.015293021369022651,861,861,1.0,1.0
2108,-59.911865,4195.7715,-259.5794202195246,-0.003479004,1.5796661,-0.031849219978242985,865,865,1.0,1.0
2109,-59.936035,4197.2646,-259.567170594706,-0.024169922,1.4929352,0.012249624818605895,858,858,1.0,1.0
2110,-59.942383,4198.7485,-259.56277898582863,-0.0063476562,1.4837036,0.004391608877346631,867,865,0.9976931949250288,1.0
2111,-59.94525,4200.1333,-259.5527659679648,-0.0028686523,1.3847351,0.010013017863835048,874,873,0.9988558352402745,1.0
2112,-59.937073,4201.471,-259.54373776193785,0.008178711,1.3379669,0.009028206026899719,869,869,1.0,1.0
2113,-59.92874,4202.807,-259.532149400211,0.008331299,1.3359833,0.011588361726843634,871,871,1.0,1.0
2114,-59.904327,4204.051,-259.50591887690473,0.024414062,1.2436981,0.026230523306250624,872,871,0.9988532110091743,1.0
2115,-59.953094,4205.219,-259.4937081214204,-0.04876709,1.1683655,0.012210755484299224,879,879,1.0,1.0
2116,-60.00467,4206.3457,-259.4982009429153,-0.051574707,1.1265106,-0.004492821494883093,892,892,1.0,1.0
2117,-59.989227,4207.2915,-259.4950416348786,0.0154418945,0.94581604,0.003159308036703695,889,888,0.9988751406074241,1.0
2118,-59.89444,4208.1113,-259.516641419334,0.0947876,0.81977844,-0.02159978445542531,882,882,1.0,1.0
2119,-59.89676,4208.787,-259.52238837034776,-0.002319336,0.6759186,-0.005746951013765729,875,875,1.0,1.0
2120,-59.93109,4209.4536,-259.5184533961683,-0.034332275,0.6663666,0.003934974179446213,874,873,0.9988558352402745,1.0
2121,-59.87387,4209.873,-259.4968265217946,0.05722046,0.41938782,0.021626874373690277,874,873,0.9988558352402745,1.0
2122,-59.883392,4210.2197,-259.48873050609296,-0.009521484,0.3465271,0.008096015701658384,881,881,1.0,1.0
2123,-59.865326,4210.4404,-259.46567774945333,0.018066406,0.22050476,0.023052756639614817,907,907,1.0,1.0
2124,-59.85141,4210.5674,-259.4668375069121,0.013916016,0.12690735,-0.0011597574587792813,927,927,1.0,1.0
2125,-59.880554,4210.6064,-259.4679382030487,-0.029144287,0.03916931,-0.0011006961366006602,953,953,1.0,1.0
2126,-59.90277,4210.587,-259.43749260562817,-0.022216797,-0.019302368,0.030445597420532777,939,939,1.0,1.0
2127,-59.96225,4210.5415,-259.41528758441854,-0.05947876,-0.045318604,0.02220502120962255,929,928,0.9989235737351991,1.0
2128,-60.085022,4210.4653,-259.4003218334704,-0.12277222,-0.07595825,0.014965750948124657,923,923,1.0,1.0
2129,-60.199585,4210.4165,-259.3883619422755,-0.11456299,-0.04902649,0.011959891194908095,919,919,1.0,1.0
2130,-60.28293,4210.3354,-259.386002932601,-0.083343506,-0.08105469,0.0023590096744937677,920,920,1.0,1.0
2131,-60.41638,4210.335,-259.38452655772033,-0.13345337,-0.0004272461,0.001476374880659222,925,925,1.0,1.0
2132,-60.605743,4210.3633,-259.3924075477795,-0.18936157,0.028167725,-0.007880990059159983,913,913,1.0,1.0
2133,-60.768707,4210.4614,-259.4686210825156,-0.16296387,0.09817505,-0.07621353473607238,877,877,1.0,1.0
2134,-60.865906,4210.547,-259.71639548634096,-0.09719849,0.08526611,-0.24777440382536794,881,880,0.9988649262202043,1.0
2135,-60.891815,4210.5933,-259.9396731727678,-0.025909424,0.046447754,-0.22327768642685197,877,877,1.0,1.0
2136,-60.95987,4210.62,-260.10122798333214,-0.0680542,0.026641846,-0.16155481056431897,875,873,0.9977142857142857,1.0
2137,-60.924286,4210.588,-260.26599200741487,0.035583496,-0.03237915,-0.16476402408272753,882,881,0.9988662131519275,1.0
2138,-60.87375,4210.625,-260.39842373250104,0.05053711,0.037002563,-0.1324317250861967,887,887,1.0,1.0
2139,-60.75885,4210.6377,-260.4894577878655,0.11489868,0.012451172,-0.09103405536442387,878,877,0.9988610478359908,1.0
2140,-60.69919,4210.7056,-260.5880965788631,0.059661865,0.06796265,-0.09863879099757573,899,897,0.9977753058954394,1.0
2141,-60.57016,4210.8135,-260.6796583906645,0.12902832,0.108078,-0.09156181180141866,899,898,0.9988876529477196,1.0
2142,-60.44339,4210.9907,-260.7617455198466,0.12677002,0.17745972,-0.08208712918214237,892,891,0.9988789237668162,1.0
2143,-60.334473,4211.275,-260.8340730524845,0.10891724,0.28416443,-0.07232753263785294,897,897,1.0,1.0
2144,-60.262695,4211.6436,-260.92654132328994,0.071777344,0.36842346,-0.09246827080545707,891,889,0.9977553310886644,1.0
2145,-60.16043,4212.063,-261.0280066859069,0.102264404,0.41958618,-0.10146536261698608,887,887,1.0,1.0
2146,-60.0979,4212.651,-261.1429693713138,0.06253052,0.58784485,-0.1149626854068867,881,881,1.0,1.0
2147,-59.94153,4213.315,-261.2307282390677,0.15637207,0.6638336,-0.08775886775382093,861,860,0.9988385598141696,1.0
2148,-59.87149,4214.161,-261.3500820596395,0.07003784,0.84602356,-0.11935382057179957,867,867,1.0,1.0
2149,-59.7865,4215.23,-261.44307690402474,0.084991455,1.0687256,-0.09299484438523915,869,869,1.0,1.0
2150,-59.74707,4216.476,-261.5274174398735,0.03942871,1.2461243,-0.08434053584874586,877,877,1.0,1.0
2151,-59.722748,4217.8975,-261.6191483345273,0.02432251,1.4212494,-0.0917308946538425,861,861,1.0,1.0
2152,-59.774902,4219.408,-261.7070088032984,-0.05215454,1.5108795,-0.08786046877106299,871,870,0.9988518943742825,1.0
2153,-59.72339,4221.192,-261.75168685864406,0.051513672,1.7838593,-0.0446780553456709,867,867,1.0,1.0
2154,-59.724365,4223.1333,-261.83585279382385,-0.0009765625,1.9412689,-0.08416593517981012,861,861,1.0,1.0
2155,-59.750854,4225.262,-261.9051932301486,-0.026489258,2.1287231,-0.06934043632473745,862,861,0.9988399071925754,1.0
2156,-59.70233,4227.6045,-261.9627814473472,0.04852295,2.3422241,-0.05758821719857254,858,856,0.9976689976689976,1.0
2157,-59.64325,4230.112,-262.01412370423543,0.05908203,2.5074005,-0.051342256888232,875,875,1.0,1.0
2158,-59.586,4232.848,-262.05162009763194,0.057250977,2.7361603,-0.03749639339649561,861,859,0.9976771196283392,1.0
2159,-59.548126,4235.835,-262.07161108691525,0.037872314,2.986679,-0.01999098928333022,868,867,0.9988479262672811,1.0
2160,-59.5206,4238.9277,-262.11076249768655,0.027526855,3.0927124,-0.03915141077129463,868,867,0.9988479262672811,1.0
2161,-59.47464,4242.1523,-262.10730639525843,0.045959473,3.2248535,0.0034561024281188294,858,856,0.9976689976689976,1.0
2162,-59.418854,4245.3726,-262.18078816408575,0.055786133,3.2202606,-0.07348176882734528,851,851,1.0,1.0
2163,-59.25409,4248.631,-262.1902249126926,0.1647644,3.2582397,-0.00943674860683624,862,862,1.0,1.0
2164,-59.219208,4252.009,-262.1583342337252,0.03488159,3.3778076,0.031890678967395544,863,861,0.9976825028968713,1.0
2165,-59.09192,4255.2524,-262.106117899864,0.12728882,3.2436676,0.05221633386124681,879,877,0.9977246871444824,1.0
2166,-59.064728,4258.544,-262.055573336641,0.027191162,3.291397,0.05054456322303477,873,872,0.9988545246277205,1.0
2167,-59.016785,4261.759,-261.98503184708665,0.047943115,3.2146454,0.07054148955432765,872,872,1.0,1.0
2168,-58.911774,4264.962,-261.89774892497974,0.10501099,3.2030792,0.0872829221069345,870,870,1.0,1.0
2169,-58.842804,4268.129,-261.8246994977053,0.06896973,3.1671753,0.0730494272744345,865,864,0.9988439306358381,1.0
2170,-58.810364,4271.276,-261.7416260704359,0.032440186,3.1470184,0.08307342726934767,859,856,0.9965075669383003,1.0
2171,-58.770782,4274.373,-261.6744418434762,0.0395813,3.0972137,0.06718422695974717,864,862,0.9976851851851852,1.0
2172,-58.6828,4277.4385,-261.61660568916216,0.08798218,3.0656433,0.05783615431401553,845,845,1.0,1.0
2173,-58.59027,4280.405,-261.53501628997896,0.0925293,2.9664764,0.08158939918317537,868,867,0.9988479262672811,1.0
2174,-58.6994,4283.3125,-261.5088568399161,-0.10913086,2.9075317,0.02615945006284662,856,855,0.9988317757009346,1.0
2175,-58.663757,4286.231,-261.45214378257367,0.03564453,2.9183655,0.05671305734243063,860,860,1.0,1.0
2176,-58.589905,4289.135,-261.361865174912,0.07385254,2.9037476,0.09027860766167135,881,880,0.9988649262202043,1.0
2177,-58.568237,4291.9395,-261.3237817422976,0.02166748,2.804718,0.03808343261439858,850,849,0.9988235294117647,1.0
2178,-58.478058,4294.8057,-261.2478025548079,0.09017944,2.8664246,0.07597918748974729,859,859,1.0,1.0
2179,-58.504883,4297.574,-261.19262655883597,-0.026824951,2.7684784,0.05517599597194089,867,865,0.9976931949250288,1.0
2180,-58.450134,4300.3184,-261.1319041053064,0.054748535,2.7441864,0.0607224535296075,871,871,1.0,1.0
2181,-58.423462,4303.073,-261.11725841396685,0.026672363,2.7547455,0.014645691339513038,879,878,0.9988623435722411,1.0
2182,-58.448547,4305.82,-261.06886100596813,-0.02508545,2.7467499,0.04839740799874109,859,859,1.0,1.0
2183,-58.441895,4308.599,-261.044538070568,0.006652832,2.7792664,0.024322935400079126,854,853,0.9988290398126464,1.0
2184,-58.459106,4311.337,-261.0052901706398,-0.017211914,2.7380066,0.03924789992824057,855,851,0.9953216374269006,1.0
2185,-58.394196,4314.0264,-260.96053823392333,0.06491089,2.6893616,0.044751936716466656,846,846,1.0,1.0
2186,-58.44156,4316.787,-260.93694156755583,-0.04736328,2.7608948,0.02359666636749577,845,844,0.9988165680473373,1.0
2187,-58.41925,4319.5366,-260.92524471549615,0.02230835,2.7493134,0.011696852059661013,856,856,1.0,1.0
2188,-58.451324,4322.3154,-260.9078050546891,-0.032073975,2.778885,0.017439660807066642,858,856,0.9976689976689976,1.0
2189,-58.41449,4325.065,-260.8651572549748,0.036834717,2.749588,0.04264779971429631,847,846,0.9988193624557261,1.0
2190,-58.446594,4327.769,-260.862373021644,-0.032104492,2.7039795,0.002784233330807214,851,849,0.9976498237367802,1.0
2191,-58.445526,4330.506,-260.8294397974724,0.0010681152,2.7370148,0.032933224171591086,846,846,1.0,1.0
2192,-58.477844,4333.34,-260.8094603479173,-0.032318115,2.8338623,0.019979449555106093,845,844,0.9988165680473373,1.0
2193,-58.496033,4336.0854,-260.75156721049797,-0.018188477,2.745514,0.057893137419354444,855,855,1.0,1.0
2194,-58.52762,4338.778,-260.7590524424006,-0.031585693,2.6921997,-0.007485231902647111,847,847,1.0,1.0
2195,-58.53015,4341.462,-260.7098330748206,-0.002532959,2.683899,0.049219367579990556,845,845,1.0,1.0
2196,-58.491608,4344.132,-260.6807316610472,0.0385437,2.670105,0.02910141377338511,834,833,0.9988009592326139,1.0
2197,-58.485107,4346.8384,-260.6200402127088,0.006500244,2.7063904,0.06069144833844023,854,854,1.0,1.0
2198,-58.442413,4349.5117,-260.59064693628613,0.04269409,2.673584,0.029393276422628456,835,835,1.0,1.0
2199,-58.412964,4352.2476,-260.5606415903699,0.029449463,2.7358398,0.030005345916236457,847,845,0.9976387249114522,1.0
2200,-58.423462,4355.005,-260.53192818900624,-0.010498047,2.7574158,0.028713401363700368,835,835,1.0,1.0
2201,-58.424774,4357.7666,-260.5048883029192,-0.0013122559,2.7616882,0.027039886087057777,829,828,0.9987937273823885,1.0
2202,-58.454315,4360.3516,-260.49238176029536,-0.029541016,2.5848541,0.012506542623826186,827,826,0.9987908101571947,1.0
2203,-58.438995,4363.11,-260.46277263356353,0.015319824,2.7583466,0.0296091267318416,828,828,1.0,1.0
2204,-58.478973,4365.8403,-260.43825185546535,-0.039978027,2.7303314,0.02452077809815321,822,821,0.9987834549878345,1.0
2205,-58.415344,4368.5464,-260.4162365121419,0.06362915,2.706009,0.02201534332347412,808,806,0.9975247524752475,1.0
2206,-58.463623,4371.2466,-260.38357721406265,-0.04827881,2.700348,0.03265929807926272,798,795,0.9962406015037594,1.0
2207,-58.4523,4374.0215,-260.3708559092908,0.0113220215,2.7749176,0.012721304771837007,795,794,0.9987421383647799,1.0
2208,-58.483704,4376.5234,-260.4323191817828,-0.031402588,2.5019379,-0.061463272492023165,806,805,0.9987593052109182,1.0
2209,-58.48752,4379.302,-260.4336955633082,-0.0038146973,2.7782898,-0.0013763815253948798,785,784,0.9987261146496815,1.0
2210,-58.5325,4382.0483,-260.4136759042885,-0.04498291,2.7467957,0.020019659019765913,785,783,0.9974522292993631,1.0
2211,-58.514435,4384.7896,-260.39302901752166,0.018066406,2.741211,0.02064688676683228,771,769,0.9974059662775616,1.0
2212,-58.514496,4387.564,-260.381629785327,-6.1035156e-05,2.7745056,0.011399232194655114,772,770,0.9974093264248705,1.0
2213,-58.386078,4390.3447,-260.3617056588408,0.12841797,2.7808228,0.019924126486216616,753,748,0.9933598937583001,1.0
2214,-58.405,4393.1704,-260.3146195539175,-0.018920898,2.8255768,0.047086104923281316,754,749,0.993368700265252,1.0
2215,-58.46747,4395.8667,-260.3151769768078,-0.062469482,2.6964722,-0.0005574228902674533,740,738,0.9972972972972973,1.0
2216,-58.477417,4398.621,-260.2583678849246,-0.0099487305,2.7544556,0.05680909188316261,754,754,1.0,1.0
2217,-58.4964,4401.3325,-260.2469193629861,-0.018981934,2.711563,0.01144852193854353,748,748,1.0,1.0
2218,-58.51114,4404.0527,-260.2176908129655,-0.01473999,2.7204437,0.02922855002062915,752,750,0.9973404255319149,1.0
2219,-58.540527,4406.8525,-260.1952970460952,-0.029388428,2.8000183,0.022393766870273224,728,727,0.9986263736263736,1.0
2220,-58.546753,4409.5547,-260.1682123413184,-0.006225586,2.702179,0.027084704776799726,724,724,1.0,1.0
2221,-58.560516,4412.262,-260.1554266157948,-0.013763428,2.7073364,0.012785725523600765,726,726,1.0,1.0
2222,-58.6492,4415.035,-260.12859953005795,-0.08868408,2.7727203,0.026827085736820522,718,715,0.9958217270194986,1.0
2223,-58.689972,4417.692,-260.10991528873035,-0.040771484,2.6566162,0.01868424132757783,726,726,1.0,1.0
2224,-58.703247,4420.4966,-260.06639723058163,-0.0132751465,2.8046112,0.043518058148701536,724,722,0.9972375690607734,1.0
2225,-58.7406,4423.2134,-260.043929044961,-0.037353516,2.716919,0.022468185620636044,712,711,0.9985955056179775,1.0
2226,-58.704407,4425.9814,-260.01955784830153,0.036193848,2.768036,0.024371196659467,707,705,0.9971711456859972,1.0
2227,-58.742706,4428.626,-259.9996109122186,-0.03829956,2.6446228,0.019946936082951935,685,684,0.9985401459854014,1.0
2228,-58.813446,4431.3013,-260.0023028008271,-0.070739746,2.6753387,-0.0026918886085286254,694,693,0.9985590778097982,1.0
2229,-58.78302,4433.9614,-259.97027826071115,0.030426025,2.6602478,0.032024540115965096,687,684,0.9956331877729258,1.0
2230,-58.82614,4436.703,-260.01031822694716,-0.043121338,2.741867,-0.040039966235997225,702,699,0.9957264957264957,1.0
2231,-58.835815,4439.3286,-259.97409123826264,-0.009674072,2.6256409,0.03622698868451756,694,692,0.9971181556195965,1.0
2232,-58.90161,4442.1133,-259.9590126061014,-0.0657959,2.7844696,0.015078632161266804,687,685,0.9970887918486172,1.0
2233,-58.861786,4444.954,-259.9209737540795,0.03982544,2.8405762,0.0380388520218781,681,679,0.9970631424375918,1.0
2234,-58.845093,4447.7227,-259.9194823650459,0.016693115,2.7687988,0.0014913890336185082,668,667,0.9985029940119761,1.0
2235,-58.863068,4450.455,-259.9105715744699,-0.017974854,2.7325134,0.008910790576003443,648,644,0.9938271604938271,1.0
2236,-58.847595,4452.894,-259.8728499373676,0.015472412,2.4389038,0.03772163710227795,627,624,0.9952153110047847,1.0
2237,-58.89612,4455.2925,-259.8398105859858,-0.04852295,2.3986053,0.03303935138181131,633,632,0.9984202211690363,1.0
2238,-58.893738,4457.521,-259.78568981486904,0.002380371,2.228653,0.05412077111671862,645,643,0.9968992248062015,1.0
2239,-58.926422,4459.632,-259.7427682325192,-0.032684326,2.110855,0.04292158234984273,651,649,0.9969278033794163,1.0
2240,-58.958588,4461.635,-259.6991465587515,-0.032165527,2.0029907,0.04362167376766455,653,650,0.9954058192955589,1.0
2241,-59.000183,4463.5825,-259.66709149118975,-0.04159546,1.9479065,0.03205506756177918,648,647,0.9984567901234568,1.0
2242,-58.972534,4465.4937,-259.61412899181573,0.027648926,1.9111328,0.05296249937402537,609,607,0.9967159277504105,1.0
2243,-58.983643,4467.2363,-259.55611240126547,-0.011108398,1.7426605,0.05801659055026566,603,601,0.9966832504145937,1.0
2244,-58.99594,4468.9956,-259.52081884496886,-0.012298584,1.7592773,0.03529355629663608,599,598,0.998330550918197,1.0
2245,-58.961975,4470.6777,-259.49495594474877,0.033966064,1.6822662,0.0258629002200937,609,607,0.9967159277504105,1.0
2246,-58.976196,4472.2734,-259.4890483266176,-0.014221191,1.5956116,0.005907618131175186,596,592,0.9932885906040269,1.0
2247,-59.049408,4473.934,-259.46153039896916,-0.07321167,1.6605072,0.02751792764844188,583,581,0.9965694682675815,1.0
2248,-58.962555,4475.6206,-259.43251019212477,0.08685303,1.6864166,0.02902020684440615,600,599,0.9983333333333333,1.0
2249,-59.014435,4477.1807,-259.4011497812928,-0.051879883,1.5598755,0.0313604108319701,592,591,0.9983108108108109,1.0
2250,-59.021484,4478.667,-259.40292520422184,-0.0070495605,1.4864197,-0.00177542292900477,590,589,0.9983050847457627,1.0
2251,-59.0459,4480.106,-259.3817355252879,-0.024414062,1.438797,0.0211896789339417,594,592,0.9966329966329966,1.0
2252,-59.048523,4481.639,-259.3939505596991,-0.0026245117,1.5329742,-0.01221503441117014,584,582,0.9965753424657534,1.0
2253,-59.063934,4483.196,-259.3617794264336,-0.015411377,1.556839,0.03217113326547566,568,565,0.9947183098591549,1.0
2254,-59.075745,4484.802,-259.35681406957536,-0.011810303,1.6057129,0.004965356858244057,572,572,1.0,1.0
2255,-59.102753,4486.2866,-259.3513168741007,-0.027008057,1.4849854,0.005497195474701847,561,559,0.9964349376114082,1.0
2256,-59.11743,4487.7095,-259.3466803927487,-0.014678955,1.4228058,0.004636481352004324,558,556,0.996415770609319,1.0
2257,-59.11664,4489.115,-259.3404999622746,0.00079345703,1.4055634,0.006180430474128706,577,576,0.9982668977469671,1.0
2258,-59.11557,4490.499,-259.3450248346034,0.0010681152,1.3837128,-0.0045248723288291255,581,581,1.0,1.0
2259,-59.13449,4491.779,-259.3405359671092,-0.018920898,1.280014,0.004488867494238906,582,581,0.9982817869415808,1.0
2260,-59.135834,4493.0537,-259.3128872264736,-0.0013427734,1.2751465,0.02764874063558964,567,564,0.9947089947089947,1.0
2261,-59.16925,4494.2354,-259.3017931565783,-0.033416748,1.181427,0.011094069895302797,576,574,0.9965277777777778,1.0
2262,-59.194,4495.2393,-259.3032431921599,-0.024749756,1.0038605,-0.0014500355816455123,592,592,1.0,1.0
2263,-59.129272,4496.1426,-259.2356064703168,0.06472778,0.90315247,0.06763672184316923,587,586,0.9982964224872232,1.0
2264,-59.202637,4496.81,-259.2132904453232,-0.07336426,0.6674347,0.022316024993593465,582,581,0.9982817869415808,1.0
2265,-59.297974,4497.2935,-259.1905172080597,-0.095336914,0.48355103,0.022773237263486457,584,580,0.9931506849315068,1.0
2266,-59.398346,4497.7285,-259.1653900757567,-0.100372314,0.43507385,0.025127132302989196,597,597,1.0,1.0
2267,-59.376984,4498.262,-259.09432673033785,0.021362305,0.5337982,0.07106334541887302,583,582,0.9982847341337907,1.0
2268,-59.441498,4498.4546,-259.07030126415134,-0.06451416,0.19218445,0.02402546618652534,590,589,0.9983050847457627,1.0
2269,-59.39435,4498.582,-259.06406669689784,0.04714966,0.1272583,0.006234567253513731,627,626,0.9984051036682615,1.0
2270,-59.373566,4498.625,-259.04396182859284,0.02078247,0.042770386,0.02010486830500093,637,637,1.0,1.0
2271,-59.397186,4498.635,-259.02526507479934,-0.023620605,0.0098724365,0.018696753793520565,611,609,0.9967266775777414,1.0
2272,-59.433502,4498.554,-259.0118410669504,-0.036315918,-0.080566406,0.013424007848913474,608,608,1.0,1.0
2273,-59.53012,4498.517,-259.01562615683804,-0.09661865,-0.037109375,-0.0037850898876279604,607,606,0.9983525535420099,1.0
2274,-59.598083,4498.444,-259.0136475474566,-0.06796265,-0.07310486,0.0019786093813877748,598,594,0.9933110367892977,1.0
2275,-59.693146,4498.4473,-259.0117291709823,-0.095062256,0.003616333,0.0019183764743775451,590,590,1.0,1.0
2276,-59.796753,4498.456,-259.0181687242492,-0.10360718,0.008987427,-0.006439553266938312,586,586,1.0,1.0
2277,-59.92325,4498.461,-259.01943477736836,-0.12649536,0.004989624,-0.0012660531191562414,593,593,1.0,1.0
2278,-60.242157,4498.4653,-258.798663098801,-0.3189087,0.00440979,0.22077167856736074,550,548,0.9963636363636363,1.0
2279,-60.377106,4498.513,-257.83110909105085,-0.13494873,0.04801941,0.9675540077501519,534,533,0.99812734082397,1.0
2280,-60.37317,4498.329,-256.9398469368826,0.0039367676,-0.184021,0.8912621541682414,536,534,0.996268656716418,1.0
2281,-60.351135,4498.149,-256.2619440931501,0.022033691,-0.18029785,0.6779028437325246,537,537,1.0,1.0
2282,-60.238922,4497.9897,-255.72490811685637,0.112213135,-0.15931702,0.5370359762937162,552,550,0.9963768115942029,1.0
2283,-60.21649,4497.797,-255.3606908090537,0.02243042,-0.19291687,0.3642173078026656,559,556,0.9946332737030411,1.0
2284,-59.99347,4497.634,-255.06859028052767,0.22302246,-0.16333008,0.29210052852601415,545,543,0.9963302752293578,1.0
2285,-59.755463,4497.5967,-254.79421279874038,0.23800659,-0.037200928,0.2743774817873052,558,557,0.9982078853046595,1.0
2286,-59.713837,4497.509,-254.637540288742,0.041625977,-0.08784485,0.15667250999838145,567,565,0.9964726631393298,1.0
2287,-59.554077,4497.5063,-254.53269369326625,0.15975952,-0.0026550293,0.10484659547573931,577,576,0.9982668977469671,1.0
2288,-59.50241,4497.584,-254.4803412745189,0.05166626,0.07783508,0.05235241874735069,615,615,1.0,1.0
2289,-59.412567,4497.757,-254.42513854379632,0.08984375,0.17297363,0.055202730722572,623,622,0.9983948635634029,1.0
2290,-59.373657,4498.0522,-254.38755936475522,0.038909912,0.29533386,0.037579179041103326,598,598,1.0,1.0
2291,-59.276062,4498.4062,-254.33842004447575,0.097595215,0.35414124,0.049139320279476074,578,577,0.9982698961937716,1.0
2292,-59.19034,4498.899,-254.28295945230568,0.08572388,0.49249268,0.05546059217006948,570,570,1.0,1.0
2293,-59.097687,4499.5806,-254.25228719459162,0.09265137,0.6814575,0.030672257714059997,572,572,1.0,1.0
2294,-59.04013,4500.389,-254.23088666075535,0.057556152,0.80851746,0.021400533836284565,578,575,0.9948096885813149,1.0
2295,-58.95276,4501.4175,-254.19263382249062,0.087371826,1.0282288,0.03825283826473647,569,567,0.9964850615114236,1.0
2296,-58.94388,4502.5,-254.19325740728056,0.008880615,1.0825958,-0.0006235847899339018,578,576,0.9965397923875432,1.0
2297,-58.908264,4503.84,-254.1605590595037,0.035614014,1.3398132,0.03269834777685988,563,559,0.9928952042628775,1.0
2298,-58.88565,4505.4736,-254.15647010843185,0.022613525,1.6338806,0.004088951071860343,553,550,0.9945750452079566,1.0
2299,-58.86441,4507.2173,-254.16217072046575,0.021240234,1.7435303,-0.005700612033891912,558,555,0.9946236559139785,1.0
2300,-58.79547,4509.1094,-254.15835625016837,0.06893921,1.8919678,0.003814470297395641,557,556,0.9982046678635548,1.0
2301,-58.833313,4511.2505,-254.15459596763765,-0.037841797,2.1411285,0.003760282530732611,548,547,0.9981751824817519,1.0
2302,-58.800995,4513.474,-254.1553233309302,0.032318115,2.2238007,-0.0007273632925545225,544,542,0.9963235294117647,1.0
2303,-58.761963,4515.8916,-254.13688559864704,0.039031982,2.4175262,0.018437732283168445,539,536,0.9944341372912802,1.0
2304,-58.79309,4518.5845,-254.15216360646662,-0.03112793,2.692871,-0.015278007819581657,548,545,0.9945255474452555,1.0
2305,-58.82788,4521.4766,-254.13088382424408,-0.03479004,2.8922424,0.021279782222549302,535,533,0.9962616822429906,1.0
2306,-58.756042,4524.558,-254.11113095283852,0.07183838,3.081314,0.01975287140555113,533,533,1.0,1.0
2307,-58.769165,4527.68,-254.12204088747552,-0.013122559,3.1220856,-0.010909934637005987,536,536,1.0,1.0
2308,-58.829987,4530.803,-254.13096671488503,-0.060821533,3.1228485,-0.008925827409507783,540,539,0.9981481481481481,1.0
2309,-58.96527,4534.048,-254.13360380607602,-0.13528442,3.244629,-0.0026370911909860085,542,541,0.9981549815498155,1.0
2310,-58.99597,4537.345,-254.10187335688363,-0.030700684,3.297287,0.031730449192390764,538,537,0.9981412639405205,1.0
2311,-58.97351,4540.5234,-254.0528232466113,0.022460938,3.1782227,0.04905011027232638,523,523,1.0,1.0
2312,-59.08539,4543.6294,-254.03166787044205,-0.11187744,3.105774,0.021155376169233214,518,518,1.0,1.0
2313,-59.126373,4546.6743,-253.96545826297898,-0.040985107,3.0450897,0.06620960746306859,518,516,0.9961389961389961,1.0
2314,-59.196045,4549.8286,-253.9125776264537,-0.06967163,3.1540833,0.052880636525294906,518,516,0.9961389961389961,1.0
2315,-59.159363,4552.9004,-253.84882813701614,0.03668213,3.0715637,0.06374948943754218,531,528,0.9943502824858758,1.0
2316,-59.234802,4555.858,-253.80985301115786,-0.07543945,2.9575958,0.03897512585829754,511,509,0.9960861056751468,1.0
2317,-59.237976,4558.83,-253.75503695120662,-0.0031738281,2.9722595,0.05481605995124459,500,499,0.998,1.0
2318,-59.23065,4561.731,-253.70120694612902,0.0073242188,2.9006805,0.05383000507758916,504,504,1.0,1.0
2319,-59.26944,4564.608,-253.65045882459873,-0.03878784,2.876831,0.05074812153029156,501,499,0.9960079840319361,1.0
2320,-59.34961,4567.44,-253.61322190763406,-0.08016968,2.8318634,0.037236916964667,508,508,1.0,1.0
2321,-59.45175,4570.324,-253.54892070004686,-0.102142334,2.8844757,0.0643012075871881,509,508,0.9980353634577603,1.0
2322,-59.443176,4573.138,-253.50332552209642,0.008575439,2.8138733,0.04559517795045496,514,512,0.9961089494163424,1.0
2323,-59.44568,4575.9683,-253.41971887469757,-0.0025024414,2.8302612,0.08360664739884727,514,512,0.9961089494163424,1.0
2324,-59.485046,4578.8213,-253.3620472601045,-0.039367676,2.8530884,0.057671614593066356,515,515,1.0,1.0
2325,-59.539124,4581.5566,-253.32627148521422,-0.05407715,2.73526,0.03577577489029417,527,524,0.9943074003795066,1.0
2326,-59.65384,4584.246,-253.31657024149146,-0.114715576,2.6895142,0.009701243722761143,525,524,0.9980952380952381,1.0
2327,-59.753174,4586.8,-253.36377850561257,-0.09933472,2.5536346,-0.0472082641210996,525,523,0.9961904761904762,1.0
2328,-59.842224,4589.565,-253.332457665504,-0.08905029,2.7653656,0.0313208401085816,532,529,0.9943609022556391,1.0
2329,-59.90497,4592.2446,-253.3006649525694,-0.06274414,2.6797943,0.03179271293459503,521,521,1.0,1.0
2330,-60.021027,4594.958,-253.2888061486493,-0.11605835,2.7131653,0.011858803920112654,524,524,1.0,1.0
2331,-60.051758,4597.6123,-253.25205797709674,-0.030731201,2.6541138,0.0367481715525394,512,512,1.0,1.0
2332,-60.09189,4600.2827,-253.25122360761227,-0.040130615,2.6705322,0.0008343694844540148,509,507,0.9960707269155207,1.0
2333,-60.19284,4602.974,-253.24678717325926,-0.10095215,2.6915588,0.0044364343530219124,524,521,0.9942748091603053,1.0
2334,-60.171112,4605.677,-253.21898948355783,0.021728516,2.7026062,0.027797689701440573,518,518,1.0,1.0
2335,-60.211426,4608.3105,-253.21384963672648,-0.04031372,2.633957,0.005139846831352181,525,525,1.0,1.0
2336,-60.190918,4611.116,-253.17698887174703,0.020507812,2.8054504,0.03686076497944345,533,533,1.0,1.0
2337,-60.21573,4613.7847,-253.1579824320449,-0.024810791,2.668396,0.0190064397021246,518,518,1.0,1.0
2338,-60.191895,4616.435,-253.1413323925105,0.023834229,2.650177,0.01665003953439461,518,518,1.0,1.0
2339,-60.15497,4619.11,-253.12820189254083,0.03692627,2.67482,0.013130499969675385,520,520,1.0,1.0
2340,-60.239105,4621.7715,-253.09962481622998,-0.08413696,2.661621,0.02857707631085127,512,510,0.99609375,1.0
2341,-60.125122,4624.4404,-253.08147248234982,0.113983154,2.6688843,0.018152333880151382,512,511,0.998046875,1.0
2342,-60.108246,4627.1567,-253.06370391305384,0.01687622,2.7161407,0.017768569295993537,511,509,0.9960861056751468,1.0
2343,-60.146637,4629.82,-253.0341786327635,-0.038391113,2.663025,0.02952528029031823,497,494,0.993963782696177,1.0
2344,-60.12137,4632.49,-253.06048954661722,0.025268555,2.670456,-0.0263109138537189,477,477,1.0,1.0
2345,-60.136414,4635.192,-253.02886109891773,-0.015045166,2.7018433,0.03162844769948742,502,501,0.99800796812749,1.0
2346,-60.13147,4637.8184,-253.01000290488352,0.0049438477,2.6265106,0.01885819403421415,503,503,1.0,1.0
2347,-60.150024,4640.4307,-253.01412374577689,-0.018554688,2.61232,-0.004120840893365457,496,495,0.9979838709677419,1.0
2348,-60.160095,4643.032,-252.98392044056177,-0.010070801,2.6013794,0.030203305215114846,495,494,0.997979797979798,1.0
2349,-60.2287,4645.7324,-252.9639859750747,-0.068603516,2.7001038,0.0199344654870775,503,501,0.9960238568588469,1.0
2350,-60.26471,4648.318,-252.94517619910434,-0.036010742,2.585556,0.018809775970361167,503,501,0.9960238568588469,1.0
2351,-60.255066,4651.036,-252.92128245221323,0.009643555,2.7184448,0.02389374689111448,499,498,0.9979959919839679,1.0
2352,-60.353302,4653.674,-252.91822807400314,-0.098236084,2.637909,0.003054378210089669,491,490,0.9979633401221996,1.0
2353,-60.337616,4656.3936,-252.89567677996695,0.015686035,2.7195435,0.02255129403620482,497,493,0.9919517102615694,1.0
2354,-60.382233,4658.949,-252.87592940260353,-0.0446167,2.5558167,0.019747377363404997,486,484,0.9958847736625515,1.0
2355,-60.420715,4661.4263,-252.84906365493174,-0.038482666,2.4770508,0.026865747671797814,494,493,0.9979757085020243,1.0
2356,-60.394287,4663.791,-252.84931696709882,0.026428223,2.3647003,-0.0002533121670644514,515,513,0.996116504854369,1.0
2357,-60.399323,4665.9414,-252.84862663150597,-0.0050354004,2.1506195,0.0006903355928385306,520,520,1.0,1.0
2358,-60.45117,4668.1,-252.8324464105238,-0.051849365,2.1587372,0.01618022098217341,516,515,0.998062015503876,1.0
2359,-60.362305,4670.2207,-252.80460337317052,0.08886719,2.1208038,0.027843037353270643,527,527,1.0,1.0
2360,-60.400543,4672.1846,-252.79265455822502,-0.038238525,1.9638672,0.011948814945499653,529,529,1.0,1.0
2361,-60.40204,4674.047,-252.75583561651834,-0.0014953613,1.862503,0.03681894170669624,525,524,0.9980952380952381,1.0
2362,-60.427094,4675.8867,-252.72256627556712,-0.025054932,1.8398285,0.033269340951217745,503,501,0.9960238568588469,1.0
2363,-60.412292,4677.698,-252.6812128740328,0.014801025,1.8114319,0.04135340153432192,513,512,0.9980506822612085,1.0
2364,-60.359222,4679.317,-252.65786070135212,0.05307007,1.6184692,0.023352172680678795,495,493,0.9959595959595959,1.0
2365,-60.365326,4681.117,-252.60934849099456,-0.0061035156,1.8002777,0.04851221035755222,494,493,0.9979757085020243,1.0
2366,-60.41089,4682.719,-252.59462094923444,-0.045562744,1.6020966,0.01472754176013197,494,493,0.9979757085020243,1.0
2367,-60.350494,4684.294,-252.56715564617622,0.060394287,1.5746155,0.02746530305823308,495,493,0.9959595959595959,1.0
2368,-60.378296,4685.866,-252.5527019646689,-0.027801514,1.572403,0.014453681507330302,499,498,0.9979959919839679,1.0
2369,-60.405823,4687.415,-252.5370958627685,-0.027526855,1.5487823,0.015606101900412029,492,492,1.0,1.0
2370,-60.456146,4688.8784,-252.54438880118894,-0.050323486,1.4633331,-0.0072929384204562,495,494,0.997979797979798,1.0
2371,-60.4216,4690.461,-252.51244573786363,0.0345459,1.5827484,0.031943063325303576,498,495,0.9939759036144579,1.0
2372,-60.392487,4691.981,-252.47167922676985,0.02911377,1.52005,0.04076651109378205,477,476,0.9979035639412998,1.0
2373,-60.470795,4693.5674,-252.52546653881865,-0.078308105,1.5863037,-0.05378731204879254,491,489,0.9959266802443992,1.0
2374,-60.45697,4695.066,-252.49069213016895,0.013824463,1.4983826,0.03477440864970635,479,478,0.9979123173277662,1.0
2375,-60.43268,4696.4478,-252.49331289050454,0.024291992,1.3817139,-0.0026207603355797725,468,467,0.9978632478632479,1.0
2376,-60.48355,4697.8374,-252.50164120481304,-0.050872803,1.3894653,-0.008328314308495097,495,495,1.0,1.0
2377,-60.440826,4699.112,-252.50486012721777,0.04272461,1.2742157,-0.0032189224047345475,492,490,0.9959349593495935,1.0
2378,-60.478302,4700.4785,-252.49534596881372,-0.037475586,1.3667908,0.009514158404057251,496,496,1.0,1.0
2379,-60.483856,4701.7197,-252.51048417168636,-0.005554199,1.2409973,-0.015138202872624242,493,493,1.0,1.0
2380,-60.578613,4702.825,-252.51789785668205,-0.09475708,1.1056976,-0.007413684995687278,489,487,0.9959100204498977,1.0
2381,-60.530273,4703.822,-252.51433472600723,0.048339844,0.9968109,0.00356313067481572,484,483,0.9979338842975206,1.0
2382,-60.599182,4704.779,-252.48676395923812,-0.06890869,0.957016,0.027570766769120948,492,492,1.0,1.0
2383,-60.525208,4705.5234,-252.46888390875927,0.07397461,0.7447052,0.017880050478839078,492,490,0.9959349593495935,1.0
2384,-60.51474,4706.2124,-252.45514789964213,0.010467529,0.68891907,0.013736009117134882,485,481,0.9917525773195877,1.0
2385,-60.45105,4706.994,-252.382888063417,0.063690186,0.7819214,0.07225983622511654,488,487,0.9979508196721312,1.0
2386,-60.472473,4707.378,-252.40013488607516,-0.02142334,0.38360596,-0.017246822658178777,478,478,1.0,1.0
2387,-60.47708,4707.655,-252.38099993329106,-0.0046081543,0.27705383,0.019134952784097135,494,492,0.9959514170040485,1.0
2388,-60.453827,4707.957,-252.37800897262593,0.023254395,0.3021698,0.002990960665117041,509,506,0.9941060903732809,1.0
2389,-60.46164,4708.107,-252.37667917504245,-0.0078125,0.15011597,0.001329797583478294,520,520,1.0,1.0
2390,-60.492615,4708.241,-252.37544868096086,-0.030975342,0.13432312,0.0012304940815969275,532,532,1.0,1.0
2391,-60.493225,4708.281,-252.38429179530766,-0.00061035156,0.039352417,-0.008843114346798093,545,545,1.0,1.0
2392,-60.552124,4708.365,-252.380325223469,-0.058898926,0.08442688,0.003966571838665028,527,526,0.9981024667931688,1.0
2393,-60.618195,4708.4243,-252.38576380576197,-0.06607056,0.05909729,-0.005438582292972009,522,522,1.0,1.0
2394,-60.693268,4708.4185,-252.39066377755776,-0.07507324,-0.0060577393,-0.004899971795790837,507,506,0.9980276134122288,1.0
2395,-60.74417,4708.405,-252.38682761129147,-0.05090332,-0.013442993,0.0038361662663002703,497,497,1.0,1.0
2396,-60.883667,4708.439,-252.40003997599405,-0.13949585,0.034362793,-0.013212364702586557,498,498,1.0,1.0
2397,-61.45807,4708.5303,-251.67970883418053,-0.57440186,0.09118652,0.7203311418135246,435,429,0.9862068965517241,1.0
2398,-61.816895,4707.909,-246.17237197174737,-0.35882568,-0.6208954,5.5073368624331716,442,440,0.995475113122172,1.0
2399,-61.842438,4706.982,-239.79925289950856,-0.025543213,-0.9272003,6.373119072238809,441,435,0.9863945578231292,1.0
2400,-61.74991,4706.4824,-233.21683929859898,0.0925293,-0.49931335,6.582413600909567,461,456,0.9891540130151844,1.0
2401,-61.532257,4705.801,-226.6628426403705,0.21765137,-0.6817627,6.553996658228465,440,433,0.9840909090909091,1.0
2402,-61.354584,4705.1274,-220.04432894778276,0.17767334,-0.6732025,6.618513692587767,429,427,0.9953379953379954,1.0
2403,-61.041687,4704.2734,-213.60102167337115,0.31289673,-0.8541107,6.443307274411604,417,412,0.988009592326139,1.0
2404,-60.657623,4703.4717,-207.72266358787988,0.38406372,-0.8017273,5.878358085491276,409,406,0.9926650366748166,1.0
2405,-60.30591,4702.9473,-202.99429539671323,0.3517151,-0.5243225,4.728368191166651,397,395,0.9949622166246851,1.0
2406,-59.89267,4702.52,-199.5578184258213,0.41323853,-0.42736816,3.4364769708919307,401,399,0.9950124688279302,1.0
2407,-59.71643,4702.3555,-197.31393166603382,0.17623901,-0.16435242,2.243886759787468,433,432,0.9976905311778291,1.0
2408,-59.48053,4702.3633,-195.79799850184372,0.23590088,0.007659912,1.5159331641900993,417,415,0.9952038369304557,1.0
2409,-59.415497,4702.7295,-194.55210134045305,0.06503296,0.3659668,1.2458971613906686,412,410,0.9951456310679612,1.0
2410,-59.260345,4702.906,-193.47987623268216,0.15515137,0.17611694,1.0722251077708809,412,408,0.9902912621359223,1.0
2411,-59.20633,4703.3877,-192.7059271568505,0.054016113,0.48187256,0.7739490758316725,428,422,0.985981308411215,1.0
2412,-59.1279,4703.892,-192.10663903864025,0.078430176,0.50424194,0.5992881182102471,438,431,0.9840182648401826,1.0
2413,-58.99774,4704.514,-191.64560995341628,0.13015747,0.6222534,0.4610290852239829,431,427,0.9907192575406032,1.0
2414,-58.898376,4705.3594,-191.25731484071915,0.099365234,0.84539795,0.38829511269712835,413,410,0.9927360774818402,1.0
2415,-58.909485,4706.4004,-191.002614413004,-0.011108398,1.0410309,0.2547004277151467,417,416,0.9976019184652278,1.0
2416,-58.875336,4707.72,-190.76846862749454,0.03414917,1.3197021,0.234145785509477,431,428,0.9930394431554525,1.0
2417,-58.821045,4709.0996,-190.60219462705942,0.05429077,1.379364,0.16627400043511698,440,439,0.9977272727272727,1.0
2418,-58.845703,4710.642,-190.45380494536124,-0.024658203,1.5423889,0.14838968169817146,439,437,0.9954441913439636,1.0
2419,-58.908234,4712.3604,-190.4176989882383,-0.06253052,1.718277,0.03610595712293662,427,424,0.9929742388758782,1.0
2420,-58.865936,4714.2085,-190.35565986832373,0.042297363,1.8482513,0.062039119914580915,438,435,0.9931506849315068,1.0
2421,-58.882812,4716.2705,-190.29690010755178,-0.01687622,2.0620117,0.0587597607719378,446,445,0.9977578475336323,1.0
2422,-58.788086,4718.627,-190.23349398493656,0.09472656,2.3564148,0.06340612261520769,442,440,0.995475113122172,1.0
2423,-58.77899,4721.165,-190.24631074963781,0.009094238,2.5379333,-0.012816764701263582,448,445,0.9933035714285714,1.0
2424,-58.670166,4723.9062,-190.18734847464418,0.10882568,2.7413788,0.05896227499364239,463,461,0.9956803455723542,1.0
2425,-58.664673,4726.753,-190.1313239650766,0.005493164,2.846527,0.05602450956757841,461,458,0.9934924078091106,1.0
2426,-58.611176,4729.8027,-190.0813697297527,0.053497314,3.0498505,0.04995423532389154,452,449,0.9933628318584071,1.0
2427,-58.54181,4732.863,-189.9980922155907,0.069366455,3.060257,0.08327751416200953,448,448,1.0,1.0
2428,-58.524048,4735.8975,-189.91683805650152,0.01776123,3.0345917,0.08125415908917508,425,424,0.9976470588235294,1.0
2429,-58.51709,4739.0264,-189.80925514246252,0.006958008,3.128708,0.10758291403901332,432,429,0.9930555555555556,1.0
2430,-58.62506,4742.0986,-189.69827344285605,-0.10797119,3.0725098,0.11098169960647078,435,433,0.9954022988505747,1.0
2431,-58.623352,4745.1333,-189.56300305076945,0.0017089844,3.0346527,0.13527039208660652,434,430,0.9907834101382489,1.0
2432,-58.663605,4748.1865,-189.4268383554355,-0.040252686,3.05336,0.13616469533393252,453,450,0.9933774834437086,1.0
2433,-58.766693,4751.214,-189.3397196110969,-0.10308838,3.0274353,0.08711874433859067,451,451,1.0,1.0
2434,-58.828247,4754.115,-189.2353729924845,-0.061553955,2.901413,0.10434661861240069,453,452,0.9977924944812362,1.0
2435,-58.81543,4757.0464,-189.1741985692027,0.012817383,2.9313507,0.06117442328182088,452,452,1.0,1.0
2436,-58.88788,4759.8623,-189.12518172595597,-0.07244873,2.8159485,0.04901684324674511,447,446,0.9977628635346756,1.0
2437,-58.90625,4762.7217,-189.09147723403711,-0.018371582,2.859558,0.03370449191885984,465,462,0.9935483870967742,1.0
2438,-58.99649,4765.5376,-189.05439988014237,-0.09024048,2.815857,0.03707735389475116,465,462,0.9935483870967742,1.0
2439,-59.062042,4768.295,-189.01769306507677,-0.06555176,2.7572632,0.036706815065590946,466,466,1.0,1.0
2440,-59.070984,4771.0195,-188.9629906702313,-0.00894165,2.72464,0.054702394845462486,462,461,0.9978354978354979,1.0
2441,-59.082855,4773.728,-188.92900591206595,-0.011871338,2.708313,0.03398475816536471,469,468,0.997867803837953,1.0
2442,-59.058197,4776.3154,-188.89678445195088,0.024658203,2.5874634,0.03222146011505634,474,474,1.0,1.0
2443,-58.960083,4778.9863,-188.8555377018485,0.09811401,2.6707458,0.041246750102368036,474,471,0.9936708860759493,1.0
2444,-59.07669,4781.5645,-188.86082789268468,-0.116607666,2.5782318,-0.00529019083617548,483,481,0.9958592132505176,1.0
2445,-59.076447,4784.226,-188.856932555686,0.00024414062,2.6615906,0.0038953369986742853,463,463,1.0,1.0
2446,-59.091064,4786.814,-188.84890242085058,-0.01461792,2.588089,0.00803013483543554,474,473,0.9978902953586498,1.0
2447,-59.103424,4789.4434,-188.82182471629997,-0.012359619,2.629593,0.027077704550609004,490,489,0.9979591836734694,1.0
2448,-59.13803,4792.035,-188.8350260073976,-0.034606934,2.5915985,-0.013201291097623734,501,501,1.0,1.0
2449,-59.17044,4794.6533,-188.84406968504868,-0.032409668,2.6181183,-0.009043677651086462,476,475,0.9978991596638656,1.0
2450,-59.181244,4797.243,-188.83599163081763,-0.010803223,2.589676,0.008078054231049674,484,483,0.9979338842975206,1.0
2451,-59.07144,4799.928,-188.7929957548813,0.109802246,2.684967,0.042995875936319275,497,497,1.0,1.0
2452,-59.128296,4802.5205,-188.7732493477494,-0.056854248,2.5924072,0.019746407131882776,504,502,0.996031746031746,1.0
2453,-59.08426,4805.0605,-188.7756488072474,0.044036865,2.5399475,-0.002399459497981845,502,501,0.99800796812749,1.0
2454,-59.09897,4807.683,-188.7666216611204,-0.014709473,2.6225586,0.00902714612697289,502,499,0.9940239043824701,1.0
2455,-59.08966,4810.315,-188.75833894450201,0.009307861,2.631897,0.008282716618407687,499,496,0.9939879759519038,1.0
2456,-59.103394,4812.8906,-188.73775975801973,-0.01373291,2.575714,0.02057918648227652,517,514,0.9941972920696325,1.0
2457,-59.09311,4815.392,-188.72531990544914,0.010284424,2.5015564,0.012439852570586005,517,514,0.9941972920696325,1.0
2458,-59.073395,4817.996,-188.73874972709206,0.019714355,2.604065,-0.013429821642919388,530,526,0.9924528301886792,1.0
2459,-59.06555,4820.6177,-188.7200155451223,0.007843018,2.6217651,0.018734181969766863,526,524,0.9961977186311787,1.0
2460,-59.11789,4823.2397,-188.73858347051535,-0.052337646,2.6221313,-0.01856792539305452,532,531,0.9981203007518797,1.0
2461,-59.065735,4825.9004,-188.7324934479908,0.05215454,2.6604462,0.006090022524541765,541,539,0.9963031423290203,1.0
2462,-59.121704,4828.642,-188.74256125591606,-0.05596924,2.7417145,-0.01006780792524937,542,537,0.9907749077490775,1.0
2463,-59.125763,4831.2085,-188.75616465836194,-0.004058838,2.5666351,-0.013603402445887794,559,556,0.9946332737030411,1.0
2464,-59.08914,4833.626,-188.74461254823487,0.036621094,2.417572,0.01155211012706932,563,558,0.9911190053285968,1.0
2465,-59.09915,4836.024,-188.70862485609362,-0.010009766,2.398178,0.03598769214124807,563,562,0.9982238010657194,1.0
2466,-59.097656,4838.335,-188.7156323256793,0.0014953613,2.311081,-0.007007469585691277,573,572,0.9982547993019197,1.0
2467,-59.066833,4840.524,-188.68588494346005,0.030822754,2.1887665,0.02974738221926497,581,577,0.9931153184165232,1.0
2468,-59.08075,4842.54,-188.67372985703292,-0.013916016,2.0162354,0.012155086427141278,583,581,0.9965694682675815,1.0
2469,-59.02716,4844.5957,-188.64051247252036,0.053588867,2.0558472,0.03321738451257383,585,584,0.9982905982905983,1.0
2470,-59.039368,4846.5264,-188.61266399941078,-0.012207031,1.930893,0.02784847310957615,595,594,0.9983193277310924,1.0
2471,-59.045227,4848.3716,-188.61305863340473,-0.005859375,1.8452606,-0.00039463399396027636,585,581,0.9931623931623932,1.0
2472,-59.02597,4850.06,-188.59592614978837,0.019256592,1.6886597,0.017132483616373415,575,571,0.9930434782608696,1.0
2473,-59.071716,4851.792,-188.57670990470334,-0.04574585,1.731842,0.019216245085039774,583,581,0.9965694682675815,1.0
2474,-59.024048,4853.435,-188.55092291040756,0.047668457,1.64328,0.025786994295774582,589,588,0.99830220713073,1.0
2475,-59.06433,4855.0493,-188.54328123216868,-0.040283203,1.6143494,0.0076416782388844294,594,592,0.9966329966329966,1.0
2476,-59.052673,4856.6704,-188.52854629284434,0.011657715,1.6212006,0.014734939324351683,585,583,0.9965811965811966,1.0
2477,-59.031555,4858.24,-188.49041147351906,0.021118164,1.5698547,0.038134819325292266,581,581,1.0,1.0
2478,-59.064697,4859.7485,-188.4951526899053,-0.03314209,1.5081787,-0.004741216386222815,592,590,0.9966216216216216,1.0
2479,-59.08731,4861.219,-188.49431494598375,-0.022613525,1.4706421,0.000837743921559708,578,575,0.9948096885813149,1.0
2480,-59.127716,4862.6997,-188.49403294923073,-0.040405273,1.4804382,0.00028199675300478766,593,593,1.0,1.0
2481,-59.075897,4864.19,-188.47379018488095,0.051818848,1.4903564,0.020242764349760124,617,615,0.9967585089141004,1.0
2482,-59.08316,4865.661,-188.46482535352936,-0.0072631836,1.470993,0.008964831351600143,596,594,0.9966442953020134,1.0
2483,-59.129547,4867.052,-188.49435657428015,-0.04638672,1.3906403,-0.029531220750793237,601,601,1.0,1.0
2484,-59.067078,4868.584,-188.4808552786311,0.062469482,1.5323029,0.013501295649025375,618,615,0.9951456310679612,1.0
2485,-59.16342,4869.9478,-188.4931182841724,-0.096343994,1.363678,-0.012263005541277868,602,599,0.9950166112956811,1.0
2486,-59.108337,4871.3667,-188.48431252475729,0.05508423,1.4191132,0.008805759415117909,605,604,0.9983471074380166,1.0
2487,-59.17569,4872.651,-188.48785686571034,-0.067352295,1.2843323,-0.0035443409530614236,613,611,0.9967373572593801,1.0
2488,-59.20114,4873.9414,-188.4668798736187,-0.02545166,1.2906036,0.020976992091658538,594,593,0.9983164983164983,1.0
2489,-59.175293,4875.063,-188.44807445796096,0.025848389,1.1214752,0.0188054156577319,613,610,0.9951060358890701,1.0
2490,-59.225098,4876.0264,-188.46095904030838,-0.049804688,0.9633789,-0.012884582347410915,636,636,1.0,1.0
2491,-59.253113,4876.9805,-188.44298605599877,-0.028015137,0.9542084,0.017972984309609575,644,643,0.9984472049689441,1.0
2492,-59.277344,4877.759,-188.4231280270152,-0.024230957,0.7781677,0.01985802898356403,632,632,1.0,1.0
2493,-59.255707,4878.428,-188.37986837485442,0.021636963,0.6692352,0.04325965216077244,632,630,0.9968354430379747,1.0
2494,-59.308807,4878.9395,-188.37386894181063,-0.053100586,0.5110321,0.00599943304380183,639,638,0.9984350547730829,1.0
2495,-59.394196,4879.392,-188.3547191706606,-0.08538818,0.45280457,0.01914977115004185,650,648,0.9969230769230769,1.0
2496,-59.440796,4879.774,-188.27813700886645,-0.04660034,0.38160706,0.07658216179414638,642,642,1.0,1.0
2497,-59.455383,4880.0493,-188.25933130533843,-0.014587402,0.27523804,0.018805703528018896,649,649,1.0,1.0
2498,-59.51779,4880.2275,-188.24921802190892,-0.062408447,0.17831421,0.010113283429524025,658,658,1.0,1.0
2499,-59.554474,4880.283,-188.22589505703797,-0.03668213,0.055648804,0.02332296487093024,684,684,1.0,1.0
2500,-59.614258,4880.374,-188.20495538004633,-0.059783936,0.090667725,0.020939676991634855,675,675,1.0,1.0
2501,-59.698456,4880.363,-188.19170290109767,-0.084198,-0.011352539,0.013252478948649315,659,659,1.0,1.0
2502,-59.773956,4880.399,-188.18762077618953,-0.07550049,0.03605652,0.004082124908149794,673,673,1.0,1.0
2503,-59.800842,4880.423,-188.165403066309,-0.026885986,0.024154663,0.022217709880526217,684,684,1.0,1.0
2504,-59.950836,4880.4077,-188.1643616580406,-0.1499939,-0.015045166,0.0010414082684114543,663,663,1.0,1.0
2505,-60.055664,4880.376,-188.15964850028377,-0.10482788,-0.031799316,0.004713157756850466,664,663,0.9984939759036144,1.0
2506,-60.196472,4880.3374,-188.14812295234597,-0.1408081,-0.038604736,0.01152554793778895,657,656,0.9984779299847792,1.0
2507,-61.142944,4879.699,-184.22559500742773,-0.94647217,-0.6384125,3.9225279449182398,593,589,0.9932546374367622,1.0
2508,-61.270416,4878.795,-177.91341725515375,-0.12747192,-0.9045105,6.312177752273971,574,568,0.9895470383275261,1.0
2509,-60.89856,4877.97,-171.67681007155664,0.3718567,-0.824646,6.236607183597103,570,564,0.9894736842105263,1.0
2510,-60.647003,4877.41,-166.40794833676955,0.2515564,-0.5598755,5.268861734787094,570,567,0.9947368421052631,1.0
2511,-60.245605,4876.88,-162.38604324665127,0.4013977,-0.5301666,4.021905090118278,582,578,0.993127147766323,1.0
2512,-59.90399,4876.6235,-159.7163458620144,0.34161377,-0.2564087,2.669697384636851,592,590,0.9966216216216216,1.0
2513,-59.630768,4876.509,-157.97180871754293,0.27322388,-0.11495972,1.7445371444714781,588,586,0.9965986394557823,1.0
2514,-59.404327,4876.5093,-156.65253344379232,0.22644043,0.0002746582,1.3192752737506142,583,579,0.9931389365351629,1.0
2515,-59.23636,4876.56,-155.53665301543634,0.16796875,0.05079651,1.1158804283559676,609,605,0.993431855500821,1.0
2516,-59.16385,4876.695,-154.65828889595193,0.072509766,0.13465881,0.8783641194844236,624,624,1.0,1.0
2517,-59.026,4876.8325,-153.95351070819305,0.1378479,0.13763428,0.7047781877588642,613,612,0.99836867862969,1.0
2518,-59.020203,4877.1724,-153.4290034668434,0.00579834,0.3397522,0.5245072413496427,620,618,0.9967741935483871,1.0
2519,-58.90451,4877.5728,-153.00364307282294,0.11569214,0.40057373,0.4253603940204544,613,612,0.99836867862969,1.0
2520,-58.80548,4878.1006,-152.69336011451773,0.09902954,0.5280762,0.3102829583052097,634,630,0.9936908517350158,1.0
2521,-58.73825,4878.7017,-152.43210680145833,0.067230225,0.6009064,0.26125331305939864,626,623,0.9952076677316294,1.0
2522,-58.66205,4879.408,-152.22836782150483,0.07620239,0.7065735,0.20373897995350654,615,614,0.9983739837398374,1.0
2523,-58.596893,4880.197,-152.0636079857041,0.06515503,0.7886963,0.1647598358007454,628,624,0.9936305732484076,1.0
2524,-58.512817,4881.1914,-151.97201655376205,0.08407593,0.9946289,0.09159143194205695,640,639,0.9984375,1.0
2525,-58.436768,4882.2773,-151.92701914062502,0.076049805,1.0858917,0.044997413137026016,663,662,0.9984917043740573,1.0
2526,-58.46646,4883.6235,-151.8805519313772,-0.029693604,1.3462372,0.04646720924781319,660,660,1.0,1.0
2527,-58.446106,4885.1416,-151.83715291575575,0.020355225,1.5181122,0.043399015621439815,667,665,0.9970014992503748,1.0
2528,-58.411926,4886.7993,-151.79883184914004,0.034179688,1.6575928,0.03832106661570624,661,659,0.9969742813918305,1.0
2529,-58.391632,4888.6636,-151.7709538753737,0.02029419,1.8644714,0.027877973766349526,655,655,1.0,1.0
2530,-58.398376,4890.6343,-151.72328787272045,-0.0067443848,1.9704742,0.04766600265323566,662,659,0.9954682779456193,1.0
2531,-58.399902,4892.815,-151.7356109563531,-0.0015258789,2.1808167,-0.01232308363263895,671,668,0.9955290611028316,1.0
2532,-58.40329,4895.2544,-151.73398590403,-0.0033874512,2.4395142,0.0016250523231195102,684,682,0.9970760233918129,1.0
2533,-58.395477,4897.8857,-151.70587336966844,0.0078125,2.6312866,0.028112534361567656,679,677,0.9970544918998527,1.0
2534,-58.34781,4900.74,-151.70025764624646,0.047668457,2.8545837,0.005615723421988481,684,684,1.0,1.0
2535,-58.34955,4903.7593,-151.69618026669536,-0.001739502,3.0190277,0.004077379551089614,675,673,0.997037037037037,1.0
2536,-58.302826,4906.794,-151.68920353571195,0.046722412,3.0346222,0.006976730983418084,672,670,0.9970238095238095,1.0
2537,-58.242615,4909.872,-151.6417437541298,0.06021118,3.0779877,0.04745978158213846,690,686,0.9942028985507246,1.0
2538,-58.23059,4913.02,-151.59656232319705,0.012023926,3.1478577,0.04518143093275791,699,697,0.9971387696709585,1.0
2539,-58.198425,4916.0933,-151.51636917496432,0.032165527,3.0730896,0.08019314823272639,709,707,0.997179125528914,1.0
2540,-58.26062,4919.26,-151.4138614092678,-0.062194824,3.1666107,0.10250776569651873,715,711,0.9944055944055944,1.0
2541,-58.134674,4922.471,-151.30290411253367,0.12594604,3.21138,0.11095729673415206,696,695,0.9985632183908046,1.0
2542,-58.133087,4925.4795,-151.16952179443666,0.0015869141,3.008255,0.1333823180969946,684,680,0.9941520467836257,1.0
2543,-58.191315,4928.4863,-151.04845162492606,-0.05822754,3.0068512,0.12107016951061524,683,682,0.9985358711566618,1.0
2544,-58.269806,4931.4375,-150.9417765707456,-0.07849121,2.9511871,0.10667505418047868,688,687,0.998546511627907,1.0
2545,-58.304688,4934.318,-150.85771646237208,-0.03488159,2.8802032,0.08406010837351065,714,714,1.0,1.0
2546,-58.355682,4937.082,-150.82454813580236,-0.050994873,2.7643127,0.033168326569708216,715,712,0.9958041958041958,1.0
2547,-58.40558,4939.893,-150.7764769958572,-0.04989624,2.8111267,0.04807113994515418,729,728,0.9986282578875172,1.0
2548,-58.371826,4942.5996,-150.71493977630243,0.03375244,2.706421,0.06153721955476268,727,724,0.9958734525447043,1.0
2549,-58.32663,4945.3145,-150.6629929913449,0.045196533,2.7148743,0.05194678495752848,759,753,0.9920948616600791,1.0
2550,-58.41687,4947.8623,-150.62196926796054,-0.09024048,2.5479584,0.04102372338437695,762,760,0.9973753280839895,1.0
2551,-58.445496,4950.538,-150.57997745951212,-0.028625488,2.6756134,0.04199180844840577,758,757,0.9986807387862797,1.0
2552,-58.38965,4953.081,-150.51102823819178,0.055847168,2.5430298,0.06894922132033646,766,766,1.0,1.0
2553,-58.422943,4955.73,-150.48882904608521,-0.033294678,2.6490326,0.02219919210656056,775,773,0.9974193548387097,1.0
2554,-58.493988,4958.3433,-150.47020927280767,-0.07104492,2.6134033,0.01861977327754591,773,768,0.9935316946959897,1.0
2555,-58.54007,4961.0625,-150.46337450123147,-0.046081543,2.7194214,0.006834771576187674,772,769,0.9961139896373057,1.0
2556,-58.57672,4963.765,-150.4446329275767,-0.03665161,2.70253,0.018741573654789217,772,771,0.9987046632124352,1.0
2557,-58.591003,4966.459,-150.43030097956472,-0.014282227,2.6938782,0.014331948011962792,787,786,0.9987293519695044,1.0
2558,-58.65451,4969.1924,-150.39930517424926,-0.06350708,2.7336273,0.030995805315450604,777,776,0.9987129987129987,1.0
2559,-58.683685,4971.846,-150.3806994235705,-0.029174805,2.6539307,0.01860575067878325,787,786,0.9987293519695044,1.0
2560,-58.78952,4974.3403,-150.37201083704187,-0.10583496,2.4939423,0.008688586528608499,794,794,1.0,1.0
2561,-58.78122,4976.762,-150.331499074417,0.008300781,2.4220428,0.04051176262486233,800,796,0.995,1.0
2562,-58.81134,4979.0195,-150.30454526946423,-0.03012085,2.2575226,0.026953804952779704,823,820,0.9963547995139733,1.0
2563,-58.837677,4981.223,-150.27809648488252,-0.02633667,2.2036133,0.02644878458169012,829,828,0.9987937273823885,1.0
2564,-58.910828,4983.279,-150.2637007967978,-0.073150635,2.0554962,0.014395688084745856,813,813,1.0,1.0
2565,-58.915527,4985.272,-150.25198977663769,-0.004699707,1.9929657,0.01171102016010071,799,799,1.0,1.0
2566,-58.97995,4987.083,-150.25714677015796,-0.06442261,1.8111877,-0.0051569935202684805,805,802,0.9962732919254659,1.0
2567,-59.027466,4988.838,-150.23435783100697,-0.04751587,1.755127,0.022788939150983456,785,785,1.0,1.0
2568,-59.035034,4990.6294,-150.21533420037736,-0.0075683594,1.791626,0.019023630629612893,813,813,1.0,1.0
2569,-59.01181,4992.3,-150.18363126874027,0.023223877,1.6702576,0.03170293163709059,800,800,1.0,1.0
2570,-58.97455,4994.0396,-150.15659003907328,0.037261963,1.739685,0.027041229666997835,799,798,0.9987484355444305,1.0
2571,-58.96414,4995.6626,-150.14208865708054,0.010406494,1.6230774,0.01450138199274148,804,804,1.0,1.0
2572,-58.962738,4997.24,-150.0971610845751,0.0014038086,1.5775604,0.04492757250541927,820,819,0.998780487804878,1.0
2573,-58.954163,4998.807,-150.0780914785949,0.008575439,1.5671234,0.019069605980219343,805,804,0.9987577639751553,1.0
2574,-59.053223,5000.3984,-150.07288472130722,-0.09906006,1.5914764,0.005206757287672849,806,804,0.9975186104218362,1.0
2575,-58.973846,5001.9214,-150.0565890602578,0.07937622,1.5228577,0.01629566104940919,799,796,0.9962453066332916,1.0
2576,-58.96158,5003.429,-150.0404671470643,0.012268066,1.5079346,0.016121913193509623,802,798,0.9950124688279302,1.0
2577,-59.00241,5005.0005,-150.03829227045617,-0.04083252,1.5711212,0.0021748766081451628,791,788,0.9962073324905183,1.0
2578,-59.067444,5006.511,-150.04184730402633,-0.06503296,1.5107727,-0.0035550335701565574,793,792,0.9987389659520807,1.0
2579,-59.009644,5008.06,-150.0111975829878,0.057800293,1.5488892,0.030649721038541303,790,788,0.9974683544303797,1.0
2580,-59.045197,5009.555,-150.0057616229091,-0.03555298,1.4953156,0.005435960078713381,784,782,0.9974489795918368,1.0
2581,-58.99881,5010.9546,-149.99059665441314,0.04638672,1.3995819,0.015164968495958595,799,798,0.9987484355444305,1.0
2582,-59.055237,5012.326,-149.98524214563955,-0.056427002,1.3717194,0.005354508773588504,807,807,1.0,1.0
2583,-59.00461,5013.7104,-149.98175577351435,0.050628662,1.384079,0.0034863721251932214,793,791,0.9974779319041615,1.0
2584,-58.992096,5014.9014,-149.95128186024556,0.012512207,1.1910095,0.030473913268792566,803,801,0.9975093399750934,1.0
2585,-58.939636,5016.029,-149.91223608671103,0.052459717,1.1275787,0.039045773534514126,825,823,0.9975757575757576,1.0
2586,-58.95706,5017.0356,-149.89223893605075,-0.017425537,1.0069885,0.01999715066029541,823,823,1.0,1.0
2587,-58.919647,5017.921,-149.8638336955979,0.03741455,0.8853607,0.02840524045285108,811,811,1.0,1.0
2588,-58.902985,5018.683,-149.83789374580527,0.016662598,0.7621002,0.025939949792617295,812,812,1.0,1.0
2589,-58.89923,5019.4346,-149.80800317250453,0.003753662,0.7512665,0.029890573300752853,799,798,0.9987484355444305,1.0
2590,-58.8649,5019.996,-149.75652160630557,0.034332275,0.5614624,0.05148156619896945,775,775,1.0,1.0
2591,-58.803894,5020.443,-149.6563474062814,0.06100464,0.4466858,0.10017420002415968,802,799,0.9962593516209476,1.0
2592,-58.748535,5020.8906,-149.5725606776519,0.055358887,0.4478302,0.08378672862951132,815,815,1.0,1.0
2593,-58.807495,5021.2817,-149.565021763404,-0.05895996,0.39118958,0.007538914247914855,825,824,0.9987878787878788,1.0
2594,-58.812927,5021.5874,-149.55312752855585,-0.005432129,0.30545044,0.011894234848146753,842,840,0.997624703087886,1.0
2595,-58.852783,5021.7666,-149.53558341219528,-0.039855957,0.17897034,0.017544116360566634,857,855,0.9976662777129521,1.0
2596,-58.88571,5021.8413,-149.52287053564018,-0.032928467,0.07467651,0.012712876555095166,876,876,1.0,1.0
2597,-59.035645,5021.8345,-149.51636559891327,-0.14993286,-0.0068206787,0.006504936726900426,858,857,0.9988344988344988,1.0
2598,-59.12375,5021.836,-149.49466947974753,-0.08810425,0.0012664795,0.02169611916572712,857,856,0.9988331388564761,1.0
2599,-59.30789,5021.792,-149.49107115410501,-0.18414307,-0.043807983,0.003598325642507444,830,828,0.9975903614457832,1.0
2600,-59.487274,5021.7583,-149.49627870455146,-0.17938232,-0.033493042,-0.005207550446455168,806,803,0.9962779156327544,1.0
2601,-59.600677,5021.7227,-149.49463771626316,-0.11340332,-0.035705566,0.0016409882883096651,822,821,0.9987834549878345,1.0
2602,-59.780365,5021.672,-149.49133717720065,-0.1796875,-0.050994873,0.003300539062507984,853,850,0.9964830011723329,1.0
2603,-60.143158,5021.4443,-148.97219769768412,-0.36279297,-0.22769165,0.5191394795165175,770,767,0.9961038961038962,1.0
2604,-60.277008,5021.223,-147.983475705879,-0.1338501,-0.22138977,0.9887219918051294,723,720,0.995850622406639,1.0
2605,-60.27774,5021.1562,-147.20795117605311,-0.0007324219,-0.067092896,0.7755245298258796,735,732,0.9959183673469387,1.0
2606,-60.305756,5021.1797,-146.72160737847923,-0.028015137,0.023208618,0.48634379757387125,767,764,0.9960886571056062,1.0
2607,-60.22409,5021.265,-146.39723589684309,0.08166504,0.08526611,0.32437148163616125,776,772,0.9948453608247423,1.0
2608,-60.169067,5021.3784,-146.1642057937734,0.055023193,0.11338806,0.2330301030696832,762,757,0.9934383202099738,1.0
2609,-60.101227,5021.53,-145.95141772573345,0.067840576,0.15145874,0.21278806803994796,779,779,1.0,1.0
2610,-59.948517,5021.7153,-145.78738746449196,0.15270996,0.18566895,0.16403026124149564,799,797,0.9974968710888611,1.0
2611,-59.82663,5021.9,-145.641872556015,0.12188721,0.18460083,0.1455149084769725,805,805,1.0,1.0
2612,-59.6485,5022.183,-145.5353579094313,0.1781311,0.2830963,0.10651464658370166,831,826,0.9939831528279182,1.0
2613,-59.497528,5022.518,-145.48269503990042,0.15097046,0.33486938,0.05266286953087765,833,833,1.0,1.0
2614,-59.389465,5022.9766,-145.42660553922695,0.108062744,0.4586029,0.05608950067345932,826,825,0.9987893462469734,1.0
2615,-59.289673,5023.4727,-145.37210022376243,0.09979248,0.49609375,0.05450531546452228,795,793,0.9974842767295597,1.0
2616,-59.12616,5024.059,-145.3218517991243,0.16351318,0.5866394,0.05024842463813133,801,800,0.9987515605493134,1.0
2617,-59.02646,5024.634,-145.28476043468686,0.09970093,0.5747528,0.03709136443743431,807,806,0.9987608426270136,1.0
2618,-58.826935,5025.451,-145.24399306476022,0.19952393,0.8173523,0.04076736992663752,800,799,0.99875,1.0
2619,-58.764893,5026.302,-145.2294341106551,0.062042236,0.8504181,0.014558954105138924,799,798,0.9987484355444305,1.0
2620,-58.706024,5027.4536,-145.1979955670104,0.05886841,1.1516571,0.03143854364468738,817,817,1.0,1.0
2621,-58.5943,5028.6997,-145.17638471892155,0.11172485,1.2458649,0.021610848088831913,807,805,0.9975216852540273,1.0
2622,-58.51346,5030.0967,-145.17164882159892,0.080841064,1.3970947,0.00473589732262712,804,801,0.996268656716418,1.0
2623,-58.408478,5031.6147,-145.16003391659842,0.10498047,1.5181885,0.011614905000512028,794,793,0.9987405541561712,1.0
2624,-58.341827,5033.3506,-145.15666273505772,0.06665039,1.7358246,0.0033711815406937437,818,817,0.9987775061124694,1.0
2625,-58.266174,5035.2476,-145.15293006384437,0.075653076,1.8968658,0.003732671213353495,838,838,1.0,1.0
2626,-58.260223,5037.17,-145.15064883148688,0.0059509277,1.9225616,0.0022812323574842377,838,837,0.9988066825775657,1.0
2627,-58.28592,5039.472,-145.1838785295316,-0.0256958,2.302246,-0.03322969804471448,823,822,0.9987849331713244,1.0
2628,-58.247406,5041.9136,-145.207067686148,0.038513184,2.4412384,-0.023189156616418898,806,803,0.9962779156327544,1.0
2629,-58.286804,5044.5527,-145.23006569776538,-0.039398193,2.6393127,-0.02299801161736178,814,812,0.9975429975429976,1.0
2630,-58.275574,5047.374,-145.27119982578594,0.011230469,2.8212738,-0.041134128020547195,821,819,0.997563946406821,1.0
2631,-58.279327,5050.333,-145.3446677081384,-0.003753662,2.9588013,-0.07346788235244421,818,815,0.9963325183374083,1.0
2632,-58.24997,5053.309,-145.3787650485283,0.02935791,2.9759674,-0.034097340389913,820,814,0.9926829268292683,1.0
2633,-58.313904,5056.382,-145.44544942484055,-0.063934326,3.072937,-0.06668437631226694,792,791,0.9987373737373737,1.0
2634,-58.32144,5059.4155,-145.46125587023795,-0.007537842,3.0337524,-0.015806445397395955,800,799,0.99875,1.0
2635,-58.289032,5062.5493,-145.41812278323187,0.032409668,3.134018,0.04313308700607536,792,792,1.0,1.0
2636,-58.274536,5065.6304,-145.3738178696164,0.01449585,3.081009,0.044304913615449464,837,836,0.998805256869773,1.0
2637,-58.28705,5068.7085,-145.30841329000873,-0.012512207,3.078125,0.06540457960768076,820,817,0.9963414634146341,1.0
2638,-58.338196,5071.731,-145.2035101626349,-0.05114746,3.022522,0.10490312737381692,799,796,0.9962453066332916,1.0
2639,-58.379395,5074.671,-145.09890674373796,-0.04119873,2.9399261,0.10460341889694737,805,801,0.9950310559006211,1.0
2640,-58.45929,5077.569,-145.02602573330802,-0.07989502,2.8981018,0.07288101042994287,809,807,0.9975278121137207,1.0
2641,-58.494873,5080.434,-144.99449691391757,-0.035583496,2.8654327,0.03152881939043725,810,809,0.9987654320987654,1.0
2642,-58.468994,5083.2476,-144.93821367044654,0.025878906,2.8134766,0.056283243471015335,802,802,1.0,1.0
2643,-58.499207,5086.0684,-144.87903989744655,-0.030212402,2.820877,0.059173772999999964,801,798,0.9962546816479401,1.0
2644,-58.50522,5088.8135,-144.83956938143984,-0.006011963,2.745285,0.03947051600669252,821,817,0.9951278928136419,1.0
2645,-58.56366,5091.5483,-144.8005254152152,-0.058441162,2.7350006,0.03904396622466001,829,829,1.0,1.0
2646,-58.606354,5094.2607,-144.75895921539527,-0.04269409,2.712494,0.04156619981991222,839,838,0.99880810488677,1.0
2647,-58.613617,5096.981,-144.70889960625445,-0.0072631836,2.7200165,0.05005960914081011,844,844,1.0,1.0
2648,-58.61087,5099.6104,-144.67782225029768,0.002746582,2.6295776,0.031077355956767902,838,837,0.9988066825775657,1.0
2649,-58.607605,5102.3105,-144.64509092370128,0.0032653809,2.7001038,0.03273132659640257,831,827,0.9951865222623345,1.0
2650,-58.596405,5104.9653,-144.6084321804322,0.011199951,2.654602,0.03665874326908482,850,849,0.9988235294117647,1.0
2651,-58.717316,5107.62,-144.62344735712182,-0.120910645,2.6549988,-0.015015176689627678,837,836,0.998805256869773,1.0
2652,-58.703674,5110.3125,-144.60705403369457,0.013641357,2.692566,0.016393323427260888,826,826,1.0,1.0
2653,-58.796112,5112.954,-144.59831564906543,-0.092437744,2.6415405,0.00873838462915242,823,822,0.9987849331713244,1.0
2654,-58.74582,5115.602,-144.5907930269156,0.05029297,2.6480865,0.007522622149828196,829,828,0.9987937273823885,1.0
2655,-58.788574,5118.299,-144.57005185661552,-0.042755127,2.6965637,0.020741170300088787,832,830,0.9975961538461539,1.0
2656,-58.782898,5120.9067,-144.5691415875314,0.0056762695,2.6078644,0.0009102690841367479,842,841,0.998812351543943,1.0
2657,-58.772583,5123.5864,-144.55316030395412,0.010314941,2.679657,0.015981283577275886,840,840,1.0,1.0
2658,-58.76114,5126.183,-144.55079356273924,0.011444092,2.5966034,0.0023667412148741557,838,836,0.9976133651551312,1.0
2659,-58.75525,5128.8325,-144.52219454364345,0.0058898926,2.6491852,0.028599019095780352,820,817,0.9963414634146341,1.0
2660,-58.78955,5131.45,-144.51367383089305,-0.034301758,2.6174622,0.008520712750386435,833,832,0.9987995198079231,1.0
2661,-58.74994,5134.0815,-144.50814156653564,0.039611816,2.6312866,0.005532264357424639,847,845,0.9976387249114522,1.0
2662,-58.80249,5136.7573,-144.512180117271,-0.05255127,2.6760101,-0.00403855073534397,836,835,0.9988038277511961,1.0
2663,-58.800995,5139.3213,-144.52455974695087,0.0014953613,2.5641632,-0.012379629679877073,833,829,0.9951980792316927,1.0
2664,-58.793335,5141.922,-144.52098475952386,0.007659912,2.6004486,0.003574987427011072,844,843,0.9988151658767772,1.0
2665,-58.84308,5144.565,-144.50723201215982,-0.049743652,2.6431122,0.013752747364045527,834,832,0.9976019184652278,1.0
2666,-58.85611,5147.1665,-144.5094741142414,-0.013031006,2.6015625,-0.002242102081601848,837,834,0.996415770609319,1.0
2667,-58.842346,5149.736,-144.48975663520176,0.013763428,2.5695496,0.019717479039649922,842,841,0.998812351543943,1.0
2668,-58.924133,5152.277,-144.49874717796575,-0.08178711,2.5412445,-0.00899054276398723,853,848,0.9941383352872216,1.0
2669,-58.90088,5154.9067,-144.4671164111305,0.023254395,2.6299744,0.031630766835267124,860,856,0.9953488372093023,1.0
2670,-58.958496,5157.541,-144.46500418811854,-0.057617188,2.6341248,0.002112223011953048,860,858,0.9976744186046511,1.0
2671,-58.971344,5160.2827,-144.42141579863056,-0.0128479,2.7417908,0.0435883894879819,845,845,1.0,1.0
2672,-58.973328,5162.9893,-144.4250784202115,-0.0019836426,2.706314,-0.003662621580921618,843,841,0.9976275207591934,1.0
2673,-58.983795,5165.719,-144.37408972351957,-0.010467529,2.7298431,0.05098869669190708,834,830,0.9952038369304557,1.0
2674,-59.0318,5168.2817,-144.37622906504694,-0.04800415,2.562561,-0.0021393415273686534,845,840,0.9940828402366864,1.0
2675,-59.12857,5170.762,-144.3875545154007,-0.09677124,2.480362,-0.011325450353747478,842,840,0.997624703087886,1.0
2676,-59.09659,5173.0317,-144.36840553847193,0.031982422,2.2697296,0.019148976928775045,855,852,0.9964912280701754,1.0
2677,-59.09842,5175.2075,-144.3542636748141,-0.0018310547,2.1759949,0.01414186365785184,838,837,0.9988066825775657,1.0
2678,-59.16623,5177.3486,-144.34048548576445,-0.06781006,2.141037,0.013778189049656019,857,856,0.9988331388564761,1.0
2679,-59.114136,5179.4307,-144.30349630207525,0.052093506,2.0820312,0.036989183689208706,856,854,0.9976635514018691,1.0
2680,-59.141754,5181.361,-144.27572833163148,-0.027618408,1.9302216,0.02776797044375937,860,858,0.9976744186046511,1.0
2681,-59.187714,5183.29,-144.2204417535347,-0.045959473,1.929184,0.055286578096800765,869,868,0.998849252013809,1.0
2682,-59.202515,5185.127,-144.1581182899845,-0.014801025,1.837143,0.062323463550191055,854,853,0.9988290398126464,1.0
2683,-59.16275,5186.801,-144.11584231459983,0.039764404,1.6737823,0.04227597538466489,858,857,0.9988344988344988,1.0
2684,-59.238556,5188.482,-144.11068238895172,-0.075805664,1.6811829,0.005159925648111862,849,849,1.0,1.0
2685,-59.273834,5190.149,-144.0681237956879,-0.03527832,1.6671295,0.04255859326379652,842,840,0.997624703087886,1.0
2686,-59.299255,5191.725,-144.02484769316607,-0.025421143,1.5763245,0.043276102521833185,857,855,0.9976662777129521,1.0
2687,-59.34189,5193.39,-144.00155686836888,-0.042633057,1.6648712,0.023290824797190187,851,848,0.9964747356051704,1.0
2688,-59.369446,5194.971,-144.00617522796773,-0.027557373,1.5808411,-0.004618359598842492,838,837,0.9988066825775657,1.0
2689,-59.432922,5196.525,-144.0022895448243,-0.06347656,1.5535431,0.0038856831434269604,853,850,0.9964830011723329,1.0
2690,-59.446136,5198.088,-143.99429873499903,-0.013214111,1.5628967,0.007990809825249382,844,843,0.9988151658767772,1.0
2691,-59.502014,5199.6787,-143.99235475127523,-0.055877686,1.5908203,0.0019439837238020563,859,856,0.9965075669383003,1.0
2692,-59.530853,5201.2734,-143.97949184928706,-0.028839111,1.5946503,0.01286290198816853,855,852,0.9964912280701754,1.0
2693,-59.533722,5202.895,-143.9848868394863,-0.0028686523,1.6213989,-0.005394990199251476,850,849,0.9988235294117647,1.0
2694,-59.583405,5204.358,-144.00205093596517,-0.049682617,1.4626617,-0.01716409647886851,848,847,0.9988207547169812,1.0
2695,-59.62155,5205.8726,-144.01066012358396,-0.038146973,1.514679,-0.00860918761879825,844,842,0.9976303317535545,1.0
2696,-59.678833,5207.296,-144.01400606729428,-0.057281494,1.4231415,-0.00334594371031866,843,840,0.99644128113879,1.0
2697,-59.688904,5208.6675,-144.01431066226596,-0.010070801,1.3715973,-0.00030459497167873627,849,847,0.9976442873969376,1.0
2698,-59.709778,5210.0093,-144.00704316802626,-0.020874023,1.3417511,0.007267494239711915,851,850,0.9988249118683902,1.0
2699,-59.769318,5211.2266,-143.99983531793217,-0.059539795,1.2174377,0.007207850094079323,857,857,1.0,1.0
2700,-59.804382,5212.3047,-143.98147892287759,-0.035064697,1.0783386,0.01835639505457934,867,867,1.0,1.0
2701,-59.800232,5213.237,-143.97844597508777,0.0041503906,0.932312,0.0030329477898072836,886,886,1.0,1.0
2702,-59.822662,5214.0884,-143.9577056087086,-0.02243042,0.8516083,0.02074036637916637,891,891,1.0,1.0
2703,-59.909393,5214.881,-143.9580204115828,-0.08673096,0.79252625,-0.0003148028741788124,884,884,1.0,1.0
2704,-59.86136,5215.5054,-143.93256159173762,0.048034668,0.62454224,0.02545881984517157,877,877,1.0,1.0
2705,-59.871582,5215.9087,-143.88632471450316,-0.010223389,0.40315247,0.046236877234476476,879,877,0.9977246871444824,1.0
2706,-59.858917,5216.3696,-143.78975231293865,0.012664795,0.46099854,0.09657240156451134,872,870,0.9977064220183486,1.0
2707,-59.829193,5216.797,-143.78123885115676,0.029724121,0.42700195,0.008513461781901365,878,877,0.9988610478359908,1.0
2708,-59.8649,5217.114,-143.7762706589025,-0.035705566,0.31672668,0.00496819225425526,893,892,0.9988801791713325,1.0
2709,-59.893707,5217.3135,-143.7846113097635,-0.028808594,0.19952393,-0.008340650861029053,899,898,0.9988876529477196,1.0
2710,-59.948334,5217.3965,-143.77220184419264,-0.054626465,0.08308411,0.01240946557087159,925,925,1.0,1.0
2711,-60.01239,5217.3936,-143.75381780230074,-0.0640564,-0.0028533936,0.018384041891878963,926,926,1.0,1.0
2712,-60.163025,5217.3047,-143.73598859935606,-0.15063477,-0.08911133,0.017829202944686165,905,905,1.0,1.0
2713,-60.304993,5217.254,-143.72032702469318,-0.14196777,-0.05055237,0.015661574662882278,900,899,0.9988888888888889,1.0
2714,-60.41034,5217.2075,-143.70726609889252,-0.10534668,-0.046157837,0.01306092580066498,900,899,0.9988888888888889,1.0
2715,-60.568665,5217.1562,-143.7040586782366,-0.1583252,-0.051361084,0.0032074206559085786,894,894,1.0,1.0
2716,-60.683624,5217.0835,-143.69885681000406,-0.11495972,-0.07293701,0.0052018682325433024,897,896,0.9988851727982163,1.0
2717,-60.296448,5217.3657,-145.12680548492585,0.3871765,0.28231812,-1.4279486749218069,833,830,0.9963985594237695,1.0
2718,-60.76651,5218.1157,-150.83869218774518,-0.47006226,0.7499237,-5.711886702819319,799,794,0.9937421777221527,1.0
2719,-61.105255,5219.034,-156.87515057509623,-0.33874512,0.9183197,-6.036458387351038,797,792,0.9937264742785445,1.0
2720,-61.40448,5219.939,-162.23063156367036,-0.29922485,0.90496826,-5.355480988574139,766,761,0.9934725848563969,1.0
2721,-61.568512,5220.559,-166.32878337867808,-0.16403198,0.6199188,-4.098151815007728,750,746,0.9946666666666667,1.0
2722,-61.694214,5221.005,-169.10898908285313,-0.1257019,0.4457245,-2.7802057041750388,752,747,0.9933510638297872,1.0
2723,-61.651215,5221.0884,-170.8097424412673,0.042999268,0.083465576,-1.7007533584141754,748,744,0.9946524064171123,1.0
2724,-61.41519,5221.1997,-171.95763759503274,0.23602295,0.111206055,-1.1478951537654432,754,754,1.0,1.0
2725,-61.211487,5221.2427,-172.90710467200066,0.20370483,0.04296875,-0.9494670769679141,752,746,0.9920212765957447,1.0
2726,-60.89395,5221.3535,-173.66818247099147,0.3175354,0.11088562,-0.7610777989908216,753,749,0.9946879150066401,1.0
2727,-60.64801,5221.507,-174.3411077893854,0.24594116,0.1535492,-0.6729253183939408,757,755,0.9973579920739762,1.0
2728,-60.397064,5221.7524,-174.88892043087816,0.25094604,0.24539185,-0.5478126414927578,751,748,0.996005326231691,1.0
2729,-60.122223,5222.0454,-175.3415650420687,0.2748413,0.29318237,-0.4526446111905443,751,749,0.9973368841544608,1.0
2730,-59.85132,5222.3784,-175.75215951177762,0.27090454,0.33314514,-0.4105944697089148,762,757,0.9934383202099738,1.0
2731,-59.598175,5222.839,-176.08129044098646,0.2531433,0.46025085,-0.3291309292088338,773,770,0.9961190168175937,1.0
2732,-59.422607,5223.3975,-176.3887399748912,0.17556763,0.55848694,-0.30744953390472834,752,748,0.9946808510638298,1.0
2733,-59.24588,5224.1626,-176.67027752711638,0.1767273,0.765152,-0.28153755222517823,751,749,0.9973368841544608,1.0
2734,-59.18152,5225.194,-176.9168957773186,0.06436157,1.0314484,-0.2466182502022072,751,749,0.9973368841544608,1.0
2735,-59.1886,5226.345,-177.10796168434615,-0.007080078,1.1513062,-0.19106590702756915,762,760,0.9973753280839895,1.0
2736,-59.199066,5227.65,-177.33213993686547,-0.010467529,1.3045349,-0.22417825251933415,753,751,0.99734395750332,1.0
2737,-59.17392,5229.065,-177.47021684058083,0.025146484,1.4151459,-0.13807690371537165,733,732,0.9986357435197817,1.0
2738,-59.1799,5230.6636,-177.58693227589427,-0.0059814453,1.5988007,-0.1167154353134342,736,733,0.9959239130434783,1.0
2739,-59.197113,5232.4653,-177.70300990367332,-0.017211914,1.8018341,-0.11607762777904028,722,720,0.997229916897507,1.0
2740,-59.215546,5234.4077,-177.82753793146733,-0.018432617,1.9422455,-0.12452802779401152,728,725,0.9958791208791209,1.0
2741,-59.268555,5236.7075,-177.92105212093338,-0.053009033,2.299942,-0.09351418946604632,742,741,0.9986522911051213,1.0
2742,-59.344025,5239.049,-178.01532830557903,-0.07546997,2.3415222,-0.09427618464566295,767,766,0.9986962190352021,1.0
2743,-59.375793,5241.6807,-178.10809205172512,-0.0317688,2.6320496,-0.09276374614608711,762,762,1.0,1.0
2744,-59.423187,5244.5557,-178.28411635896873,-0.0473938,2.874878,-0.17602430724359783,746,745,0.9986595174262735,1.0
2745,-59.461945,5247.587,-178.4571943923669,-0.038757324,3.0314636,-0.17307803339814976,754,752,0.9973474801061007,1.0
2746,-59.552094,5250.629,-178.58034164090955,-0.090148926,3.0421448,-0.12314724854267485,766,765,0.9986945169712794,1.0
2747,-59.560852,5253.778,-178.64629253561912,-0.008758545,3.1489563,-0.06595089470956322,767,767,1.0,1.0
2748,-59.57483,5256.9697,-178.67235259100406,-0.013977051,3.191925,-0.02606005538492051,781,779,0.9974391805377721,1.0
2749,-59.6073,5260.163,-178.63848616433282,-0.032470703,3.193161,0.033866426671226794,790,790,1.0,1.0
2750,-59.64041,5263.3735,-178.60573487193906,-0.033111572,3.210434,0.032751292393749104,796,793,0.9962311557788944,1.0
2751,-59.66736,5266.5386,-178.5513158579892,-0.026947021,3.1648865,0.05441901394986088,786,785,0.9987277353689568,1.0
2752,-59.704224,5269.675,-178.46205598937854,-0.036865234,3.136444,0.08925986861067937,789,786,0.9961977186311787,1.0
2753,-59.74591,5272.7603,-178.36438181589227,-0.04168701,3.0853577,0.09767417348628257,787,778,0.98856416772554,1.0
2754,-59.74353,5275.786,-178.25283662500098,0.002380371,3.0260315,0.11154519089130054,778,777,0.9987146529562982,1.0
2755,-59.77542,5278.8164,-178.17881868337818,-0.03189087,3.0301056,0.07401794162280578,756,755,0.9986772486772487,1.0
2756,-59.829865,5281.789,-178.10708729876202,-0.05444336,2.9727173,0.07173138461614764,768,767,0.9986979166666666,1.0
2757,-59.850983,5284.729,-178.0835548948966,-0.021118164,2.9397736,0.0235324038654179,801,798,0.9962546816479401,1.0
2758,-59.930115,5287.576,-178.07470083981474,-0.07913208,2.8472595,0.008854055081866864,778,777,0.9987146529562982,1.0
2759,-59.918518,5290.3857,-178.05068713247258,0.01159668,2.8093872,0.024013707342158703,784,782,0.9974489795918368,1.0
2760,-59.927155,5293.2046,-178.00302469752228,-0.008636475,2.8189545,0.047662434950310736,798,797,0.9987468671679198,1.0
2761,-59.85904,5295.9937,-177.96101533272858,0.068115234,2.788971,0.042009364793688456,786,785,0.9987277353689568,1.0
2762,-59.8981,5298.717,-177.9554803447495,-0.0390625,2.7229767,0.0055349879790699144,789,788,0.9987325728770595,1.0
2763,-59.902985,5301.511,-177.96404670555052,-0.0048828125,2.7946472,-0.008566360801006381,804,802,0.9975124378109452,1.0
2764,-59.941437,5304.217,-177.96445932524782,-0.03845215,2.7055664,-0.0004126196972896931,825,822,0.9963636363636363,1.0
2765,-59.88672,5306.903,-177.9491611163276,0.054718018,2.6860352,0.015298208920218158,813,810,0.996309963099631,1.0
2766,-59.917786,5309.6455,-177.95396744386107,-0.031066895,2.7429047,-0.004806327533475199,803,801,0.9975093399750934,1.0
2767,-59.964478,5312.3755,-177.96611772410643,-0.046691895,2.7298126,-0.01215028024536375,806,805,0.9987593052109182,1.0
2768,-60.009003,5315.1475,-177.98311755660916,-0.044525146,2.7717896,-0.016999832502735672,827,826,0.9987908101571947,1.0
2769,-60.08835,5318.008,-177.98357513199184,-0.0793457,2.860321,-0.0004575753826781648,836,836,1.0,1.0
2770,-60.147156,5320.77,-177.98450289019334,-0.058807373,2.762436,-0.0009277582014911983,832,831,0.9987980769230769,1.0
2771,-60.22998,5323.398,-177.98710708052099,-0.08282471,2.6280823,-0.002604190327653931,823,822,0.9987849331713244,1.0
2772,-60.22342,5326.007,-177.98858338483893,0.0065612793,2.608902,-0.0014763043179342316,828,825,0.9963768115942029,1.0
2773,-60.352722,5328.4146,-177.9670751171997,-0.12930298,2.4078217,0.021508267639240755,828,828,1.0,1.0
2774,-60.392334,5330.8086,-177.95869898283354,-0.039611816,2.3940125,0.008376134366172383,837,835,0.997610513739546,1.0
2775,-60.437042,5333.0166,-177.94173694000236,-0.044708252,2.2077637,0.016962042831192056,826,824,0.9975786924939467,1.0
2776,-60.484314,5335.119,-177.94228802527192,-0.04727173,2.1023407,-0.0005510852695706264,838,838,1.0,1.0
2777,-60.516876,5337.135,-177.91474709576943,-0.032562256,2.0157776,0.02754092950248164,830,826,0.9951807228915662,1.0
2778,-60.52707,5339.0474,-177.92140524851453,-0.010192871,1.9128113,-0.006658152745090283,814,813,0.9987714987714987,1.0
2779,-60.566406,5340.8936,-177.93989486130707,-0.03933716,1.8462982,-0.018489612792523123,834,834,1.0,1.0
2780,-60.654083,5342.589,-177.92403667479977,-0.087677,1.6954803,0.01585818650729554,837,833,0.995221027479092,1.0
2781,-60.659637,5344.404,-177.92513171548046,-0.005554199,1.8148193,-0.0010950406807013582,842,839,0.996437054631829,1.0
2782,-60.69272,5346.129,-177.92557748943972,-0.033081055,1.7249451,-0.0004457739592446049,838,834,0.9952267303102625,1.0
2783,-60.691833,5347.821,-177.92721469156444,0.00088500977,1.6916809,-0.0016372021247350642,819,819,1.0,1.0
2784,-60.73236,5349.3364,-177.93777712769867,-0.040527344,1.5158234,-0.010562436134219446,820,818,0.9975609756097561,1.0
2785,-60.788666,5350.872,-177.96038035659126,-0.05630493,1.5354767,-0.022603228892590737,822,820,0.9975669099756691,1.0
2786,-60.82965,5352.44,-177.9834878786645,-0.040985107,1.5677185,-0.023107522073237335,821,820,0.9987819732034104,1.0
2787,-60.910004,5353.9634,-178.01564578677034,-0.08035278,1.5235596,-0.03215790810583621,838,837,0.9988066825775657,1.0
2788,-61.004425,5355.446,-178.0419834376765,-0.09442139,1.4825745,-0.026337650906150076,844,840,0.995260663507109,1.0
2789,-61.03543,5356.923,-178.0565072291302,-0.03100586,1.4769135,-0.014523791453720866,843,841,0.9976275207591934,1.0
2790,-61.13907,5358.4707,-178.07701028573106,-0.103637695,1.5477142,-0.020503056600855673,845,844,0.9988165680473373,1.0
2791,-61.233215,5359.916,-178.11826775833956,-0.09414673,1.4453278,-0.04125747260849787,838,835,0.9964200477326969,1.0
2792,-61.29538,5361.403,-178.13287063553085,-0.062164307,1.4866943,-0.014602877191294194,847,846,0.9988193624557261,1.0
2793,-61.406586,5362.914,-178.15813730420223,-0.111206055,1.511261,-0.02526666867138255,839,834,0.9940405244338498,1.0
2794,-61.401398,5364.2905,-178.1740050271279,0.0051879883,1.3764191,-0.015867722925674944,826,822,0.9951573849878934,1.0
2795,-61.489258,5365.606,-178.22602151345797,-0.08786011,1.3152924,-0.05201648633007861,834,832,0.9976019184652278,1.0
2796,-61.53311,5366.83,-178.24665243575868,-0.04385376,1.22406,-0.02063092230072293,858,857,0.9988344988344988,1.0
2797,-61.53891,5368.001,-178.23517052894556,-0.00579834,1.17099,0.011481906813123428,843,842,0.9988137603795967,1.0
2798,-61.572754,5369.0317,-178.27388773047284,-0.033843994,1.0305328,-0.03871720152726644,854,853,0.9988290398126464,1.0
2799,-61.606842,5369.9277,-178.29400939580702,-0.034088135,0.8958893,-0.020121665334174706,885,883,0.9977401129943503,1.0
2800,-61.655914,5370.767,-178.30684756854498,-0.049072266,0.8392792,-0.012838172737950593,863,861,0.9976825028968713,1.0
2801,-61.642365,5371.4814,-178.301453183697,0.013549805,0.7144165,0.00539438484797526,841,840,0.9988109393579072,1.0
2802,-61.668823,5372.136,-178.29619826641837,-0.02645874,0.6549225,0.005254917278606843,858,856,0.9976689976689976,1.0
2803,-61.72003,5372.65,-178.28437180470948,-0.051208496,0.5136261,0.011826461708905549,865,863,0.9976878612716763,1.0
2804,-61.697083,5372.9565,-178.25972849068077,0.022949219,0.30682373,0.02464331402870544,889,887,0.9977502812148481,1.0
2805,-61.68033,5373.285,-178.21475552550413,0.01675415,0.32850647,0.04497296517664321,875,874,0.9988571428571429,1.0
2806,-61.672913,5373.5537,-178.2376160618037,0.0074157715,0.2683258,-0.02286053629956248,884,882,0.997737556561086,1.0
2807,-61.672455,5373.795,-178.2452141013084,0.00045776367,0.2412262,-0.007598039504690092,904,904,1.0,1.0
2808,-61.682922,5373.962,-178.24804700069228,-0.010467529,0.16694641,-0.0028328993838764678,896,895,0.9988839285714286,1.0
2809,-61.73883,5374.0273,-178.23158137215543,-0.055908203,0.06561279,0.016465628536842365,895,893,0.9977653631284916,1.0
2810,-61.83139,5374.0186,-178.223511973124,-0.092559814,-0.00869751,0.008069399031414464,901,900,0.9988901220865705,1.0
2811,-61.96649,5373.993,-178.21766086651806,-0.13510132,-0.025375366,0.005851106605932119,903,903,1.0,1.0
2812,-62.08026,5373.9863,-178.18971863613885,-0.11376953,-0.007019043,0.027942230379199528,872,871,0.9988532110091743,1.0
2813,-62.23938,5373.937,-178.18232549628033,-0.15911865,-0.0491333,0.007393139858508985,860,859,0.9988372093023256,1.0
2814,-62.36496,5373.9175,-178.18099910993115,-0.12557983,-0.019317627,0.001326386349180067,858,855,0.9965034965034965,1.0
2815,-62.312836,5373.8955,-178.56451256742633,0.052124023,-0.021896362,-0.3835134574951858,815,812,0.996319018404908,1.0
2816,-62.705505,5374.242,-183.49455320758562,-0.39266968,0.34651184,-4.93004064015929,770,769,0.9987012987012988,1.0
2817,-63.103943,5375.269,-189.7533817653637,-0.3984375,1.0268707,-6.2588285577780916,758,754,0.9947229551451188,1.0
2818,-63.338623,5376.3374,-195.68873001265484,-0.23468018,1.0683441,-5.935348247291144,753,751,0.99734395750332,1.0
2819,-63.47867,5377.181,-200.65642514315866,-0.14004517,0.84358215,-4.967695130503823,748,745,0.9959893048128342,1.0
2820,-63.565308,5377.7183,-204.33400789172578,-0.086639404,0.5372772,-3.6775827485671124,742,738,0.9946091644204852,1.0
2821,-63.581665,5377.965,-206.56413359913356,-0.016357422,0.24661255,-2.230125707407782,734,726,0.989100817438692,1.0
2822,-63.44113,5377.994,-207.90672404312548,0.14053345,0.029541016,-1.3425904439919267,765,761,0.9947712418300654,1.0
2823,-63.280945,5378.1436,-208.90987644011017,0.16018677,0.14929199,-1.003152396984699,775,773,0.9974193548387097,1.0
2824,-63.08603,5378.3516,-209.76186663606867,0.19491577,0.20799255,-0.8519901959585082,786,782,0.9949109414758269,1.0
2825,-62.95639,5378.4897,-210.52115973768824,0.12963867,0.13798523,-0.7592931016195633,764,761,0.9960732984293194,1.0
2826,-62.723022,5378.7505,-211.1582657515265,0.23336792,0.26086426,-0.6371060138382654,753,747,0.9920318725099602,1.0
2827,-62.530487,5378.998,-211.7457040499744,0.1925354,0.24732971,-0.5874382984478933,772,771,0.9987046632124352,1.0
2828,-62.36499,5379.2593,-212.21624586466174,0.16549683,0.26107788,-0.4705418146873448,763,761,0.9973787680209698,1.0
2829,-62.147034,5379.668,-212.63872521467627,0.21795654,0.4086151,-0.42247935001452086,770,768,0.9974025974025974,1.0
2830,-61.932953,5380.2046,-212.99280839067444,0.21408081,0.53645325,-0.3540831759981812,766,763,0.9960835509138382,1.0
2831,-61.757996,5380.913,-213.3057571040499,0.17495728,0.7083893,-0.31294871337545854,777,772,0.9935649935649936,1.0
2832,-61.68344,5381.9243,-213.57712051128436,0.07455444,1.0112762,-0.27136340723448327,779,777,0.9974326059050064,1.0
2833,-61.673645,5383.094,-213.8071739522399,0.009796143,1.169754,-0.23005344095553473,784,778,0.9923469387755102,1.0
2834,-61.62018,5384.3457,-214.0218792507977,0.053466797,1.2514648,-0.2147052985578004,774,769,0.9935400516795866,1.0
2835,-61.637604,5385.803,-214.18447108540957,-0.017425537,1.457428,-0.16259183461188564,764,761,0.9960732984293194,1.0
2836,-61.62909,5387.5327,-214.3350706609236,0.008514404,1.7295532,-0.1505995755140482,747,746,0.998661311914324,1.0
2837,-61.668335,5389.415,-214.4869761389097,-0.039245605,1.8821564,-0.15190547798610465,751,751,1.0,1.0
2838,-61.690674,5391.4424,-214.61527590452715,-0.022338867,2.0272675,-0.1282997656174463,762,760,0.9973753280839895,1.0
2839,-61.723206,5393.6826,-214.73796281224395,-0.03253174,2.2402039,-0.12268690771680263,771,769,0.9974059662775616,1.0
2840,-61.747894,5396.113,-214.84233782599003,-0.02468872,2.430008,-0.10437501374607831,775,774,0.9987096774193548,1.0
2841,-61.740356,5398.7993,-214.9380823282321,0.007537842,2.686325,-0.09574450224207533,774,773,0.9987080103359173,1.0
2842,-61.732666,5401.7407,-215.02563948903472,0.0076904297,2.9412537,-0.08755716080262715,763,758,0.9934469200524246,1.0
2843,-61.69586,5404.9087,-215.10493532405144,0.0368042,3.1679688,-0.07929583501671332,754,751,0.9960212201591512,1.0
2844,-61.719574,5408.011,-215.27653469985054,-0.023712158,3.1027527,-0.1715993757991094,751,751,1.0,1.0
2845,-61.733063,5411.3647,-215.41082689761987,-0.0134887695,3.353714,-0.13429219776932919,764,762,0.9973821989528796,1.0
2846,-61.737366,5414.704,-215.50587977864672,-0.0043029785,3.3394623,-0.09505288102685557,775,774,0.9987096774193548,1.0
2847,-61.756653,5418.02,-215.53172378874663,-0.01928711,3.3160553,-0.025844010099916853,785,780,0.9936305732484076,1.0
2848,-61.759796,5421.3413,-215.5773262967477,-0.0031433105,3.3212433,-0.04560250800107887,797,795,0.9974905897114178,1.0
2849,-61.824493,5424.6367,-215.54616157718613,-0.064697266,3.2954102,0.031164719561583894,794,792,0.9974811083123426,1.0
2850,-61.88626,5427.856,-215.49419859460136,-0.061767578,3.2192078,0.05196298258478089,799,793,0.9924906132665833,1.0
2851,-61.98294,5431.0474,-215.4826375465033,-0.09667969,3.1916199,0.01156104809805556,796,790,0.992462311557789,1.0
2852,-62.0148,5434.226,-215.40599755404423,-0.03186035,3.1788635,0.07663999245905624,781,774,0.9910371318822023,1.0
2853,-62.032806,5437.3716,-215.29941553764357,-0.018005371,3.1455383,0.10658201640066844,773,770,0.9961190168175937,1.0
2854,-62.006744,5440.369,-215.20640553496133,0.026062012,2.997589,0.09301000268223954,794,791,0.9962216624685138,1.0
2855,-61.994476,5443.295,-215.11129897760438,0.012268066,2.9256592,0.09510655735694325,790,784,0.9924050632911392,1.0
2856,-61.97757,5446.199,-215.0765584670983,0.016906738,2.9044037,0.03474051050609439,779,775,0.9948652118100129,1.0
2857,-61.907562,5449.057,-215.02207542301497,0.070007324,2.8576813,0.054483044083329366,775,773,0.9974193548387097,1.0
2858,-61.913025,5451.8755,-215.00519655262667,-0.0054626465,2.8184662,0.016878870388309503,790,784,0.9924050632911392,1.0
2859,-61.863464,5454.6064,-214.95092210891767,0.049560547,2.731018,0.05427444370900767,768,762,0.9921875,1.0
2860,-61.81299,5457.382,-214.96320325900194,0.050476074,2.775238,-0.01228115008428522,757,755,0.9973579920739762,1.0
2861,-61.867584,5460.1616,-214.94140346771175,-0.054595947,2.7798462,0.021799791290191266,776,774,0.9974226804123711,1.0
2862,-61.84857,5462.9663,-214.94413785994178,0.019012451,2.8048859,-0.002734392230028612,776,773,0.9961340206185567,1.0
2863,-61.830048,5465.7437,-214.92493344927968,0.01852417,2.7773438,0.01920441066211167,800,798,0.9975,1.0
2864,-61.803986,5468.5137,-214.96114244749796,0.026062012,2.7700806,-0.03620899821829646,787,785,0.9974587039390089,1.0
2865,-61.86148,5471.2285,-215.00725309669312,-0.057495117,2.7148438,-0.046110649195167885,803,802,0.9987546699875467,1.0
2866,-61.87967,5473.964,-215.01485391046478,-0.018188477,2.7351227,-0.007600813771649552,790,786,0.9949367088607595,1.0
2867,-61.8443,5476.6494,-215.00833846126957,0.035369873,2.685669,0.006515449195214632,775,775,1.0,1.0
2868,-61.90973,5479.4087,-215.02029730910888,-0.06542969,2.75943,-0.011958847839304631,773,771,0.9974126778783958,1.0
2869,-61.917603,5482.144,-215.05943913345703,-0.007873535,2.7354279,-0.03914182434816213,795,791,0.9949685534591195,1.0
2870,-61.887268,5484.8154,-215.05085923953422,0.030334473,2.6714478,0.008579893922821371,786,783,0.9961832061068703,1.0
2871,-61.881287,5487.436,-215.06409660102685,0.0059814453,2.6206665,-0.013237361492619804,778,777,0.9987146529562982,1.0
2872,-61.9068,5490.1484,-215.09613989096084,-0.025512695,2.7123566,-0.03204328993399897,776,775,0.9987113402061856,1.0
2873,-61.89743,5492.85,-215.12832092137685,0.0093688965,2.7014465,-0.03218103041601124,799,796,0.9962453066332916,1.0
2874,-61.894867,5495.5137,-215.154814653178,0.0025634766,2.6634216,-0.0264937318011266,771,771,1.0,1.0
2875,-61.82788,5498.18,-215.13916491670054,0.066986084,2.666275,0.01564973647746022,765,765,1.0,1.0
2876,-61.783875,5500.77,-215.13917272451152,0.044006348,2.58992,-7.807810990072808e-06,776,776,1.0,1.0
2877,-61.806915,5503.473,-215.1597263875313,-0.023040771,2.7031708,-0.020553663019758774,784,784,1.0,1.0
2878,-61.728302,5506.0923,-215.17277494138435,0.07861328,2.619049,-0.013048553853055644,787,786,0.9987293519695044,1.0
2879,-61.706726,5508.8486,-215.19629717769922,0.021575928,2.7565765,-0.0235222363148669,804,802,0.9975124378109452,1.0
2880,-61.71765,5511.461,-215.20926824143783,-0.010925293,2.61232,-0.012971063738604335,792,789,0.9962121212121212,1.0
2881,-61.746277,5514.1357,-215.2231459455536,-0.028625488,2.674942,-0.013877704115760522,795,794,0.9987421383647799,1.0
2882,-61.781616,5516.831,-215.26083239082632,-0.035339355,2.6952667,-0.037686445272731364,777,777,1.0,1.0
2883,-61.797638,5519.5244,-215.23009328166918,-0.016021729,2.6934662,0.030739109157136693,793,792,0.9987389659520807,1.0
2884,-61.745667,5522.1567,-215.23003022875056,0.051971436,2.63237,6.305291863181056e-05,787,785,0.9974587039390089,1.0
2885,-61.763977,5524.7773,-215.24652765568663,-0.018310547,2.620636,-0.016497426936068562,798,798,1.0,1.0
2886,-61.721436,5527.4595,-215.24818965191577,0.042541504,2.682312,-0.0016619962291435817,792,792,1.0,1.0
2887,-61.73883,5530.044,-215.30257662762295,-0.01739502,2.5842896,-0.05438697570719216,774,773,0.9987080103359173,1.0
2888,-61.72281,5532.664,-215.27067469034697,0.016021729,2.6200867,0.03190193727599236,778,777,0.9987146529562982,1.0
2889,-61.795807,5535.19,-215.29099105887187,-0.07299805,2.5260162,-0.02031636852489497,787,786,0.9987293519695044,1.0
2890,-61.816772,5537.7905,-215.3132035019963,-0.020965576,2.6005707,-0.022212443124434236,782,779,0.9961636828644501,1.0
2891,-61.794373,5540.393,-215.34147992047906,0.022399902,2.6023407,-0.028276418482755854,786,785,0.9987277353689568,1.0
2892,-61.794556,5543.0146,-215.33097518047953,-0.00018310547,2.6216888,0.010504739999538635,808,806,0.9975247524752475,1.0
2893,-61.801575,5545.6885,-215.40292590886878,-0.007019043,2.673996,-0.07195072838925348,808,803,0.9938118811881188,1.0
2894,-61.78714,5548.3945,-215.3920325330679,0.014434814,2.705841,0.010893375800902168,795,790,0.9937106918238994,1.0
2895,-61.76178,5550.9873,-215.40966193221126,0.025360107,2.5929718,-0.017629399143362433,790,787,0.9962025316455696,1.0
2896,-61.70694,5553.6104,-215.4197823829734,0.054840088,2.6231232,-0.01012045076215071,806,805,0.9987593052109182,1.0
2897,-61.71454,5556.2036,-215.45158694051568,-0.007598877,2.5933228,-0.031804557542267686,809,805,0.9950556242274413,1.0
2898,-61.67749,5558.841,-215.42639997444473,0.03704834,2.6370087,0.025186966070949855,800,797,0.99625,1.0
2899,-61.665344,5561.4453,-215.43932616417538,0.012145996,2.6045227,-0.012926189730635234,793,793,1.0,1.0
2900,-61.648224,5564.0723,-215.44275536911007,0.017120361,2.6271515,-0.003429204934697103,791,788,0.9962073324905183,1.0
2901,-61.655487,5566.664,-215.488068257206,-0.0072631836,2.5916138,-0.045312888095933236,789,788,0.9987325728770595,1.0
2902,-61.583466,5569.2974,-215.46239862539912,0.072021484,2.6331482,0.025669631806897124,802,802,1.0,1.0
2903,-61.602448,5571.8994,-215.49607011062704,-0.018981934,2.6019592,-0.033671485227916326,819,813,0.9926739926739927,1.0
2904,-61.493256,5574.4644,-215.456938079934,0.109191895,2.5647278,0.039132030693044315,815,814,0.9987730061349693,1.0
2905,-61.556274,5576.992,-215.4375268243986,-0.0630188,2.5279236,0.019411255535399442,802,801,0.9987531172069826,1.0
2906,-61.520935,5579.559,-215.44907465074107,0.035339355,2.5668335,-0.011547826342484037,822,820,0.9975669099756691,1.0
2907,-61.584137,5582.229,-215.43504182630988,-0.063201904,2.6698303,0.014032824431178566,840,839,0.9988095238095238,1.0
2908,-61.55475,5584.889,-215.44399354779526,0.029388428,2.6601257,-0.008951721485369765,824,823,0.9987864077669902,1.0
2909,-61.551086,5587.4883,-215.43840396455232,0.0036621094,2.59906,0.0055895832429242644,807,804,0.9962825278810409,1.0
2910,-61.53174,5589.952,-215.44541638227173,0.019348145,2.4641113,-0.007012417719419107,817,814,0.996328029375765,1.0
2911,-61.484802,5592.3193,-215.4039846252209,0.046936035,2.3670807,0.041431757050840866,821,818,0.9963459196102314,1.0
2912,-61.51523,5594.5664,-215.37625201032031,-0.030426025,2.247055,0.02773261490056574,829,827,0.9975874547647768,1.0
2913,-61.526855,5596.688,-215.35184872026136,-0.011627197,2.1215668,0.024403290058965833,833,832,0.9987995198079231,1.0
2914,-61.49646,5598.7495,-215.31627167024448,0.030395508,2.061554,0.03557705001688097,844,839,0.9940758293838863,1.0
2915,-61.44458,5600.684,-215.29481077344644,0.051879883,1.934555,0.021460896798022846,846,845,0.9988179669030733,1.0
2916,-61.443237,5602.4976,-215.2829673310869,0.0013427734,1.8135223,0.011843442359540648,838,837,0.9988066825775657,1.0
2917,-61.496674,5604.1655,-215.29398387786824,-0.05343628,1.6681824,-0.01101654678135533,831,830,0.9987966305655837,1.0
2918,-61.384308,5605.893,-215.27388774998008,0.11236572,1.7275238,0.02009612788816666,810,810,1.0,1.0
2919,-61.355255,5607.483,-215.24126781241824,0.029052734,1.589859,0.03261993756183661,807,806,0.9987608426270136,1.0
2920,-61.28601,5609.0444,-215.2153331237008,0.069244385,1.5613098,0.02593468871745031,812,811,0.9987684729064039,1.0
2921,-61.237366,5610.626,-215.17005830827142,0.04864502,1.5815887,0.04527481542935575,810,809,0.9987654320987654,1.0
2922,-61.2312,5612.0815,-215.1627326736293,0.006164551,1.4554443,0.007325634642101822,826,823,0.9963680387409201,1.0
2923,-61.223694,5613.5083,-215.14816069611012,0.007507324,1.4268188,0.014571977519169086,847,846,0.9988193624557261,1.0
2924,-61.15857,5614.9395,-215.13351827033975,0.06512451,1.4309998,0.01464242577038046,839,837,0.9976162097735399,1.0
2925,-61.154297,5616.4385,-215.14647436497384,0.004272461,1.4990997,-0.012956094634082295,837,836,0.998805256869773,1.0
2926,-61.198914,5617.8564,-215.16826118526672,-0.0446167,1.4177399,-0.021786820292881114,847,845,0.9976387249114522,1.0
2927,-61.257996,5619.2373,-215.14264860169754,-0.05908203,1.3809509,0.0256125835691612,836,835,0.9988038277511961,1.0
2928,-61.24353,5620.681,-215.14752829651897,0.014465332,1.4439697,-0.00487969482141617,857,857,1.0,1.0
2929,-61.352173,5622.1855,-215.15603903256303,-0.10864258,1.5043182,-0.008510736044058555,848,845,0.9964622641509434,1.0
2930,-61.383423,5623.555,-215.17173419906175,-0.03125,1.369812,-0.01569516649872054,838,838,1.0,1.0
2931,-61.40512,5624.973,-215.14764775250177,-0.021697998,1.418045,0.024086446559972854,842,842,1.0,1.0
2932,-61.483826,5626.253,-215.17675918376267,-0.078704834,1.279953,-0.02911143126088823,846,842,0.9952718676122931,1.0
2933,-61.574554,5627.4717,-215.18948521905813,-0.09072876,1.218811,-0.012726035295444851,841,837,0.995243757431629,1.0
2934,-61.57376,5628.614,-215.16801068991205,0.00079345703,1.141922,0.021474529146071876,842,840,0.997624703087886,1.0
2935,-61.57434,5629.7134,-215.11421305136165,-0.000579834,1.0994415,0.05379763855039409,838,838,1.0,1.0
2936,-61.620483,5630.792,-215.11681223342902,-0.046142578,1.0788116,-0.0025991820673699974,846,845,0.9988179669030733,1.0
2937,-61.70276,5631.686,-215.09502715802088,-0.08227539,0.8939667,0.02178507540812915,851,849,0.9976498237367802,1.0
2938,-61.74115,5632.434,-215.07029782020945,-0.038391113,0.7482605,0.024729337811449266,849,848,0.9988221436984688,1.0
2939,-61.732025,5633.1255,-215.05514069869295,0.009124756,0.69129944,0.015157121516490853,838,837,0.9988066825775657,1.0
2940,-61.800537,5633.692,-215.05930145413163,-0.06851196,0.5662079,-0.004160755438673443,832,829,0.9963942307692307,1.0
2941,-61.790222,5634.1543,-215.02611464424075,0.010314941,0.46244812,0.033186809890873095,840,840,1.0,1.0
2942,-61.872467,5634.507,-214.99326599403176,-0.08224487,0.35276794,0.032848650208981964,865,864,0.9988439306358381,1.0
2943,-61.926636,5634.8022,-214.98330171583203,-0.0541687,0.2953186,0.009964278199720627,844,844,1.0,1.0
2944,-61.921204,5635.006,-214.93413854033437,0.005432129,0.20355225,0.04916317549763984,877,875,0.9977194982896237,1.0
2945,-61.87317,5635.164,-214.93011057321144,0.048034668,0.15834045,0.0040279671229432965,896,896,1.0,1.0
2946,-61.905212,5635.257,-214.91404276710261,-0.032043457,0.0927887,0.016067806108831458,884,884,1.0,1.0
2947,-62.00699,5635.292,-214.92054173372864,-0.10177612,0.035217285,-0.006498966626035134,876,875,0.9988584474885844,1.0
2948,-62.121246,5635.2974,-214.92606027447965,-0.11425781,0.005340576,-0.005518540751000955,869,869,1.0,1.0
2949,-62.21881,5635.3193,-214.9188136788486,-0.0975647,0.021881104,0.007246595631037683,855,855,1.0,1.0
2950,-62.35086,5635.3867,-214.93679277922882,-0.13204956,0.06738281,-0.017979100380227438,853,851,0.9976553341148886,1.0
2951,-62.526886,5635.497,-214.9667803366837,-0.17602539,0.110305786,-0.029987557454897385,830,828,0.9975903614457832,1.0
2952,-62.718384,5635.5107,-214.96987378069957,-0.1914978,0.013534546,-0.0030934440158722223,838,837,0.9988066825775657,1.0
2953,-63.688324,5635.585,-212.85073971164232,-0.9699402,0.07446289,2.119134069057244,760,757,0.9960526315789474,1.0
2954,-64.29578,5634.9087,-206.78118710502682,-0.6074524,-0.67614746,6.069552606615508,740,739,0.9986486486486487,1.0
2955,-64.40961,5633.916,-200.22722396460708,-0.11383057,-0.9929199,6.553963140419752,725,718,0.9903448275862069,1.0
2956,-64.51718,5633.002,-193.63979198575532,-0.10757446,-0.914032,6.587431978851763,720,715,0.9930555555555556,1.0
2957,-64.39288,5632.23,-186.99729921271432,0.124298096,-0.77220154,6.6424927730409955,715,714,0.9986013986013986,1.0
2958,-64.02933,5631.4834,-180.35189312189894,0.3635559,-0.74642944,6.645406090815393,733,729,0.9945429740791268,1.0
2959,-63.704742,5630.9995,-173.71544771076864,0.32458496,-0.48399353,6.636445411130297,760,753,0.9907894736842106,1.0
2960,-63.263763,5630.598,-167.03192451344106,0.440979,-0.40127563,6.683523197327591,759,757,0.997364953886693,1.0
2961,-62.820343,5630.207,-160.4882129918867,0.4434204,-0.3909912,6.5437115215543376,758,756,0.9973614775725593,1.0
2962,-62.378784,5629.879,-154.70779583433153,0.44155884,-0.32807922,5.780417157555187,767,763,0.9947848761408083,1.0
2963,-62.05548,5629.697,-150.3548351158462,0.32330322,-0.18226624,4.352960718485309,783,779,0.9948914431673053,1.0
2964,-61.786835,5629.86,-147.21759731242844,0.26864624,0.16290283,3.137237803417781,812,809,0.9963054187192119,1.0
2965,-61.650665,5630.2217,-145.0875560510001,0.13616943,0.36198425,2.130041261428355,805,800,0.9937888198757764,1.0
2966,-61.56775,5630.685,-143.6125116257756,0.08291626,0.46315002,1.4750444252245047,815,810,0.9938650306748467,1.0
2967,-61.390594,5631.2593,-142.4402824759063,0.17715454,0.57403564,1.1722291498692996,810,802,0.9901234567901235,1.0
2968,-61.383392,5631.9116,-141.52473676264626,0.0072021484,0.6523285,0.9155457132600371,809,804,0.9938195302843016,1.0
2969,-61.290375,5632.7803,-140.74706939602044,0.09301758,0.8686371,0.7776673666258285,820,818,0.9975609756097561,1.0
2970,-61.216858,5633.6777,-140.14749570502568,0.073516846,0.89749146,0.5995736909947467,819,819,1.0,1.0
2971,-61.187714,5634.7407,-139.72496984402295,0.029144287,1.0631409,0.422525861002714,827,826,0.9987908101571947,1.0
2972,-61.18466,5635.9053,-139.43184847390856,0.0030517578,1.1647491,0.29312137011438316,826,824,0.9975786924939467,1.0
2973,-61.16391,5637.4185,-139.18038337331876,0.020751953,1.5131226,0.25146510058978705,837,836,0.998805256869773,1.0
2974,-61.120087,5639.058,-139.0179389585062,0.043823242,1.6398468,0.16244441481256158,832,829,0.9963942307692307,1.0
2975,-61.07721,5640.93,-138.90035239089505,0.042877197,1.8721161,0.11758656761113928,831,831,1.0,1.0
2976,-61.00882,5643.001,-138.82280822157063,0.06838989,2.0706787,0.07754416932443192,847,842,0.9940968122786304,1.0
2977,-60.994934,5645.2197,-138.81211640053107,0.013885498,2.21875,0.010691821039562106,835,834,0.9988023952095808,1.0
2978,-61.027008,5647.613,-138.80914814236226,-0.032073975,2.3929596,0.0029682581687957474,836,834,0.9976076555023924,1.0
2979,-61.045166,5650.2817,-138.82135391474398,-0.018157959,2.6687775,-0.012205772381715831,851,850,0.9988249118683902,1.0
2980,-61.064423,5653.1978,-138.79193625863687,-0.019256592,2.915924,0.029417656107107164,839,836,0.9964243146603099,1.0
2981,-61.032166,5656.069,-138.72751680768738,0.03225708,2.870926,0.06441945094949683,847,846,0.9988193624557261,1.0
2982,-60.984497,5659.0225,-138.70053594302826,0.047668457,2.95372,0.026980864659131874,840,838,0.9976190476190476,1.0
2983,-60.971893,5662.1045,-138.64838494186822,0.01260376,3.0820465,0.052151001160055194,833,832,0.9987995198079231,1.0
2984,-60.90985,5665.1704,-138.57976425050433,0.062042236,3.065857,0.06862069136388445,830,829,0.9987951807228915,1.0
2985,-60.87216,5668.234,-138.5057418010186,0.03768921,3.0635223,0.07402244948573908,838,833,0.9940334128878282,1.0
2986,-60.926483,5671.3013,-138.40967333869526,-0.05432129,3.0673218,0.09606846232331766,833,831,0.9975990396158463,1.0
2987,-60.90857,5674.2485,-138.3392733159597,0.017913818,2.9472656,0.07040002273555158,843,843,1.0,1.0
2988,-60.925354,5677.15,-138.30493358166044,-0.016784668,2.9013824,0.0343397342992724,833,830,0.9963985594237695,1.0
2989,-60.93094,5680.106,-138.26124158554444,-0.005584717,2.9561768,0.04369199611598684,832,829,0.9963942307692307,1.0
2990,-60.894836,5683.0796,-138.21682004440441,0.036102295,2.9737244,0.04442154114002853,849,846,0.9964664310954063,1.0
2991,-60.937653,5685.927,-138.2424073552128,-0.042816162,2.847107,-0.02558731080838481,840,838,0.9976190476190476,1.0
2992,-60.931732,5688.7397,-138.2311771568234,0.00592041,2.8131714,0.011230198389391249,842,838,0.995249406175772,1.0
2993,-60.995056,5691.496,-138.24279799146868,-0.063323975,2.756256,-0.011620834645272377,834,834,1.0,1.0
2994,-60.977295,5694.179,-138.23119331940595,0.01776123,2.6831207,0.011604672062727596,852,851,0.9988262910798122,1.0
2995,-61.000458,5696.886,-138.24712457890334,-0.023162842,2.707016,-0.015931259497404936,843,842,0.9988137603795967,1.0
2996,-61.09024,5699.6816,-138.26954450509473,-0.089782715,2.7953644,-0.022419926191384745,834,834,1.0,1.0
2997,-61.107697,5702.4106,-138.2806974908746,-0.017456055,2.7288666,-0.011152985779867442,840,838,0.9976190476190476,1.0
2998,-61.12082,5705.146,-138.31384423471286,-0.013122559,2.735199,-0.03314674383826696,837,835,0.997610513739546,1.0
2999,-61.11194,5707.8765,-138.2928235174639,0.008880615,2.7304382,0.021020717248971504,848,845,0.9964622641509434,1.0
3000,-61.1326,5710.7817,-138.31792546591072,-0.0206604,2.9051971,-0.025101948446834246,863,863,1.0,1.0
3001,-61.106567,5713.716,-138.33218087363667,0.026031494,2.9340057,-0.01425540772596005,860,859,0.9988372093023256,1.0
3002,-61.144165,5716.5063,-138.33804065171117,-0.037597656,2.7904968,-0.005859778074492121,840,840,1.0,1.0
3003,-61.138184,5719.22,-138.32672938749607,0.0059814453,2.7138214,0.01131126421510773,828,828,1.0,1.0
3004,-61.198456,5720.4814,-138.3527979606782,-0.060272217,1.2610931,-0.026068573182143295,842,839,0.996437054631829,1.0
3005,-61.202972,5723.013,-138.3566417319048,-0.0045166016,2.5316467,-0.0038437712266096795,823,821,0.9975698663426489,1.0
3006,-61.23822,5725.3423,-138.3172926984256,-0.035247803,2.329071,0.039349033479201136,835,834,0.9988023952095808,1.0
3007,-61.241272,5727.668,-138.3223023604476,-0.0030517578,2.325653,-0.005009662021981215,844,844,1.0,1.0
3008,-61.259552,5729.7944,-138.3295190815541,-0.01828003,2.1265411,-0.007216721106528999,858,856,0.9976689976689976,1.0
3009,-61.27124,5731.8315,-138.31914335822387,-0.011688232,2.0372162,0.010375723330238507,846,843,0.9964539007092199,1.0
3010,-61.309357,5733.7783,-138.3137114748977,-0.038116455,1.9465942,0.005431883326170222,843,843,1.0,1.0
3011,-61.363495,5735.647,-138.31239280457618,-0.054138184,1.8684387,0.0013186703215296435,854,852,0.9976580796252927,1.0
3012,-61.37329,5737.3267,-138.31354627672152,-0.009796143,1.6794891,-0.001153472145333055,833,829,0.9951980792316927,1.0
3013,-61.381042,5739.0034,-138.253233912069,-0.007751465,1.6769714,0.06031236465253654,834,832,0.9976019184652278,1.0
3014,-61.414642,5740.581,-138.27577387825605,-0.033599854,1.5775757,-0.022539966187065295,837,834,0.996415770609319,1.0
3015,-61.454132,5742.12,-138.24767654323384,-0.039489746,1.5388641,0.028097335022219026,829,829,1.0,1.0
3016,-61.53763,5743.7285,-138.2794219679413,-0.083496094,1.6082001,-0.03174542470744696,835,832,0.9964071856287425,1.0
3017,-61.67462,5745.3076,-138.31551735098697,-0.13699341,1.5793304,-0.03609538304568776,844,841,0.9964454976303317,1.0
3018,-61.661835,5746.7617,-138.26831081945969,0.012786865,1.4541168,0.04720653152727907,830,829,0.9987951807228915,1.0
3019,-61.709015,5748.2515,-138.2838675066807,-0.047180176,1.4896545,-0.01555668722103558,832,828,0.9951923076923077,1.0
3020,-61.78119,5749.7847,-138.31944545558585,-0.07217407,1.5330353,-0.03557794890513655,823,822,0.9987849331713244,1.0
3021,-61.75412,5751.2925,-138.34061542652427,0.027069092,1.507782,-0.021169970938414166,832,830,0.9975961538461539,1.0
3022,-61.834503,5752.793,-138.38790929345328,-0.0803833,1.500473,-0.047293866929012385,831,831,1.0,1.0
3023,-61.948486,5754.3438,-138.40151717602632,-0.113983154,1.5506134,-0.0136078825730425,838,836,0.9976133651551312,1.0
3024,-62.000732,5755.809,-138.4455008107848,-0.052246094,1.4654846,-0.04398363475848266,840,840,1.0,1.0
3025,-62.053497,5757.3447,-138.48482398675378,-0.052764893,1.535675,-0.03932317596898299,836,834,0.9976076555023924,1.0
3026,-62.099243,5758.735,-138.48493944729745,-0.04574585,1.3900604,-0.0001154605436682962,832,830,0.9975961538461539,1.0
3027,-62.131653,5760.054,-138.50770201603046,-0.032409668,1.3195038,-0.022762568733024305,837,836,0.998805256869773,1.0
3028,-62.126556,5761.2856,-138.56084631153806,0.0050964355,1.2316132,-0.0531442955075812,832,830,0.9975961538461539,1.0
3029,-62.113525,5762.391,-138.56672168792414,0.013031006,1.1052399,-0.005875376386090755,854,853,0.9988290398126464,1.0
3030,-62.118042,5763.361,-138.58371888884176,-0.0045166016,0.9696045,-0.016997200917625587,851,851,1.0,1.0
3031,-62.15805,5764.2124,-138.59165760176762,-0.040008545,0.85139465,-0.0079387129258666,855,855,1.0,1.0
3032,-62.17325,5764.888,-138.5883104497358,-0.015197754,0.6757965,0.003347152031848242,862,861,0.9988399071925754,1.0
3033,-62.173645,5765.3604,-138.53689282416798,-0.00039672852,0.4724121,0.05141762556782212,858,858,1.0,1.0
3034,-62.189972,5765.95,-138.48537201148906,-0.016326904,0.5896301,0.051520812678921064,864,863,0.9988425925925926,1.0
3035,-62.189514,5766.418,-138.4608650078436,0.00045776367,0.4677887,0.024507003645445412,851,849,0.9976498237367802,1.0
3036,-62.193542,5766.7515,-138.44997207276137,-0.0040283203,0.33351135,0.01089293508222658,873,872,0.9988545246277205,1.0
3037,-62.29077,5766.9287,-138.44086689598544,-0.097229004,0.17712402,0.009105176775922841,880,879,0.9988636363636364,1.0
3038,-62.432953,5766.9927,-138.4005943162393,-0.1421814,0.06373596,0.04027257974612753,892,890,0.9977578475336323,1.0
3039,-62.54474,5766.948,-138.3686634579787,-0.11178589,-0.0443573,0.031930858260611886,873,872,0.9988545246277205,1.0
3040,-62.710205,5766.869,-138.3093810447086,-0.16546631,-0.07913208,0.05928241327011017,877,876,0.9988597491448119,1.0
3041,-62.834717,5766.762,-138.2719095926202,-0.12451172,-0.10702515,0.03747145208838771,875,874,0.9988571428571429,1.0
3042,-62.984528,5766.6035,-138.26305886393874,-0.14981079,-0.15872192,0.008850728681464139,871,871,1.0,1.0
3043,-63.1196,5766.462,-138.25193493969525,-0.1350708,-0.14183044,0.011123924243499023,876,873,0.9965753424657534,1.0
3044,-63.189728,5766.3584,-138.25460708289546,-0.070129395,-0.103500366,-0.002672143200228361,870,868,0.9977011494252873,1.0
3045,-63.167267,5766.5747,-140.80658111838838,0.022460938,0.21621704,-2.551974035492916,815,813,0.9975460122699387,1.0
3046,-63.55612,5767.0864,-145.17974440921066,-0.38885498,0.5118103,-4.373163290822267,792,789,0.9962121212121212,1.0
3047,-63.87912,5767.709,-148.94421122252967,-0.32299805,0.6225586,-3.7644668133190295,784,781,0.9961734693877551,1.0
3048,-64.09894,5768.1865,-151.6479101919509,-0.21981812,0.47758484,-2.7036989694212195,796,795,0.9987437185929648,1.0
3049,-63.998383,5768.56,-153.4854715301565,0.10055542,0.3734436,-1.8375613382055969,803,800,0.9962640099626401,1.0
3050,-63.896088,5768.891,-154.81877439425776,0.10229492,0.33114624,-1.3333028641012687,803,799,0.9950186799501868,1.0
3051,-63.83847,5769.1465,-155.84529261184585,0.057617188,0.25550842,-1.0265182175880858,807,803,0.9950433705080545,1.0
3052,-63.63977,5769.4414,-156.69957186629827,0.19869995,0.29516602,-0.8542792544524311,812,808,0.9950738916256158,1.0
3053,-63.41458,5769.7656,-157.37026923823544,0.22518921,0.32440186,-0.6706973719371725,819,819,1.0,1.0
3054,-63.207214,5770.0293,-157.9245948379044,0.20736694,0.2637329,-0.5543255996689618,816,811,0.9938725490196079,1.0
3055,-62.9812,5770.4004,-158.38040272393928,0.22601318,0.37101746,-0.45580788603486777,837,835,0.997610513739546,1.0
3056,-62.74518,5770.7495,-158.7020117304791,0.23602295,0.34931946,-0.3216090065398027,842,841,0.998812351543943,1.0
3057,-62.60782,5771.139,-159.00096370011042,0.13735962,0.3894348,-0.29895196963132803,851,851,1.0,1.0
3058,-62.404144,5771.604,-159.2559895228908,0.20367432,0.46498108,-0.255025822780364,852,848,0.9953051643192489,1.0
3059,-62.263702,5772.1807,-159.47453092205572,0.1404419,0.5769043,-0.21854139916493434,844,842,0.9976303317535545,1.0
3060,-62.063385,5772.849,-159.68913005630594,0.20031738,0.6683502,-0.21459913425022328,828,826,0.9975845410628019,1.0
3061,-61.941193,5773.6924,-159.900397522936,0.12219238,0.84342957,-0.21126746663004975,861,859,0.9976771196283392,1.0
3062,-61.81317,5774.5356,-160.07662130096327,0.12802124,0.843338,-0.17622377802726172,855,855,1.0,1.0
3063,-61.78055,5775.6973,-160.2572792465579,0.03262329,1.1615295,-0.18065794559464504,840,835,0.9940476190476191,1.0
3064,-61.730103,5776.939,-160.39405505645468,0.050445557,1.2415924,-0.13677580989676416,829,827,0.9975874547647768,1.0
3065,-61.713257,5778.4233,-160.5675760087956,0.016845703,1.4846039,-0.17352095234093892,845,842,0.9964497041420118,1.0
3066,-61.61743,5780.0547,-160.7030143740805,0.095825195,1.6315918,-0.13543836528489817,833,833,1.0,1.0
3067,-61.582336,5781.898,-160.8088650062571,0.035095215,1.843399,-0.105850632176591,835,835,1.0,1.0
3068,-61.46649,5783.855,-160.87892428271715,0.11584473,1.9572296,-0.07005927646006094,849,847,0.9976442873969376,1.0
3069,-61.46634,5786.0586,-160.9960265294241,0.00015258789,2.203415,-0.11710224670696331,852,850,0.9976525821596244,1.0
3070,-61.388,5788.4966,-161.1126067016503,0.07833862,2.4381256,-0.11658017222618465,846,846,1.0,1.0
3071,-61.38315,5791.066,-161.22770580566538,0.004852295,2.5692444,-0.11509910401508273,831,829,0.9975932611311673,1.0
3072,-61.363403,5793.815,-161.34996306211897,0.019744873,2.7491913,-0.12225725645358695,830,829,0.9987951807228915,1.0
3073,-61.315002,5796.7573,-161.542098914338,0.04840088,2.9425964,-0.19213585221903465,814,811,0.9963144963144963,1.0
3074,-61.26779,5799.7837,-161.6912308904601,0.047210693,3.0261536,-0.1491319761221095,834,831,0.9964028776978417,1.0
3075,-61.272125,5802.783,-161.79036434984815,-0.004333496,2.9997406,-0.09913345938804154,832,830,0.9975961538461539,1.0
3076,-61.280975,5805.743,-161.7952952283594,-0.008850098,2.9599304,-0.00493087851126758,853,851,0.9976553341148886,1.0
3077,-61.311157,5808.786,-161.83808305770378,-0.030181885,3.0428772,-0.04278782934437494,869,867,0.997698504027618,1.0
3078,-61.322723,5811.8003,-161.82392262721424,-0.011566162,3.0139923,0.014160430489549269,846,843,0.9964539007092199,1.0
3079,-61.396423,5814.7607,-161.79340098675354,-0.07369995,2.9605408,0.0305216404606929,833,832,0.9987995198079231,1.0
3080,-61.402374,5817.7036,-161.7594862873382,-0.0059509277,2.942871,0.03391469941532199,842,840,0.997624703087886,1.0
3081,-61.476807,5820.6724,-161.7487168628774,-0.07443237,2.968567,0.010769424460818924,842,840,0.997624703087886,1.0
3082,-61.54596,5823.5234,-161.69101629374921,-0.06915283,2.8508606,0.05770056912818627,832,832,1.0,1.0
3083,-61.5831,5826.4175,-161.68361561086087,-0.037139893,2.8940125,0.007400682888350411,844,843,0.9988151658767772,1.0
3084,-61.647766,5829.2285,-161.672349452367,-0.06466675,2.811203,0.01126615849386316,840,837,0.9964285714285714,1.0
3085,-61.626892,5832.046,-161.66019489255868,0.020874023,2.8173218,0.012154559808308847,852,849,0.9964788732394366,1.0
3086,-61.614624,5834.759,-161.65280345937293,0.012268066,2.7128906,0.007391433185734544,839,838,0.99880810488677,1.0
3087,-61.616028,5837.477,-161.63686458273705,-0.0014038086,2.7182922,0.01593887663588823,849,848,0.9988221436984688,1.0
3088,-61.621765,5840.0454,-161.6412166799792,-0.0057373047,2.56839,-0.004352097242148929,846,845,0.9988179669030733,1.0
3089,-61.62079,5842.6772,-161.63081042690365,0.0009765625,2.631775,0.010406253075557434,847,846,0.9988193624557261,1.0
3090,-61.615295,5845.1587,-161.62060798639925,0.005493164,2.4815674,0.010202440504405708,840,840,1.0,1.0
3091,-61.613953,5847.6924,-161.644301937629,0.0013427734,2.5337982,-0.023693951229754533,840,838,0.9976190476190476,1.0
3092,-61.60312,5850.194,-161.64033580943484,0.01083374,2.5016022,0.003966128194157753,836,833,0.9964114832535885,1.0
3093,-61.63626,5852.7363,-161.6558493510065,-0.03314209,2.5424347,-0.015513541571671945,839,839,1.0,1.0
3094,-61.595947,5855.1665,-161.60459671152546,0.04031372,2.4303436,0.05125263948106337,837,835,0.997610513739546,1.0
3095,-61.655884,5857.731,-161.60655793240656,-0.059936523,2.5645142,-0.001961220881088733,845,842,0.9964497041420118,1.0
3096,-61.60092,5860.3076,-161.63768463572853,0.05496216,2.5764923,-0.031126703321974755,848,847,0.9988207547169812,1.0
3097,-61.631287,5862.9077,-161.63304270704685,-0.03036499,2.5998688,0.004641928681681158,845,845,1.0,1.0
3098,-61.62967,5865.4727,-161.6671163303626,0.0016174316,2.5650787,-0.03407362331574333,834,834,1.0,1.0
3099,-61.64749,5868.0767,-161.69345905070327,-0.017822266,2.6041565,-0.02634272034065186,840,839,0.9988095238095238,1.0
3100,-61.64792,5870.768,-161.73147648488987,-0.0004272461,2.6912537,-0.038017434186588955,839,839,1.0,1.0
3101,-61.617188,5873.3315,-161.73718195006643,0.030731201,2.5635986,-0.005705465176558443,838,836,0.9976133651551312,1.0
3102,-61.60971,5875.894,-161.7729686119387,0.0074768066,2.562561,-0.035786661872256466,834,832,0.9976019184652278,1.0
3103,-61.61728,5878.456,-161.76422072700814,-0.0075683594,2.5620422,0.008747884930564703,829,826,0.9963811821471653,1.0
3104,-61.608185,5881.1025,-161.79888069903464,0.009094238,2.646515,-0.034659972026513594,837,836,0.998805256869773,1.0
3105,-61.66153,5883.958,-161.90314507635145,-0.053344727,2.855301,-0.10426437731680745,833,830,0.9963985594237695,1.0
3106,-61.675903,5886.5913,-161.92242478549272,-0.014373779,2.6331024,-0.019279709141270675,847,845,0.9976387249114522,1.0
3107,-61.733734,5889.157,-161.95303074343673,-0.05783081,2.565979,-0.030605957943990757,835,830,0.9940119760479041,1.0
3108,-61.759644,5891.709,-161.96724842318537,-0.025909424,2.5516205,-0.014217679748636382,833,831,0.9975990396158463,1.0
3109,-61.788208,5894.3022,-161.98297349157932,-0.028564453,2.5930634,-0.015725068393949024,855,852,0.9964912280701754,1.0
3110,-61.807465,5896.8315,-161.97412499847965,-0.019256592,2.52919,0.008848493099664085,850,849,0.9988235294117647,1.0
3111,-61.785614,5899.3154,-161.98953802202837,0.021850586,2.4836884,-0.015413023548704607,843,837,0.9928825622775801,1.0
3112,-61.8161,5901.8013,-161.97624295185665,-0.03048706,2.4858704,0.01329507017171381,833,831,0.9975990396158463,1.0
3113,-61.85205,5904.36,-162.01741123622364,-0.035949707,2.5585632,-0.0411682843670021,833,830,0.9963985594237695,1.0
3114,-61.841797,5906.9395,-162.00681030279313,0.010253906,2.5794067,0.01060093343050648,831,828,0.9963898916967509,1.0
3115,-61.841858,5909.5728,-162.04848678134556,-6.1035156e-05,2.6335144,-0.04167647855241968,827,824,0.9963724304715841,1.0
3116,-61.92392,5912.3804,-162.0888848800149,-0.08206177,2.8073883,-0.04039809866931641,853,853,1.0,1.0
3117,-61.94922,5915.015,-162.09711242987902,-0.025299072,2.634613,-0.008227549864121272,841,840,0.9988109393579072,1.0
3118,-61.97931,5917.6562,-162.10569407477502,-0.030090332,2.6409454,-0.008581644895984519,820,817,0.9963414634146341,1.0
3119,-61.994995,5920.016,-162.09940712881362,-0.015686035,2.359909,0.006286945961378721,832,829,0.9963942307692307,1.0
3120,-61.983246,5922.3545,-162.0581275797593,0.011749268,2.3386078,0.04127954905433753,846,845,0.9988179669030733,1.0
3121,-61.976074,5924.5728,-162.06877661713122,0.007171631,2.2180328,-0.010649037371928191,842,840,0.997624703087886,1.0
3122,-61.99301,5926.6426,-162.02676653755148,-0.016937256,2.06987,0.04201007957975245,854,853,0.9988290398126464,1.0
3123,-62.057343,5928.5415,-162.0197816160121,-0.064331055,1.89888,0.006984921539391812,850,850,1.0,1.0
3124,-62.00592,5930.4434,-161.98087160565228,0.05142212,1.9016571,0.038910010359806055,852,850,0.9976525821596244,1.0
3125,-62.02939,5932.2876,-161.95717922532867,-0.023468018,1.8440399,0.02369238032360906,836,832,0.9952153110047847,1.0
3126,-61.994812,5934.037,-161.92942385026888,0.034576416,1.7494049,0.02775537505978646,850,846,0.9952941176470588,1.0
3127,-62.026764,5935.7124,-161.92007511948486,-0.031951904,1.6752472,0.009348730784003329,831,828,0.9963898916967509,1.0
3128,-61.993927,5937.279,-161.90682092287534,0.032836914,1.5665894,0.013254196609531308,829,827,0.9975874547647768,1.0
3129,-62.002533,5938.7793,-161.88990008010555,-0.008605957,1.500534,0.01692084276978857,841,839,0.9976218787158145,1.0
3130,-62.02359,5940.304,-161.89338420424045,-0.021057129,1.5249786,-0.003484124134901779,843,839,0.9952550415183867,1.0
3131,-62.015137,5941.7705,-161.90603047681742,0.008453369,1.4663544,-0.01264627257696473,832,829,0.9963942307692307,1.0
3132,-62.053894,5943.1963,-161.92196877693598,-0.038757324,1.4255371,-0.015938300118557156,844,842,0.9976303317535545,1.0
3133,-62.05197,5944.634,-161.93464450417258,0.0019226074,1.437561,-0.01267572723659927,853,853,1.0,1.0
3134,-62.095703,5946.0815,-161.97975442329707,-0.04373169,1.4476776,-0.045109919124483804,841,840,0.9988109393579072,1.0
3135,-62.150543,5947.4834,-162.00172662363178,-0.054840088,1.4019165,-0.02197220033472014,840,837,0.9964285714285714,1.0
3136,-62.045868,5948.8643,-161.97189234153757,0.10467529,1.3806458,0.029834282094203305,848,845,0.9964622641509434,1.0
3137,-62.100464,5950.347,-162.00439571474857,-0.054595947,1.4828033,-0.03250337321100062,848,846,0.9976415094339622,1.0
3138,-62.120605,5951.8867,-162.02353617696838,-0.020141602,1.5393066,-0.0191404622198058,839,836,0.9964243146603099,1.0
3139,-62.128815,5953.3223,-162.0185345787044,-0.0082092285,1.4353027,0.005001598263993417,839,837,0.9976162097735399,1.0
3140,-62.11786,5954.673,-162.0260179606464,0.010955811,1.3507538,-0.007483381942033097,834,833,0.9988009592326139,1.0
3141,-62.186707,5956.067,-162.045873934803,-0.068847656,1.3941803,-0.019855974156589247,826,825,0.9987893462469734,1.0
3142,-62.183716,5957.3496,-162.04517553003612,0.0029907227,1.2828064,0.000698404766901681,843,842,0.9988137603795967,1.0
3143,-62.19458,5958.622,-162.0388065704718,-0.010864258,1.2723999,0.0063689595643160605,855,854,0.9988304093567252,1.0
3144,-62.186035,5959.7207,-162.01256817348244,0.008544922,1.0983887,0.026238396989370062,843,842,0.9988137603795967,1.0
3145,-62.264954,5960.737,-162.02946629571264,-0.07891846,1.0162354,-0.016898122230207906,857,857,1.0,1.0
3146,-62.25128,5961.5728,-162.01552287842432,0.013671875,0.835907,0.013943417288313704,872,871,0.9988532110091743,1.0
3147,-62.272034,5962.3394,-162.01678221257373,-0.020751953,0.76672363,-0.0012593341494215576,842,842,1.0,1.0
3148,-62.24008,5963.022,-162.00157104277218,0.031951904,0.68284607,0.01521116980154858,846,846,1.0,1.0
3149,-62.1568,5963.5586,-161.9558281477643,0.08328247,0.53648376,0.04574289500787829,838,838,1.0,1.0
3150,-62.142822,5963.8823,-161.94977728040416,0.013977051,0.3236847,0.006050867360130986,872,871,0.9988532110091743,1.0
3151,-62.10565,5964.268,-161.85265577251064,0.03717041,0.38587952,0.09712150789353227,869,866,0.996547756041427,1.0
3152,-62.1044,5964.6216,-161.83917304240174,0.0012512207,0.35334778,0.013482730108909515,865,863,0.9976878612716763,1.0
3153,-62.13867,5964.881,-161.8424308251265,-0.03427124,0.25933838,-0.0032577827247648973,876,876,1.0,1.0
3154,-62.200653,5964.9907,-161.8371014968822,-0.0619812,0.10997009,0.005329328244314826,908,908,1.0,1.0
3155,-62.242554,5964.9478,-161.82558437490815,-0.041900635,-0.042770386,0.01151712197407904,907,905,0.9977949283351709,1.0
3156,-62.383392,5964.825,-161.7795296266303,-0.14083862,-0.12260437,0.04605474827783989,868,868,1.0,1.0
3157,-62.51895,5964.631,-161.75371624277673,-0.13555908,-0.19429016,0.025813383853573225,862,862,1.0,1.0
3158,-62.677917,5964.4263,-161.74955430310126,-0.15896606,-0.20445251,0.004161939675478297,860,860,1.0,1.0
3159,-62.83899,5964.223,-161.76255219231194,-0.16107178,-0.2033081,-0.012997889210679733,845,845,1.0,1.0
3160,-63.040833,5964.085,-161.75729419898863,-0.20184326,-0.1383667,0.00525799332330885,853,851,0.9976553341148886,1.0
3161,-62.70111,5964.0283,-164.09327680935323,0.33972168,-0.056655884,-2.3359826103645838,797,792,0.9937264742785445,1.0
3162,-63.19391,5964.798,-170.18884861031816,-0.49279785,0.76956177,-6.095571800964931,748,743,0.9933155080213903,1.0
3163,-63.46518,5965.8867,-176.7576870657321,-0.27127075,1.0888824,-6.568838455413958,745,741,0.9946308724832215,1.0
3164,-63.48767,5967.02,-183.41969885118243,-0.022491455,1.1331177,-6.662011785450307,741,737,0.9946018893387314,1.0
3165,-63.594574,5968.126,-190.07214429928402,-0.106903076,1.1060638,-6.6524454481015844,740,735,0.9932432432432432,1.0
3166,-63.6261,5969.1377,-196.70595740423758,-0.03152466,1.0116272,-6.6338131049535605,722,717,0.9930747922437673,1.0
3167,-63.582977,5970.1235,-203.3810812514249,0.043121338,0.9858551,-6.675123847187319,727,725,0.9972489683631361,1.0
3168,-63.4841,5970.873,-210.06982184847334,0.09887695,0.7494354,-6.688740597048462,765,761,0.9947712418300654,1.0
3169,-63.318512,5971.39,-216.7697348108371,0.16558838,0.5172119,-6.699912962363762,774,767,0.9909560723514211,1.0
3170,-63.148773,5971.839,-223.51066723950007,0.16973877,0.44862366,-6.740932428662978,774,770,0.9948320413436692,1.0
3171,-62.958252,5972.075,-230.22810776255446,0.19052124,0.2364502,-6.717440523054396,776,772,0.9948453608247423,1.0
3172,-62.894867,5972.297,-236.90638947576718,0.06338501,0.22192383,-6.67828171321273,787,781,0.9923761118170267,1.0
3173,-62.834686,5972.432,-243.59293528134333,0.060180664,0.13529968,-6.686545805576151,783,779,0.9948914431673053,1.0
3174,-62.930664,5972.831,-250.2897667835077,-0.09597778,0.39907837,-6.696831502164361,747,743,0.9946452476572959,1.0
3175,-63.122803,5973.5103,-257.0242016521619,-0.19213867,0.67918396,-6.734434868654179,763,759,0.9947575360419397,1.0
3176,-63.277008,5974.3984,-263.62856759527745,-0.15420532,0.88801575,-6.60436594311555,763,762,0.9986893840104849,1.0
3177,-63.59784,5975.918,-270.2891525272142,-0.3208313,1.5195923,-6.660584931936762,743,740,0.9959623149394348,1.0
3178,-63.99063,5977.609,-276.3976040061663,-0.39279175,1.6909637,-6.108451478952159,772,768,0.9948186528497409,1.0
3179,-64.28824,5979.364,-281.4875987774992,-0.29760742,1.7549286,-5.08999477133291,803,800,0.9962640099626401,1.0
3180,-64.64307,5981.0312,-285.0399476747067,-0.35482788,1.6673126,-3.552348897207488,794,792,0.9974811083123426,1.0
3181,-64.930084,5982.5547,-286.90331203855663,-0.28701782,1.5233154,-1.8633643638499522,815,814,0.9987730061349693,1.0
3182,-65.07251,5984.12,-288.0127478113253,-0.14242554,1.5654144,-1.1094357727686504,818,814,0.9951100244498777,1.0
3183,-65.259125,5985.9473,-288.9337372114516,-0.18661499,1.8273926,-0.9209894001263177,816,816,1.0,1.0
3184,-65.403076,5987.9517,-289.63085112544655,-0.14395142,2.0042877,-0.6971139139949223,817,815,0.9975520195838433,1.0
3185,-65.50711,5990.0664,-290.1739238551012,-0.104034424,2.1146545,-0.5430727296546078,842,840,0.997624703087886,1.0
3186,-65.59595,5992.4414,-290.574678695031,-0.08883667,2.3750763,-0.4007548399298385,829,827,0.9975874547647768,1.0
3187,-65.64426,5994.95,-290.88932723791305,-0.048309326,2.5085754,-0.31464854288200544,823,822,0.9987849331713244,1.0
3188,-65.767944,5997.712,-291.054815778936,-0.123687744,2.7618713,-0.1654885410229742,826,823,0.9963680387409201,1.0
3189,-65.891754,6000.607,-291.14081311991447,-0.123809814,2.8948517,-0.08599734097846412,837,834,0.996415770609319,1.0
3190,-65.8963,6003.509,-291.24309231904306,-0.004547119,2.901825,-0.10227919912856788,839,833,0.9928486293206198,1.0
3191,-65.913635,6006.4365,-291.2932150620049,-0.017333984,2.9275818,-0.050122742961854184,845,839,0.9928994082840237,1.0
3192,-65.94742,6009.5684,-291.3672840928181,-0.03378296,3.13208,-0.07406903081321141,848,846,0.9976415094339622,1.0
3193,-65.936646,6012.591,-291.4325996618581,0.010772705,3.0226288,-0.06531556903996077,834,833,0.9988009592326139,1.0
3194,-65.96594,6015.6006,-291.50053993846205,-0.029296875,3.0095673,-0.06794027660397983,830,828,0.9975903614457832,1.0
3195,-65.928406,6018.566,-291.5578215158308,0.03753662,2.9651947,-0.057281577368789235,849,848,0.9988221436984688,1.0
3196,-65.973755,6021.464,-291.60899798537537,-0.04534912,2.898178,-0.051176469544533046,857,855,0.9976662777129521,1.0
3197,-65.97534,6024.405,-291.6607313962619,-0.0015869141,2.940689,-0.05173341088654476,850,847,0.9964705882352941,1.0
3198,-65.96045,6027.2803,-291.67489585203253,0.014892578,2.875473,-0.014164455770619132,839,837,0.9976162097735399,1.0
3199,-66.00519,6030.191,-291.6768576741036,-0.04473877,2.9107208,-0.001961822071033767,850,848,0.9976470588235294,1.0
3200,-66.060974,6033.055,-291.6887496392201,-0.055786133,2.8644867,-0.011891965116474794,852,851,0.9988262910798122,1.0
3201,-66.05148,6035.833,-291.6938220610727,0.009490967,2.7778778,-0.005072421852612073,843,842,0.9988137603795967,1.0
3202,-65.987335,6038.499,-291.6830632467887,0.06414795,2.6658478,0.010758814283974141,839,834,0.9940405244338498,1.0
3203,-65.96573,6041.217,-291.6844834739192,0.021606445,2.717926,-0.0014202271305218716,836,831,0.9940191387559809,1.0
3204,-65.99448,6043.8604,-291.69156308917354,-0.028747559,2.6435547,-0.007079615254301259,830,827,0.9963855421686747,1.0
3205,-66.03674,6046.537,-291.6871317008188,-0.042266846,2.6766357,0.004431388354761106,831,829,0.9975932611311673,1.0
3206,-65.977875,6049.1606,-291.6880686487959,0.05886841,2.62352,-0.0009369479770706774,826,826,1.0,1.0
3207,-65.921326,6051.802,-291.66196701351555,0.056549072,2.6409607,0.026101635280327225,836,834,0.9976076555023924,1.0
3208,-65.88046,6054.3604,-291.69324164348546,0.040863037,2.5585785,-0.03127462996993043,838,835,0.9964200477326969,1.0
3209,-65.92709,6056.891,-291.68987836446195,-0.04663086,2.5309753,0.0033632790235201626,823,821,0.9975698663426489,1.0
3210,-65.89688,6059.5215,-291.69751187418035,0.030212402,2.6305542,-0.00763350971839132,846,842,0.9952718676122931,1.0
3211,-65.90369,6062.121,-291.6394422474546,-0.00680542,2.5998535,0.058069626725743326,831,829,0.9975932611311673,1.0
3212,-65.878235,6064.6284,-291.65495744495155,0.02545166,2.507187,-0.015515197496932781,836,833,0.9964114832535885,1.0
3213,-65.90842,6067.123,-291.6626329539667,-0.030181885,2.4946747,-0.007675509015146634,840,836,0.9952380952380953,1.0
3214,-65.88757,6069.7373,-291.6656172388193,0.020843506,2.6141968,-0.0029842848526410175,847,844,0.9964580873671782,1.0
3215,-65.88214,6072.2886,-291.66067013873715,0.005432129,2.5512085,0.004947100082180269,836,831,0.9940191387559809,1.0
3216,-65.91846,6074.9106,-291.6968406483313,-0.036315918,2.6221619,-0.03617050959417803,840,837,0.9964285714285714,1.0
3217,-65.9245,6077.4375,-291.7202485847564,-0.0060424805,2.5267944,-0.023407936425098294,843,841,0.9976275207591934,1.0
3218,-65.94656,6080.045,-291.7094995509141,-0.022064209,2.6072388,0.01074903384231221,839,836,0.9964243146603099,1.0
3219,-66.011475,6082.5625,-291.73846233126386,-0.06491089,2.5177155,-0.02896278034977319,838,834,0.9952267303102625,1.0
3220,-66.039,6085.097,-291.7011327558995,-0.027526855,2.5346985,0.03732957536437046,829,826,0.9963811821471653,1.0
3221,-66.07413,6087.6074,-291.6954838290358,-0.035125732,2.5104828,0.005648926863696228,835,831,0.9952095808383233,1.0
3222,-66.080536,6090.1904,-291.70961159305614,-0.0064086914,2.5828094,-0.014127764020320573,825,822,0.9963636363636363,1.0
3223,-66.13916,6092.6787,-291.66207749888906,-0.058624268,2.488388,0.04753409416708883,832,828,0.9951923076923077,1.0
3224,-66.13852,6095.308,-291.6606282006755,0.00064086914,2.6294098,0.0014492982135715724,830,826,0.9951807228915662,1.0
3225,-66.16672,6097.809,-291.61043592722166,-0.028198242,2.5009613,0.050192273453824036,824,819,0.9939320388349514,1.0
3226,-66.12906,6100.3936,-291.59458126605114,0.03765869,2.5842896,0.015854661170515948,829,826,0.9963811821471653,1.0
3227,-66.1647,6102.956,-291.5971603976752,-0.03564453,2.5625916,-0.0025791316241135292,831,828,0.9963898916967509,1.0
3228,-66.185974,6105.3916,-291.6321355906506,-0.021270752,2.4355927,-0.03497519297535869,818,816,0.9975550122249389,1.0
3229,-66.19287,6107.945,-291.61800454009847,-0.0068969727,2.5532684,0.01413105055214012,828,827,0.998792270531401,1.0
3230,-66.208435,6110.473,-291.59766141962365,-0.015563965,2.5284271,0.020343120474796274,817,815,0.9975520195838433,1.0
3231,-66.229034,6113.0234,-291.6101697860742,-0.020599365,2.550354,-0.012508366450539349,826,825,0.9987893462469734,1.0
3232,-66.16699,6115.621,-291.61297907855067,0.062042236,2.5975342,-0.0028092924764481788,822,821,0.9987834549878345,1.0
3233,-66.20087,6118.2354,-291.58744297301996,-0.03387451,2.6144562,0.02553610553072838,808,808,1.0,1.0
3234,-66.2005,6120.791,-291.60255937757057,0.00036621094,2.555893,-0.015116404550585275,827,825,0.9975816203143894,1.0
3235,-66.15463,6123.411,-291.61719230020304,0.04586792,2.620285,-0.014632922632481449,827,824,0.9963724304715841,1.0
3236,-66.135956,6125.887,-291.62009749876927,0.018676758,2.4762115,-0.002905198566218875,823,819,0.9951397326852977,1.0
3237,-66.15466,6128.5063,-291.6017198887801,-0.018707275,2.6193542,0.018377609989132623,818,812,0.9926650366748166,1.0
3238,-66.163086,6131.0293,-291.627174307217,-0.008422852,2.5229797,-0.02545441843685526,822,818,0.9951338199513382,1.0
3239,-66.20221,6133.5557,-291.65015466668433,-0.039123535,2.5263824,-0.02298035946731875,819,817,0.9975579975579976,1.0
3240,-66.212036,6136.0913,-291.65430131532617,-0.00982666,2.5355072,-0.004146648641839698,832,828,0.9951923076923077,1.0
3241,-66.26932,6138.58,-291.66906369344,-0.057281494,2.488678,-0.014762378113834141,831,830,0.9987966305655837,1.0
3242,-66.29111,6141.1816,-291.6683914521095,-0.02178955,2.6014557,0.0006722413305032022,843,840,0.99644128113879,1.0
3243,-66.31183,6143.6904,-291.6506640790556,-0.020721436,2.5088959,0.01772737305391801,827,824,0.9963724304715841,1.0
3244,-66.36145,6146.2256,-291.65904688663903,-0.049621582,2.5351257,-0.008382807583398334,828,826,0.9975845410628019,1.0
3245,-66.36661,6148.716,-291.6694425237363,-0.0051574707,2.4900818,-0.010395637097250375,829,826,0.9963811821471653,1.0
3246,-66.349335,6151.25,-291.6420990279381,0.01727295,2.534378,0.02734349579817673,822,822,1.0,1.0
3247,-66.44522,6153.7593,-291.64216700869866,-0.09588623,2.5090637,-6.79807605726261e-05,824,822,0.9975728155339806,1.0
3248,-66.47214,6156.2573,-291.6368755896629,-0.026916504,2.4981842,0.005291419035781429,819,815,0.9951159951159951,1.0
3249,-66.5267,6158.8267,-291.6551778614591,-0.05456543,2.569458,-0.01830227179618633,832,829,0.9963942307692307,1.0
3250,-66.524506,6161.332,-291.64536675887217,0.0021972656,2.5053558,0.009811102586946539,832,828,0.9951923076923077,1.0
3251,-66.542114,6163.858,-291.63423696224856,-0.017608643,2.5260773,0.011129796623611897,825,822,0.9963636363636363,1.0
3252,-66.54178,6166.421,-291.5957758283366,0.00033569336,2.562851,0.038461133911952834,837,835,0.997610513739546,1.0
3253,-66.58765,6168.932,-291.60419385529383,-0.04586792,2.511383,-0.008418026957176918,819,817,0.9975579975579976,1.0
3254,-66.51785,6171.4414,-291.59006454775084,0.0697937,2.5091095,0.014129307542977566,815,813,0.9975460122699387,1.0
3255,-66.53519,6173.954,-291.60156188083795,-0.017333984,2.5125122,-0.011497333087127418,825,823,0.9975757575757576,1.0
3256,-66.52588,6176.4644,-291.58638632457206,0.009307861,2.5103607,0.015175556265876,822,818,0.9951338199513382,1.0
3257,-66.56525,6178.9517,-291.60220614981034,-0.039367676,2.487152,-0.0158198252382862,828,826,0.9975845410628019,1.0
3258,-66.536194,6181.4106,-291.56508078511285,0.029052734,2.4589844,0.037125364697496145,826,823,0.9963680387409201,1.0
3259,-66.56073,6183.8774,-291.615741639085,-0.024536133,2.4668274,-0.05066085397212284,835,831,0.9952095808383233,1.0
3260,-66.50168,6186.322,-291.58710266697204,0.059051514,2.4444733,0.028638972112971114,831,829,0.9975932611311673,1.0
3261,-66.48541,6188.7646,-291.6099743737453,0.01626587,2.442749,-0.022871706773232577,827,825,0.9975816203143894,1.0
3262,-66.4816,6191.244,-291.6116090438475,0.0038146973,2.4792938,-0.0016346701022409182,832,831,0.9987980769230769,1.0
3263,-66.47858,6193.6343,-291.6053034594852,0.0030212402,2.390213,0.00630558436236524,825,822,0.9963636363636363,1.0
3264,-66.49698,6196.2515,-291.61888108983595,-0.0184021,2.6172028,-0.013577630350790605,830,829,0.9987951807228915,1.0
3265,-66.50168,6198.783,-291.5787236518743,-0.004699707,2.5315552,0.040157437961647925,825,823,0.9975757575757576,1.0
3266,-66.47507,6201.416,-291.58740031676143,0.026611328,2.6326904,-0.008676664887089016,817,815,0.9975520195838433,1.0
3267,-66.469055,6203.837,-291.565072473808,0.006011963,2.4210358,0.02232784295342339,803,803,1.0,1.0
3268,-66.49887,6206.2095,-291.55492262166587,-0.029815674,2.3726044,0.010149852142124303,827,826,0.9987908101571947,1.0
3269,-66.51547,6208.419,-291.5800809247959,-0.016601562,2.2092438,-0.02515830313000789,829,828,0.9987937273823885,1.0
3270,-66.53302,6210.519,-291.51779509477024,-0.017547607,2.1001434,0.06228583002565043,840,839,0.9988095238095238,1.0
3271,-66.54007,6212.5254,-291.5163550126832,-0.0070495605,2.0064545,0.0014400820870118084,852,850,0.9976525821596244,1.0
3272,-66.57431,6214.4185,-291.5229623682688,-0.034240723,1.8930359,-0.006607355585551167,838,837,0.9988066825775657,1.0
3273,-66.62204,6216.2485,-291.51149119606845,-0.047729492,1.8298645,0.011471172200355767,820,820,1.0,1.0
3274,-66.589355,6217.9707,-291.4667229359078,0.032684326,1.7221985,0.044768260160641775,823,820,0.9963547995139733,1.0
3275,-66.664825,6219.64,-291.4939659256415,-0.07546997,1.6694031,-0.027242989733674526,818,817,0.9987775061124694,1.0
3276,-66.661835,6221.308,-291.4230453540378,0.0029907227,1.6677856,0.0709205716036594,801,800,0.9987515605493134,1.0
3277,-66.56891,6222.8843,-291.3809643163154,0.092926025,1.5763092,0.042081037722399954,812,809,0.9963054187192119,1.0
3278,-66.592926,6224.484,-291.36666485460756,-0.024017334,1.5997314,0.01429946170779955,820,818,0.9975609756097561,1.0
3279,-66.63483,6226.061,-291.3335934025499,-0.041900635,1.5773621,0.033071452057627175,807,805,0.9975216852540273,1.0
3280,-66.615265,6227.6353,-291.3204444756875,0.019561768,1.5742035,0.013148926862428306,802,799,0.9962593516209476,1.0
3281,-66.55615,6229.16,-291.2917796605668,0.05911255,1.524826,0.02866481512070981,805,805,1.0,1.0
3282,-66.50015,6230.6445,-291.2910822974434,0.055999756,1.4843903,0.0006973631234442459,811,811,1.0,1.0
3283,-66.48532,6232.158,-291.3225301205709,0.014831543,1.5135803,-0.03144782312748291,808,806,0.9975247524752475,1.0
3284,-66.46982,6233.6055,-291.3191496135468,0.01550293,1.4472809,0.003380507024072306,819,818,0.9987789987789988,1.0
3285,-66.42627,6235.1626,-291.32414882193206,0.043548584,1.557251,-0.004999208385258261,817,816,0.9987760097919217,1.0
3286,-66.408264,6236.7173,-291.32875160701656,0.018005371,1.5545197,-0.004602785084518102,810,809,0.9987654320987654,1.0
3287,-66.37799,6238.0938,-291.34873190772646,0.030273438,1.3764954,-0.019980300709924553,822,820,0.9975669099756691,1.0
3288,-66.351776,6239.48,-291.32152855823176,0.0262146,1.3862915,0.027203349494681235,831,830,0.9987966305655837,1.0
3289,-66.33707,6240.7954,-291.3401740322739,0.014709473,1.3155518,-0.01864547404218492,826,822,0.9951573849878934,1.0
3290,-66.37518,6242.0815,-291.3763667011865,-0.038116455,1.2863617,-0.036192668912552024,817,815,0.9975520195838433,1.0
3291,-66.3111,6243.3037,-291.3420625947496,0.064086914,1.2220306,0.034304106436901904,810,808,0.9975308641975309,1.0
3292,-66.306274,6244.438,-291.3264590115178,0.0048217773,1.1342316,0.015603583231818628,816,815,0.9987745098039216,1.0
3293,-66.26169,6245.55,-291.33608962344545,0.04458618,1.1117859,-0.009630611927641359,814,813,0.9987714987714987,1.0
3294,-66.21005,6246.6235,-291.33435425766606,0.051635742,1.0737305,0.0017353657793614773,829,829,1.0,1.0
3295,-66.22406,6247.541,-291.3412563157462,-0.014007568,0.9172821,-0.0069020580801186695,830,827,0.9963855421686747,1.0
3296,-66.204315,6248.391,-291.3201474025218,0.019744873,0.85020447,0.021108913224398295,805,805,1.0,1.0
3297,-66.18356,6248.993,-291.304110423708,0.020751953,0.60183716,0.01603697881379415,820,819,0.998780487804878,1.0
3298,-66.15909,6249.6074,-291.2808604235654,0.024475098,0.6143341,0.023250000142597163,816,816,1.0,1.0
3299,-66.15753,6250.01,-291.2680608757273,0.0015563965,0.40216064,0.012799547838094144,819,819,1.0,1.0
3300,-66.17673,6250.4224,-291.2550346321351,-0.019195557,0.41282654,0.013026243592230627,815,814,0.9987730061349693,1.0
3301,-66.16229,6250.8438,-291.2141879823948,0.014434814,0.4213562,0.04084664974033267,837,836,0.998805256869773,1.0
3302,-66.20273,6251.0703,-291.2228612577324,-0.04043579,0.22631836,-0.008673275337612116,851,850,0.9988249118683902,1.0
3303,-66.16574,6251.1494,-291.2181939463935,0.036987305,0.07923889,0.0046673113389104435,876,875,0.9988584474885844,1.0
3304,-66.17703,6251.1826,-291.213933091705,-0.011291504,0.033355713,0.004260854688514253,898,898,1.0,1.0
3305,-66.192566,6251.189,-291.21812283771646,-0.015533447,0.0061798096,-0.004189746011514955,888,888,1.0,1.0
3306,-66.24353,6251.205,-291.2064536400167,-0.050964355,0.016296387,0.011669197699733205,888,888,1.0,1.0
3307,-66.29953,6251.164,-291.19923137165364,-0.055999756,-0.04107666,0.007222268363074592,892,892,1.0,1.0
3308,-66.316925,6251.1636,-291.20350543439014,-0.01739502,-0.00035095215,-0.00427406273652636,893,893,1.0,1.0
3309,-66.36517,6251.18,-291.20266350578817,-0.04824829,0.016784668,0.0008419286019942269,890,890,1.0,1.0
3310,-66.44031,6251.2285,-291.2095198236279,-0.07513428,0.048324585,-0.0068563178397180865,875,875,1.0,1.0
3311,-66.28317,6251.491,-291.62793908440483,0.15713501,0.2627716,-0.41841926077696723,777,776,0.9987129987129987,1.0
3312,-66.35379,6252.924,-296.75948775369335,-0.070617676,1.4328003,-5.131548669288521,732,727,0.9931693989071039,1.0
3313,-66.310394,6254.2427,-303.2532027836864,0.043395996,1.318985,-6.493715029993049,740,738,0.9972972972972973,1.0
3314,-66.3996,6255.23,-309.9409751901842,-0.08920288,0.98721313,-6.687772406497814,753,751,0.99734395750332,1.0
3315,-66.29703,6255.865,-316.3174901288572,0.10256958,0.63549805,-6.376514938672991,769,767,0.9973992197659298,1.0
3316,-66.25925,6256.489,-322.8875290983556,0.03778076,0.62338257,-6.570038969498466,742,739,0.9959568733153639,1.0
3317,-66.16046,6256.983,-329.64384994422204,0.0987854,0.4941101,-6.7563208458664,742,741,0.9986522911051213,1.0
3318,-66.100525,6257.48,-336.3282482874147,0.059936523,0.4972229,-6.684398343192662,730,726,0.9945205479452055,1.0
3319,-66.074615,6257.747,-342.91062182856325,0.025909424,0.2671814,-6.582373541148576,753,753,1.0,1.0
3320,-66.069824,6258.054,-349.59586115649574,0.0047912598,0.3070984,-6.685239327932467,740,739,0.9986486486486487,1.0
3321,-66.25461,6258.4233,-356.0067300221797,-0.18478394,0.3691101,-6.410868865683938,767,767,1.0,1.0
3322,-66.45615,6258.887,-361.4627009033575,-0.20153809,0.46398926,-5.455970881177772,798,796,0.9974937343358395,1.0
3323,-66.651276,6259.257,-365.5270826771871,-0.1951294,0.36953735,-4.06438177382959,794,793,0.9987405541561712,1.0
3324,-66.789734,6259.6846,-368.0556002524096,-0.13845825,0.42791748,-2.5285175752225078,815,814,0.9987730061349693,1.0
3325,-66.866394,6260.128,-369.56113896874876,-0.076660156,0.4432068,-1.5055387163391774,828,824,0.9951690821256038,1.0
3326,-66.93112,6260.702,-370.6810359984572,-0.06472778,0.5739746,-1.1198970297084259,838,837,0.9988066825775657,1.0
3327,-66.972565,6261.379,-371.57918667549757,-0.04144287,0.6769104,-0.8981506770403458,843,841,0.9976275207591934,1.0
3328,-67.026245,6262.3022,-372.27026970044955,-0.05368042,0.923172,-0.6910830249519614,837,836,0.998805256869773,1.0
3329,-67.05377,6263.4214,-372.7792737605902,-0.027526855,1.1190491,-0.5090040601406449,849,847,0.9976442873969376,1.0
3330,-67.14145,6264.6147,-373.1532701443454,-0.087677,1.1935425,-0.37399638375526734,838,838,1.0,1.0
3331,-67.18222,6265.953,-373.428419220864,-0.040771484,1.338211,-0.27514907651859605,851,851,1.0,1.0
3332,-67.262665,6267.479,-373.6728563534644,-0.080444336,1.5258789,-0.24443713260040276,846,845,0.9988179669030733,1.0
3333,-67.355225,6269.127,-373.8475793739949,-0.092559814,1.6478729,-0.1747230205305208,849,848,0.9988221436984688,1.0
3334,-67.37341,6270.934,-373.96675167495385,-0.018188477,1.8073578,-0.11917230095893698,854,854,1.0,1.0
3335,-67.42679,6272.9653,-374.09075014150204,-0.053375244,2.0312653,-0.12399846654820629,857,856,0.9988331388564761,1.0
3336,-67.427155,6275.151,-374.16609983103444,-0.00036621094,2.1853485,-0.07534968953241147,834,833,0.9988009592326139,1.0
3337,-67.41614,6277.5884,-374.26686389165695,0.011016846,2.4375916,-0.10076406062248253,842,839,0.996437054631829,1.0
3338,-67.3934,6280.167,-374.3749509720619,0.022735596,2.5787659,-0.10808708040494643,856,854,0.9976635514018691,1.0
3339,-67.38211,6283.008,-374.46026808758387,0.011291504,2.8408203,-0.0853171155219306,846,845,0.9988179669030733,1.0
3340,-67.47009,6285.9165,-374.57117893829,-0.08798218,2.908905,-0.11091085070616784,853,852,0.9988276670574443,1.0
3341,-67.44458,6288.794,-374.66339689798656,0.025512695,2.8775787,-0.09221795969651424,852,850,0.9976525821596244,1.0
3342,-67.4057,6291.828,-374.78279123360517,0.038879395,3.0340118,-0.1193943356186241,837,837,1.0,1.0
3343,-67.37271,6294.86,-374.90942924776624,0.032989502,3.031784,-0.12663801416107112,845,845,1.0,1.0
3344,-67.35596,6297.8193,-375.0002010753079,0.01675415,2.959259,-0.090771827541688,846,845,0.9988179669030733,1.0
3345,-67.32385,6300.8833,-375.0717055718365,0.032104492,3.0639954,-0.07150449652857908,851,849,0.9976498237367802,1.0
3346,-67.37796,6303.8086,-375.1716976149398,-0.054107666,2.9251251,-0.09999204310328012,864,859,0.9942129629629629,1.0
3347,-67.368256,6306.7285,-375.2753992818475,0.00970459,2.9200134,-0.10370166690776361,861,861,1.0,1.0
3348,-67.408966,6309.552,-375.3609586563618,-0.04071045,2.8233643,-0.08555937451426121,847,847,1.0,1.0
3349,-67.41058,6312.404,-375.4210414374732,-0.0016174316,2.8522491,-0.06008278111140761,860,860,1.0,1.0
3350,-67.45087,6315.264,-375.46725140818876,-0.040283203,2.860321,-0.04620997071555894,853,849,0.9953106682297772,1.0
3351,-67.45438,6318.014,-375.522167703109,-0.0035095215,2.749771,-0.054916294920271315,858,856,0.9976689976689976,1.0
3352,-67.51044,6320.731,-375.5681061180726,-0.05606079,2.7167664,-0.04593841496357999,856,856,1.0,1.0
3353,-67.52197,6323.4614,-375.60826925585076,-0.0115356445,2.7303314,-0.040163137778188945,855,854,0.9988304093567252,1.0
3354,-67.56601,6326.153,-375.6233969879454,-0.044036865,2.691391,-0.015127732094643305,856,856,1.0,1.0
3355,-67.54782,6328.812,-375.66758712224447,0.018188477,2.6591492,-0.04419013429908645,860,859,0.9988372093023256,1.0
3356,-67.589355,6331.4375,-375.70578048642534,-0.041534424,2.6252747,-0.0381933641808523,863,862,0.9988412514484357,1.0
3357,-67.55365,6334.088,-375.6978092969633,0.035705566,2.6504364,0.007971189462039745,869,867,0.997698504027618,1.0
3358,-67.62918,6336.686,-375.7240201428866,-0.075531006,2.5982513,-0.026210845923307028,866,865,0.9988452655889145,1.0
3359,-67.619995,6339.321,-375.73080171425926,0.009185791,2.6346588,-0.006781571372653075,860,857,0.9965116279069768,1.0
3360,-67.62402,6341.8545,-375.73264174213983,-0.0040283203,2.5337067,-0.001840027880583473,842,839,0.996437054631829,1.0
3361,-67.60245,6344.506,-375.7433982429836,0.021575928,2.6512604,-0.010756500843749586,851,851,1.0,1.0
3362,-67.57297,6347.049,-375.7360624826278,0.02947998,2.543213,0.007335760355785908,845,843,0.9976331360946745,1.0
3363,-67.56128,6349.676,-375.7747954018962,0.011688232,2.6268005,-0.03873291926837936,837,835,0.997610513739546,1.0
3364,-67.58902,6352.253,-375.76966078609865,-0.027740479,2.5773163,0.005134615797548036,861,859,0.9976771196283392,1.0
3365,-67.57001,6354.9004,-375.7796503305588,0.019012451,2.6473541,-0.009989544460163998,858,856,0.9976689976689976,1.0
3366,-67.60123,6357.469,-375.7570142705453,-0.031219482,2.5687256,0.022636060013473385,853,853,1.0,1.0
3367,-67.5741,6360.0166,-375.7605842334193,0.027130127,2.5473022,-0.0035699628740047144,863,861,0.9976825028968713,1.0
3368,-67.54025,6362.6094,-375.7465988471223,0.033843994,2.5929718,0.013985386296995762,858,856,0.9976689976689976,1.0
3369,-67.516754,6365.18,-375.7644998219926,0.023498535,2.5708008,-0.017900974870301678,852,850,0.9976525821596244,1.0
3370,-67.51416,6367.665,-375.7503576326825,0.0025939941,2.4850616,0.014142189310144309,853,851,0.9976553341148886,1.0
3371,-67.46216,6370.2466,-375.73024289577404,0.052001953,2.5815887,0.020114736908425586,851,849,0.9976498237367802,1.0
3372,-67.42822,6372.729,-375.7291220612728,0.033935547,2.4825287,0.0011208345012359573,857,855,0.9976662777129521,1.0
3373,-67.4353,6375.309,-375.74098123035697,-0.007080078,2.579895,-0.011859169084153066,864,862,0.9976851851851852,1.0
3374,-67.440674,6377.7993,-375.72165365680837,-0.0053710938,2.4901428,0.019327573548597776,861,859,0.9976771196283392,1.0
3375,-67.42584,6380.315,-375.72349958039433,0.014831543,2.5158386,-0.001845923585975562,864,863,0.9988425925925926,1.0
3376,-67.445465,6382.7383,-375.72751488205245,-0.019622803,2.4235535,-0.004015301658119089,865,865,1.0,1.0
3377,-67.41824,6385.294,-375.7222174825992,0.02722168,2.5556183,0.005297399453235877,871,871,1.0,1.0
3378,-67.475494,6387.835,-375.7309386414826,-0.057250977,2.5411835,-0.00872115888340988,867,866,0.9988465974625144,1.0
3379,-67.51535,6390.3804,-375.7380037442456,-0.039855957,2.5451965,-0.007065102762969252,865,861,0.9953757225433526,1.0
3380,-67.476074,6392.9497,-375.70427869994484,0.039276123,2.5692902,0.033725044300751954,861,859,0.9976771196283392,1.0
3381,-67.50989,6395.505,-375.69865507531983,-0.033813477,2.5549927,0.0056236246249822255,868,866,0.9976958525345622,1.0
3382,-67.6134,6398.016,-375.6798182759568,-0.103515625,2.5112762,0.018836799363057752,865,862,0.9965317919075144,1.0
3383,-67.597046,6400.531,-375.69737116043063,0.016357422,2.5147705,-0.017552884473867304,861,860,0.9988385598141696,1.0
3384,-67.588684,6403.027,-375.60480102504727,0.008361816,2.495987,0.09257013538339581,865,864,0.9988439306358381,1.0
3385,-67.58945,6405.62,-375.5853867733679,-0.00076293945,2.593399,0.01941425167936597,866,866,1.0,1.0
3386,-67.622345,6408.076,-375.58324178620524,-0.03289795,2.4561615,0.002144987162636768,866,865,0.9988452655889145,1.0
3387,-67.60254,6410.6978,-375.58905554376713,0.019805908,2.621643,-0.005813757561885269,863,863,1.0,1.0
3388,-67.65933,6413.143,-375.60976685557705,-0.056793213,2.445221,-0.020711311809939407,865,865,1.0,1.0
3389,-67.710815,6415.7173,-375.6051189586621,-0.051483154,2.5741577,0.004647896914950629,858,858,1.0,1.0
3390,-67.71591,6418.2305,-375.5975942849643,-0.0050964355,2.5133514,0.007524673697781299,870,869,0.9988505747126437,1.0
3391,-67.73425,6420.839,-375.5889081890183,-0.018341064,2.6086426,0.008686095945989814,863,863,1.0,1.0
3392,-67.79352,6423.3335,-375.5691060308596,-0.059265137,2.4946442,0.019802158158698173,863,863,1.0,1.0
3393,-67.835236,6425.8823,-375.5616257924989,-0.04171753,2.5487366,0.007480238360692046,861,861,1.0,1.0
3394,-67.8233,6428.3574,-375.5298292417683,0.011932373,2.4753265,0.03179655073060241,866,866,1.0,1.0
3395,-67.83673,6430.8594,-375.5267036446939,-0.013427734,2.5019836,0.00312559707440703,864,863,0.9988425925925926,1.0
3396,-67.89694,6433.3237,-375.54008547978026,-0.06021118,2.464447,-0.013381835086363172,855,855,1.0,1.0
3397,-67.92267,6435.8096,-375.52076709163555,-0.025726318,2.4858246,0.019318388144695196,850,850,1.0,1.0
3398,-67.9064,6438.3677,-375.48520906613123,0.01626587,2.5579376,0.03555802550432529,858,857,0.9988344988344988,1.0
3399,-67.95218,6440.8525,-375.48396014613655,-0.045776367,2.4850922,0.0012489199946769003,863,862,0.9988412514484357,1.0
3400,-67.97397,6443.384,-375.4818826257456,-0.02178955,2.531021,0.002077520390942701,857,856,0.9988331388564761,1.0
3401,-68.02362,6445.9097,-375.4675717520275,-0.0496521,2.5259857,0.014310873718109735,846,845,0.9988179669030733,1.0
3402,-68.023895,6448.374,-375.4541580149016,-0.0002746582,2.4643555,0.013413737125858922,852,852,1.0,1.0
3403,-68.0459,6450.94,-375.4433338679839,-0.022003174,2.56604,0.010824146917732414,861,861,1.0,1.0
3404,-68.072174,6453.4204,-375.4655928482858,-0.026275635,2.480301,-0.02225898030189361,852,852,1.0,1.0
3405,-68.07364,6456.0103,-375.44086494767276,-0.0014648438,2.589981,0.024727900613041368,852,851,0.9988262910798122,1.0
3406,-68.07388,6458.5034,-375.45634602138665,-0.00024414062,2.4932709,-0.015481073713886089,850,849,0.9988235294117647,1.0
3407,-68.15497,6461.068,-375.4494447882202,-0.081085205,2.5644684,0.006901233166440461,847,846,0.9988193624557261,1.0
3408,-68.13785,6463.5996,-375.4266915246234,0.017120361,2.5317535,0.022753263596849045,857,855,0.9976662777129521,1.0
3409,-68.18271,6466.1685,-375.43522346650707,-0.04486084,2.569046,-0.008531941883662568,841,837,0.995243757431629,1.0
3410,-68.15106,6468.701,-375.39428403068905,0.03164673,2.5326538,0.040939435818003654,836,834,0.9976076555023924,1.0
3411,-68.14612,6471.2734,-375.39285139040794,0.0049438477,2.5723114,0.0014326402811304015,849,848,0.9988221436984688,1.0
3412,-68.14444,6473.778,-375.36450953221333,0.0016784668,2.504242,0.02834185819459778,837,836,0.998805256869773,1.0
3413,-68.164764,6476.352,-375.3631640783852,-0.020324707,2.5742188,0.0013454538281454178,846,846,1.0,1.0
3414,-68.17502,6478.8633,-375.3185644930143,-0.010253906,2.5112457,0.04459958537087759,858,857,0.9988344988344988,1.0
3415,-68.14551,6481.4863,-375.2768095433497,0.029510498,2.6231995,0.041754949664611,852,848,0.9953051643192489,1.0
3416,-68.19003,6483.9575,-375.2796929815702,-0.044525146,2.4710846,-0.002883438220484444,849,848,0.9988221436984688,1.0
3417,-68.23428,6486.519,-375.2550949248227,-0.04425049,2.561554,0.024598056747486347,854,853,0.9988290398126464,1.0
3418,-68.24985,6489.059,-375.23356570321556,-0.015563965,2.5400848,0.02152922160714612,840,838,0.9976190476190476,1.0
3419,-68.33115,6491.6006,-375.2295529783805,-0.08129883,2.541748,0.004012724835020243,851,849,0.9976498237367802,1.0
3420,-68.38547,6494.125,-375.23304795985564,-0.05432129,2.5243225,-0.003494981475115575,845,845,1.0,1.0
3421,-68.38876,6496.6274,-375.2055291760377,-0.0032958984,2.5023804,0.02751878381793962,850,850,1.0,1.0
3422,-68.47772,6499.1245,-375.2020499256873,-0.08895874,2.4968414,0.0034792503504256786,865,863,0.9976878612716763,1.0
3423,-68.55234,6501.6,-375.1919871687489,-0.07461548,2.4757538,0.01006275693840336,863,860,0.996523754345307,1.0
3424,-68.56375,6504.0703,-375.1722124864543,-0.011413574,2.47023,0.01977468229457909,862,858,0.9953596287703016,1.0
3425,-68.62244,6506.55,-375.16173620827664,-0.058685303,2.4795074,0.010476278177689745,851,851,1.0,1.0
3426,-68.64737,6509.0483,-375.14051243514035,-0.024932861,2.498764,0.021223773136288024,848,848,1.0,1.0
3427,-68.67108,6511.5,-375.1210826648039,-0.023712158,2.451767,0.0194297703364375,858,857,0.9988344988344988,1.0
3428,-68.686584,6513.97,-375.11344914119843,-0.01550293,2.4702911,0.007633523605477828,850,849,0.9988235294117647,1.0
3429,-68.73135,6516.4985,-375.07237964039876,-0.044769287,2.5282593,0.041069500799652284,846,845,0.9988179669030733,1.0
