frame_idx,cum_x,cum_y,cum_yaw,dx,dy,dyaw,good_matches,inliers,inlier_ratio,mean_score
0,0.0,0.0,0.0,0.0,0.0,0.0,0,0,1.0,1.0
1,0.49978638,0.15879822,-0.008318444145144587,0.49978638,0.15879822,-0.008318444145144587,331,331,1.0,1.0
2,0.89675903,0.3715973,-0.06015817890420589,0.39697266,0.21279907,-0.051839734759061305,313,313,1.0,1.0
3,1.3217773,0.49552917,-0.04786533690862528,0.4250183,0.123931885,0.012292841995580606,326,326,1.0,1.0
4,1.7171326,0.64260864,-0.02908774985912019,0.39535522,0.14707947,0.01877758704950509,295,295,1.0,1.0
5,1.8815613,0.84565735,-0.05925374683733595,0.16442871,0.2030487,-0.030165996978215755,302,302,1.0,1.0
6,2.0498962,1.0310059,-0.06589911040753443,0.16833496,0.18534851,-0.006645363570198481,318,318,1.0,1.0
7,2.3363037,1.3328094,-0.05416725114815327,0.28640747,0.3018036,0.011731859259381165,324,324,1.0,1.0
8,2.609253,1.5570526,-0.0757641917215946,0.27294922,0.22424316,-0.02159694057344133,335,334,0.9970149253731343,1.0
9,2.9499817,1.8367615,-0.15862432717638159,0.34072876,0.27970886,-0.082860135454787,352,352,1.0,1.0
10,3.0516052,2.2314606,-0.3994789625131012,0.101623535,0.3946991,-0.2408546353367196,391,391,1.0,1.0
11,3.186554,2.6375885,-0.6586688650440597,0.13494873,0.40612793,-0.2591899025309586,397,397,1.0,1.0
12,3.3220215,2.9555664,-1.0121413518551923,0.13546753,0.3179779,-0.3534724868111324,409,409,1.0,1.0
13,3.29953,3.1866608,-1.564980444453429,-0.022491455,0.23109436,-0.5528390925982367,448,448,1.0,1.0
14,3.36438,3.4893951,-2.1255924695589368,0.06484985,0.30273438,-0.560612025105508,491,491,1.0,1.0
15,3.3636475,3.8912659,-2.5284243792509544,-0.0007324219,0.40187073,-0.4028319096920175,494,494,1.0,1.0
16,3.4248352,4.246292,-2.854243671887485,0.061187744,0.35502625,-0.32581929263653076,507,507,1.0,1.0
17,3.3200073,4.749588,-3.19868528011958,-0.10482788,0.5032959,-0.3444416082320952,509,509,1.0,1.0
18,3.406067,5.071335,-3.3829487543499686,0.08605957,0.32174683,-0.18426347423038839,533,533,1.0,1.0
19,3.278595,5.5921326,-3.6763658135437565,-0.12747192,0.5207977,-0.293417059193788,559,559,1.0,1.0
20,3.4855347,6.1331635,-4.093105759756232,0.2069397,0.5410309,-0.4167399462124752,581,577,0.9931153184165232,1.0
21,3.4359436,6.695389,-4.345533554966079,-0.049591064,0.56222534,-0.2524277952098472,581,581,1.0,1.0
22,3.3197021,7.379181,-4.414167837628145,-0.116241455,0.6837921,-0.06863428266206527,586,586,1.0,1.0
23,3.1616821,7.8170776,-4.51683623171576,-0.15802002,0.43789673,-0.10266839408761576,592,592,1.0,1.0
24,3.0542603,8.26059,-4.575196628587496,-0.107421875,0.44351196,-0.05836039687173603,597,597,1.0,1.0
25,2.89328,8.615204,-4.68406095993257,-0.16098022,0.35461426,-0.10886433134507414,600,600,1.0,1.0
26,2.7217407,9.053986,-4.774853753943585,-0.1715393,0.43878174,-0.09079279401101471,599,599,1.0,1.0
27,2.4091492,9.537628,-4.857574053101693,-0.31259155,0.48364258,-0.0827202991581086,604,604,1.0,1.0
28,2.2027893,9.931305,-4.99395061506107,-0.20635986,0.39367676,-0.13637656195937742,608,608,1.0,1.0
29,2.0364075,10.287842,-5.089358925095053,-0.16638184,0.35653687,-0.09540831003398284,598,598,1.0,1.0
30,1.7330017,10.766663,-5.231605584163945,-0.30340576,0.4788208,-0.14224665906889217,597,597,1.0,1.0
31,1.490448,11.064377,-5.364689709810247,-0.24255371,0.29771423,-0.1330841256463023,591,591,1.0,1.0
32,1.2974854,11.412964,-5.484563231264644,-0.19296265,0.34858704,-0.11987352145439686,596,596,1.0,1.0
33,1.1679993,11.622421,-5.720655691933002,-0.12948608,0.2094574,-0.23609246066835762,596,596,1.0,1.0
34,0.9762268,11.932907,-5.793559792729685,-0.19177246,0.31048584,-0.07290410079668286,582,582,1.0,1.0
35,0.87442017,12.179535,-5.857949568245838,-0.10180664,0.24662781,-0.06438977551615283,600,600,1.0,1.0
36,0.67163086,12.507568,-5.960572590185007,-0.2027893,0.32803345,-0.10262302193916892,598,598,1.0,1.0
37,0.5082092,12.739166,-6.0467520893329665,-0.16342163,0.2315979,-0.08617949914795957,590,590,1.0,1.0
38,0.41708374,12.968521,-6.146428026373757,-0.09112549,0.22935486,-0.09967593704079064,585,585,1.0,1.0
39,0.25100708,13.21431,-6.1998347024523515,-0.16607666,0.24578857,-0.05340667607859517,585,585,1.0,1.0
40,0.15856934,13.375336,-6.292563086035654,-0.092437744,0.161026,-0.09272838358330207,586,586,1.0,1.0
41,-0.07885742,13.445068,-6.383444094331583,-0.23742676,0.069732666,-0.09088100829592954,587,587,1.0,1.0
42,-0.1972351,13.597244,-6.413239585862573,-0.118377686,0.1521759,-0.029795491530989163,601,601,1.0,1.0
43,-0.44058228,13.752304,-6.443661242294841,-0.24334717,0.15505981,-0.03042165643226845,597,597,1.0,1.0
44,-0.5856018,13.843109,-6.463732022421807,-0.14501953,0.09080505,-0.02007078012696577,613,613,1.0,1.0
45,-0.70614624,13.980316,-6.536318347943782,-0.12054443,0.13720703,-0.07258632552197473,612,612,1.0,1.0
46,-0.7156372,13.933502,-6.653050075629247,-0.009490967,-0.046813965,-0.11673172768546504,627,627,1.0,1.0
47,-0.7207947,13.900253,-6.658440811541773,-0.0051574707,-0.0332489,-0.005390735912525662,615,615,1.0,1.0
48,-0.78915405,13.862473,-6.67216591693741,-0.068359375,-0.03778076,-0.013725105395637394,617,617,1.0,1.0
49,-0.9141846,13.825256,-6.730600262697522,-0.12503052,-0.037216187,-0.05843434576011257,621,621,1.0,1.0
50,-0.901062,13.679092,-6.737769814146124,0.013122559,-0.14616394,-0.007169551448601498,613,613,1.0,1.0
51,-1.0124512,13.4678955,-6.7447766328857615,-0.11138916,-0.2111969,-0.007006818739637854,607,607,1.0,1.0
52,-1.0745239,13.385773,-6.768513586932779,-0.062072754,-0.0821228,-0.02373695404701825,584,584,1.0,1.0
53,-0.9501648,13.379288,-6.734116158382134,0.12435913,-0.0064849854,0.034397428550644905,562,562,1.0,1.0
54,-1.073761,13.378845,-6.725321223392372,-0.12359619,-0.00044250488,0.00879493498976179,576,576,1.0,1.0
55,-1.0016785,13.251663,-6.725580615941539,0.07208252,-0.127182,-0.00025939254916749533,594,594,1.0,1.0
56,-1.1188049,13.064789,-6.724318869110814,-0.117126465,-0.18687439,0.0012617468307256235,572,572,1.0,1.0
57,-1.0772705,12.897385,-6.70544937086663,0.041534424,-0.16740417,0.018869498244184324,595,595,1.0,1.0
58,-0.98791504,12.659088,-6.679601739692757,0.08935547,-0.23829651,0.025847631173873013,579,579,1.0,1.0
59,-0.7710571,12.183792,-6.6822825778584525,0.21685791,-0.47529602,-0.002680838165695795,578,578,1.0,1.0
60,-0.71698,11.833466,-6.7188607961676805,0.05407715,-0.35032654,-0.036578218309228416,603,603,1.0,1.0
61,-0.7128296,11.546448,-6.7260862807025585,0.0041503906,-0.28701782,-0.007225484534878255,614,614,1.0,1.0
62,-0.7072754,11.38176,-6.73251347465157,0.005554199,-0.16468811,-0.006427193949010862,630,630,1.0,1.0
63,-0.62719727,11.196838,-6.73957767441161,0.080078125,-0.18492126,-0.007064199760040366,610,610,1.0,1.0
64,-0.65231323,11.103516,-6.7183587519286405,-0.025115967,-0.093322754,0.021218922482968975,608,608,1.0,1.0
65,-0.6827698,10.956772,-6.704233337178227,-0.030456543,-0.14674377,0.014125414750413696,635,635,1.0,1.0
66,-0.7155762,10.777252,-6.7071242114919745,-0.032806396,-0.17951965,-0.002890874313747422,578,578,1.0,1.0
67,-0.75823975,10.620972,-6.725120493947083,-0.042663574,-0.15628052,-0.017996282455108082,585,585,1.0,1.0
68,-0.75253296,10.27063,-6.717705529847168,0.005706787,-0.3503418,0.0074149640999143385,578,578,1.0,1.0
69,-0.80651855,10.092239,-6.676677987694893,-0.053985596,-0.1783905,0.041027542152275914,623,623,1.0,1.0
70,-0.92471313,9.816132,-6.685140130815777,-0.11819458,-0.2761078,-0.008462143120884431,596,596,1.0,1.0
71,-1.0335083,9.654892,-6.685693048837438,-0.108795166,-0.16123962,-0.0005529180216600181,558,558,1.0,1.0
72,-1.103241,9.403427,-6.67297323200681,-0.069732666,-0.25146484,0.012719816830627647,557,557,1.0,1.0
73,-1.2184753,9.22995,-6.693804050898028,-0.115234375,-0.17347717,-0.020830818891217785,563,563,1.0,1.0
74,-1.3268433,9.029892,-6.7215795197068084,-0.10836792,-0.20005798,-0.027775468808780644,547,547,1.0,1.0
75,-1.3520203,8.773315,-6.7860858315530885,-0.025177002,-0.25657654,-0.06450631184627982,529,529,1.0,1.0
76,-1.3356323,8.487091,-6.78559335877201,0.01638794,-0.28622437,0.0004924727810789397,522,522,1.0,1.0
77,-1.3339539,8.217529,-6.824730722174568,0.0016784668,-0.26956177,-0.03913736340255802,535,535,1.0,1.0
78,-1.2837524,7.838379,-6.828021745749265,0.050201416,-0.3791504,-0.0032910235746966784,510,510,1.0,1.0
79,-1.0713196,7.522476,-6.889498432423857,0.21243286,-0.3159027,-0.06147668667459228,516,516,1.0,1.0
80,-0.9378967,7.2314606,-6.911813172432061,0.13342285,-0.29101562,-0.02231474000820341,521,521,1.0,1.0
81,-0.88549805,6.943741,-6.992384642299922,0.05239868,-0.28771973,-0.08057146986786104,533,533,1.0,1.0
82,-0.6859131,6.6855774,-7.1090027187855425,0.19958496,-0.25816345,-0.11661807648562052,536,536,1.0,1.0
83,-0.46453857,6.5368958,-7.157721226540208,0.22137451,-0.14868164,-0.04871850775466553,497,497,1.0,1.0
84,-0.35723877,6.453491,-7.225491916044318,0.107299805,-0.08340454,-0.06777068950410894,487,487,1.0,1.0
85,-0.25253296,6.3804474,-7.436879717673669,0.10470581,-0.07304382,-0.21138780162935183,498,498,1.0,1.0
86,-0.23391724,6.5156097,-7.540654977829799,0.018615723,0.13516235,-0.10377526015612987,492,492,1.0,1.0
87,-0.02722168,6.662262,-7.598524600332374,0.20669556,0.14665222,-0.057869622502575185,490,490,1.0,1.0
88,0.04449463,6.7600555,-7.738686757443294,0.07171631,0.09779358,-0.1401621571109199,477,477,1.0,1.0
89,-0.07046509,7.0049744,-7.808167382573022,-0.11495972,0.24491882,-0.06948062512972755,483,483,1.0,1.0
90,0.10726929,7.0890656,-7.8966989750211285,0.17773438,0.08409119,-0.08853159244810585,498,498,1.0,1.0
91,0.21868896,7.271927,-7.989071737072468,0.11141968,0.18286133,-0.09237276205133987,494,494,1.0,1.0
92,0.33648682,7.448715,-8.0987629138622,0.11779785,0.17678833,-0.10969117678973309,488,488,1.0,1.0
93,0.4614563,7.7027893,-8.236999639972554,0.12496948,0.2540741,-0.1382367261103539,458,458,1.0,1.0
94,0.65249634,7.8565826,-8.424762846634293,0.19104004,0.15379333,-0.18776320666173885,465,465,1.0,1.0
95,0.7331238,8.135605,-8.541003140936866,0.08062744,0.27902222,-0.11624029430257271,445,445,1.0,1.0
96,0.69644165,8.333618,-8.767781880376353,-0.03668213,0.1980133,-0.22677873943948762,426,426,1.0,1.0
97,0.7367859,8.433853,-8.904439659199912,0.04034424,0.100234985,-0.13665777882356048,427,427,1.0,1.0
98,0.7581177,8.617371,-9.078332916094894,0.021331787,0.18351746,-0.1738932568949805,422,422,1.0,1.0
99,0.67248535,8.5099945,-9.372682533589993,-0.085632324,-0.1073761,-0.2943496174950995,413,413,1.0,1.0
100,0.7588806,8.71582,-9.492644687138347,0.08639526,0.2058258,-0.11996215354835343,429,429,1.0,1.0
101,0.6963501,8.908447,-9.597255214657537,-0.06253052,0.19262695,-0.10461052751919045,427,427,1.0,1.0
102,0.5722656,9.057434,-9.745695722397501,-0.12408447,0.14898682,-0.14844050773996523,409,409,1.0,1.0
103,0.54397583,9.208282,-9.85966727036435,-0.028289795,0.15084839,-0.1139715479668479,398,398,1.0,1.0
104,0.3204956,9.440918,-10.000060709355592,-0.22348022,0.2326355,-0.14039343899124318,410,410,1.0,1.0
105,0.13452148,9.670853,-10.133108115938725,-0.18597412,0.22993469,-0.13304740658313213,429,429,1.0,1.0
106,-0.13195801,9.876892,-10.247379932721767,-0.2664795,0.20603943,-0.11427181678304235,422,422,1.0,1.0
107,-0.12600708,10.138412,-10.285906423287999,0.0059509277,0.2615204,-0.038526490566231524,399,399,1.0,1.0
108,-0.3095398,10.229401,-10.403809405036057,-0.18353271,0.09098816,-0.11790298174805783,409,409,1.0,1.0
109,-0.38534546,10.474106,-10.466960348915595,-0.075805664,0.2447052,-0.06315094387953848,412,412,1.0,1.0
110,-0.58480835,10.501312,-10.608649668927054,-0.19946289,0.02720642,-0.14168932001145917,414,414,1.0,1.0
111,-0.77093506,10.548981,-10.785440518081783,-0.18612671,0.047668457,-0.17679084915472884,411,411,1.0,1.0
112,-0.8840332,10.827408,-10.892498636633553,-0.113098145,0.27842712,-0.10705811855177023,418,418,1.0,1.0
113,-1.0595398,11.005829,-11.010237810900028,-0.17550659,0.17842102,-0.11773917426647587,420,420,1.0,1.0
114,-1.0973816,11.29718,-11.106514847043854,-0.037841797,0.29135132,-0.09627703614382714,417,417,1.0,1.0
115,-1.2063599,11.584,-11.251646227833414,-0.10897827,0.28681946,-0.14513138078955978,441,441,1.0,1.0
116,-1.2705383,11.865356,-11.354675415630334,-0.06417847,0.2813568,-0.1030291877969212,442,442,1.0,1.0
117,-1.4516296,12.1093445,-11.506871876994403,-0.18109131,0.24398804,-0.1521964613640692,459,459,1.0,1.0
118,-1.4566345,12.419922,-11.62197021741769,-0.005004883,0.3105774,-0.11509834042328788,442,442,1.0,1.0
119,-1.5340576,12.718353,-11.745994267147479,-0.077423096,0.2984314,-0.1240240497297879,438,438,1.0,1.0
120,-1.561554,12.824432,-11.873507401638838,-0.027496338,0.1060791,-0.12751313449135823,425,425,1.0,1.0
121,-1.6256104,13.005554,-11.969873472279684,-0.0640564,0.18112183,-0.09636607064084506,433,433,1.0,1.0
122,-1.6594849,13.275696,-12.036297694065341,-0.03387451,0.2701416,-0.06642422178565778,435,435,1.0,1.0
123,-1.6757507,13.345215,-12.128816390162408,-0.01626587,0.06951904,-0.09251869609706559,433,433,1.0,1.0
124,-1.7105103,13.408936,-12.217662014543123,-0.03475952,0.0637207,-0.08884562438071592,435,435,1.0,1.0
125,-1.8308105,13.481674,-12.340909895408231,-0.12030029,0.07273865,-0.12324788086510778,450,450,1.0,1.0
126,-1.8066711,13.456375,-12.409979285179087,0.024139404,-0.025299072,-0.06906938977085678,433,433,1.0,1.0
127,-1.6943359,13.61554,-12.430692714001525,0.112335205,0.15916443,-0.02071342882243764,419,419,1.0,1.0
128,-1.7937622,13.759171,-12.546692384985834,-0.09942627,0.14363098,-0.11599967098430808,435,435,1.0,1.0
129,-1.9353638,13.693665,-12.633203966869477,-0.14160156,-0.06550598,-0.08651158188364308,441,441,1.0,1.0
130,-1.9107361,13.605606,-12.667944662518389,0.024627686,-0.08805847,-0.03474069564891202,444,444,1.0,1.0
131,-1.9203186,13.623611,-12.71076249683325,-0.0095825195,0.018005371,-0.04281783431486149,427,427,1.0,1.0
132,-1.9397278,13.560089,-12.826562115285324,-0.01940918,-0.06352234,-0.11579961845207204,443,443,1.0,1.0
133,-1.980835,13.57901,-12.857058344610103,-0.041107178,0.018920898,-0.030496229324778166,443,443,1.0,1.0
134,-1.9337158,13.574219,-12.91195847614654,0.04711914,-0.0047912598,-0.05490013153643695,445,445,1.0,1.0
135,-1.9342651,13.512817,-12.979798603123037,-0.0005493164,-0.061401367,-0.06784012697649777,439,439,1.0,1.0
136,-1.8916931,13.434219,-13.071173862602901,0.04257202,-0.07859802,-0.09137525947986531,442,442,1.0,1.0
137,-1.766449,13.368195,-13.016541168072168,0.12524414,-0.06602478,0.054632694530733286,419,419,1.0,1.0
138,-1.7908325,13.359879,-13.1303651336399,-0.024383545,-0.00831604,-0.11382396556773164,419,419,1.0,1.0
139,-1.6628113,13.36058,-13.154312691574145,0.12802124,0.0007019043,-0.023947557934244634,424,424,1.0,1.0
140,-1.382782,13.384079,-13.184488475948074,0.2800293,0.023498535,-0.030175784373928916,427,427,1.0,1.0
141,-1.2816162,13.400635,-13.213144809309984,0.10116577,0.016555786,-0.028656333361911132,435,435,1.0,1.0
142,-1.1405334,13.289932,-13.244943993758765,0.14108276,-0.110702515,-0.03179918444878154,412,412,1.0,1.0
143,-1.1167297,13.32843,-13.253924894299034,0.023803711,0.038497925,-0.008980900540269551,429,429,1.0,1.0
144,-1.0046997,13.33226,-13.237706971275296,0.11203003,0.003829956,0.016217923023737667,425,425,1.0,1.0
145,-0.91171265,13.336136,-13.242831709660184,0.09298706,0.0038757324,-0.005124738384886985,429,429,1.0,1.0
146,-0.8280029,13.432266,-13.245214842857559,0.08370972,0.09613037,-0.0023831331973753972,423,423,1.0,1.0
147,-0.7021179,13.558105,-13.245403630420265,0.12588501,0.12583923,-0.00018878756270705935,401,401,1.0,1.0
148,-0.6057739,13.6645355,-13.317083597317275,0.096343994,0.10643005,-0.07167996689701092,434,434,1.0,1.0
149,-0.5700073,13.773682,-13.279316861655293,0.0357666,0.10914612,0.03776673566198193,436,436,1.0,1.0
150,-0.60217285,13.949402,-13.31415429382357,-0.032165527,0.17572021,-0.03483743216827808,436,436,1.0,1.0
151,-0.58566284,14.005722,-13.304409434330488,0.01651001,0.05632019,0.009744859493082347,451,451,1.0,1.0
152,-0.5927124,14.08934,-13.330371663209368,-0.0070495605,0.083618164,-0.025962228878880236,477,477,1.0,1.0
153,-0.5747986,14.139175,-13.329041939581797,0.017913818,0.049835205,0.0013297236275701184,458,458,1.0,1.0
154,-0.66326904,14.25708,-13.34963180255458,-0.08847046,0.11790466,-0.020589862972783143,457,457,1.0,1.0
155,-0.6369324,14.28157,-13.340524782184486,0.02633667,0.024490356,0.009107020370094155,464,464,1.0,1.0
156,-0.7210083,14.25618,-13.368473074639835,-0.08407593,-0.025390625,-0.02794829245534903,444,444,1.0,1.0
157,-0.7348633,14.267593,-13.349580838955903,-0.0138549805,0.011413574,0.018892235683932095,447,447,1.0,1.0
158,-0.789917,14.257095,-13.367902160098206,-0.05505371,-0.010498047,-0.018321321142301582,465,465,1.0,1.0
159,-0.8251648,14.284622,-13.339136720447325,-0.035247803,0.027526855,0.028765439650880506,465,465,1.0,1.0
160,-0.8907471,14.183502,-13.332413319205271,-0.065582275,-0.101119995,0.006723401242052963,471,471,1.0,1.0
161,-0.9750061,14.101822,-13.323738678091587,-0.08425903,-0.0816803,0.008674641113683674,483,483,1.0,1.0
162,-1.135315,14.007538,-13.361038805088885,-0.16030884,-0.09428406,-0.03730012699729726,471,471,1.0,1.0
163,-1.1852417,13.942627,-13.340574252769956,-0.049926758,-0.06491089,0.02046455231892938,479,479,1.0,1.0
164,-1.3096619,13.886337,-13.323552740752747,-0.124420166,-0.056289673,0.01702151201720911,458,458,1.0,1.0
165,-1.3952026,13.844437,-13.32508632655302,-0.08554077,-0.041900635,-0.001533585800272539,452,452,1.0,1.0
166,-1.3970642,13.877274,-13.325766559249379,-0.0018615723,0.032836914,-0.0006802326963587214,457,457,1.0,1.0
167,-1.476471,13.869446,-13.324334923034556,-0.07940674,-0.007827759,0.0014316362148227607,470,470,1.0,1.0
168,-1.5460205,13.867371,-13.31218749221555,-0.06954956,-0.0020751953,0.012147430819006228,479,479,1.0,1.0
169,-1.5145569,13.910522,-13.315430156784956,0.031463623,0.043151855,-0.0032426645694052054,483,483,1.0,1.0
170,-1.5670166,13.880035,-13.337214472998173,-0.052459717,-0.03048706,-0.021784316213217327,469,469,1.0,1.0
171,-1.5299072,13.942825,-13.305386975866787,0.037109375,0.06278992,0.03182749713138592,460,460,1.0,1.0
172,-1.5334167,14.037674,-13.294858597140959,-0.0035095215,0.09484863,0.010528378725828113,493,493,1.0,1.0
173,-1.5809021,14.042892,-13.293343106416412,-0.04748535,0.005218506,0.0015154907245468233,519,519,1.0,1.0
174,-1.480072,14.045715,-13.273787668801795,0.10083008,0.002822876,0.019555437614616585,533,533,1.0,1.0
175,-1.5337219,14.000977,-13.261594322509684,-0.053649902,-0.04473877,0.012193346292112182,535,535,1.0,1.0
176,-1.5522461,13.999191,-13.268556324826658,-0.01852417,-0.0017852783,-0.006962002316975592,546,546,1.0,1.0
177,-1.5541687,14.06311,-13.270439291459173,-0.0019226074,0.06391907,-0.0018829666325149454,562,562,1.0,1.0
178,-1.6231995,14.167816,-13.263035595297787,-0.06903076,0.10470581,0.007403696161386258,562,562,1.0,1.0
179,-1.6543274,14.263565,-13.242888904214375,-0.03112793,0.0957489,0.020146691083411352,566,566,1.0,1.0
180,-1.668335,14.292023,-13.2446972964632,-0.014007568,0.028457642,-0.0018083922488248822,560,560,1.0,1.0
181,-1.6622314,14.279617,-13.237059213480867,0.0061035156,-0.0124053955,0.007638082982332837,564,564,1.0,1.0
182,-1.6469421,14.227585,-13.246045853526214,0.015289307,-0.05203247,-0.008986640045346215,561,561,1.0,1.0
183,-1.6261292,14.175461,-13.24984047167188,0.020812988,-0.052124023,-0.003794618145666261,554,554,1.0,1.0
184,-1.5693665,14.077103,-13.234526007348373,0.056762695,-0.098358154,0.015314464323506641,537,537,1.0,1.0
185,-1.495697,13.977585,-13.229963915894338,0.07366943,-0.09951782,0.004562091454034706,535,535,1.0,1.0
186,-1.4754028,13.895706,-13.236578076655185,0.02029419,-0.08187866,-0.006614160760847778,539,539,1.0,1.0
187,-1.5501404,13.658524,-12.676941207761118,-0.07473755,-0.23718262,0.5596368688940663,475,475,1.0,1.0
188,-1.2693176,12.748276,-7.395771718261729,0.28082275,-0.9102478,5.281169489499389,461,461,1.0,1.0
189,-0.85491943,12.031616,-1.009179586366268,0.4143982,-0.71665955,6.386592131895461,460,460,1.0,1.0
190,-0.66433716,11.486008,5.606390445582449,0.19058228,-0.5456085,6.615570031948717,466,466,1.0,1.0
191,-0.4092102,10.910614,12.238487081384136,0.25512695,-0.5753937,6.6320966358016875,437,437,1.0,1.0
192,-0.26446533,10.310867,18.877840523454314,0.14474487,-0.5997467,6.6393534420701785,411,411,1.0,1.0
193,-0.19671631,9.6558075,25.56136532943108,0.06774902,-0.6550598,6.683524805976767,418,418,1.0,1.0
194,-0.17697144,8.895462,32.22046753834154,0.019744873,-0.76034546,6.659102208910454,420,420,1.0,1.0
195,-0.24658203,7.8918915,38.9136373735379,-0.069610596,-1.0035706,6.6931698351963655,405,405,1.0,1.0
196,-0.25613403,6.58609,45.562402929763465,-0.009552002,-1.3058014,6.648765556225564,398,398,1.0,1.0
197,-0.27130127,5.364746,52.292800825718665,-0.015167236,-1.221344,6.730397895955198,385,385,1.0,1.0
198,-0.21429443,4.051712,58.993246787662294,0.057006836,-1.313034,6.700445961943626,371,371,1.0,1.0
199,-0.21490479,2.7936554,65.66255872335996,-0.00061035156,-1.2580566,6.669311935697667,374,374,1.0,1.0
200,-0.020568848,1.5050659,72.3609955889778,0.19433594,-1.2885895,6.698436865617832,400,400,1.0,1.0
201,0.25784302,0.61976624,79.04090682428304,0.27841187,-0.8852997,6.67991123530524,420,420,1.0,1.0
202,0.6644592,0.0859375,85.70676335537595,0.4066162,-0.53382874,6.66585653109292,420,420,1.0,1.0
203,0.92614746,-0.080825806,92.3608472165946,0.26168823,-0.1667633,6.654083861218648,413,413,1.0,1.0
204,1.4603577,0.03125,99.0099805030174,0.5342102,0.112075806,6.6491332864227894,432,432,1.0,1.0
205,1.9143372,0.2692871,105.5190972950686,0.4539795,0.23803711,6.509116792051206,422,422,1.0,1.0
206,2.492279,0.74716187,111.18984978301717,0.5779419,0.47787476,5.670752487948569,431,431,1.0,1.0
207,2.8492432,1.602356,115.61947693752417,0.3569641,0.8551941,4.429627154507008,441,441,1.0,1.0
208,3.2669983,2.675583,118.58994422525919,0.41775513,1.0732269,2.970467287735013,437,437,1.0,1.0
209,3.50531,4.1169586,120.18880674073327,0.23831177,1.4413757,1.59886251547408,429,429,1.0,1.0
210,3.6619568,5.8760834,121.05749834292635,0.15664673,1.7591248,0.8686916021930827,437,437,1.0,1.0
211,3.7580566,7.6966248,121.64691260782298,0.09609985,1.8205414,0.5894142648966321,461,461,1.0,1.0
212,3.8554993,9.841553,122.05083941851474,0.09744263,2.144928,0.40392681069175557,446,446,1.0,1.0
213,3.9050293,12.077866,122.25327292555397,0.04953003,2.2363129,0.20243350703923219,448,448,1.0,1.0
214,4.026428,14.640305,122.35851131022835,0.121398926,2.562439,0.10523838467438179,460,460,1.0,1.0
215,3.9951477,17.351166,122.33698929035256,-0.031280518,2.7108612,-0.021522019875790513,470,470,1.0,1.0
216,3.9413452,20.23497,122.33648655533325,-0.05380249,2.8838043,-0.0005027350193151244,475,475,1.0,1.0
217,3.8579407,23.536621,122.23822502457614,-0.08340454,3.301651,-0.09826153075712006,459,459,1.0,1.0
218,3.743744,26.974594,122.00437009004158,-0.11419678,3.437973,-0.23385493453456918,496,496,1.0,1.0
219,3.6156921,30.50438,121.72449523987919,-0.12805176,3.5297852,-0.2798748501623893,482,482,1.0,1.0
220,3.4414062,34.235886,121.43748575488083,-0.17428589,3.7315063,-0.28700948499836804,481,481,1.0,1.0
221,3.2452393,38.10396,121.09819942251565,-0.19616699,3.8680725,-0.3392863323651769,496,496,1.0,1.0
222,2.917694,42.106598,120.7686530474172,-0.32754517,4.00264,-0.32954637509844514,481,481,1.0,1.0
223,2.5269165,46.41452,120.5336124046106,-0.3907776,4.3079224,-0.23504064280661405,470,470,1.0,1.0
224,2.2790222,50.819046,120.32267811169325,-0.24789429,4.4045258,-0.21093429291733884,464,464,1.0,1.0
225,1.9275818,55.385193,120.19799681985137,-0.35144043,4.566147,-0.12468129184187832,463,463,1.0,1.0
226,1.6114197,60.107452,120.04079243060411,-0.3161621,4.7222595,-0.1572043892472585,453,453,1.0,1.0
227,1.1762695,65.02406,119.88548544111407,-0.43515015,4.9166107,-0.15530698949003804,437,437,1.0,1.0
228,0.8173828,70.07234,119.76211614213861,-0.35888672,5.048279,-0.12336929897546862,451,451,1.0,1.0
229,0.5108032,75.23987,119.64419989344245,-0.3065796,5.1675262,-0.11791624869615816,460,460,1.0,1.0
230,0.1368103,80.61481,119.55660239221221,-0.37399292,5.374939,-0.0875975012302352,466,466,1.0,1.0
231,-0.2919922,86.210175,119.3996630263841,-0.4288025,5.5953674,-0.15693936582811352,456,456,1.0,1.0
232,-0.6775818,91.866486,119.27203829105156,-0.3855896,5.656311,-0.12762473533255092,446,446,1.0,1.0
233,-1.0959778,97.676056,119.13396667668263,-0.418396,5.8095703,-0.13807161436892942,453,453,1.0,1.0
234,-1.5506592,103.58005,118.95836114876678,-0.4546814,5.9039917,-0.1756055279158422,468,468,1.0,1.0
235,-2.0219421,109.67873,119.08696307499642,-0.47128296,6.0986786,0.12860192622962893,472,472,1.0,1.0
236,-2.5307922,115.69997,118.96153939445895,-0.5088501,6.02124,-0.1254236805374595,461,461,1.0,1.0
237,-3.0538635,121.73985,118.80560060580557,-0.5230713,6.0398865,-0.15593878865338642,452,452,1.0,1.0
238,-3.5404358,127.6884,118.63667052611395,-0.48657227,5.9485474,-0.168930079691613,441,441,1.0,1.0
239,-4.0351257,133.54906,118.50615883761282,-0.49468994,5.8606567,-0.13051168850112682,449,449,1.0,1.0
240,-4.4272156,139.32368,118.43103924156019,-0.39208984,5.7746277,-0.07511959605263356,437,437,1.0,1.0
241,-4.8385315,145.0349,118.32347279284414,-0.41131592,5.711212,-0.10756644871604677,444,444,1.0,1.0
242,-5.3401184,150.7157,118.214784686061,-0.5015869,5.6808014,-0.10868810678315122,451,451,1.0,1.0
243,-5.658142,156.38866,118.14546342955862,-0.31802368,5.6729584,-0.0693212565023806,443,443,1.0,1.0
244,-6.116577,162.1089,118.1514737959285,-0.45843506,5.7202454,0.0060103663698811765,479,479,1.0,1.0
245,-6.5043335,167.45894,118.08447120440654,-0.38775635,5.3500366,-0.06700259152195095,500,500,1.0,1.0
246,-6.9123535,172.83983,118.02077727632292,-0.40802002,5.38089,-0.06369392808362824,470,470,1.0,1.0
247,-7.29541,178.16852,117.95753541297265,-0.38305664,5.3286896,-0.06324186335027618,467,467,1.0,1.0
248,-7.6689453,183.49025,117.90885714461294,-0.37353516,5.3217316,-0.048678268359706074,479,479,1.0,1.0
249,-8.057159,188.82321,117.86625143447944,-0.3882141,5.332962,-0.04260571013350029,459,459,1.0,1.0
250,-8.317444,194.192,117.8460468014427,-0.26028442,5.3687897,-0.020204633036737852,488,488,1.0,1.0
251,-8.771393,199.50928,117.78972988779198,-0.45394897,5.317276,-0.05631691365071334,481,481,1.0,1.0
252,-9.1206665,204.78773,117.75328797577957,-0.34927368,5.2784576,-0.03644191201240355,481,481,1.0,1.0
253,-9.397308,210.09338,117.71674725446697,-0.27664185,5.305649,-0.036540721312609735,482,482,1.0,1.0
254,-9.754547,215.35463,117.7165798319722,-0.35723877,5.2612457,-0.00016742249476355732,483,483,1.0,1.0
255,-10.033142,220.753,117.69983905878544,-0.27859497,5.3983765,-0.016740773186754238,506,506,1.0,1.0
256,-10.347931,226.1208,117.68116039130298,-0.31478882,5.367798,-0.018678667482462993,481,481,1.0,1.0
257,-10.706512,231.40512,117.62918305622794,-0.35858154,5.284317,-0.051977335075044075,492,492,1.0,1.0
258,-11.116333,236.83334,117.59912386375387,-0.40982056,5.4282227,-0.03005919247407499,496,496,1.0,1.0
259,-11.421295,242.14218,117.58559176509296,-0.30496216,5.308838,-0.013532098660917096,489,489,1.0,1.0
260,-11.6839905,247.47482,117.5760858047188,-0.2626953,5.3326416,-0.009505960374156412,486,486,1.0,1.0
261,-12.024017,252.7754,117.53623472762513,-0.34002686,5.300583,-0.03985107709366906,493,493,1.0,1.0
262,-12.315857,258.02072,117.51877442024148,-0.2918396,5.2453156,-0.01746030738364469,491,491,1.0,1.0
263,-12.631012,263.31253,117.49674727844479,-0.31515503,5.291809,-0.02202714179669943,492,492,1.0,1.0
264,-12.854706,268.50876,117.47233717932029,-0.22369385,5.196228,-0.024410099124491023,508,508,1.0,1.0
265,-13.085602,273.77893,117.47141853416665,-0.230896,5.270172,-0.0009186451536424491,522,522,1.0,1.0
266,-13.315857,279.05194,117.45287768866626,-0.23025513,5.2730103,-0.018540845500375477,504,504,1.0,1.0
267,-13.521454,284.28436,117.44184700997387,-0.20559692,5.232422,-0.011030678692395575,529,529,1.0,1.0
268,-13.712585,289.4848,117.43830631809418,-0.19113159,5.200424,-0.00354069187968996,523,523,1.0,1.0
269,-13.933136,294.7409,117.40538312039706,-0.22055054,5.256119,-0.03292319769712034,543,543,1.0,1.0
270,-14.114532,299.93848,117.39852957005213,-0.18139648,5.197571,-0.006853550344930414,521,521,1.0,1.0
271,-14.311157,305.16135,117.380087316331,-0.19662476,5.22287,-0.0184422537211265,512,512,1.0,1.0
272,-14.50061,310.30414,117.36731133220815,-0.18945312,5.142807,-0.012775984122855428,502,502,1.0,1.0
273,-14.653595,315.4879,117.35554062896564,-0.15298462,5.183792,-0.011770703242499162,528,528,1.0,1.0
274,-14.838806,320.59387,117.33814635652848,-0.18521118,5.105957,-0.017394272437161764,513,513,1.0,1.0
275,-15.041504,325.79614,117.31206829511316,-0.20269775,5.2022705,-0.02607806141531598,532,532,1.0,1.0
276,-15.275055,331.03247,117.2888279213801,-0.23355103,5.236313,-0.023240373733053647,515,515,1.0,1.0
277,-15.491882,336.20093,117.26528255444244,-0.2168274,5.168457,-0.023545366937665346,536,536,1.0,1.0
278,-15.639221,341.2444,117.25450627909862,-0.14733887,5.043457,-0.010776275343809429,541,541,1.0,1.0
279,-15.817505,346.11426,117.21513973424756,-0.17828369,4.8698883,-0.03936654485106759,527,527,1.0,1.0
280,-15.941528,350.8094,117.19611906723897,-0.12402344,4.695114,-0.01902066700858921,502,502,1.0,1.0
281,-16.011627,355.4166,117.1611162239441,-0.07009888,4.6072083,-0.03500284329486746,492,492,1.0,1.0
282,-16.156616,359.77765,117.11506256572906,-0.14498901,4.3610535,-0.04605365821504906,500,500,1.0,1.0
283,-16.248444,363.9156,117.10031434636947,-0.09182739,4.1379547,-0.014748219359587561,519,519,1.0,1.0
284,-16.402313,367.98462,117.0556077185223,-0.15386963,4.0690155,-0.044706627847170693,526,526,1.0,1.0
285,-16.505646,371.9261,117.0407055322794,-0.10333252,3.941452,-0.014902186242889769,524,524,1.0,1.0
286,-16.61316,375.65442,116.99709253134228,-0.10751343,3.7283478,-0.04361300093712133,510,510,1.0,1.0
287,-16.70874,379.29935,116.95432109378613,-0.095581055,3.644928,-0.04277143755614405,524,524,1.0,1.0
288,-16.787018,382.78613,116.9361052326087,-0.07827759,3.4868011,-0.01821586117744291,501,501,1.0,1.0
289,-16.897308,386.2096,116.89645106861927,-0.11029053,3.4234467,-0.0396541639894203,522,522,1.0,1.0
290,-16.900421,389.4751,116.87003866011872,-0.003112793,3.2655182,-0.026412408500548424,513,513,1.0,1.0
291,-17.005249,392.7458,116.86456887932447,-0.10482788,3.2707062,-0.005469780794262123,517,517,1.0,1.0
292,-17.022736,396.03217,116.83687386640807,-0.017486572,3.2863922,-0.02769501291640049,521,521,1.0,1.0
293,-17.132965,399.22412,116.80502784292962,-0.11022949,3.1919556,-0.0318460234784525,524,524,1.0,1.0
294,-17.258575,402.32455,116.77813017476205,-0.12561035,3.1004333,-0.026897668167558474,521,521,1.0,1.0
295,-17.33493,405.24957,116.7449228070748,-0.07635498,2.925003,-0.033207367687253735,520,520,1.0,1.0
296,-17.4422,407.94434,116.69962860302722,-0.10726929,2.694748,-0.045294204047576836,519,519,1.0,1.0
297,-17.522156,410.44037,116.67030742245888,-0.079956055,2.4960327,-0.0293211805683472,516,516,1.0,1.0
298,-17.67221,412.8728,116.65583148561969,-0.15005493,2.432434,-0.014475936839194027,485,485,1.0,1.0
299,-17.733612,415.06525,116.66006328795343,-0.061401367,2.1924286,0.004231802333753079,505,505,1.0,1.0
300,-17.847717,417.3275,116.6175140807046,-0.114105225,2.2622528,-0.042549207248841,511,511,1.0,1.0
301,-17.913086,419.4215,116.61513955764731,-0.06536865,2.0939941,-0.0023745230572894834,507,507,1.0,1.0
302,-18.027527,421.34952,116.58711601234084,-0.11444092,1.928009,-0.02802354530647349,526,526,1.0,1.0
303,-18.150818,423.28064,116.55344869320203,-0.123291016,1.9311066,-0.03366731913880738,550,550,1.0,1.0
304,-18.283295,425.1031,116.52568548713185,-0.1324768,1.822464,-0.027763206070173223,525,525,1.0,1.0
305,-18.389282,426.90366,116.48221463179975,-0.10598755,1.8005676,-0.04347085533210293,522,522,1.0,1.0
306,-18.47528,428.54553,116.45415348449852,-0.085998535,1.6418762,-0.028061147301224176,530,530,1.0,1.0
307,-18.632019,430.18253,116.39364366472077,-0.15673828,1.6369934,-0.06050981977775417,514,514,1.0,1.0
308,-18.74701,431.6183,116.36100992070553,-0.114990234,1.4357605,-0.032633744015241946,511,511,1.0,1.0
309,-18.863922,433.03754,116.31118298490705,-0.11691284,1.4192505,-0.04982693579848167,524,524,1.0,1.0
310,-18.908295,434.28027,116.26930082609492,-0.04437256,1.2427368,-0.041882158812121935,533,533,1.0,1.0
311,-18.953033,435.5684,116.23520495384057,-0.04473877,1.2881165,-0.034095872254354086,525,525,1.0,1.0
312,-19.043884,436.794,116.18698910289253,-0.09085083,1.2256012,-0.048215850948038805,505,505,1.0,1.0
313,-19.139252,438.10983,116.13299873875216,-0.09536743,1.3158264,-0.05399036414035461,524,524,1.0,1.0
314,-19.233673,439.28494,116.08358883039465,-0.09442139,1.1751099,-0.04940990835751489,525,525,1.0,1.0
315,-19.335419,440.22565,116.03730929149584,-0.101745605,0.9407196,-0.046279538898802076,516,516,1.0,1.0
316,-19.392334,441.1312,115.984165247756,-0.056915283,0.9055481,-0.053144043739854825,516,516,1.0,1.0
317,-19.429718,441.83844,115.92895710384717,-0.037384033,0.7072296,-0.05520814390882521,542,542,1.0,1.0
318,-19.438477,442.47998,115.87150784268975,-0.008758545,0.64152527,-0.05744926115741078,547,547,1.0,1.0
319,-19.429321,443.0812,115.7963567657216,0.009155273,0.6012268,-0.07515107696815639,545,545,1.0,1.0
320,-19.39325,443.52875,115.74684370611753,0.036071777,0.44754028,-0.04951305960406223,521,521,1.0,1.0
321,-19.375275,443.98608,115.7025300179979,0.017974854,0.45732117,-0.044313688119624134,524,524,1.0,1.0
322,-19.33255,444.21198,115.6659398910709,0.04272461,0.22587585,-0.036590126927001386,553,553,1.0,1.0
323,-19.299103,444.38568,115.64586844839712,0.033447266,0.17370605,-0.020071442673776457,570,570,1.0,1.0
324,-19.23883,444.41815,115.60932376870957,0.060272217,0.032470703,-0.036544679687553205,589,589,1.0,1.0
325,-19.218567,444.48236,115.58817884374831,0.020263672,0.064193726,-0.02114492496126535,583,583,1.0,1.0
326,-19.234924,444.55914,115.56839869833057,-0.016357422,0.076797485,-0.019780145417741597,589,589,1.0,1.0
327,-19.207306,444.6443,115.55363411946512,0.027618408,0.085128784,-0.014764578865453197,579,579,1.0,1.0
328,-19.196991,444.78497,115.54216350834838,0.010314941,0.14068604,-0.011470611116732754,571,571,1.0,1.0
329,-19.207886,444.91888,115.51689984800126,-0.010894775,0.13391113,-0.025263660347115486,551,551,1.0,1.0
330,-19.216675,445.0988,115.5203592565661,-0.0087890625,0.17990112,0.0034594085648332346,541,541,1.0,1.0
331,-19.205872,445.32584,115.48539701364844,0.010803223,0.22705078,-0.03496224291765989,561,560,0.9982174688057041,1.0
332,-19.138855,445.58612,115.48585015285441,0.0670166,0.26028442,0.00045313920598030386,559,559,1.0,1.0
333,-19.200195,445.72278,115.45181495045237,-0.061340332,0.13664246,-0.03403520240203168,589,589,1.0,1.0
334,-19.227966,445.7644,115.3455984839158,-0.027770996,0.041610718,-0.10621646653657985,522,522,1.0,1.0
335,-19.236542,445.7618,115.08357408355668,-0.008575439,-0.0025939941,-0.26202440035910607,511,511,1.0,1.0
336,-19.23352,445.66135,114.76191923308225,0.0030212402,-0.10046387,-0.32165485047443326,515,515,1.0,1.0
337,-19.272095,445.61523,114.54128061281544,-0.03857422,-0.04611206,-0.22063862026681108,485,485,1.0,1.0
338,-19.310944,445.66418,114.34119423026583,-0.038848877,0.048934937,-0.20008638254961497,518,518,1.0,1.0
339,-19.292664,445.6793,114.19060734725264,0.01828003,0.015106201,-0.15058688301319592,522,522,1.0,1.0
340,-19.298462,445.70636,114.05254926317117,-0.00579834,0.027069092,-0.1380580840814617,541,541,1.0,1.0
341,-19.286713,445.8466,113.94045935033596,0.011749268,0.14022827,-0.11208991283521136,529,529,1.0,1.0
342,-19.218567,445.99176,113.8478437689375,0.06814575,0.14517212,-0.09261558139846825,534,534,1.0,1.0
343,-19.233734,446.17926,113.73922577012816,-0.015167236,0.18751526,-0.10861799880933773,531,531,1.0,1.0
344,-19.217987,446.49094,113.67132498347809,0.01574707,0.31167603,-0.06790078665006753,549,549,1.0,1.0
345,-19.133911,446.8078,113.5914434670531,0.08407593,0.31684875,-0.07988151642499032,534,534,1.0,1.0
346,-19.10907,447.33646,113.5208869199806,0.024841309,0.528656,-0.07055654707249875,520,520,1.0,1.0
347,-19.098145,447.8696,113.45583485520513,0.010925293,0.5331421,-0.06505206477547375,524,524,1.0,1.0
348,-19.139313,448.51956,113.36950364008494,-0.041168213,0.6499634,-0.08633121512018056,551,551,1.0,1.0
349,-19.14029,449.27893,113.30644997666279,-0.0009765625,0.75935364,-0.06305366342215446,548,548,1.0,1.0
350,-19.158722,450.22186,113.24598425526477,-0.018432617,0.94291687,-0.060465721398012144,529,529,1.0,1.0
351,-19.154785,451.27603,113.22290348042289,0.0039367676,1.0541687,-0.023080774841886247,523,523,1.0,1.0
352,-19.139832,452.62445,113.17297183259129,0.014953613,1.3484192,-0.04993164783160546,517,517,1.0,1.0
353,-19.175964,453.99414,113.12068827400734,-0.036132812,1.3696747,-0.05228355858394664,518,518,1.0,1.0
354,-19.243927,455.63962,113.04676224007505,-0.06796265,1.6454773,-0.07392603393228307,510,510,1.0,1.0
355,-19.258728,457.38947,112.99924314599544,-0.014801025,1.7498627,-0.04751909407962434,514,514,1.0,1.0
356,-19.296051,459.3388,112.97865104887103,-0.037322998,1.9493256,-0.020592097124401427,515,515,1.0,1.0
357,-19.401276,461.442,112.93837563995459,-0.10522461,2.10318,-0.040275408916442386,516,516,1.0,1.0
358,-19.407593,463.75818,112.9256392868836,-0.0063171387,2.3161926,-0.012736353070987668,506,506,1.0,1.0
359,-19.494202,466.32016,112.90404502836299,-0.08660889,2.5619812,-0.021594258520614387,503,503,1.0,1.0
360,-19.490265,469.0987,112.87453787033667,0.0039367676,2.778534,-0.029507158026323636,497,497,1.0,1.0
361,-19.548615,472.06573,112.84687966044666,-0.05834961,2.9670258,-0.027658209890008938,516,516,1.0,1.0
362,-19.587585,475.0019,112.83819717658092,-0.038970947,2.9361725,-0.008682483865734756,514,514,1.0,1.0
363,-19.629608,478.03287,112.80245504649315,-0.042022705,3.0309753,-0.03574213008776536,505,505,1.0,1.0
364,-19.781616,481.0517,112.75853250094728,-0.15200806,3.0188293,-0.043922545545874755,511,511,1.0,1.0
365,-19.861145,484.12137,112.74087828750525,-0.07952881,3.0696716,-0.017654213442021706,507,507,1.0,1.0
366,-19.998962,487.2278,112.72260268640397,-0.13781738,3.1064453,-0.018275601101274217,507,507,1.0,1.0
367,-20.030975,490.27887,112.69917751443427,-0.03201294,3.0510712,-0.023425171969698858,497,497,1.0,1.0
368,-20.105896,493.26154,112.67683651767189,-0.074920654,2.982666,-0.022340996762386867,489,489,1.0,1.0
369,-20.26294,496.32825,112.61153489978575,-0.15704346,3.0667267,-0.06530161788614075,486,486,1.0,1.0
370,-20.33609,499.17633,112.56661990622858,-0.073150635,2.8480988,-0.044914993557171365,497,497,1.0,1.0
371,-20.447937,502.08466,112.52726566383447,-0.111846924,2.9083252,-0.03935424239411077,496,496,1.0,1.0
372,-20.486633,504.92264,112.49607964801399,-0.03869629,2.8379822,-0.031186015820480986,488,488,1.0,1.0
373,-20.58728,507.69104,112.45962140727516,-0.10064697,2.7684174,-0.03645824073882639,481,481,1.0,1.0
374,-20.692963,510.37494,112.41719126566899,-0.10568237,2.6838837,-0.04243014160618195,459,459,1.0,1.0
375,-20.726746,513.06714,112.39613988137059,-0.03378296,2.6921692,-0.02105138429840792,472,472,1.0,1.0
376,-20.762909,515.6472,112.36108352347101,-0.03616333,2.5800629,-0.03505635789957192,499,499,1.0,1.0
377,-20.835266,518.37695,112.2888223637167,-0.07235718,2.7297058,-0.07226115975430633,506,506,1.0,1.0
378,-20.824036,520.9979,112.25011783844435,0.011230469,2.620987,-0.038704525272353164,506,506,1.0,1.0
379,-20.889465,523.6464,112.1801800867354,-0.06542969,2.6484985,-0.06993775170894778,494,494,1.0,1.0
380,-20.869476,526.2268,112.14690809126141,0.019989014,2.5803986,-0.03327199547400202,490,490,1.0,1.0
381,-20.907898,528.82697,112.1025991039516,-0.03842163,2.600174,-0.04430898730980994,489,489,1.0,1.0
382,-20.87967,531.4523,112.11206066862454,0.02822876,2.6253204,0.00946156467293222,485,485,1.0,1.0
383,-20.911072,534.07825,112.0952185351505,-0.031402588,2.626007,-0.01684213347404024,484,484,1.0,1.0
384,-20.893524,536.66125,112.1142787177476,0.017547607,2.5829773,0.019060182597100236,475,475,1.0,1.0
385,-20.902222,539.3165,112.11470664076234,-0.00869751,2.6552734,0.00042792301473860024,487,487,1.0,1.0
386,-20.866974,541.9609,112.12433048700473,0.035247803,2.644333,0.009623846242395408,494,494,1.0,1.0
387,-20.879242,544.49304,112.1002548371522,-0.012268066,2.5321655,-0.02407564985252019,490,490,1.0,1.0
388,-20.833221,547.1788,112.09155305235593,0.046020508,2.6857147,-0.008701784796267046,508,508,1.0,1.0
389,-20.819397,549.8471,112.11721626477765,0.013824463,2.6683502,0.02566321242172388,494,494,1.0,1.0
390,-20.823761,552.39954,112.09503335822274,-0.0043640137,2.5524445,-0.02218290655491489,492,492,1.0,1.0
391,-20.829956,555.00336,112.09452061432582,-0.0061950684,2.603836,-0.0005127438969228507,491,491,1.0,1.0
392,-20.85376,557.5612,112.11745868795869,-0.023803711,2.5578613,0.022938073632870103,506,506,1.0,1.0
393,-20.822357,560.2357,112.12149407057477,0.031402588,2.6745148,0.004035382616085197,506,506,1.0,1.0
394,-20.822357,562.9133,112.14420139397113,0.0,2.6776276,0.022707323396355335,505,505,1.0,1.0
395,-20.891052,565.5768,112.13062221674,-0.06869507,2.663437,-0.013579177231137303,504,504,1.0,1.0
396,-20.876678,568.24536,112.13746846510368,0.014373779,2.668579,0.006846248363691567,508,508,1.0,1.0
397,-20.987366,570.8395,112.10953107973104,-0.110687256,2.5941162,-0.027937385372635588,525,525,1.0,1.0
398,-20.967773,573.4435,112.15496170190102,0.019592285,2.6040192,0.04543062216997615,540,540,1.0,1.0
399,-21.033875,576.0458,112.15315546740884,-0.066101074,2.6023254,-0.0018062344921719895,553,553,1.0,1.0
400,-20.987213,578.6597,112.17347648807672,0.046661377,2.6139374,0.020321020667872124,537,537,1.0,1.0
401,-21.064728,581.23065,112.17983647527045,-0.07751465,2.5709229,0.006359987193736754,517,517,1.0,1.0
402,-21.139923,583.81055,112.18906514884597,-0.07519531,2.5798645,0.009228673575519195,523,523,1.0,1.0
403,-21.174835,586.33563,112.20884962907243,-0.03491211,2.5250854,0.01978448022646411,520,520,1.0,1.0
404,-21.182678,588.90405,112.23269528988847,-0.007843018,2.568451,0.02384566081603198,508,508,1.0,1.0
405,-21.206085,591.4884,112.27843608676011,-0.023406982,2.5843658,0.0457407968716355,526,526,1.0,1.0
406,-21.160156,594.01056,112.31264134524159,0.045928955,2.5221558,0.034205258481476784,550,550,1.0,1.0
407,-21.200226,596.54315,112.33160815080495,-0.04006958,2.5325928,0.018966805563362773,550,550,1.0,1.0
408,-21.17102,599.1316,112.37847594263131,0.029205322,2.5884247,0.04686779182636387,565,565,1.0,1.0
409,-21.191376,601.6738,112.38968715785514,-0.020355225,2.542221,0.011211215223827646,573,573,1.0,1.0
410,-21.211548,604.316,112.4247746806934,-0.02017212,2.6421661,0.035087522838260665,564,564,1.0,1.0
411,-21.128693,606.9214,112.46020507575848,0.082855225,2.6054077,0.03543039506507929,563,563,1.0,1.0
412,-21.11145,609.65955,112.49932801676219,0.017242432,2.7381744,0.03912294100371085,555,555,1.0,1.0
413,-21.131073,612.3877,112.52853283446608,-0.019622803,2.7281342,0.029204817703885395,554,554,1.0,1.0
414,-21.074463,614.9751,112.56674571353868,0.056610107,2.5874176,0.038212879072599376,561,561,1.0,1.0
415,-21.041992,617.6531,112.61533410472978,0.032470703,2.6779938,0.04858839119110902,570,570,1.0,1.0
416,-21.035278,620.31573,112.63325808228687,0.006713867,2.6626434,0.017923977557088144,561,561,1.0,1.0
417,-21.065582,622.95764,112.69516907656873,-0.030303955,2.6418915,0.061910994281856854,571,571,1.0,1.0
418,-21.108398,625.5607,112.70554832633823,-0.042816162,2.6030731,0.010379249769495861,559,559,1.0,1.0
419,-21.127563,628.1735,112.7507752961249,-0.019165039,2.6127777,0.04522696978667261,542,542,1.0,1.0
420,-21.180664,630.8418,112.78513194068898,-0.053100586,2.6682434,0.03435664456407857,550,550,1.0,1.0
421,-21.250427,633.49005,112.80695515934949,-0.06976318,2.6482391,0.02182321866050585,542,542,1.0,1.0
422,-21.240875,636.0794,112.86066060731116,0.009552002,2.5893402,0.053705447961680454,567,567,1.0,1.0
423,-21.297089,638.6509,112.90335157270647,-0.05621338,2.5714417,0.04269096539530666,596,596,1.0,1.0
424,-21.271606,641.2468,112.95101115844898,0.025482178,2.5959778,0.0476595857425106,593,593,1.0,1.0
425,-21.28299,643.7982,113.00575903370346,-0.011383057,2.551361,0.05474787525447389,591,591,1.0,1.0
426,-21.263245,646.48584,113.03755086222817,0.019744873,2.687622,0.03179182852471153,606,606,1.0,1.0
427,-21.220367,649.038,113.09654061070216,0.042877197,2.5521698,0.05898974847399017,590,590,1.0,1.0
428,-21.335693,651.62915,113.1209826039979,-0.11532593,2.5911407,0.024441993295740417,581,581,1.0,1.0
429,-21.35437,654.2561,113.18726599881256,-0.018676758,2.6269226,0.06628339481465922,601,601,1.0,1.0
430,-21.385376,656.824,113.24090555524877,-0.03100586,2.5679016,0.053639556436211926,616,616,1.0,1.0
431,-21.412933,659.4189,113.28504126803828,-0.027557373,2.5949097,0.044135712789509465,598,598,1.0,1.0
432,-21.32022,661.99304,113.36873773188381,0.0927124,2.5741272,0.08369646384553404,604,604,1.0,1.0
433,-21.32077,664.6303,113.41357213419852,-0.0005493164,2.6372528,0.04483440231471269,596,596,1.0,1.0
434,-21.396393,667.1256,113.45581486178284,-0.07562256,2.4953003,0.04224272758432806,593,593,1.0,1.0
435,-21.34018,669.8573,113.49271153837438,0.05621338,2.7316742,0.03689667659153706,603,603,1.0,1.0
436,-21.287598,672.4838,113.55070750668268,0.052581787,2.6265106,0.0579959683083116,591,591,1.0,1.0
437,-21.244202,675.14667,113.61619648113643,0.043395996,2.6628418,0.06548897445374954,605,605,1.0,1.0
438,-21.19925,677.79517,113.68804868572114,0.044952393,2.648468,0.07185220458471281,591,591,1.0,1.0
439,-21.184631,680.4308,113.72882195498545,0.01461792,2.6356049,0.040773269264312614,593,593,1.0,1.0
440,-21.034454,683.12463,113.800044313784,0.150177,2.6938477,0.07122235879854531,595,595,1.0,1.0
441,-20.936401,685.8221,113.87018427641809,0.09805298,2.6974487,0.07013996263408193,604,604,1.0,1.0
442,-20.861969,688.47815,113.9425858161673,0.07443237,2.6560822,0.07240153974920172,587,587,1.0,1.0
443,-20.773712,691.2366,114.0078556319705,0.088256836,2.7584076,0.06526981580320956,605,605,1.0,1.0
444,-20.670105,693.90466,114.09694327955215,0.10360718,2.6681213,0.08908764758164463,612,612,1.0,1.0
445,-20.631409,696.6601,114.14475296232816,0.03869629,2.7554474,0.04780968277600168,623,623,1.0,1.0
446,-20.524078,699.42926,114.24779769035575,0.10733032,2.7691498,0.10304472802759661,624,624,1.0,1.0
447,-20.454193,702.1445,114.33013250461313,0.069885254,2.71521,0.0823348142573786,629,629,1.0,1.0
448,-20.424316,704.8086,114.40244930206386,0.029876709,2.664154,0.07231679745072409,632,632,1.0,1.0
449,-20.386047,707.501,114.4876117535967,0.038269043,2.6924133,0.08516245153284438,632,632,1.0,1.0
450,-20.338318,710.13525,114.57567041179666,0.047729492,2.6342468,0.08805865819996973,628,628,1.0,1.0
451,-20.34195,712.90405,114.64669923306981,-0.0036315918,2.7687683,0.0710288212731457,637,637,1.0,1.0
452,-20.27417,715.567,114.73002535676208,0.06777954,2.6629639,0.08332612369227807,634,634,1.0,1.0
453,-20.283508,718.3606,114.80588830370729,-0.009338379,2.7935944,0.07586294694520883,650,650,1.0,1.0
454,-20.190613,721.1211,114.8713690415052,0.09289551,2.7605133,0.06548073779790989,655,655,1.0,1.0
455,-20.179108,723.85315,114.95839673335144,0.011505127,2.7320557,0.08702769184623488,671,671,1.0,1.0
456,-20.12033,726.58276,115.04390001386854,0.058776855,2.7296448,0.08550328051709523,669,669,1.0,1.0
457,-20.119354,729.3481,115.1349926970609,0.0009765625,2.7653046,0.09109268319236122,655,655,1.0,1.0
458,-20.137817,732.11206,115.20770510056315,-0.018463135,2.7640076,0.07271240350224886,691,691,1.0,1.0
459,-20.123291,734.83325,115.31542602146317,0.014526367,2.7211914,0.10772092090001513,694,694,1.0,1.0
460,-20.112244,737.6453,115.41289417345979,0.011047363,2.812088,0.09746815199662098,694,694,1.0,1.0
461,-20.1633,740.32654,115.49841166114696,-0.05105591,2.681244,0.08551748768716591,702,702,1.0,1.0
462,-20.021393,743.0182,115.598926690301,0.14190674,2.691681,0.10051502915403465,699,699,1.0,1.0
463,-20.013214,745.7878,115.68715694265039,0.008178711,2.769577,0.08823025234939029,721,721,1.0,1.0
464,-19.878021,748.4779,115.8046977065172,0.13519287,2.690094,0.11754076386681943,722,722,1.0,1.0
465,-19.876556,751.16974,115.88709804452611,0.0014648438,2.6918488,0.08240033800891633,703,703,1.0,1.0
466,-19.802673,753.83655,116.00725907571028,0.07388306,2.666809,0.12016103118417183,707,707,1.0,1.0
467,-19.726501,756.61224,116.10254666853112,0.076171875,2.775711,0.09528759282083475,717,717,1.0,1.0
468,-19.752106,759.3838,116.17681717597767,-0.025604248,2.771515,0.07427050744655675,707,707,1.0,1.0
469,-19.700958,762.1127,116.2757776142989,0.05114746,2.7288818,0.09896043832122745,718,718,1.0,1.0
470,-19.633606,764.9385,116.39802386480606,0.067352295,2.8258362,0.12224625050715532,727,727,1.0,1.0
471,-19.650635,767.786,116.48745387884924,-0.017028809,2.8475494,0.08943001404317975,718,718,1.0,1.0
472,-19.612885,770.6494,116.59940971474386,0.037750244,2.8633728,0.11195583589461554,723,723,1.0,1.0
473,-19.526703,773.50305,116.7134879686067,0.08618164,2.853653,0.11407825386284218,680,680,1.0,1.0
474,-19.442505,776.4126,116.82340498430177,0.084198,2.9095306,0.10991701569507344,708,708,1.0,1.0
475,-19.49002,779.2585,116.92979596109237,-0.04751587,2.8459015,0.10639097679058908,732,732,1.0,1.0
476,-19.512848,782.1199,117.03519578980384,-0.022827148,2.8614197,0.10539982871147117,731,731,1.0,1.0
477,-19.524323,785.02527,117.16817010037818,-0.011474609,2.9053802,0.13297431057433878,715,715,1.0,1.0
478,-19.595795,787.8169,117.23937071640127,-0.07147217,2.7916107,0.07120061602309188,708,708,1.0,1.0
479,-19.646027,790.66394,117.33568948094063,-0.050231934,2.8470154,0.0963187645393586,733,733,1.0,1.0
480,-19.71753,793.5798,117.41953002766809,-0.071502686,2.9158173,0.08384054672746451,769,769,1.0,1.0
481,-19.803833,796.40326,117.51469199000952,-0.08630371,2.823471,0.09516196234143419,769,769,1.0,1.0
482,-19.862183,799.2262,117.60440756126448,-0.05834961,2.8229675,0.08971557125495157,775,774,0.9987096774193548,1.0
483,-19.972382,802.04663,117.67406393092496,-0.110198975,2.820465,0.06965636966047152,767,767,1.0,1.0
484,-20.024658,804.7927,117.76097523929128,-0.05227661,2.7460785,0.0869113083663266,774,774,1.0,1.0
485,-20.160492,807.62305,117.83220027774868,-0.13583374,2.8303528,0.07122503845739526,792,792,1.0,1.0
486,-20.203918,810.36,117.93535282174253,-0.043426514,2.7369232,0.10315254399383764,775,775,1.0,1.0
487,-20.28949,813.2053,118.01081776411864,-0.08557129,2.8453217,0.0754649423761162,759,759,1.0,1.0
488,-20.396423,815.9956,118.09994086338081,-0.106933594,2.7902985,0.0891230992621736,750,750,1.0,1.0
489,-20.472107,818.8041,118.16987338506821,-0.075683594,2.808487,0.06993252168741057,776,776,1.0,1.0
490,-20.56546,821.6934,118.2614262611427,-0.09335327,2.8893433,0.09155287607449276,780,780,1.0,1.0
491,-20.644135,824.43286,118.35498633536372,-0.07867432,2.7394257,0.09356007422101283,774,774,1.0,1.0
492,-20.739319,827.24084,118.4228963157773,-0.095184326,2.8079681,0.06790998041358112,796,796,1.0,1.0
493,-20.82779,829.9974,118.48720479501503,-0.08847046,2.756546,0.06430847923773149,786,786,1.0,1.0
494,-20.920105,832.6994,118.5844112698866,-0.092315674,2.7020264,0.09720647487157535,789,789,1.0,1.0
495,-21.000458,835.551,118.65146956738428,-0.08035278,2.851654,0.06705829749768684,806,806,1.0,1.0
496,-21.026703,838.3407,118.74993053190475,-0.026245117,2.7897034,0.09846096452047634,805,805,1.0,1.0
497,-21.083893,841.18726,118.8118951359284,-0.05718994,2.8465881,0.06196460402363852,808,808,1.0,1.0
498,-21.171936,843.94836,118.87763805390496,-0.08804321,2.761139,0.06574291797657034,807,807,1.0,1.0
499,-21.227325,846.77795,118.96031831667302,-0.055389404,2.829605,0.0826802627680617,812,812,1.0,1.0
500,-21.302765,849.6051,118.99789713409315,-0.07543945,2.827179,0.037578817420122076,809,809,1.0,1.0
501,-21.354279,850.99927,119.0519158069104,-0.051513672,1.3941956,0.05401867281724651,827,827,1.0,1.0
502,-21.431824,853.77875,119.10656706530595,-0.077545166,2.7794647,0.05465125839554924,797,797,1.0,1.0
503,-21.478302,856.65625,119.14278268047978,-0.04647827,2.877472,0.03621561517382378,796,796,1.0,1.0
504,-21.51892,859.45886,119.20372865299463,-0.040618896,2.8026428,0.060945972514846916,818,818,1.0,1.0
505,-21.566833,862.24146,119.25171110539894,-0.047912598,2.7825623,0.04798245240431736,807,807,1.0,1.0
506,-21.604553,865.0019,119.31765590382791,-0.037719727,2.7604218,0.06594479842897628,812,812,1.0,1.0
507,-21.634644,867.8944,119.37437164102982,-0.030090332,2.8925323,0.056715737201910775,800,800,1.0,1.0
508,-21.693695,870.67914,119.44412764680786,-0.059051514,2.7847443,0.06975600577802622,786,786,1.0,1.0
509,-21.754944,873.4917,119.48232497743177,-0.06124878,2.812561,0.03819733062392243,788,788,1.0,1.0
510,-21.802216,876.3343,119.5207885081504,-0.04727173,2.842575,0.03846353071863486,801,801,1.0,1.0
511,-21.912018,879.2405,119.53492086641188,-0.109802246,2.9061584,0.014132358261476474,807,807,1.0,1.0
512,-21.895142,882.12946,119.54781213445976,0.01687622,2.8889618,0.012891268047881594,806,806,1.0,1.0
513,-21.989899,885.0079,119.57274534971937,-0.09475708,2.8784332,0.024933215259610654,799,799,1.0,1.0
514,-22.056763,887.9312,119.56523572797,-0.06686401,2.9233398,-0.007509621749365112,801,801,1.0,1.0
515,-22.166412,890.839,119.59899308994092,-0.10964966,2.9077911,0.03375736197091598,807,807,1.0,1.0
516,-22.238312,893.711,119.60522651618462,-0.071899414,2.871994,0.006233426243695678,815,815,1.0,1.0
517,-22.375366,896.5474,119.63715543740076,-0.13705444,2.8364258,0.03192892121614988,807,807,1.0,1.0
518,-22.508087,899.46313,119.64414630042047,-0.13272095,2.91568,0.006990863019715087,802,802,1.0,1.0
519,-22.583405,902.3809,119.66750442099928,-0.07531738,2.9177704,0.023358120578803408,806,806,1.0,1.0
520,-22.67627,905.2543,119.6663153773746,-0.09286499,2.8733826,-0.0011890436246838273,818,818,1.0,1.0
521,-22.79242,908.20795,119.6802053461769,-0.1161499,2.9536743,0.01388996880229973,808,808,1.0,1.0
522,-22.870941,911.0571,119.71788558247285,-0.07852173,2.8491669,0.03768023629593541,812,812,1.0,1.0
523,-22.966492,913.92114,119.73334941330559,-0.09555054,2.8639832,0.01546383083274438,813,813,1.0,1.0
524,-23.124054,916.81805,119.75380017341125,-0.15756226,2.8968964,0.020450760105661582,805,805,1.0,1.0
525,-23.27237,919.6704,119.75193398832869,-0.14831543,2.8523865,-0.0018661850825579763,808,808,1.0,1.0
526,-23.42279,922.5681,119.80147631490672,-0.15042114,2.897705,0.0495423265780341,806,806,1.0,1.0
527,-23.501923,925.5121,119.82390796986348,-0.07913208,2.943985,0.022431654956767008,805,805,1.0,1.0
528,-23.645782,928.3975,119.83838914500387,-0.14385986,2.8854523,0.014481175140395128,807,807,1.0,1.0
529,-23.771118,931.1782,119.8417362391392,-0.1253357,2.7806702,0.003347094135315817,825,825,1.0,1.0
530,-23.898712,934.14026,119.8327185027379,-0.127594,2.9620667,-0.009017736401289741,818,818,1.0,1.0
531,-24.0159,936.9611,119.85808449013787,-0.1171875,2.820877,0.02536598739996167,810,810,1.0,1.0
532,-24.145905,939.79144,119.8417407700477,-0.13000488,2.8303223,-0.016343720090155535,809,809,1.0,1.0
533,-24.23471,942.68713,119.84076403052175,-0.08880615,2.8957214,-0.0009767395259505753,826,826,1.0,1.0
534,-24.354767,945.5328,119.85900456177342,-0.12005615,2.8456573,0.018240531251666057,797,797,1.0,1.0
535,-24.484436,948.3095,119.8585808895651,-0.12966919,2.7767487,-0.0004236722083162337,803,803,1.0,1.0
536,-24.652832,951.1153,119.85941484368288,-0.168396,2.8058014,0.0008339541177761899,817,817,1.0,1.0
537,-24.80951,953.9102,119.86993540907089,-0.15667725,2.7949219,0.01052056538800465,816,816,1.0,1.0
538,-24.943909,956.66547,119.85630143509215,-0.13439941,2.7552643,-0.013633973978743124,819,819,1.0,1.0
539,-25.149872,959.4837,119.84544827500453,-0.20596313,2.8182373,-0.010853160087615438,803,803,1.0,1.0
540,-25.257874,962.254,119.84563876080881,-0.10800171,2.7703552,0.00019048580428224167,801,801,1.0,1.0
541,-25.395447,965.05164,119.8074428652391,-0.13757324,2.7976074,-0.038195895569713006,807,807,1.0,1.0
542,-25.530731,967.82477,119.79856551685822,-0.13528442,2.7731476,-0.00887734838087163,813,813,1.0,1.0
543,-25.651276,970.8129,119.76305169564809,-0.12054443,2.9881744,-0.03551382121013797,808,808,1.0,1.0
544,-25.822052,973.86304,119.71397806690416,-0.17077637,3.0500946,-0.04907362874392177,826,826,1.0,1.0
545,-25.962189,976.7057,119.70825727844854,-0.14013672,2.842636,-0.00572078845562573,813,813,1.0,1.0
546,-26.109436,979.52765,119.68447875145146,-0.14724731,2.8219757,-0.02377852699707357,818,818,1.0,1.0
547,-26.242096,982.0699,119.68057333134016,-0.13265991,2.542221,-0.0039054201113137197,830,830,1.0,1.0
548,-26.35736,984.6546,119.65513367528332,-0.11526489,2.5847168,-0.02543965605683074,837,837,1.0,1.0
549,-26.458466,987.01135,119.64216311403233,-0.10110474,2.3567657,-0.012970561250995487,850,850,1.0,1.0
550,-26.5878,989.3093,119.61726353063649,-0.1293335,2.297943,-0.02489958339583896,847,847,1.0,1.0
551,-26.741638,991.5503,119.60858736073362,-0.15383911,2.240982,-0.008676169902873851,831,831,1.0,1.0
552,-26.852966,993.63434,119.56177540469606,-0.111328125,2.0840454,-0.04681195603756173,828,828,1.0,1.0
553,-26.98639,995.6194,119.52885214704082,-0.13342285,1.9850464,-0.03292325765523512,828,828,1.0,1.0
554,-27.087585,997.4481,119.52016639222356,-0.10119629,1.8287354,-0.008685754817266569,817,817,1.0,1.0
555,-27.273773,999.20154,119.48159333562072,-0.18618774,1.7533875,-0.03857305660284693,826,826,1.0,1.0
556,-27.384033,1000.948,119.4624264781568,-0.11026001,1.74646,-0.019166857463909334,823,823,1.0,1.0
557,-27.551178,1002.57404,119.47015606760394,-0.16714478,1.6260223,0.007729589447131607,819,819,1.0,1.0
558,-27.695618,1004.2093,119.47216135992164,-0.1444397,1.6352386,0.00200529231770028,820,820,1.0,1.0
559,-27.798676,1005.82733,119.44037292161973,-0.10305786,1.6180573,-0.031788438301915474,820,820,1.0,1.0
560,-27.882996,1007.36523,119.40638812810394,-0.08432007,1.5379333,-0.0339847935157793,825,825,1.0,1.0
561,-28.108704,1008.8855,119.3768747156835,-0.22570801,1.5202637,-0.029513412420439308,833,833,1.0,1.0
562,-28.258575,1010.4417,119.36320047904054,-0.14987183,1.5561981,-0.013674236642951781,822,822,1.0,1.0
563,-28.422943,1012.04425,119.32940193427353,-0.16436768,1.6025543,-0.03379854476700785,832,832,1.0,1.0
564,-28.567017,1013.74023,119.31243100982026,-0.14407349,1.6960144,-0.01697092445327394,818,818,1.0,1.0
565,-28.710266,1015.45026,119.30241483779236,-0.14324951,1.7100067,-0.010016172027909238,798,798,1.0,1.0
566,-28.85202,1017.19434,119.29172915099727,-0.14175415,1.7441101,-0.01068568679508239,817,817,1.0,1.0
567,-28.992554,1018.7615,119.26540194207954,-0.14053345,1.5671692,-0.02632720891773174,804,804,1.0,1.0
568,-29.05899,1020.27405,119.24936044114675,-0.06643677,1.5125427,-0.01604150093279137,799,799,1.0,1.0
569,-29.192474,1021.80853,119.24824629085377,-0.13348389,1.5344696,-0.0011141502929801462,823,823,1.0,1.0
570,-29.275726,1023.26917,119.22035064832438,-0.08325195,1.4606323,-0.02789564252938588,808,808,1.0,1.0
571,-29.430054,1024.6628,119.21613752690202,-0.1543274,1.3936615,-0.004213121422363172,800,800,1.0,1.0
572,-29.586395,1026.0022,119.18560461655132,-0.15634155,1.3393555,-0.030532910350698394,821,821,1.0,1.0
573,-29.642029,1027.2317,119.19482777238996,-0.055633545,1.2294464,0.009223155838639703,848,848,1.0,1.0
574,-29.727234,1028.3291,119.19504240403937,-0.08520508,1.0974121,0.0002146316494164078,851,851,1.0,1.0
575,-29.812561,1029.3071,119.17779564199357,-0.08532715,0.9780731,-0.0172467620457973,852,852,1.0,1.0
576,-29.932098,1030.0692,119.17093028882763,-0.11953735,0.7621002,-0.006865353165940857,851,851,1.0,1.0
577,-30.048737,1030.6603,119.16312822586157,-0.11663818,0.59103394,-0.007802062966062533,838,838,1.0,1.0
578,-30.146088,1031.07,119.15671330334668,-0.097351074,0.40968323,-0.006414922514891519,832,832,1.0,1.0
579,-30.238464,1031.4757,119.14216490698396,-0.09237671,0.40571594,-0.01454839636271021,839,839,1.0,1.0
580,-30.289978,1031.7705,119.12711300115772,-0.051513672,0.29481506,-0.015051905826237968,853,853,1.0,1.0
581,-30.420807,1031.9863,119.1296860366784,-0.13082886,0.21583557,0.002573035520666592,876,876,1.0,1.0
582,-30.459381,1032.0111,119.12240225021623,-0.03857422,0.024749756,-0.007283786462168036,926,926,1.0,1.0
583,-30.490997,1031.9495,119.1128767357756,-0.03161621,-0.061584473,-0.009525514440631601,925,925,1.0,1.0
584,-30.520905,1031.8748,119.10445488548629,-0.029907227,-0.07472229,-0.008421850289308993,919,919,1.0,1.0
585,-30.531738,1031.8237,119.09947344653636,-0.01083374,-0.05104065,-0.004981438949931253,939,939,1.0,1.0
586,-30.51712,1031.8348,119.10776559776035,0.01461792,0.011077881,0.008292151223980181,938,938,1.0,1.0
587,-30.534058,1031.8658,119.101898997171,-0.016937256,0.030975342,-0.005866600589345057,943,943,1.0,1.0
588,-30.581726,1031.9774,119.10251830815325,-0.047668457,0.11160278,0.0006193109822410558,926,926,1.0,1.0
589,-30.628082,1032.1003,119.10090299443614,-0.0463562,0.122909546,-0.0016153137171150687,910,910,1.0,1.0
590,-30.040924,1033.005,116.00128758303204,0.5871582,0.90463257,-3.0996154114040952,791,791,1.0,1.0
591,-30.041077,1034.6279,109.66383817686618,-0.00015258789,1.6229858,-6.337449406165857,767,767,1.0,1.0
592,-30.143219,1035.8308,102.64514092858498,-0.102142334,1.2029266,-7.018697248281204,793,793,1.0,1.0
593,-30.104584,1036.804,95.88384663559395,0.038635254,0.9730835,-6.761294292991024,782,782,1.0,1.0
594,-30.366089,1037.7876,89.15324822497124,-0.26150513,0.9835968,-6.730598410622712,797,797,1.0,1.0
595,-30.539825,1038.6807,82.19483080248911,-0.17373657,0.89302063,-6.9584174224821265,791,791,1.0,1.0
596,-30.667755,1039.3895,75.67421362718768,-0.12792969,0.70884705,-6.520617175301427,789,789,1.0,1.0
597,-30.711975,1039.8379,69.01606246547969,-0.04421997,0.44833374,-6.658151161707991,787,787,1.0,1.0
598,-31.02478,1040.8585,61.957617627861595,-0.31280518,1.0206451,-7.0584448376181,772,772,1.0,1.0
599,-31.208496,1041.5173,55.41117317704863,-0.18371582,0.65875244,-6.546444450812965,765,765,1.0,1.0
600,-31.385803,1042.231,48.99308181498844,-0.17730713,0.71365356,-6.418091362060186,767,767,1.0,1.0
601,-31.741486,1042.9009,43.44998812547814,-0.35568237,0.66993713,-5.543093689510301,772,772,1.0,1.0
602,-32.140503,1043.5596,39.196939181876054,-0.39901733,0.65875244,-4.2530489436020895,788,788,1.0,1.0
603,-32.467224,1044.3446,36.281373975640825,-0.3267212,0.7849884,-2.9155652062352315,812,812,1.0,1.0
604,-32.770966,1045.378,34.204660849361495,-0.30374146,1.0334015,-2.0767131262793295,821,821,1.0,1.0
605,-32.982086,1046.2858,32.92201883966107,-0.2111206,0.9077606,-1.282642009700424,825,825,1.0,1.0
606,-33.14743,1047.2854,31.794972222842283,-0.16534424,0.99957275,-1.1270466168187876,821,821,1.0,1.0
607,-33.33966,1048.6064,30.97189547118981,-0.19223022,1.3210602,-0.8230767516524734,815,815,1.0,1.0
608,-33.447205,1050.063,30.399140281528126,-0.107543945,1.456604,-0.5727551896616836,842,842,1.0,1.0
609,-33.59845,1051.6074,29.907737789893844,-0.15124512,1.5444183,-0.49140249163428235,849,849,1.0,1.0
610,-33.671997,1053.4158,29.601689740597262,-0.07354736,1.8084106,-0.3060480492965822,820,820,1.0,1.0
611,-33.779022,1055.3394,29.390167517957895,-0.10702515,1.923584,-0.21152222263936718,840,840,1.0,1.0
612,-33.783386,1057.3684,29.223926278287653,-0.0043640137,2.0291138,-0.16624123967024226,841,841,1.0,1.0
613,-33.85617,1059.7555,29.109135849141655,-0.072784424,2.3871307,-0.11479042914599878,826,826,1.0,1.0
614,-33.872833,1062.2993,29.038213302317835,-0.016662598,2.5438538,-0.07092254682381802,823,823,1.0,1.0
615,-33.848602,1065.0496,29.007971053024196,0.024230957,2.7502747,-0.030242249293637922,811,811,1.0,1.0
616,-33.871002,1068.1099,28.97204738112138,-0.022399902,3.0603333,-0.03592367190281494,839,839,1.0,1.0
617,-33.842407,1071.4537,28.93444148660212,0.02859497,3.3438263,-0.037605894519263494,824,824,1.0,1.0
618,-33.787537,1074.7358,28.857917648117297,0.054870605,3.2821045,-0.07652383848482237,822,822,1.0,1.0
619,-33.85724,1078.2238,28.76728991723839,-0.06970215,3.487915,-0.09062773087890724,794,794,1.0,1.0
620,-33.795227,1081.7135,28.71136415265758,0.06201172,3.4897614,-0.05592576458080859,844,844,1.0,1.0
621,-33.704773,1085.198,28.598520293002412,0.0904541,3.484497,-0.11284385965516666,852,852,1.0,1.0
622,-33.640778,1088.6304,28.485819886977342,0.06399536,3.4323425,-0.1127004060250694,838,838,1.0,1.0
623,-33.595398,1092.016,28.400723941005566,0.04537964,3.3855743,-0.08509594597177648,825,825,1.0,1.0
624,-33.559998,1095.365,28.3029804335886,0.03540039,3.3489685,-0.09774350741696432,831,831,1.0,1.0
625,-33.436188,1098.6877,28.271910836946525,0.123809814,3.3227997,-0.031069596642077625,840,840,1.0,1.0
626,-33.326416,1102.0079,28.266709087875473,0.10977173,3.3202057,-0.0052017490710501305,834,834,1.0,1.0
627,-33.354614,1105.2849,28.24524680812381,-0.028198242,3.2769928,-0.021462279751661723,818,818,1.0,1.0
628,-33.293915,1108.473,28.273180694596338,0.060699463,3.1881104,0.027933886472528886,812,812,1.0,1.0
629,-33.293213,1111.5724,28.27608081343617,0.0007019043,3.09935,0.0029001188398312203,812,812,1.0,1.0
630,-33.181366,1114.5887,28.316563057237477,0.111846924,3.0164032,0.0404822438013084,809,809,1.0,1.0
631,-33.17569,1117.578,28.338350848979076,0.0056762695,2.9892273,0.021787791741596594,815,815,1.0,1.0
632,-33.189514,1120.563,28.345082473530564,-0.013824463,2.9849243,0.006731624551489743,818,818,1.0,1.0
633,-33.146698,1123.5531,28.395802198970603,0.042816162,2.9900818,0.05071972544003917,821,821,1.0,1.0
634,-33.129852,1126.5006,28.430877949934,0.016845703,2.9475403,0.03507575096339683,824,824,1.0,1.0
635,-33.10144,1129.429,28.48972946515488,0.028411865,2.9283295,0.058851515220879516,838,838,1.0,1.0
636,-33.104034,1132.324,28.58666038125337,-0.0025939941,2.8950806,0.09693091609848997,838,838,1.0,1.0
637,-33.08432,1135.3319,28.64055608717268,0.019714355,3.007965,0.05389570591930871,842,842,1.0,1.0
638,-33.04181,1138.2256,28.72809518219305,0.042510986,2.8936768,0.08753909502037219,839,839,1.0,1.0
639,-33.05957,1141.2014,28.790954160735883,-0.01776123,2.9758148,0.06285897854283222,841,841,1.0,1.0
640,-33.01364,1144.1307,28.89293697364189,0.045928955,2.9293365,0.10198281290600715,841,841,1.0,1.0
641,-32.97876,1147.0693,28.973488793872317,0.03488159,2.9386292,0.08055182023042502,856,856,1.0,1.0
642,-32.95877,1150.0059,29.091406275574954,0.019989014,2.9365845,0.11791748170263698,833,833,1.0,1.0
643,-32.89154,1152.9587,29.188474704009263,0.067230225,2.952942,0.09706842843430756,837,837,1.0,1.0
644,-32.921387,1155.7899,29.26140547787287,-0.029846191,2.831192,0.07293077386360584,826,826,1.0,1.0
645,-32.90143,1158.7476,29.331635888583858,0.019958496,2.9576874,0.07023041071098834,828,828,1.0,1.0
646,-32.92218,1161.5571,29.401615634787834,-0.020751953,2.8096313,0.06997974620397839,832,832,1.0,1.0
647,-32.957275,1164.4984,29.4742267097964,-0.035095215,2.9412842,0.07261107500856644,832,832,1.0,1.0
648,-32.937378,1167.3264,29.56649475427986,0.019897461,2.828064,0.0922680444834583,836,836,1.0,1.0
649,-32.88852,1170.2278,29.63891491790259,0.048858643,2.9013214,0.07242016362273238,837,837,1.0,1.0
650,-32.939484,1173.1365,29.717156062752156,-0.050964355,2.908722,0.07824114484956547,831,831,1.0,1.0
651,-32.926575,1176.1093,29.808167927245893,0.012908936,2.9727325,0.09101186449373665,824,824,1.0,1.0
652,-32.91617,1179.0408,29.911740228858896,0.010406494,2.931488,0.10357230161300329,829,829,1.0,1.0
653,-32.90909,1181.959,29.995955377526975,0.007080078,2.9181976,0.08421514866807771,833,833,1.0,1.0
654,-32.86679,1184.8491,30.075785435539917,0.042297363,2.8901825,0.07983005801294103,833,833,1.0,1.0
655,-32.80603,1187.7677,30.166594856931244,0.060760498,2.9185486,0.09080942139132603,839,839,1.0,1.0
656,-32.854034,1190.6628,30.24530266022337,-0.04800415,2.8951263,0.07870780329212651,846,846,1.0,1.0
657,-32.836548,1193.5065,30.300321698200506,0.017486572,2.8436584,0.05501903797713526,828,828,1.0,1.0
658,-32.89206,1196.4186,30.389949452624546,-0.055511475,2.9121552,0.08962775442404033,842,842,1.0,1.0
659,-32.880127,1199.2787,30.466286512337316,0.011932373,2.8601532,0.07633705971277199,831,831,1.0,1.0
660,-32.86969,1202.1018,30.553772296121522,0.010437012,2.82312,0.08748578378420481,826,826,1.0,1.0
661,-32.871735,1204.9733,30.616009867055297,-0.0020446777,2.8715057,0.06223757093377406,821,821,1.0,1.0
662,-32.86737,1207.8544,30.729012089085685,0.0043640137,2.881073,0.11300222203039018,823,823,1.0,1.0
663,-32.87451,1210.7517,30.80992002712703,-0.0071411133,2.8973083,0.08090793804134513,833,833,1.0,1.0
664,-32.849,1213.6277,30.913702190728166,0.025512695,2.876007,0.10378216360113422,842,842,1.0,1.0
665,-32.90564,1216.4531,30.95832946336452,-0.056640625,2.8254852,0.04462727263635485,841,841,1.0,1.0
666,-32.95337,1219.3289,31.057032853835977,-0.047729492,2.875702,0.09870339047145496,847,847,1.0,1.0
667,-32.957123,1222.1687,31.124430674845552,-0.003753662,2.8397827,0.0673978210095755,852,852,1.0,1.0
668,-33.051575,1225.0406,31.20513147999034,-0.094451904,2.8719788,0.08070080514478573,840,840,1.0,1.0
669,-33.061035,1227.9266,31.28616594353863,-0.009460449,2.8859406,0.08103446354829275,825,825,1.0,1.0
670,-33.137024,1230.8151,31.359214410210786,-0.07598877,2.888443,0.07304846667215358,833,833,1.0,1.0
671,-33.177887,1233.7095,31.424984513760585,-0.040863037,2.894455,0.06577010354979969,832,832,1.0,1.0
672,-33.2045,1236.6143,31.49858982649159,-0.026611328,2.9047546,0.07360531273100472,826,826,1.0,1.0
673,-33.303253,1239.4629,31.541508131529874,-0.09875488,2.8485718,0.04291830503828499,837,837,1.0,1.0
674,-33.285522,1242.3811,31.634976484373837,0.017730713,2.9181976,0.0934683528439627,832,832,1.0,1.0
675,-33.33481,1245.2238,31.692580523469797,-0.04928589,2.8426666,0.057604039095960465,835,835,1.0,1.0
676,-33.345398,1248.1118,31.744035123859568,-0.0105896,2.888031,0.05145460038977201,839,839,1.0,1.0
677,-33.350647,1250.904,31.808102631454062,-0.0052490234,2.7922058,0.06406750759449549,844,844,1.0,1.0
678,-33.402893,1253.8418,31.871327481907116,-0.052246094,2.937683,0.06322485045305432,849,849,1.0,1.0
679,-33.384674,1256.6449,31.94446968373095,0.018218994,2.8031158,0.07314220182383648,842,842,1.0,1.0
680,-33.38983,1259.4772,32.017204599735386,-0.0051574707,2.8322754,0.07273491600443728,853,853,1.0,1.0
681,-33.371643,1262.307,32.07957290631533,0.018188477,2.8298798,0.06236830657994396,840,840,1.0,1.0
682,-33.432495,1265.1505,32.131337432519786,-0.06085205,2.8434906,0.0517645262044571,843,843,1.0,1.0
683,-33.433228,1267.9545,32.20648547350534,-0.0007324219,2.803955,0.07514804098555548,835,835,1.0,1.0
684,-33.42871,1270.8245,32.2890538533601,0.0045166016,2.8699493,0.08256837985476219,837,837,1.0,1.0
685,-33.478363,1273.66,32.36417605718292,-0.0496521,2.8355713,0.07512220382281487,852,852,1.0,1.0
686,-33.52182,1276.4214,32.4464072811681,-0.04345703,2.761322,0.08223122398518307,845,845,1.0,1.0
687,-33.549683,1279.2433,32.5010058981645,-0.027862549,2.821869,0.05459861699639847,840,840,1.0,1.0
688,-33.552094,1282.0621,32.585493050979295,-0.0024108887,2.8188171,0.0844871528147978,837,837,1.0,1.0
689,-33.5932,1284.8422,32.65402796387069,-0.041107178,2.7799988,0.06853491289139554,832,832,1.0,1.0
690,-33.53958,1287.6235,32.729847377950485,0.053619385,2.781372,0.07581941407979569,836,836,1.0,1.0
691,-33.57675,1290.4163,32.785196895358325,-0.03717041,2.7927704,0.05534951740783851,842,842,1.0,1.0
692,-33.524323,1293.2035,32.853642858808996,0.0524292,2.7872314,0.06844596345067079,828,828,1.0,1.0
693,-33.536163,1295.9872,32.917864075158185,-0.01184082,2.7836761,0.0642212163491887,829,829,1.0,1.0
694,-33.523865,1298.7657,32.984862787954604,0.012298584,2.7785492,0.06699871279641903,834,834,1.0,1.0
695,-33.526825,1301.5983,33.04097851565637,-0.002960205,2.83255,0.056115727701764664,814,814,1.0,1.0
696,-33.500244,1304.3099,33.074763295565546,0.02658081,2.71167,0.03378477990917891,819,819,1.0,1.0
697,-33.506134,1307.1005,33.13221060902657,-0.0058898926,2.7905273,0.05744731346102903,830,830,1.0,1.0
698,-33.528625,1309.969,33.207186395255476,-0.022491455,2.8685303,0.07497578622890745,814,814,1.0,1.0
699,-33.56665,1312.825,33.27122758696039,-0.038024902,2.8559113,0.06404119170491544,842,842,1.0,1.0
700,-33.56436,1315.6923,33.32144894595677,0.0022888184,2.8673096,0.05022135899637338,837,837,1.0,1.0
701,-33.59665,1318.5505,33.39114607366392,-0.032287598,2.8582916,0.06969712770715254,844,844,1.0,1.0
702,-33.61548,1321.4016,33.45533949617462,-0.018829346,2.851059,0.06419342251070399,844,844,1.0,1.0
703,-33.644104,1324.2765,33.52433712440386,-0.028625488,2.874878,0.06899762822923654,824,824,1.0,1.0
704,-33.665466,1327.1636,33.599530189557996,-0.021362305,2.8871002,0.07519306515413716,841,841,1.0,1.0
705,-33.649353,1330.0454,33.664331559779924,0.016113281,2.8818207,0.06480137022192578,847,847,1.0,1.0
706,-33.75421,1332.9038,33.71060850152212,-0.1048584,2.8583984,0.046276941742193545,837,837,1.0,1.0
707,-33.770813,1335.7406,33.78799386264032,-0.016601562,2.8368225,0.07738536111820543,839,839,1.0,1.0
708,-33.851135,1338.6473,33.864383222833844,-0.080322266,2.906723,0.07638936019352655,838,838,1.0,1.0
709,-33.950714,1341.5156,33.93656809212772,-0.09957886,2.8682709,0.07218486929387904,840,840,1.0,1.0
710,-33.999725,1344.4213,34.01258517749122,-0.04901123,2.9055939,0.07601708536349724,829,829,1.0,1.0
711,-34.0802,1347.3129,34.06848411344473,-0.08047485,2.8915558,0.0558989359535155,835,835,1.0,1.0
712,-34.130585,1350.1477,34.12938004094009,-0.05038452,2.8348694,0.06089592749536002,835,835,1.0,1.0
713,-34.1893,1353.0173,34.21671634037965,-0.05871582,2.8695984,0.08733629943955429,825,825,1.0,1.0
714,-34.232697,1355.8341,34.29032065707902,-0.043395996,2.816742,0.07360431669937123,830,830,1.0,1.0
715,-34.304626,1358.6199,34.333872782720874,-0.07192993,2.7858124,0.04355212564184953,831,831,1.0,1.0
716,-34.29303,1361.4547,34.418124395333194,0.01159668,2.8348846,0.0842516126123211,837,837,1.0,1.0
717,-34.403748,1364.303,34.478254959719955,-0.11071777,2.8482819,0.06013056438676015,840,840,1.0,1.0
718,-34.468933,1367.2361,34.54812184699463,-0.06518555,2.9331207,0.06986688727467653,841,841,1.0,1.0
719,-34.533417,1370.0819,34.60455163275153,-0.06448364,2.8457947,0.05642978575690026,842,842,1.0,1.0
720,-34.54962,1372.8997,34.670428361479686,-0.016204834,2.817749,0.06587672872815722,838,838,1.0,1.0
721,-34.629883,1375.7356,34.71793301307367,-0.08026123,2.835907,0.0475046515939858,840,840,1.0,1.0
722,-34.630463,1378.5618,34.791112578117755,-0.000579834,2.8262024,0.07317956504408697,823,823,1.0,1.0
723,-34.67044,1381.4314,34.85184789811582,-0.039978027,2.8696747,0.06073531999806865,834,834,1.0,1.0
724,-34.65039,1384.224,34.9123174108039,0.020050049,2.7925873,0.06046951268808193,841,841,1.0,1.0
725,-34.72986,1387.0435,34.94462764043777,-0.07946777,2.8194427,0.03231022963387523,847,847,1.0,1.0
726,-34.763977,1389.8855,34.99002798251722,-0.034118652,2.8420258,0.045400342079445974,836,836,1.0,1.0
727,-34.800537,1392.7053,35.03095850490567,-0.03656006,2.8197784,0.04093052238845055,821,821,1.0,1.0
728,-34.826843,1395.4728,35.090819378553654,-0.026306152,2.7674713,0.05986087364798321,826,826,1.0,1.0
729,-34.87555,1398.3398,35.136757193482595,-0.048706055,2.8670197,0.04593781492893935,833,833,1.0,1.0
730,-34.92517,1401.1989,35.193748491066955,-0.049621582,2.8589783,0.05699129758436365,847,847,1.0,1.0
731,-34.927094,1404.1163,35.24965235635115,-0.0019226074,2.9175262,0.05590386528419277,842,842,1.0,1.0
732,-34.95764,1407.0045,35.31367797294065,-0.030548096,2.8881836,0.06402561658950483,847,847,1.0,1.0
733,-35.011017,1409.8168,35.36792396623404,-0.053375244,2.812271,0.05424599329338602,837,837,1.0,1.0
734,-35.075653,1412.4154,35.412949157935465,-0.06463623,2.5986633,0.04502519170142898,841,841,1.0,1.0
735,-35.07791,1414.9563,35.46469286233145,-0.0022583008,2.5409546,0.05174370439598502,847,847,1.0,1.0
736,-35.111877,1417.4872,35.478139856666864,-0.033966064,2.5309143,0.01344699433541529,846,846,1.0,1.0
737,-35.162933,1419.8181,35.514688721942456,-0.05105591,2.3309784,0.0365488652755893,836,836,1.0,1.0
738,-35.21402,1422.1216,35.51032322262544,-0.051086426,2.3034973,-0.004365499317018055,827,827,1.0,1.0
739,-35.23816,1424.3031,35.52366362038877,-0.024139404,2.1814728,0.013340397763327454,834,834,1.0,1.0
740,-35.28763,1426.4218,35.51783265759595,-0.049468994,2.1186829,-0.005830962792813222,831,831,1.0,1.0
741,-35.317993,1428.3865,35.53232053771173,-0.03036499,1.9646912,0.014487880115777403,816,816,1.0,1.0
742,-35.407837,1430.2755,35.519734735235275,-0.08984375,1.8890076,-0.012585802476459119,809,809,1.0,1.0
743,-35.394592,1432.1093,35.5250174000675,0.013244629,1.8337402,0.005282664832224132,836,836,1.0,1.0
744,-35.434937,1433.8422,35.544848445455756,-0.04034424,1.7329559,0.019831045388256297,813,813,1.0,1.0
745,-35.426453,1435.4452,35.567371885987136,0.008483887,1.6030273,0.022523440531381337,822,822,1.0,1.0
746,-35.444824,1437.0474,35.58068203077137,-0.018371582,1.6022034,0.013310144784238464,829,829,1.0,1.0
747,-35.411316,1438.6552,35.60082195895489,0.0335083,1.6077881,0.020139928183516436,818,818,1.0,1.0
748,-35.446014,1440.1677,35.62141696313811,-0.034698486,1.5125732,0.02059500418321845,821,821,1.0,1.0
749,-35.51059,1441.7136,35.65766459100095,-0.064575195,1.5459595,0.03624762786284429,797,797,1.0,1.0
750,-35.500336,1443.2551,35.67707016840912,0.010253906,1.5414581,0.01940557740816132,787,787,1.0,1.0
751,-35.46576,1444.7732,35.70707412900645,0.034576416,1.5181122,0.030003960597334154,777,777,1.0,1.0
752,-35.47635,1446.3777,35.741197703323024,-0.0105896,1.6044769,0.0341235743165738,777,777,1.0,1.0
753,-35.497253,1447.9635,35.772806025196765,-0.020904541,1.5857697,0.03160832187374096,759,759,1.0,1.0
754,-35.469147,1449.5522,35.83187316580416,0.02810669,1.5887604,0.05906714060739868,770,770,1.0,1.0
755,-35.407654,1451.0981,35.87679670709976,0.06149292,1.5459595,0.044923541295592916,804,804,1.0,1.0
756,-35.402344,1452.582,35.916377736064916,0.0053100586,1.4838715,0.03958102896515839,802,802,1.0,1.0
757,-35.423157,1453.988,35.976626096036604,-0.020812988,1.4060669,0.060248359971684436,813,813,1.0,1.0
758,-35.448822,1455.345,35.99535273663412,-0.025665283,1.3569489,0.018726640597515047,790,790,1.0,1.0
759,-35.464264,1456.6305,36.00590471129644,-0.0154418945,1.285553,0.010551974662323127,795,795,1.0,1.0
760,-35.540466,1457.7845,36.0277082631584,-0.07620239,1.1540527,0.02180355186196519,810,810,1.0,1.0
761,-35.529938,1458.7643,36.04133761910356,0.010528564,0.9797516,0.013629355945153462,806,806,1.0,1.0
762,-35.52426,1459.5822,36.04490959989552,0.0056762695,0.8178406,0.003571980791960172,807,807,1.0,1.0
763,-35.48947,1460.2888,36.045598772653086,0.03479004,0.706604,0.0006891727575674399,806,806,1.0,1.0
764,-35.52014,1460.9001,36.02084478235209,-0.030670166,0.6112671,-0.024753990300996162,793,793,1.0,1.0
765,-35.509796,1461.3749,36.019446493723514,0.010345459,0.47470093,-0.0013982886285761888,812,812,1.0,1.0
766,-35.478516,1461.8268,35.995440741812445,0.031280518,0.4519348,-0.024005751911069313,821,821,1.0,1.0
767,-35.506897,1462.2097,35.978467165950576,-0.028381348,0.38298035,-0.01697357586187044,827,827,1.0,1.0
768,-35.586975,1462.5056,35.97521570907756,-0.080078125,0.29585266,-0.0032514568730152896,820,820,1.0,1.0
769,-35.580902,1462.7755,35.983557847460474,0.006072998,0.26989746,0.008342138382912737,834,834,1.0,1.0
770,-35.599823,1462.964,35.98759798123062,-0.018920898,0.18852234,0.004040133770145772,842,842,1.0,1.0
771,-35.514404,1463.0597,35.98425354723742,0.0854187,0.0957489,-0.0033444339931971586,848,848,1.0,1.0
772,-35.453003,1463.1555,35.963490317980515,0.061401367,0.095825195,-0.0207632292569099,839,839,1.0,1.0
773,-35.350708,1463.1624,35.9541183939908,0.10229492,0.006790161,-0.009371923989715624,847,847,1.0,1.0
774,-35.235107,1463.1584,35.935978019899096,0.115600586,-0.003921509,-0.01814037409170108,817,817,1.0,1.0
775,-35.05652,1463.1512,35.943202960383005,0.17858887,-0.0072021484,0.007224940483904951,806,806,1.0,1.0
776,-34.87628,1463.137,35.95772350697426,0.18023682,-0.014221191,0.014520546591256407,809,809,1.0,1.0
777,-34.092773,1463.286,34.850007604887814,0.7835083,0.14904785,-1.1077159020864482,723,723,1.0,1.0
778,-33.51413,1463.8384,29.085347663434558,0.5786438,0.5523224,-5.764659941453257,665,665,1.0,1.0
779,-33.548126,1464.4751,22.9960588133715,-0.033996582,0.63674927,-6.089288850063056,685,685,1.0,1.0
780,-33.75302,1465.2085,17.7812701467666,-0.20489502,0.7333832,-5.2147886666049,709,709,1.0,1.0
781,-34.113586,1465.7734,13.976025787261463,-0.3605652,0.56495667,-3.8052443595051377,711,711,1.0,1.0
782,-34.403473,1466.1909,11.559794070193888,-0.28988647,0.41749573,-2.416231717067576,719,719,1.0,1.0
783,-34.608154,1466.629,9.97125734405217,-0.2046814,0.43806458,-1.5885367261417183,708,708,1.0,1.0
784,-34.830353,1467.15,8.774233720318417,-0.22219849,0.52101135,-1.1970236237337533,721,721,1.0,1.0
785,-35.03351,1467.7673,7.775929854205849,-0.20315552,0.61727905,-0.9983038661125686,716,716,1.0,1.0
786,-35.163025,1468.3162,6.931278654671387,-0.1295166,0.5488281,-0.8446511995344613,724,724,1.0,1.0
787,-35.331665,1468.8696,6.240763017549036,-0.16864014,0.55340576,-0.6905156371223511,725,725,1.0,1.0
788,-35.5011,1469.4127,5.723148869428628,-0.1694336,0.54312134,-0.5176141481204085,723,723,1.0,1.0
789,-35.62317,1470.0355,5.364271997498361,-0.12207031,0.6227722,-0.35887687193026696,732,732,1.0,1.0
790,-35.744385,1470.7003,5.074438489068259,-0.12121582,0.6648102,-0.2898335084301023,713,713,1.0,1.0
791,-35.897186,1471.3799,4.875623307938371,-0.15280151,0.67962646,-0.1988151811298875,754,754,1.0,1.0
792,-35.94452,1472.2065,4.728065793579134,-0.047332764,0.8265991,-0.14755751435923706,722,722,1.0,1.0
793,-36.006866,1473.1206,4.635770416491321,-0.062347412,0.91412354,-0.09229537708781241,720,720,1.0,1.0
794,-36.063507,1474.1099,4.5504749656105865,-0.056640625,0.9892273,-0.08529545088073442,749,749,1.0,1.0
795,-36.14969,1475.3168,4.4610561319804,-0.08618164,1.2069092,-0.08941883363018618,724,724,1.0,1.0
796,-36.28897,1476.719,4.373609196084493,-0.13928223,1.4022064,-0.08744693589590732,739,739,1.0,1.0
797,-36.351776,1478.3376,4.3231759754625605,-0.062805176,1.6186218,-0.05043322062193228,718,718,1.0,1.0
798,-36.379883,1480.1012,4.288159323405431,-0.02810669,1.763504,-0.035016652057129595,729,729,1.0,1.0
799,-36.52307,1482.0659,4.249073931453823,-0.14318848,1.9647827,-0.03908539195160819,720,720,1.0,1.0
800,-36.618378,1484.268,4.262391915714414,-0.0953064,2.2020264,0.013317984260591435,708,708,1.0,1.0
801,-36.665466,1486.6519,4.275611821205897,-0.047088623,2.3839417,0.013219905491482798,689,689,1.0,1.0
802,-36.74588,1489.3013,4.285324344227282,-0.08041382,2.649475,0.009712523021385647,686,686,1.0,1.0
803,-36.794373,1492.1389,4.299455020759233,-0.04849243,2.8376617,0.014130676531950041,703,703,1.0,1.0
804,-36.837738,1495.1119,4.328643686748627,-0.04336548,2.9730377,0.029188665989394597,698,698,1.0,1.0
805,-36.87259,1498.4149,4.364679690449855,-0.034851074,3.3030243,0.03603600370122774,700,700,1.0,1.0
806,-36.898193,1501.8057,4.406278421924861,-0.025604248,3.3907623,0.04159873147500568,699,699,1.0,1.0
807,-36.971252,1505.2233,4.409962410626961,-0.07305908,3.417572,0.0036839887020999437,709,709,1.0,1.0
808,-37.06726,1508.6837,4.386783358235304,-0.0960083,3.4604187,-0.023179052391656785,709,709,1.0,1.0
809,-37.109497,1512.1914,4.35512281951596,-0.042236328,3.5076294,-0.03166053871934413,684,684,1.0,1.0
810,-37.16577,1515.6454,4.301858275557698,-0.056274414,3.4540253,-0.05326454395826193,683,683,1.0,1.0
811,-37.2117,1519.05,4.267543302067886,-0.045928955,3.4046326,-0.0343149734898116,707,707,1.0,1.0
812,-37.297913,1522.4689,4.23888393750248,-0.08621216,3.4188538,-0.028659364565406412,704,704,1.0,1.0
813,-37.343872,1525.8258,4.216297872054686,-0.045959473,3.3568878,-0.022586065447793714,685,685,1.0,1.0
814,-37.453094,1529.1428,4.199558914148656,-0.10922241,3.3170319,-0.016738957906030583,682,682,1.0,1.0
815,-37.5231,1532.4807,4.170219125854895,-0.070007324,3.337906,-0.029339788293760733,670,670,1.0,1.0
816,-37.62738,1535.7085,4.138204571393352,-0.104278564,3.227829,-0.03201455446154285,662,662,1.0,1.0
817,-37.691406,1538.9509,4.0982653249609,-0.06402588,3.2424622,-0.03993924643245276,687,687,1.0,1.0
818,-37.747803,1542.0432,4.0898371842947,-0.056396484,3.092331,-0.00842814066619948,676,676,1.0,1.0
819,-37.74121,1545.1309,4.075598979367707,0.006591797,3.087616,-0.014238204926992295,666,666,1.0,1.0
820,-37.807648,1548.178,4.055031239209642,-0.06643677,3.047165,-0.020567740158065395,662,662,1.0,1.0
821,-37.90088,1551.2513,4.047459353845349,-0.0932312,3.0733337,-0.0075718853642922765,656,656,1.0,1.0
822,-37.905,1554.2678,4.030167711906841,-0.004119873,3.01651,-0.017291641938508743,657,657,1.0,1.0
823,-37.91516,1557.1918,4.030276189571669,-0.0101623535,2.9239044,0.00010847766482833319,636,636,1.0,1.0
824,-37.953613,1560.2074,4.038406761680528,-0.03845215,3.0156555,0.008130572108858349,646,646,1.0,1.0
825,-37.995758,1563.109,4.024389085507605,-0.042144775,2.9016113,-0.014017676172922796,634,634,1.0,1.0
826,-38.00415,1566.126,4.047320096413542,-0.008392334,3.0170288,0.02293101090593768,628,628,1.0,1.0
827,-38.079285,1569.044,4.037802573942385,-0.07513428,2.9179993,-0.00951752247115714,638,638,1.0,1.0
828,-38.120026,1571.977,4.045771286322153,-0.040740967,2.9330444,0.007968712379767238,658,658,1.0,1.0
829,-38.18808,1574.9517,4.059622944152571,-0.0680542,2.9745483,0.013851657830418323,668,668,1.0,1.0
830,-38.242096,1577.9708,4.07430901369146,-0.054016113,3.0191803,0.014686069538888938,645,645,1.0,1.0
831,-38.311554,1580.9293,4.066333811382625,-0.06945801,2.9584808,-0.007975202308834384,642,642,1.0,1.0
832,-38.341553,1583.9558,4.0927986615775405,-0.02999878,3.026474,0.026464850194915554,645,645,1.0,1.0
833,-38.388336,1586.9822,4.090990542067581,-0.046783447,3.0263062,-0.0018081195099599542,636,636,1.0,1.0
834,-38.520782,1590.0074,4.093526883924536,-0.13244629,3.025238,0.002536341856955101,628,628,1.0,1.0
835,-38.551453,1593.0033,4.105391961751343,-0.030670166,2.995819,0.011865077826806984,618,618,1.0,1.0
836,-38.61734,1595.9543,4.0998577857627545,-0.06588745,2.951004,-0.0055341759885884426,611,611,1.0,1.0
837,-38.72348,1598.9235,4.102560927983543,-0.10614014,2.9691162,0.0027031422207885545,599,599,1.0,1.0
838,-38.80249,1601.9269,4.11889799583919,-0.07901001,3.0034485,0.01633706785564773,588,588,1.0,1.0
839,-38.822327,1604.9336,4.112676774713962,-0.019836426,3.0066986,-0.0062212211252287205,567,567,1.0,1.0
840,-38.896545,1607.9636,4.105198432618499,-0.07421875,3.0299988,-0.007478342095462624,567,567,1.0,1.0
841,-39.043854,1610.9529,4.107777751153408,-0.14730835,2.9892426,0.0025793185349095114,562,562,1.0,1.0
842,-39.139038,1613.9093,4.097471503665409,-0.095184326,2.956421,-0.010306247487999885,565,565,1.0,1.0
843,-39.153137,1616.9427,4.1159680450551495,-0.014099121,3.0334015,0.01849654138974082,571,571,1.0,1.0
844,-39.282013,1619.8796,4.109652188303958,-0.12887573,2.936905,-0.00631585675119142,546,546,1.0,1.0
845,-39.422607,1622.8965,4.09908242595813,-0.14059448,3.0168762,-0.01056976234582798,543,543,1.0,1.0
846,-39.492188,1625.8469,4.095699354518908,-0.06958008,2.9504547,-0.0033830714392219787,558,558,1.0,1.0
847,-39.585114,1628.731,4.084438255019939,-0.092926025,2.8840332,-0.011261099498968936,565,565,1.0,1.0
848,-39.678772,1631.6965,4.075685346540307,-0.09365845,2.965561,-0.00875290847963258,554,554,1.0,1.0
849,-39.71457,1634.7418,4.082953380385118,-0.03579712,3.0452423,0.0072680338448115845,555,555,1.0,1.0
850,-39.78482,1637.7285,4.095978848100034,-0.070251465,2.9867249,0.013025467714916084,566,566,1.0,1.0
851,-39.8302,1640.667,4.102756659594548,-0.04537964,2.9385376,0.006777811494513447,568,568,1.0,1.0
852,-39.91339,1643.6654,4.090402121750995,-0.08319092,2.9984283,-0.012354537843553373,567,567,1.0,1.0
853,-39.98114,1646.614,4.106265438280479,-0.06774902,2.9485474,0.015863316529483962,567,567,1.0,1.0
854,-40.015625,1649.5757,4.105666118473968,-0.034484863,2.9616394,-0.000599319806511458,567,567,1.0,1.0
855,-40.09973,1652.5315,4.094788303431072,-0.084106445,2.9557495,-0.010877815042895807,552,552,1.0,1.0
856,-40.257782,1655.4502,4.080189924311105,-0.15805054,2.9187622,-0.014598379119966462,538,538,1.0,1.0
857,-40.327026,1658.3572,4.074602614538817,-0.069244385,2.9070435,-0.005587309772288374,545,545,1.0,1.0
858,-40.42572,1661.3029,4.05999555412409,-0.09869385,2.9456482,-0.014607060414725976,565,565,1.0,1.0
859,-40.51883,1664.2609,4.052274899843694,-0.09310913,2.9579926,-0.007720654280396062,569,569,1.0,1.0
860,-40.558136,1667.2551,4.0436095717874645,-0.03930664,2.9943237,-0.00866532805623015,568,568,1.0,1.0
861,-40.651367,1670.186,4.026407058491674,-0.0932312,2.9308624,-0.01720251329579114,584,584,1.0,1.0
862,-40.59558,1673.2142,4.036942527590655,0.055786133,3.028183,0.010535469098981811,597,597,1.0,1.0
863,-40.687256,1676.1958,4.02055699944013,-0.091674805,2.9815674,-0.01638552815052604,568,568,1.0,1.0
864,-40.79135,1679.2041,4.014097418490366,-0.10409546,3.008255,-0.006459580949763474,576,576,1.0,1.0
865,-40.878174,1682.279,4.006306607763201,-0.08682251,3.0749512,-0.0077908107271655634,574,574,1.0,1.0
866,-40.881195,1685.227,4.011162548928403,-0.0030212402,2.947937,0.004855941165201742,578,578,1.0,1.0
867,-40.96292,1688.1735,4.006363327931396,-0.081726074,2.9464264,-0.004799220997006364,567,567,1.0,1.0
868,-41.07602,1691.1691,3.9811048273545504,-0.113098145,2.9956055,-0.02525850057684589,588,588,1.0,1.0
869,-41.203552,1694.1752,3.964201142996762,-0.12753296,3.0061188,-0.016903684357788207,583,583,1.0,1.0
870,-41.322968,1697.1257,3.929487013545753,-0.11941528,2.9506073,-0.03471412945100905,602,602,1.0,1.0
871,-41.38092,1700.1162,3.9123277720436556,-0.05795288,2.9904785,-0.017159241502097244,580,580,1.0,1.0
872,-41.50128,1703.1099,3.9020282503499817,-0.12036133,2.9935913,-0.010299521693674006,584,584,1.0,1.0
873,-41.57144,1706.0835,3.897150196208996,-0.07015991,2.9736938,-0.004878054140985769,580,580,1.0,1.0
874,-41.671875,1709.1692,3.8816910646910023,-0.10043335,3.0856476,-0.015459131517993671,592,592,1.0,1.0
875,-41.76706,1712.0978,3.8824879472058247,-0.095184326,2.9286041,0.0007968825148222843,594,594,1.0,1.0
876,-41.884247,1715.0931,3.8457525390348564,-0.1171875,2.995346,-0.03673540817096832,592,592,1.0,1.0
877,-42.013,1718.0121,3.845168590296429,-0.12875366,2.9189606,-0.0005839487384272762,593,593,1.0,1.0
878,-42.070435,1720.97,3.833030311558196,-0.057434082,2.9579468,-0.012138278738233052,580,580,1.0,1.0
879,-42.21817,1723.8845,3.812679840381557,-0.1477356,2.9145813,-0.02035047117663925,599,599,1.0,1.0
880,-42.331635,1726.885,3.788846994449048,-0.113464355,3.0004578,-0.02383284593250914,592,592,1.0,1.0
881,-42.474854,1729.8912,3.7602670639883002,-0.143219,3.0062103,-0.0285799304607479,585,585,1.0,1.0
882,-42.562286,1732.887,3.745626778847633,-0.08743286,2.9957733,-0.014640285140667154,622,622,1.0,1.0
883,-42.659424,1735.8596,3.7333579430699357,-0.09713745,2.972702,-0.012268835777697528,599,599,1.0,1.0
884,-42.710754,1738.8828,3.739328926433401,-0.051330566,3.0232544,0.005970983363465496,583,583,1.0,1.0
885,-42.791595,1741.9214,3.726657265529894,-0.080841064,3.03862,-0.012671660903507213,589,589,1.0,1.0
886,-42.86075,1744.8561,3.7146228380410764,-0.06915283,2.9347076,-0.012034427488817657,605,605,1.0,1.0
887,-42.914124,1747.8507,3.695085405824831,-0.053375244,2.994629,-0.019537432216245397,610,610,1.0,1.0
888,-42.90207,1750.8235,3.6744816524105235,0.012054443,2.9727325,-0.020603753414307376,615,615,1.0,1.0
889,-42.984344,1753.7986,3.6568051629406857,-0.08227539,2.9751282,-0.017676489469837714,607,607,1.0,1.0
890,-43.029755,1756.7572,3.6546816569244425,-0.045410156,2.9586487,-0.00212350601624307,606,606,1.0,1.0
891,-43.090454,1759.7502,3.6527606459671365,-0.060699463,2.9929962,-0.0019210109573059334,600,600,1.0,1.0
892,-43.092255,1762.7659,3.6744964413551156,-0.0018005371,3.0156097,0.021735795387979123,595,595,1.0,1.0
893,-43.191803,1765.7407,3.627200050093584,-0.09954834,2.9747925,-0.04729639126153136,599,599,1.0,1.0
894,-43.235413,1768.6866,3.6170451517751245,-0.04360962,2.9459686,-0.010154898318459742,619,619,1.0,1.0
895,-43.235474,1771.6621,3.612051659742195,-6.1035156e-05,2.9754486,-0.004993492032929368,632,632,1.0,1.0
896,-43.280426,1774.6256,3.58942338306999,-0.044952393,2.9634705,-0.0226282766722052,620,620,1.0,1.0
897,-43.24823,1777.5697,3.5922956555076913,0.032196045,2.9440613,0.0028722724377012224,606,606,1.0,1.0
898,-43.376953,1780.5575,3.548299490831528,-0.12872314,2.9877777,-0.04399616467616319,626,626,1.0,1.0
899,-43.430298,1783.5397,3.555113961327568,-0.053344727,2.982193,0.006814470496040344,646,646,1.0,1.0
900,-43.441467,1786.5874,3.548816940825439,-0.011169434,3.0477905,-0.006297020502129218,632,632,1.0,1.0
901,-43.520813,1789.5858,3.5180641611550896,-0.0793457,2.9983978,-0.03075277967034911,627,627,1.0,1.0
902,-43.603302,1792.5345,3.5101797183858356,-0.08248901,2.9487152,-0.00788444276925375,626,626,1.0,1.0
903,-43.648895,1795.4998,3.5027113810717694,-0.04559326,2.9651642,-0.007468337314066113,615,615,1.0,1.0
904,-43.721283,1798.4746,3.474724095426411,-0.072387695,2.9748383,-0.027987285645358392,616,616,1.0,1.0
905,-43.760406,1801.5239,3.455833747121811,-0.039123535,3.049347,-0.01889034830460003,620,620,1.0,1.0
906,-43.829956,1804.4756,3.422447546070477,-0.06954956,2.9516296,-0.03338620105133398,617,617,1.0,1.0
907,-43.877167,1807.4294,3.416345375960842,-0.047210693,2.9537964,-0.00610217010963477,628,628,1.0,1.0
908,-43.90805,1810.3925,3.403141682760594,-0.030883789,2.9630432,-0.01320369320024801,634,634,1.0,1.0
909,-43.950104,1813.31,3.389584152569486,-0.042053223,2.9175873,-0.013557530191107833,618,618,1.0,1.0
910,-43.995514,1816.2507,3.395521068923774,-0.045410156,2.9407043,0.005936916354287581,634,634,1.0,1.0
911,-44.01883,1819.1901,3.391982654096479,-0.02331543,2.9393616,-0.003538414827295123,652,652,1.0,1.0
912,-44.026978,1822.0958,3.391099378079123,-0.008148193,2.905777,-0.000883276017355687,661,661,1.0,1.0
913,-44.013153,1825.0371,3.408062617346878,0.013824463,2.9413147,0.016963239267755066,654,654,1.0,1.0
914,-43.99359,1827.9764,3.399883387574719,0.019561768,2.9393463,-0.008179229772159112,671,671,1.0,1.0
915,-44.086792,1830.9283,3.3956112197971624,-0.09320068,2.9519196,-0.0042721677775564865,674,674,1.0,1.0
916,-44.08835,1833.7878,3.3855603794420914,-0.0015563965,2.8594666,-0.010050840355070994,670,670,1.0,1.0
917,-44.097992,1836.7389,3.3912241855734764,-0.009643555,2.9510345,0.005663806131384979,664,664,1.0,1.0
918,-44.08914,1839.6711,3.391312990892374,0.008850098,2.9322205,8.880531889764122e-05,693,693,1.0,1.0
919,-44.09305,1842.5997,3.3813489000973744,-0.00390625,2.9286346,-0.009964090794999454,684,684,1.0,1.0
920,-44.103058,1845.588,3.3739655910186515,-0.010009766,2.988327,-0.007383309078723134,685,685,1.0,1.0
921,-44.07315,1848.386,3.3876510636689128,0.029907227,2.7979126,0.01368547265026147,684,684,1.0,1.0
922,-44.12442,1851.1212,3.379421614922471,-0.05126953,2.7352295,-0.008229448746441732,707,707,1.0,1.0
923,-44.08896,1853.7554,3.4126133236269522,0.035461426,2.6341553,0.03319170870448149,713,713,1.0,1.0
924,-44.06363,1856.2769,3.4119394641303566,0.02532959,2.5214844,-0.0006738594965957057,697,697,1.0,1.0
925,-44.05423,1858.6626,3.3902294641690798,0.009399414,2.3856964,-0.02170999996127707,709,709,1.0,1.0
926,-44.099915,1860.957,3.3698895080218825,-0.045684814,2.2944336,-0.020339956147197396,734,734,1.0,1.0
927,-44.095062,1863.1432,3.3685946476520443,0.004852295,2.1861877,-0.001294860369838001,737,737,1.0,1.0
928,-44.138794,1865.173,3.3955515265135316,-0.04373169,2.0297394,0.026956878861487177,734,734,1.0,1.0
929,-44.16391,1867.086,3.3820140168009862,-0.025115967,1.9131165,-0.01353750971254562,760,760,1.0,1.0
930,-44.25299,1869.0367,3.3743298411366722,-0.08908081,1.9507294,-0.007684175664314124,747,747,1.0,1.0
931,-44.262207,1870.8438,3.3774728094448503,-0.009216309,1.8069763,0.003142968308177932,753,753,1.0,1.0
932,-44.273224,1872.6025,3.375995152284092,-0.011016846,1.7588043,-0.0014776571607582317,774,774,1.0,1.0
933,-44.331024,1874.3785,3.3721388229755296,-0.057800293,1.776001,-0.0038563293085623817,752,752,1.0,1.0
934,-44.39865,1876.0785,3.3626135312456484,-0.06762695,1.6999664,-0.009525291729881298,767,767,1.0,1.0
935,-44.379364,1877.8344,3.3611895485263603,0.01928711,1.7558441,-0.0014239827192880589,764,764,1.0,1.0
936,-44.40692,1879.5293,3.3535760566993633,-0.027557373,1.6949921,-0.007613491826997154,764,764,1.0,1.0
937,-44.448517,1881.2319,3.370830561640761,-0.04159546,1.7026825,0.01725450494139727,770,770,1.0,1.0
938,-44.45056,1882.9507,3.3940204949902513,-0.0020446777,1.7187653,0.02318993334949043,753,753,1.0,1.0
939,-44.445312,1884.6357,3.396249769802279,0.0052490234,1.6849976,0.0022292748120276706,770,770,1.0,1.0
940,-44.49762,1886.3206,3.401381336046538,-0.05230713,1.6847839,0.005131566244258944,779,779,1.0,1.0
941,-44.477325,1887.9613,3.424406381059165,0.02029419,1.6407928,0.023025045012626956,791,791,1.0,1.0
942,-44.46164,1889.5149,3.4444274578028837,0.015686035,1.5536499,0.02002107674371876,778,778,1.0,1.0
943,-44.481476,1891.1403,3.4471975892831135,-0.019836426,1.6253815,0.0027701314802295917,787,787,1.0,1.0
944,-44.467255,1892.6646,3.4577877262804413,0.014221191,1.524231,0.01059013699732763,794,794,1.0,1.0
945,-44.429016,1894.0363,3.4643014820126816,0.038238525,1.3716583,0.006513755732240463,801,801,1.0,1.0
946,-44.473206,1895.329,3.4566494623563417,-0.044189453,1.2927399,-0.007652019656340037,795,795,1.0,1.0
947,-44.458588,1896.5493,3.4424772541317363,0.01461792,1.2203064,-0.014172208224605612,785,785,1.0,1.0
948,-44.47711,1897.6187,3.420989754750435,-0.01852417,1.069397,-0.021487499381301255,776,776,1.0,1.0
949,-44.48575,1898.5123,3.4071423884121943,-0.008636475,0.89367676,-0.013847366338241003,793,793,1.0,1.0
950,-44.47409,1899.4108,3.390717901168288,0.011657715,0.89845276,-0.016424487243906518,812,812,1.0,1.0
951,-44.50952,1900.1995,3.3830720611592464,-0.03543091,0.7886963,-0.007645840009041394,826,826,1.0,1.0
952,-44.524597,1900.8508,3.36550907201359,-0.015075684,0.65133667,-0.017562989145656356,822,822,1.0,1.0
953,-44.554047,1901.3784,3.335039065878918,-0.029449463,0.5276489,-0.030470006134672316,820,820,1.0,1.0
954,-44.59558,1901.8853,3.2934915970268612,-0.041534424,0.50683594,-0.04154746885205651,838,838,1.0,1.0
955,-44.55356,1902.3782,3.3078490622804,0.042022705,0.49295044,0.014357465253538634,839,839,1.0,1.0
956,-44.534454,1902.7397,3.2943069921419745,0.019104004,0.36154175,-0.01354207013842546,839,839,1.0,1.0
957,-44.478455,1902.9424,3.264411409794452,0.055999756,0.20263672,-0.029895582347522313,854,854,1.0,1.0
958,-44.394714,1903.0647,3.2348223761103676,0.083740234,0.12231445,-0.02958903368408444,882,882,1.0,1.0
959,-44.32251,1903.1257,3.2097297789231223,0.07220459,0.061080933,-0.02509259718724545,890,890,1.0,1.0
960,-44.226074,1903.1505,3.1901897891797,0.09643555,0.024795532,-0.01953998974342251,879,879,1.0,1.0
961,-44.133392,1903.1376,3.1742949791838466,0.092681885,-0.0129852295,-0.015894809995853146,871,871,1.0,1.0
962,-44.046448,1903.074,3.16628112633729,0.08694458,-0.06365967,-0.008013852846556492,876,876,1.0,1.0
963,-43.937164,1903.0304,3.1658432762296873,0.10928345,-0.043548584,-0.00043785010760263117,862,862,1.0,1.0
964,-43.44052,1902.9674,3.029828758764081,0.49664307,-0.06297302,-0.1360145174656062,810,810,1.0,1.0
965,-42.476166,1903.439,-1.5890738360995194,0.96435547,0.47151184,-4.6189025948636,748,748,1.0,1.0
966,-42.375336,1904.4156,-8.015369181072764,0.10083008,0.97665405,-6.426295344973243,736,736,1.0,1.0
967,-42.56189,1905.473,-14.672577107411996,-0.18655396,1.0574036,-6.657207926339232,725,725,1.0,1.0
968,-42.850525,1906.5557,-21.11385618465929,-0.28863525,1.0825806,-6.441279077247295,723,723,1.0,1.0
969,-43.14923,1907.602,-26.787679378597346,-0.29870605,1.0463257,-5.673823193938055,712,712,1.0,1.0
970,-43.597504,1908.5151,-31.168503691362723,-0.4482727,0.91304016,-4.3808243127653785,701,701,1.0,1.0
971,-43.968628,1909.2416,-33.932717017346306,-0.37112427,0.7264404,-2.764213325983583,730,730,1.0,1.0
972,-44.08484,1909.715,-35.81183108589223,-0.11621094,0.47335815,-1.8791140685459267,734,734,1.0,1.0
973,-44.189697,1910.2659,-37.2496283704801,-0.1048584,0.5508728,-1.4377972845878735,725,725,1.0,1.0
974,-44.165924,1910.7336,-38.457414357925764,0.023773193,0.46780396,-1.2077859874456578,731,731,1.0,1.0
975,-44.17758,1911.2649,-39.438355646465375,-0.011657715,0.53125,-0.9809412885396089,727,727,1.0,1.0
976,-44.20172,1911.8318,-40.205700679203446,-0.024139404,0.5668335,-0.7673450327380706,732,732,1.0,1.0
977,-44.21762,1912.416,-40.804787195917605,-0.015899658,0.58418274,-0.5990865167141577,732,732,1.0,1.0
978,-44.23465,1913.0404,-41.25315155281445,-0.017028809,0.6243439,-0.4483643568968461,734,734,1.0,1.0
979,-44.273285,1913.8059,-41.654002570000706,-0.038635254,0.7655182,-0.4008510171862532,743,743,1.0,1.0
980,-44.278442,1914.6942,-41.947436190838175,-0.0051574707,0.8883209,-0.2934336208374682,733,733,1.0,1.0
981,-44.217865,1915.6969,-42.16967450209282,0.060577393,1.0027008,-0.22223831125464055,730,730,1.0,1.0
982,-44.247223,1916.7654,-42.37669423695196,-0.02935791,1.0684662,-0.20701973485914674,740,740,1.0,1.0
983,-44.232605,1918.0933,-42.541784005023416,0.01461792,1.3279266,-0.1650897680714542,733,733,1.0,1.0
984,-44.29239,1919.6086,-42.663828422754996,-0.059783936,1.5153961,-0.12204441773158142,739,739,1.0,1.0
985,-44.31479,1921.2567,-42.75591201140201,-0.022399902,1.6480713,-0.09208358864701659,739,739,1.0,1.0
986,-44.22821,1923.1196,-42.789042820899496,0.08657837,1.8628693,-0.033130809497482976,741,741,1.0,1.0
987,-44.244965,1925.1548,-42.860798622643884,-0.01675415,2.0351105,-0.07175580174438753,740,740,1.0,1.0
988,-44.210358,1927.4325,-42.888747002230005,0.034606934,2.2777252,-0.027948379586119183,727,727,1.0,1.0
989,-44.20752,1929.7941,-42.94762749881351,0.0028381348,2.3615723,-0.05888049658350392,729,729,1.0,1.0
990,-44.272034,1932.5255,-42.97453573806386,-0.06451416,2.7314606,-0.026908239250343125,735,735,1.0,1.0
991,-44.27829,1935.3793,-43.00057204394262,-0.0062561035,2.853714,-0.026036305878761042,697,697,1.0,1.0
992,-44.35022,1938.4097,-43.01896126624433,-0.07192993,3.030426,-0.01838922230171194,734,734,1.0,1.0
993,-44.32669,1941.5916,-43.01018361314799,0.023529053,3.1819305,0.008777653096345822,720,720,1.0,1.0
994,-44.398743,1944.8967,-43.01594198872594,-0.072052,3.3051147,-0.005758375577954479,721,721,1.0,1.0
995,-44.41983,1948.2019,-42.999748378910105,-0.021087646,3.3051453,0.01619360981583727,737,737,1.0,1.0
996,-44.401825,1951.5497,-42.992433069371714,0.018005371,3.347824,0.007315309538389302,747,747,1.0,1.0
997,-44.39853,1954.8362,-42.97350816307661,0.0032958984,3.2865143,0.018924906295105518,752,752,1.0,1.0
998,-44.472076,1958.1013,-42.957648988231085,-0.07354736,3.2651367,0.015859174845521618,740,740,1.0,1.0
999,-44.485077,1961.2522,-42.95778782920095,-0.013000488,3.1508942,-0.00013884096986897546,747,747,1.0,1.0
1000,-44.501343,1964.4528,-42.91803404504519,-0.01626587,3.2005463,0.03975378415576654,732,732,1.0,1.0
1001,-44.551666,1967.5745,-42.90099030175655,-0.050323486,3.121643,0.017043743288639928,746,746,1.0,1.0
1002,-44.529175,1969.1036,-42.86541116914653,0.022491455,1.5291443,0.03557913261001821,748,748,1.0,1.0
1003,-44.551453,1972.1195,-42.85174930342436,-0.022277832,3.015915,0.013661865722170756,747,747,1.0,1.0
1004,-44.60013,1975.1173,-42.8190134427285,-0.048675537,2.9977875,0.0327358606958623,755,755,1.0,1.0
1005,-44.608063,1978.049,-42.81500626806335,-0.00793457,2.93161,0.00400717466514532,779,778,0.9987163029525032,1.0
1006,-44.661133,1980.9613,-42.77238832529741,-0.05307007,2.912384,0.04261794276593353,756,756,1.0,1.0
1007,-44.653778,1983.8059,-42.73759759518169,0.0073547363,2.8446198,0.03479073011572345,751,751,1.0,1.0
1008,-44.6781,1986.6453,-42.70195522724619,-0.02432251,2.839325,0.03564236793550526,753,753,1.0,1.0
1009,-44.740143,1989.4917,-42.662097238734574,-0.062042236,2.8464508,0.039857988511610896,746,746,1.0,1.0
1010,-44.75293,1992.2745,-42.63606655649967,-0.012786865,2.782837,0.02603068223490116,744,744,1.0,1.0
1011,-44.766693,1995.1129,-42.60834747526044,-0.013763428,2.8384094,0.027719081239232023,757,757,1.0,1.0
1012,-44.74951,1997.9185,-42.54376466023877,0.017181396,2.8055573,0.06458281502166553,765,765,1.0,1.0
1013,-44.77527,2000.7179,-42.494152203378334,-0.025756836,2.799469,0.049612456860440364,766,766,1.0,1.0
1014,-44.815643,2003.5117,-42.4656627924436,-0.040374756,2.7938232,0.028489410934733003,755,755,1.0,1.0
1015,-44.812164,2006.3491,-42.41870567958453,0.003479004,2.8374023,0.04695711285907672,764,764,1.0,1.0
1016,-44.792053,2009.1272,-42.353005760347315,0.020111084,2.778122,0.06569991923721134,771,771,1.0,1.0
1017,-44.80139,2011.9469,-42.30085858327903,-0.009338379,2.819687,0.052147177068283465,777,777,1.0,1.0
1018,-44.8721,2014.7146,-42.25996381934637,-0.07070923,2.767746,0.040894763932665876,756,756,1.0,1.0
1019,-44.867126,2017.4768,-42.17018857186485,0.0049743652,2.7622528,0.08977524748151713,744,744,1.0,1.0
1020,-44.87378,2020.266,-42.11237514851716,-0.006652832,2.7891388,0.057813423347687826,745,745,1.0,1.0
1021,-44.879395,2022.9539,-42.063887908265016,-0.0056152344,2.6878357,0.04848724025214163,725,725,1.0,1.0
1022,-44.931885,2025.7947,-42.00441443922315,-0.052490234,2.8408203,0.05947346904186908,721,721,1.0,1.0
1023,-44.987793,2028.5116,-41.96063939538466,-0.055908203,2.7168732,0.04377504383848937,723,723,1.0,1.0
1024,-45.003937,2031.2491,-41.89465350196089,-0.016143799,2.737564,0.06598589342376925,735,735,1.0,1.0
1025,-45.03711,2034.0234,-41.83005870820856,-0.033172607,2.7742767,0.06459479375232673,728,728,1.0,1.0
1026,-45.060944,2036.8187,-41.779971705423776,-0.023834229,2.7953033,0.05008700278478573,733,733,1.0,1.0
1027,-45.16974,2039.613,-41.73955880451945,-0.108795166,2.7943115,0.04041290090432589,738,738,1.0,1.0
1028,-45.141144,2042.396,-41.67983011122143,0.02859497,2.782959,0.05972869329801939,731,731,1.0,1.0
1029,-45.233154,2045.181,-41.64199780604295,-0.0920105,2.7850037,0.03783230517847625,733,733,1.0,1.0
1030,-45.198547,2048.0032,-41.568116315846304,0.034606934,2.822113,0.07388149019664622,747,747,1.0,1.0
1031,-45.236084,2050.7434,-41.51012571459744,-0.03753662,2.7402802,0.05799060124886284,725,725,1.0,1.0
1032,-45.27362,2053.546,-41.456503359819905,-0.03753662,2.802414,0.05362235477753692,716,716,1.0,1.0
1033,-45.306854,2056.2634,-41.40423819695787,-0.033233643,2.7175598,0.052265162862035995,735,735,1.0,1.0
1034,-45.30591,2059.07,-41.32029280800638,0.0009460449,2.8067322,0.08394538895149088,740,740,1.0,1.0
1035,-45.339386,2061.8735,-41.26129885372525,-0.033477783,2.803421,0.05899395428112935,735,735,1.0,1.0
1036,-45.362366,2064.66,-41.184512295229055,-0.022979736,2.7864838,0.07678655849619488,745,745,1.0,1.0
1037,-45.460175,2067.4468,-41.14920555832069,-0.09780884,2.7868958,0.035306736908364,762,762,1.0,1.0
1038,-45.479156,2070.2336,-41.09028380471542,-0.018981934,2.7868652,0.05892175360526791,760,760,1.0,1.0
1039,-45.518158,2072.9954,-41.05314004946708,-0.039001465,2.761734,0.03714375524833808,752,752,1.0,1.0
1040,-45.57794,2075.8,-40.991574382993235,-0.059783936,2.8047943,0.061565666473844025,740,740,1.0,1.0
1041,-45.598022,2078.5293,-40.936300558145135,-0.020080566,2.7291565,0.05527382484810146,756,756,1.0,1.0
1042,-45.600006,2081.3723,-40.87354604887517,-0.0019836426,2.8430328,0.06275450926996193,773,773,1.0,1.0
1043,-45.6073,2084.085,-40.81804478573878,-0.007293701,2.7126312,0.055501263136392164,767,767,1.0,1.0
1044,-45.629364,2086.8464,-40.75664713858685,-0.022064209,2.7614899,0.06139764715193042,758,758,1.0,1.0
1045,-45.68039,2089.558,-40.685343066745666,-0.05102539,2.711731,0.07130407184118262,755,755,1.0,1.0
1046,-45.73343,2092.3115,-40.640898181222994,-0.05303955,2.75354,0.04444488552267024,764,764,1.0,1.0
1047,-45.749054,2095.028,-40.591994501245686,-0.015625,2.7164764,0.048903679977308025,773,773,1.0,1.0
1048,-45.786926,2097.7493,-40.5350920566488,-0.037872314,2.721161,0.05690244459688676,770,770,1.0,1.0
1049,-45.85092,2100.4858,-40.48189000816237,-0.06399536,2.7364807,0.053202048486431036,761,761,1.0,1.0
1050,-45.86844,2103.1982,-40.42248827905912,-0.01751709,2.712387,0.059401729103249874,767,767,1.0,1.0
1051,-45.907196,2105.9006,-40.37462157707188,-0.038757324,2.7024689,0.04786670198723554,768,768,1.0,1.0
1052,-46.005035,2108.7114,-40.310278325883715,-0.097839355,2.810852,0.0643432511881663,784,784,1.0,1.0
1053,-46.044556,2111.3914,-40.25915548111624,-0.039520264,2.6800385,0.051122844767475584,796,796,1.0,1.0
1054,-46.099487,2114.0964,-40.21559958304112,-0.05493164,2.705124,0.043555898075117325,784,784,1.0,1.0
1055,-46.168915,2116.7996,-40.157664719828446,-0.06942749,2.7030792,0.05793486321267066,770,770,1.0,1.0
1056,-46.23163,2119.5596,-40.11473522127885,-0.06271362,2.760025,0.04292949854959513,793,793,1.0,1.0
1057,-46.257202,2122.2668,-40.055302109030364,-0.02557373,2.707199,0.05943311224848129,788,788,1.0,1.0
1058,-46.316467,2125.0496,-40.008351814501324,-0.059265137,2.7826843,0.046950294529043306,773,773,1.0,1.0
1059,-46.369385,2127.756,-39.952690706397235,-0.05291748,2.7064972,0.055661108104089425,786,786,1.0,1.0
1060,-46.45529,2130.49,-39.928273464007,-0.08590698,2.7339325,0.024417242390234777,770,770,1.0,1.0
1061,-46.522064,2133.212,-39.870578054688636,-0.06677246,2.7219543,0.05769540931836095,781,781,1.0,1.0
1062,-46.555817,2135.95,-39.81801995676041,-0.03375244,2.7380981,0.052558097928229006,769,769,1.0,1.0
1063,-46.620514,2138.6338,-39.78432558112918,-0.064697266,2.6837158,0.03369437563122936,772,772,1.0,1.0
1064,-46.60208,2141.3765,-39.73575118936381,0.018432617,2.7426605,0.048574391765372794,774,774,1.0,1.0
1065,-46.68286,2144.0374,-39.70833074059629,-0.08078003,2.660904,0.027420448767523167,769,769,1.0,1.0
1066,-46.67389,2146.7234,-39.63233259448697,0.008972168,2.6860352,0.07599814610932125,759,759,1.0,1.0
1067,-46.658417,2149.4595,-39.58647824339499,0.015472412,2.736084,0.04585435109197635,745,745,1.0,1.0
1068,-46.721313,2152.0532,-39.52138096771258,-0.06289673,2.5937347,0.06509727568241508,759,759,1.0,1.0
1069,-46.732178,2154.776,-39.461710793021595,-0.010864258,2.7225494,0.05967017469098553,757,757,1.0,1.0
1070,-46.75888,2157.4458,-39.39949455786521,-0.02670288,2.6700134,0.06221623515638565,770,770,1.0,1.0
1071,-46.747986,2160.0933,-39.354593163869836,0.010894775,2.6474,0.04490139399537422,774,774,1.0,1.0
1072,-46.758392,2162.7686,-39.2670354455209,-0.010406494,2.6753387,0.08755771834894123,764,764,1.0,1.0
1073,-46.822937,2165.4749,-39.221746874937686,-0.06454468,2.706314,0.045288570583206844,770,770,1.0,1.0
1074,-46.782196,2168.1243,-39.15324482548792,0.040740967,2.6494293,0.06850204944976673,783,783,1.0,1.0
1075,-46.852722,2170.8306,-39.117177412677115,-0.07052612,2.7063293,0.03606741281079822,788,788,1.0,1.0
1076,-46.912476,2173.5413,-39.071001801613946,-0.059753418,2.7107697,0.04617561106316972,776,776,1.0,1.0
1077,-46.953186,2176.246,-39.00343489341237,-0.04071045,2.7047424,0.06756690820158062,791,791,1.0,1.0
1078,-46.9823,2178.9883,-38.94963293855716,-0.02911377,2.7421265,0.05380195485520749,776,776,1.0,1.0
1079,-47.039642,2181.6987,-38.89751263823783,-0.05734253,2.7103424,0.05212030031933117,777,777,1.0,1.0
1080,-47.097534,2184.4382,-38.837890314435725,-0.057891846,2.7394104,0.0596223238021049,783,783,1.0,1.0
1081,-47.176605,2187.2239,-38.8040195262698,-0.079071045,2.7855988,0.03387078816592967,773,773,1.0,1.0
1082,-47.20819,2189.9707,-38.737726074067496,-0.031585693,2.7467194,0.06629345220230091,772,772,1.0,1.0
1083,-47.325714,2192.7012,-38.713328020858995,-0.11752319,2.7304535,0.024398053208501958,780,780,1.0,1.0
1084,-47.289,2195.5127,-38.62516957094422,0.036712646,2.8115997,0.08815844991477378,782,782,1.0,1.0
1085,-47.401917,2198.3247,-38.60399654363691,-0.11291504,2.8119354,0.021173027307310542,773,773,1.0,1.0
1086,-47.43158,2201.1565,-38.54645945066807,-0.029663086,2.831726,0.05753709296884326,771,771,1.0,1.0
1087,-47.50122,2203.828,-38.5108080341745,-0.06964111,2.6713715,0.03565141649356358,760,760,1.0,1.0
1088,-47.608093,2206.3958,-38.44494263937693,-0.10687256,2.56781,0.06586539479757282,764,764,1.0,1.0
1089,-47.693817,2208.873,-38.41366388237046,-0.08572388,2.477295,0.031278757006476685,791,791,1.0,1.0
1090,-47.769104,2211.3262,-38.37739266200026,-0.075286865,2.4531708,0.036271220370196144,781,781,1.0,1.0
1091,-47.814545,2213.6802,-38.33154030151383,-0.045440674,2.3540344,0.04585236048642519,768,768,1.0,1.0
1092,-47.91028,2215.837,-38.299201929066214,-0.09573364,2.156662,0.03233837244761695,763,763,1.0,1.0
1093,-47.9787,2217.8914,-38.29828860904275,-0.06842041,2.0544434,0.000913320023466175,758,758,1.0,1.0
1094,-48.03116,2219.7222,-38.29533136047769,-0.052459717,1.8308868,0.0029572485650614364,751,751,1.0,1.0
1095,-48.068024,2221.6204,-38.29188674679936,-0.036865234,1.8982544,0.003444613678325151,744,744,1.0,1.0
1096,-48.10785,2223.3599,-38.309126151380504,-0.03982544,1.7393799,-0.01723940458114226,759,759,1.0,1.0
1097,-48.208923,2224.9915,-38.339450430964085,-0.10107422,1.6315613,-0.030324279583581703,763,763,1.0,1.0
1098,-48.232086,2226.6858,-38.346065324464796,-0.023162842,1.6943054,-0.006614893500709488,771,771,1.0,1.0
1099,-48.206512,2228.2913,-38.32234147678308,0.02557373,1.6053772,0.02372384768171472,766,766,1.0,1.0
1100,-48.22458,2229.8665,-38.27966776083,-0.018066406,1.5752411,0.042673715953076806,777,777,1.0,1.0
1101,-48.201996,2231.4385,-38.290998482377006,0.022583008,1.5719299,-0.01133072154700319,765,765,1.0,1.0
1102,-48.209137,2233.0605,-38.26678547676791,-0.0071411133,1.6221313,0.024213005609096217,758,758,1.0,1.0
1103,-48.303345,2234.5635,-38.27631847184125,-0.09420776,1.5029907,-0.009532995073342706,763,763,1.0,1.0
1104,-48.315308,2236.1575,-38.2536228960387,-0.011962891,1.5939026,0.022695575802547763,745,745,1.0,1.0
1105,-48.367004,2237.5898,-38.23448224757744,-0.051696777,1.4324341,0.01914064846126264,760,760,1.0,1.0
1106,-48.407837,2239.0027,-38.2080705081176,-0.04083252,1.4129181,0.026411739459841575,761,761,1.0,1.0
1107,-48.443726,2240.4412,-38.18829789590243,-0.035888672,1.438446,0.019772612215169665,776,776,1.0,1.0
1108,-48.486206,2241.8994,-38.16922774450843,-0.04248047,1.458313,0.01907015139399483,773,773,1.0,1.0
1109,-48.552307,2243.333,-38.1699193076926,-0.066101074,1.4334869,-0.0006915631841672639,762,762,1.0,1.0
1110,-48.64203,2244.6619,-38.140402657124326,-0.08972168,1.3289337,0.0295166505682744,761,761,1.0,1.0
1111,-48.681976,2246.015,-38.11821987525671,-0.03994751,1.3529358,0.02218278186761598,756,756,1.0,1.0
1112,-48.710358,2247.2158,-38.12290761291509,-0.028381348,1.2009583,-0.004687737658377865,764,764,1.0,1.0
1113,-48.739807,2248.3994,-38.087441242082996,-0.029449463,1.1836853,0.035466370832093655,793,793,1.0,1.0
1114,-48.819763,2249.4402,-38.09172739442262,-0.079956055,1.0407867,-0.004286152339625791,789,789,1.0,1.0
1115,-48.827972,2250.317,-38.08922527029602,-0.0082092285,0.87680054,0.0025021241265989406,825,825,1.0,1.0
1116,-48.832855,2251.1628,-38.09132542906465,-0.0048828125,0.8459778,-0.0021001587686355324,809,809,1.0,1.0
1117,-48.896576,2251.8389,-38.11249742909866,-0.0637207,0.67596436,-0.021172000034005354,795,795,1.0,1.0
1118,-48.961334,2252.4302,-38.12242166422115,-0.0647583,0.59121704,-0.009924235122492929,776,776,1.0,1.0
1119,-48.96289,2252.8684,-38.14300446206379,-0.0015563965,0.4382019,-0.020582797842641366,782,782,1.0,1.0
1120,-48.990875,2253.2195,-38.195048417341695,-0.02798462,0.35099792,-0.05204395527790386,795,795,1.0,1.0
1121,-49.044434,2253.5464,-38.22462819093558,-0.05355835,0.3269348,-0.02957977359388945,809,809,1.0,1.0
1122,-48.990723,2253.7903,-38.222266895462205,0.053710938,0.24398804,0.0023612954733746726,816,816,1.0,1.0
1123,-48.954956,2254.0405,-38.20575500938824,0.0357666,0.25030518,0.0165118860739617,823,823,1.0,1.0
1124,-48.85086,2254.1536,-38.19652734985306,0.10409546,0.1129303,0.009227659535177749,846,846,1.0,1.0
1125,-48.796875,2254.1252,-38.201631588062575,0.053985596,-0.028213501,-0.005104238209512985,877,877,1.0,1.0
1126,-48.723602,2254.0688,-38.206870227304464,0.073272705,-0.05644226,-0.005238639241890659,859,859,1.0,1.0
1127,-48.662384,2253.987,-38.20850636671344,0.06121826,-0.08175659,-0.0016361394089810283,851,851,1.0,1.0
1128,-48.531097,2253.8848,-38.1687857049906,0.13128662,-0.10235596,0.039720661722843977,838,838,1.0,1.0
1129,-48.436707,2253.7292,-38.151209718950206,0.09439087,-0.15562439,0.017575986040389534,832,832,1.0,1.0
1130,-48.226135,2253.589,-38.171510931406424,0.21057129,-0.14021301,-0.020301212456216577,812,812,1.0,1.0
1131,-47.60077,2253.8188,-41.07245751595411,0.6253662,0.22961426,-2.9009465845476865,725,725,1.0,1.0
1132,-47.649994,2254.2927,-45.30309507154021,-0.049224854,0.4738922,-4.230637555586097,727,727,1.0,1.0
1133,-47.9946,2254.6975,-48.43158976096278,-0.3446045,0.4048767,-3.1284946894225696,731,731,1.0,1.0
1134,-48.245514,2255.1052,-50.464164272186,-0.25091553,0.40763855,-2.0325745112232205,739,739,1.0,1.0
1135,-48.44925,2255.418,-51.879519385013744,-0.20373535,0.3128662,-1.4153551128277495,745,745,1.0,1.0
1136,-48.57065,2255.7466,-53.02401749066248,-0.121398926,0.32859802,-1.144498105648739,756,756,1.0,1.0
1137,-48.70636,2256.1753,-53.991544926398475,-0.13571167,0.42871094,-0.9675274357359985,774,774,1.0,1.0
1138,-48.79843,2256.6592,-54.79798145577826,-0.09207153,0.48391724,-0.8064365293797866,755,755,1.0,1.0
1139,-48.86252,2257.1008,-55.420588690555114,-0.064086914,0.44172668,-0.6226072347768491,758,758,1.0,1.0
1140,-49.02707,2257.5605,-55.93535162615339,-0.16455078,0.45977783,-0.5147629355982782,758,758,1.0,1.0
1141,-49.130127,2257.9734,-56.342651092834046,-0.10305786,0.41282654,-0.40729946668065586,779,779,1.0,1.0
1142,-49.165466,2258.5469,-56.62456901345196,-0.035339355,0.5734558,-0.2819179206179118,771,771,1.0,1.0
1143,-49.24527,2259.2,-56.859356676658244,-0.07980347,0.6531372,-0.2347876632062813,786,786,1.0,1.0
1144,-49.213715,2259.8801,-57.06691233519422,0.031555176,0.6801758,-0.20755565853597532,768,768,1.0,1.0
1145,-49.24826,2260.5903,-57.22633781362013,-0.0345459,0.7102051,-0.15942547842590624,758,758,1.0,1.0
1146,-49.262756,2261.489,-57.35376452112738,-0.01449585,0.8985901,-0.1274267075072579,762,762,1.0,1.0
1147,-49.200287,2262.3645,-57.47985564344822,0.062469482,0.8755646,-0.1260911223208369,755,755,1.0,1.0
1148,-49.194885,2263.45,-57.55626174414075,0.0054016113,1.0855408,-0.07640610069253377,757,757,1.0,1.0
1149,-49.21982,2264.659,-57.635870931115846,-0.024932861,1.2090302,-0.07960918697510116,765,765,1.0,1.0
1150,-49.23758,2266.1233,-57.70426393647246,-0.01776123,1.464325,-0.06839300535661293,759,759,1.0,1.0
1151,-49.230713,2267.7617,-57.75783910888872,0.006866455,1.638504,-0.05357517241625922,774,774,1.0,1.0
1152,-49.257294,2269.505,-57.803892452679925,-0.02658081,1.7432709,-0.04605334379120959,778,778,1.0,1.0
1153,-49.26291,2271.5098,-57.844474577051955,-0.0056152344,2.0049744,-0.04058212437203115,800,800,1.0,1.0
1154,-49.307922,2273.6123,-57.875823709299766,-0.045013428,2.1025543,-0.03134913224780872,804,804,1.0,1.0
1155,-49.28827,2275.997,-57.91216484176965,0.01965332,2.3848724,-0.036341132469887606,777,777,1.0,1.0
1156,-49.30432,2278.5479,-57.89968344645248,-0.016052246,2.5508118,0.012481395317172904,775,775,1.0,1.0
1157,-49.321564,2281.309,-57.94210086118606,-0.017242432,2.7613373,-0.04241741473358254,799,799,1.0,1.0
1158,-49.309845,2284.212,-57.930127866178914,0.01171875,2.9027863,0.011972995007148931,815,815,1.0,1.0
1159,-49.31848,2287.2852,-57.92445035493524,-0.008636475,3.073288,0.005677511243673935,799,799,1.0,1.0
1160,-49.42337,2290.3047,-57.922033167288866,-0.104888916,3.019516,0.0024171876463754977,802,802,1.0,1.0
1161,-49.51123,2293.3704,-57.93396669466104,-0.08786011,3.0655975,-0.011933527372173253,807,807,1.0,1.0
1162,-49.5524,2296.5337,-57.957984321282716,-0.041168213,3.1634064,-0.02401762662167717,800,800,1.0,1.0
1163,-49.58606,2299.6704,-57.94733215837087,-0.03366089,3.1368256,0.010652162911844305,811,811,1.0,1.0
1164,-49.709564,2302.715,-57.95766140572663,-0.12350464,3.0446167,-0.010329247355762374,809,809,1.0,1.0
1165,-49.720947,2305.8108,-57.91372652949619,-0.011383057,3.0957642,0.043934876230443176,797,797,1.0,1.0
1166,-49.790283,2308.872,-57.881953240521604,-0.06933594,3.061264,0.03177328897458656,797,797,1.0,1.0
1167,-49.83841,2311.902,-57.87023577118181,-0.04812622,3.030075,0.01171746933979626,802,802,1.0,1.0
1168,-49.93457,2314.734,-57.83144345415354,-0.09616089,2.8317413,0.03879231702826436,811,811,1.0,1.0
1169,-49.959686,2317.6233,-57.83037516959361,-0.025115967,2.8893738,0.0010682845599352332,816,816,1.0,1.0
1170,-50.068085,2320.4194,-57.81603171835364,-0.10839844,2.7962189,0.014343451239964361,817,817,1.0,1.0
1171,-50.058228,2323.2034,-57.78559995350702,0.009857178,2.783966,0.03043176484662714,801,801,1.0,1.0
1172,-50.14334,2325.967,-57.77791906485234,-0.085113525,2.763626,0.0076808886546773265,803,803,1.0,1.0
1173,-50.168488,2328.7087,-57.75799308182627,-0.025146484,2.7415924,0.019925983026069183,799,799,1.0,1.0
1174,-50.229218,2331.2966,-57.76174332242771,-0.06072998,2.587799,-0.0037502406014413778,788,788,1.0,1.0
1175,-50.249603,2333.9714,-57.73356644254333,-0.020385742,2.6748047,0.028176879884384318,801,801,1.0,1.0
1176,-50.286713,2336.687,-57.71346256964815,-0.037109375,2.7155762,0.020103872895175175,812,812,1.0,1.0
1177,-50.293488,2339.3945,-57.683418524081006,-0.0067749023,2.7074127,0.030044045567148354,814,814,1.0,1.0
1178,-50.33557,2342.078,-57.6543198489795,-0.04208374,2.6832428,0.029098675101505444,795,795,1.0,1.0
1179,-50.340942,2344.805,-57.65710515515172,-0.0053710938,2.727066,-0.0027853061722195793,814,814,1.0,1.0
1180,-50.36075,2347.5247,-57.59799458428858,-0.019805908,2.7198334,0.05911057086314036,812,812,1.0,1.0
1181,-50.37497,2350.2,-57.55945093543151,-0.014221191,2.6752777,0.0385436488570695,802,802,1.0,1.0
1182,-50.423462,2352.923,-57.52373870111508,-0.04849243,2.723053,0.03571223431642536,805,805,1.0,1.0
1183,-50.50119,2355.57,-57.506092248449825,-0.07772827,2.6470337,0.017646452665251913,786,786,1.0,1.0
1184,-50.5755,2358.2812,-57.48182496597826,-0.0743103,2.7112274,0.024267282471565562,774,774,1.0,1.0
1185,-50.5885,2361.0605,-57.409859114074244,-0.013000488,2.7793427,0.07196585190402133,779,779,1.0,1.0
1186,-50.693268,2363.731,-57.38506350489453,-0.104766846,2.670395,0.024795609179712488,786,786,1.0,1.0
1187,-50.73886,2366.2585,-57.36587649182589,-0.04559326,2.5275574,0.01918701306864384,809,809,1.0,1.0
1188,-50.854553,2368.9385,-57.33502606266184,-0.11569214,2.6798096,0.030850429164045175,818,818,1.0,1.0
1189,-50.982513,2371.6492,-57.30628181072156,-0.1279602,2.7107086,0.02874425194027842,820,820,1.0,1.0
1190,-51.077057,2374.303,-57.28883719745383,-0.09454346,2.6537018,0.017444613267726873,812,812,1.0,1.0
1191,-51.11084,2377.0566,-57.24318841051034,-0.03378296,2.7535553,0.045648786943487014,798,798,1.0,1.0
1192,-51.209747,2379.7888,-57.23035128975713,-0.09890747,2.732254,0.01283712075321096,781,781,1.0,1.0
1193,-51.253235,2382.456,-57.19562566079916,-0.04348755,2.667282,0.034725628957973265,785,785,1.0,1.0
1194,-51.33606,2385.1238,-57.192012942257115,-0.08282471,2.6678162,0.0036127185420467096,780,780,1.0,1.0
1195,-51.367706,2387.794,-57.160005378811725,-0.03164673,2.670288,0.03200756344538707,773,773,1.0,1.0
1196,-51.445892,2390.5483,-57.13170162055183,-0.078186035,2.7543945,0.028303758259894615,780,780,1.0,1.0
1197,-51.48285,2393.194,-57.11090883766509,-0.036956787,2.6457672,0.02079278288673418,781,781,1.0,1.0
1198,-51.54135,2395.8633,-57.078006899387084,-0.058502197,2.6692963,0.03290193827801038,782,782,1.0,1.0
1199,-51.594543,2398.4458,-57.059431000078085,-0.05319214,2.5824585,0.01857589930899655,770,770,1.0,1.0
1200,-51.610565,2401.209,-57.01947036361044,-0.016021729,2.7632294,0.03996063646765018,799,799,1.0,1.0
1201,-51.681183,2403.795,-56.999097842253406,-0.070617676,2.585846,0.020372521357033956,796,796,1.0,1.0
1202,-51.694366,2406.5137,-56.96125406525309,-0.013183594,2.7187805,0.03784377700031974,793,793,1.0,1.0
1203,-51.799774,2409.1873,-56.93962763801558,-0.105407715,2.6734924,0.021626427237510272,794,794,1.0,1.0
1204,-51.844147,2411.9282,-56.90525047799492,-0.04437256,2.7409058,0.03437716002066073,789,789,1.0,1.0
1205,-51.88672,2414.6396,-56.8789194724298,-0.04257202,2.7113495,0.026331005565115927,801,801,1.0,1.0
1206,-51.909546,2417.2957,-56.8594345401221,-0.022827148,2.6560974,0.019484932307694644,801,801,1.0,1.0
1207,-52.01831,2419.98,-56.854830301163794,-0.10876465,2.6842957,0.004604238958308876,790,790,1.0,1.0
1208,-52.025543,2422.7048,-56.84522581917699,-0.007232666,2.7247925,0.009604481986806874,797,797,1.0,1.0
1209,-52.07831,2425.3982,-56.8219474227548,-0.052764893,2.6933746,0.023278396422188406,807,807,1.0,1.0
1210,-52.164062,2428.1177,-56.8233940206101,-0.085754395,2.7194214,-0.0014465978553017175,803,803,1.0,1.0
1211,-52.233093,2430.8303,-56.78577989574048,-0.06903076,2.712555,0.037614124869617536,788,788,1.0,1.0
1212,-52.28296,2433.477,-56.78331111120416,-0.049865723,2.6468506,0.002468784536321106,818,818,1.0,1.0
1213,-52.33728,2436.1558,-56.77570254940708,-0.05432129,2.6788177,0.0076085617970835335,819,819,1.0,1.0
1214,-52.37213,2438.7954,-56.74879026089902,-0.034851074,2.6395416,0.02691228850806098,820,820,1.0,1.0
1215,-52.45282,2441.4863,-56.73091312307978,-0.08068848,2.6910095,0.0178771378192403,819,819,1.0,1.0
1216,-52.525177,2444.126,-56.73996309336968,-0.07235718,2.6397095,-0.009049970289903968,818,818,1.0,1.0
1217,-52.588715,2446.8118,-56.71478786776976,-0.0635376,2.6858978,0.025175225599924134,807,807,1.0,1.0
1218,-52.683075,2449.469,-56.7236216497337,-0.09436035,2.6571503,-0.008833781963944099,805,805,1.0,1.0
1219,-52.750275,2452.115,-56.72473341782983,-0.06719971,2.6460724,-0.001111768096127922,807,807,1.0,1.0
1220,-52.78543,2454.8276,-56.696334208649645,-0.03515625,2.7125397,0.02839920918018584,793,793,1.0,1.0
1221,-52.82428,2457.5137,-56.68262383984881,-0.038848877,2.6859283,0.013710368800838747,796,796,1.0,1.0
1222,-52.89392,2460.18,-56.67554030467095,-0.06964111,2.6663055,0.007083535177855775,806,806,1.0,1.0
1223,-52.97882,2462.8208,-56.66683178565288,-0.0848999,2.6409302,0.008708519018071407,797,797,1.0,1.0
1224,-53.03354,2465.5002,-56.65850513363768,-0.054718018,2.6793976,0.008326652015196093,797,797,1.0,1.0
1225,-53.095764,2468.256,-56.64566234290153,-0.06222534,2.7559357,0.012842790736153825,798,798,1.0,1.0
1226,-53.135284,2471.0208,-56.62150459125203,-0.039520264,2.7645416,0.024157751649507512,795,795,1.0,1.0
1227,-53.18643,2473.7166,-56.596519148767435,-0.05114746,2.695816,0.024985442484592026,796,796,1.0,1.0
1228,-53.18689,2476.4087,-56.598765871759554,-0.00045776367,2.6920776,-0.002246722992120955,821,821,1.0,1.0
1229,-53.242218,2479.076,-56.563309250479776,-0.05532837,2.6671906,0.03545662127977752,809,809,1.0,1.0
1230,-53.237946,2481.751,-56.536585164592886,0.004272461,2.6751251,0.026724085886889994,822,822,1.0,1.0
1231,-53.33008,2484.4148,-56.539308251177886,-0.09213257,2.6637878,-0.0027230865850022355,819,819,1.0,1.0
1232,-53.337585,2487.1663,-56.542607780433876,-0.007507324,2.7515717,-0.0032995292559904344,810,810,1.0,1.0
1233,-53.431183,2489.8242,-56.53518443146411,-0.09359741,2.6580353,0.007423348969769577,802,802,1.0,1.0
1234,-53.474213,2492.5688,-56.50377871195821,-0.043029785,2.7446442,0.03140571950589714,799,799,1.0,1.0
1235,-53.587677,2495.2827,-56.4970979012512,-0.113464355,2.713852,0.00668081070700964,796,796,1.0,1.0
1236,-53.609985,2498.0325,-56.501611646166054,-0.02230835,2.7498474,-0.004513744914849137,804,804,1.0,1.0
1237,-53.677185,2500.8,-56.48574958278817,-0.06719971,2.7674866,0.01586206337788256,782,782,1.0,1.0
1238,-53.714294,2503.4866,-56.51371910064054,-0.037109375,2.686615,-0.027969517852370653,778,778,1.0,1.0
1239,-53.792633,2506.2178,-56.513667653442326,-0.07833862,2.731247,5.144719821744893e-05,799,799,1.0,1.0
1240,-53.881195,2508.8816,-56.52023771525598,-0.08856201,2.663803,-0.00657006181365698,795,795,1.0,1.0
1241,-53.965576,2511.5645,-56.533784784733285,-0.0843811,2.6828918,-0.01354706947730129,783,783,1.0,1.0
1242,-54.057526,2514.2104,-56.53791122516995,-0.09194946,2.646103,-0.0041264404366660665,789,789,1.0,1.0
1243,-54.095093,2517.0112,-56.5341093235691,-0.03756714,2.8006592,0.0038019016008512783,801,801,1.0,1.0
1244,-54.210938,2519.621,-56.526376975507965,-0.11584473,2.6099548,0.007732348061136109,806,806,1.0,1.0
1245,-54.32779,2522.359,-56.52013026310093,-0.11685181,2.7377167,0.006246712407031175,799,799,1.0,1.0
1246,-54.372223,2525.2,-56.49938788298088,-0.044433594,2.841034,0.020742380120050228,806,806,1.0,1.0
1247,-54.456146,2527.9912,-56.50812401021704,-0.08392334,2.7911682,-0.008736127236153707,784,784,1.0,1.0
1248,-54.519257,2530.7712,-56.52942596081762,-0.06311035,2.780136,-0.021301950600582688,783,783,1.0,1.0
1249,-54.58661,2533.3467,-56.535830760436916,-0.067352295,2.5753174,-0.00640479961929477,791,791,1.0,1.0
1250,-54.663788,2535.929,-56.550940266593294,-0.077178955,2.5822296,-0.015109506156377508,792,792,1.0,1.0
1251,-54.71588,2538.2134,-56.572580884913805,-0.052093506,2.2843628,-0.021640618320509772,812,812,1.0,1.0
1252,-54.768433,2540.4717,-56.59755119800918,-0.05255127,2.258377,-0.024970313095374837,796,796,1.0,1.0
1253,-54.838104,2542.598,-56.60244135922429,-0.06967163,2.1262817,-0.004890161215110784,803,803,1.0,1.0
1254,-54.875,2544.655,-56.65451539781792,-0.036895752,2.0572357,-0.05207403859363101,809,809,1.0,1.0
1255,-54.921722,2546.6196,-56.69261179518706,-0.046722412,1.9645844,-0.03809639736914811,807,807,1.0,1.0
1256,-54.951508,2548.4456,-56.70697878564456,-0.029785156,1.8259125,-0.014366990457496044,810,810,1.0,1.0
1257,-55.03369,2550.2466,-56.73683337614492,-0.08218384,1.8011017,-0.029854590500362654,803,803,1.0,1.0
1258,-55.027466,2552.0144,-56.73849763005234,0.006225586,1.7677307,-0.0016642539074199982,778,778,1.0,1.0
1259,-55.095062,2553.689,-56.77368499231865,-0.067596436,1.6746521,-0.03518736226630744,769,769,1.0,1.0
1260,-55.097565,2555.4028,-56.828271541344144,-0.0025024414,1.7139587,-0.05458654902549308,770,770,1.0,1.0
1261,-55.075745,2556.9875,-56.87002030186263,0.021820068,1.5847168,-0.041748760518489386,775,775,1.0,1.0
1262,-55.07141,2558.5874,-56.86187797861958,0.004333496,1.5998077,0.008142323243050944,773,773,1.0,1.0
1263,-55.088715,2560.1572,-56.89418571400741,-0.017303467,1.5699463,-0.032307735387832465,772,772,1.0,1.0
1264,-55.10721,2561.7046,-56.913378199093984,-0.018493652,1.5474243,-0.01919248508657206,751,751,1.0,1.0
1265,-55.149292,2563.2173,-56.93839032442756,-0.04208374,1.5128174,-0.025012125333577558,770,770,1.0,1.0
1266,-55.11621,2564.7969,-56.9533291754052,0.033081055,1.5796051,-0.014938850977644356,774,774,1.0,1.0
1267,-55.080566,2566.3372,-56.949329395642245,0.03564453,1.5402374,0.003999779762959535,778,778,1.0,1.0
1268,-55.083374,2567.8745,-56.97343352128008,-0.0028076172,1.5373993,-0.024104125637834393,783,783,1.0,1.0
1269,-55.081177,2569.35,-57.01288998132657,0.0021972656,1.4756622,-0.03945646004649357,793,793,1.0,1.0
1270,-55.029327,2570.8147,-57.031381438334044,0.051849365,1.4645996,-0.018491457007472855,792,792,1.0,1.0
1271,-55.029083,2572.3137,-57.035014423055294,0.00024414062,1.4991302,-0.0036329847212479183,778,778,1.0,1.0
1272,-55.005554,2573.7334,-57.07403262320204,0.023529053,1.4197388,-0.03901820014674548,775,775,1.0,1.0
1273,-54.99353,2575.1104,-57.10172833012431,0.012023926,1.3770294,-0.027695706922275458,775,775,1.0,1.0
1274,-54.91098,2576.317,-57.09613363626243,0.08255005,1.2064667,0.005594693861879461,781,781,1.0,1.0
1275,-54.900635,2577.4768,-57.10108677999915,0.010345459,1.1598206,-0.0049531437367209925,795,795,1.0,1.0
1276,-54.920135,2578.4343,-57.12241168673173,-0.019500732,0.9576111,-0.0213249067325818,786,786,1.0,1.0
1277,-54.934967,2579.3606,-57.100118772047416,-0.014831543,0.9262543,0.022292914684313332,773,773,1.0,1.0
1278,-54.930176,2580.0547,-57.12349262879084,0.0047912598,0.6941376,-0.023373856743427426,768,768,1.0,1.0
1279,-54.85797,2580.8115,-57.079830435943514,0.07220459,0.7567749,0.04366219284733139,765,765,1.0,1.0
1280,-54.8898,2581.194,-57.08927310122641,-0.031829834,0.38246155,-0.009442665282897262,789,789,1.0,1.0
1281,-54.935608,2581.5283,-57.09109832644089,-0.045806885,0.33413696,-0.001825225214480419,819,819,1.0,1.0
1282,-55.0119,2581.9338,-57.090060544810605,-0.076293945,0.40560913,0.0010377816302875337,797,797,1.0,1.0
1283,-54.981354,2582.3054,-57.08645274122851,0.030548096,0.37153625,0.0036078035820887202,785,785,1.0,1.0
1284,-55.000305,2582.4956,-57.07938866294489,-0.018951416,0.19023132,0.007064078283618217,821,821,1.0,1.0
1285,-55.02066,2582.5852,-57.07595013422495,-0.020355225,0.089538574,0.0034385287199470015,871,871,1.0,1.0
1286,-55.101562,2582.5354,-57.09016722911163,-0.0809021,-0.049697876,-0.014217094886678754,869,869,1.0,1.0
1287,-55.125214,2582.4517,-57.08898157204665,-0.023651123,-0.08364868,0.0011856570649794985,842,842,1.0,1.0
1288,-55.101685,2582.2825,-57.07219045555422,0.023529053,-0.16918945,0.016791116492431195,823,823,1.0,1.0
1289,-55.11615,2582.1199,-57.07721219151431,-0.014465332,-0.16249084,-0.005021735960095449,824,824,1.0,1.0
1290,-55.162445,2581.9304,-57.08692444782814,-0.046295166,-0.18934631,-0.009712256313822713,840,840,1.0,1.0
1291,-55.148773,2581.794,-57.09343073803853,0.013671875,-0.13656616,-0.006506290210387203,823,823,1.0,1.0
1292,-54.57077,2581.6042,-58.479611532699714,0.5780029,-0.189682,-1.386180794661187,737,737,1.0,1.0
1293,-54.519104,2582.1826,-64.45540166224983,0.05166626,0.57839966,-5.975790129550119,699,699,1.0,1.0
1294,-54.510284,2582.9963,-71.14319911562522,0.00881958,0.813797,-6.6877974533753966,735,735,1.0,1.0
1295,-54.592773,2584.04,-77.84943468886529,-0.08248901,1.0436707,-6.706235573240059,726,726,1.0,1.0
1296,-54.74817,2585.0737,-83.99271590508633,-0.15539551,1.0337524,-6.143281216221046,743,743,1.0,1.0
1297,-54.87744,2585.9583,-88.99092517907914,-0.12927246,0.88446045,-4.998209273992811,748,748,1.0,1.0
1298,-55.025055,2586.6687,-92.4891212723357,-0.14761353,0.71051025,-3.49819609325656,769,769,1.0,1.0
1299,-54.993683,2587.1309,-94.83775860571112,0.03137207,0.4620514,-2.3486373333754176,771,771,1.0,1.0
1300,-54.87726,2587.5747,-96.56204840087237,0.11642456,0.44380188,-1.724289795161251,800,800,1.0,1.0
1301,-54.78122,2587.9512,-97.99810404745983,0.09603882,0.3763733,-1.4360556465874554,791,791,1.0,1.0
1302,-54.607758,2588.2964,-99.1081854393171,0.17346191,0.3451538,-1.1100813918572616,790,790,1.0,1.0
1303,-54.422333,2588.7556,-99.97557997354843,0.1854248,0.45921326,-0.8673945342313407,802,802,1.0,1.0
1304,-54.233185,2589.26,-100.6789734468076,0.18914795,0.504303,-0.7033934732591638,798,798,1.0,1.0
1305,-54.100616,2589.8203,-101.23992933550696,0.13256836,0.5603943,-0.5609558886993599,815,815,1.0,1.0
1306,-54.037994,2590.4712,-101.71364972848733,0.06262207,0.6508789,-0.4737203929803624,814,814,1.0,1.0
1307,-53.921173,2591.1826,-102.0658489003737,0.11682129,0.71144104,-0.3521991718863618,804,804,1.0,1.0
1308,-53.861206,2591.9846,-102.37903966718874,0.05996704,0.80200195,-0.3131907668150469,799,799,1.0,1.0
1309,-53.740295,2592.9631,-102.636526337666,0.120910645,0.9784546,-0.25748667047726587,808,808,1.0,1.0
1310,-53.713623,2594.2273,-102.81361574381941,0.026672363,1.2641907,-0.17708940615341984,802,802,1.0,1.0
1311,-53.767975,2595.7043,-103.00255214585277,-0.054351807,1.477005,-0.1889364020333627,798,798,1.0,1.0
1312,-53.812744,2597.357,-103.1622168510394,-0.044769287,1.6526337,-0.1596647051866343,830,830,1.0,1.0
1313,-53.888916,2599.1863,-103.24365220005755,-0.076171875,1.8292542,-0.08143534901814434,815,815,1.0,1.0
1314,-53.89505,2601.2102,-103.3191791753838,-0.006134033,2.02388,-0.0755269753262343,822,822,1.0,1.0
1315,-53.977753,2603.3472,-103.41440133070824,-0.08270264,2.1368713,-0.09522215532445245,824,824,1.0,1.0
1316,-53.987457,2605.728,-103.46803472610806,-0.00970459,2.380951,-0.0536333953998198,822,822,1.0,1.0
1317,-54.021393,2608.2803,-103.54598071634301,-0.033935547,2.552246,-0.0779459902349448,809,809,1.0,1.0
1318,-53.988922,2611.067,-103.58767733189646,0.032470703,2.78656,-0.04169661555344521,823,823,1.0,1.0
1319,-53.95523,2614.0715,-103.61371406517414,0.033691406,3.0046692,-0.026036733277680663,817,817,1.0,1.0
1320,-53.931274,2617.2324,-103.64057239433451,0.023956299,3.160797,-0.026858329160369024,806,806,1.0,1.0
1321,-53.876404,2620.512,-103.66007143404622,0.054870605,3.2794647,-0.019499039711700302,778,778,1.0,1.0
1322,-53.903534,2623.7407,-103.71128284049426,-0.027130127,3.228714,-0.05121140644804407,781,781,1.0,1.0
1323,-53.901184,2627.003,-103.72640825760458,0.0023498535,3.2623138,-0.015125417110309836,780,780,1.0,1.0
1324,-53.911926,2630.315,-103.74006853056191,-0.0107421875,3.3120575,-0.013660272957338017,787,787,1.0,1.0
1325,-53.896423,2633.5735,-103.75701788591161,0.01550293,3.2585144,-0.016949355349701503,798,798,1.0,1.0
1326,-53.97763,2636.7737,-103.74844703071994,-0.081207275,3.2002716,0.008570855191662907,765,765,1.0,1.0
1327,-54.00302,2639.921,-103.74256845435391,-0.025390625,3.1471863,0.005878576366034536,768,768,1.0,1.0
1328,-54.070496,2643.0227,-103.75477570859543,-0.067474365,3.1018372,-0.01220725424152091,758,758,1.0,1.0
1329,-54.215424,2646.089,-103.76383207393843,-0.14492798,3.0664978,-0.009056365342998298,733,733,1.0,1.0
1330,-54.25348,2649.1355,-103.77509907891982,-0.03805542,3.046402,-0.011267004981386686,761,761,1.0,1.0
1331,-54.270233,2652.1338,-103.75221565345204,-0.01675415,2.99823,0.022883425467783935,753,753,1.0,1.0
1332,-54.303375,2655.0935,-103.76604173256966,-0.03314209,2.9596405,-0.013826079117621872,743,743,1.0,1.0
1333,-54.290314,2657.9373,-103.759690924,0.013061523,2.8438416,0.006350808569665576,730,730,1.0,1.0
1334,-54.29236,2660.7893,-103.75952837911878,-0.0020446777,2.8521423,0.0001625448812190321,727,727,1.0,1.0
1335,-54.26599,2663.5637,-103.7634517709127,0.026367188,2.7744598,-0.0039233917939203635,721,721,1.0,1.0
1336,-54.232452,2666.2427,-103.72985373920928,0.03353882,2.6789093,0.03359803170342012,710,710,1.0,1.0
1337,-54.199677,2668.852,-103.73469451929657,0.03277588,2.609253,-0.004840780087289416,736,736,1.0,1.0
1338,-54.216736,2671.4956,-103.7419629752299,-0.017059326,2.6435394,-0.007268455933321587,719,719,1.0,1.0
1339,-54.228394,2674.167,-103.73840977250934,-0.011657715,2.671402,0.0035532027205589785,719,719,1.0,1.0
1340,-54.21747,2676.8499,-103.7332614324745,0.010925293,2.682907,0.005148340034831094,727,727,1.0,1.0
1341,-54.321136,2679.5454,-103.76797446486486,-0.10366821,2.6955261,-0.03471303239035654,731,731,1.0,1.0
1342,-54.33252,2682.3018,-103.77247921562895,-0.011383057,2.7563782,-0.0045047507640829,710,710,1.0,1.0
1343,-54.298065,2685.0977,-103.78595043952254,0.034454346,2.7960205,-0.013471223893588805,710,710,1.0,1.0
1344,-54.303375,2687.8433,-103.772774140168,-0.0053100586,2.7456512,0.01317629935454687,698,698,1.0,1.0
1345,-54.362366,2690.5503,-103.81383972273669,-0.05899048,2.707016,-0.041065582568694796,688,688,1.0,1.0
1346,-54.33185,2693.3247,-103.80388230374862,0.030517578,2.7743378,0.009957418988067545,686,686,1.0,1.0
1347,-54.37796,2696.0308,-103.81584655502516,-0.04611206,2.706009,-0.011964251276537144,684,684,1.0,1.0
1348,-54.40622,2698.7803,-103.82215734709953,-0.028259277,2.7495728,-0.006310792074374884,684,684,1.0,1.0
1349,-54.407104,2701.5203,-103.82177050702848,-0.00088500977,2.740097,0.0003868400710584442,681,681,1.0,1.0
1350,-54.446075,2704.2444,-103.85577912627747,-0.038970947,2.724228,-0.03400861924899547,665,665,1.0,1.0
1351,-54.461304,2707.066,-103.84440924245106,-0.0152282715,2.8215942,0.011369883826401687,665,665,1.0,1.0
1352,-54.447998,2709.8997,-103.79608245079444,0.013305664,2.833664,0.048326791656623645,665,665,1.0,1.0
1353,-54.461975,2712.7012,-103.82129499117275,-0.013977051,2.8014832,-0.025212540378303748,651,651,1.0,1.0
1354,-54.524994,2715.4624,-103.84788090042034,-0.0630188,2.761139,-0.026585909247592385,645,645,1.0,1.0
1355,-54.56073,2718.2344,-103.87699249669495,-0.035736084,2.7718506,-0.02911159627461127,628,628,1.0,1.0
1356,-54.597717,2721.0151,-103.88213427736245,-0.036987305,2.7807465,-0.005141780667494078,638,638,1.0,1.0
1357,-54.625305,2723.807,-103.89989952254038,-0.02758789,2.7918396,-0.017765245177927033,638,638,1.0,1.0
1358,-54.592438,2726.5645,-103.90292762623984,0.03286743,2.75766,-0.003028103699460509,618,618,1.0,1.0
1359,-54.627075,2729.3347,-103.9234436218891,-0.03463745,2.7702332,-0.020515995649256484,616,616,1.0,1.0
1360,-54.596375,2732.0725,-103.91315783350555,0.030700684,2.737732,0.01028578838355865,636,636,1.0,1.0
1361,-54.55722,2734.8606,-103.8954102871471,0.039154053,2.788086,0.01774754635845638,631,631,1.0,1.0
1362,-54.583557,2737.5159,-103.9030305525373,-0.02633667,2.6552277,-0.00762026539020089,625,625,1.0,1.0
1363,-54.60034,2740.2305,-103.92055919431903,-0.016784668,2.7144928,-0.017528641781717532,626,626,1.0,1.0
1364,-54.62198,2743.04,-103.90105779587815,-0.021636963,2.8095398,0.019501398440883524,616,616,1.0,1.0
1365,-54.57788,2745.7837,-103.89073757152829,0.0440979,2.7437286,0.01032022434984886,634,634,1.0,1.0
1366,-54.559357,2748.556,-103.90569762659645,0.01852417,2.772171,-0.014960055068151668,629,629,1.0,1.0
1367,-54.60565,2751.2742,-103.91523979636584,-0.046295166,2.7182922,-0.009542169769388157,620,620,1.0,1.0
1368,-54.58423,2754.1133,-103.90031758398918,0.02142334,2.8392181,0.014922212376665286,620,620,1.0,1.0
1369,-54.616486,2756.8022,-103.89317616132769,-0.03225708,2.6889496,0.007141422661491326,626,626,1.0,1.0
1370,-54.585052,2759.5803,-103.88978565895577,0.031433105,2.778183,0.0033905023719110125,617,617,1.0,1.0
1371,-54.582947,2762.3066,-103.90134932161916,0.002105713,2.726303,-0.011563662663388853,616,616,1.0,1.0
1372,-54.643158,2765.0647,-103.89372034260994,-0.06021118,2.7580109,0.007628979009229608,596,596,1.0,1.0
1373,-54.56006,2767.8005,-103.89209166473408,0.083099365,2.7358093,0.0016286778758568413,598,598,1.0,1.0
1374,-54.587555,2770.4775,-103.91470787340914,-0.027496338,2.676941,-0.022616208675059188,589,589,1.0,1.0
1375,-54.62323,2773.1519,-103.94270331042995,-0.03567505,2.6742706,-0.02799543702080599,596,596,1.0,1.0
1376,-54.64856,2775.8794,-103.92697103118273,-0.02532959,2.7275238,0.015732279247216083,589,589,1.0,1.0
1377,-54.64572,2778.6055,-103.9277657803853,0.0028381348,2.7260895,-0.0007947492025705786,579,579,1.0,1.0
1378,-54.68445,2781.2634,-103.96230079026756,-0.038726807,2.6580505,-0.03453500988225729,587,587,1.0,1.0
1379,-54.689484,2783.8865,-103.9877949379906,-0.0050354004,2.6229706,-0.02549414772303665,601,601,1.0,1.0
1380,-54.62668,2786.6938,-103.97357553053973,0.062805176,2.8074493,0.014219407450865078,593,593,1.0,1.0
1381,-54.631012,2789.339,-103.9800367874275,-0.004333496,2.645172,-0.006461256887766336,578,578,1.0,1.0
1382,-54.629944,2792.059,-103.97075648112887,0.0010681152,2.719925,0.009280306298617277,570,570,1.0,1.0
1383,-54.625305,2794.7456,-103.97306895177154,0.004638672,2.6865387,-0.002312470642657473,574,574,1.0,1.0
1384,-54.66507,2797.4883,-103.96925431648886,-0.039764404,2.7426605,0.0038146352826774776,578,578,1.0,1.0
1385,-54.63211,2800.1824,-103.9769033666107,0.032958984,2.6940613,-0.007649050121840792,588,588,1.0,1.0
1386,-54.687042,2802.7488,-103.99638879922996,-0.05493164,2.566452,-0.019485432619264494,576,576,1.0,1.0
1387,-54.66681,2805.4631,-103.99849529033587,0.020233154,2.714264,-0.002106491105899862,583,583,1.0,1.0
1388,-54.70044,2808.1306,-104.00269631104048,-0.03363037,2.667511,-0.004201020704614121,577,577,1.0,1.0
1389,-54.70166,2810.7954,-104.01408598311991,-0.0012207031,2.6648865,-0.011389672079427227,572,572,1.0,1.0
1390,-54.69873,2813.553,-104.00847028560557,0.0029296875,2.7575226,0.005615697514347401,565,565,1.0,1.0
1391,-54.70941,2816.2349,-104.0025260015415,-0.010681152,2.6819458,0.0059442840640673575,577,577,1.0,1.0
1392,-54.762665,2818.9526,-104.0459867752242,-0.053253174,2.7177734,-0.043460773682698864,578,578,1.0,1.0
1393,-54.819214,2821.628,-104.05521920968388,-0.056549072,2.6752625,-0.009232434459690915,571,571,1.0,1.0
1394,-54.87259,2824.3213,-104.09434488997256,-0.053375244,2.6932678,-0.03912568028867654,570,570,1.0,1.0
1395,-54.89627,2827.091,-104.09285118744843,-0.02368164,2.7697449,0.0014937025241353664,571,571,1.0,1.0
1396,-54.96512,2829.8325,-104.12141182917135,-0.068847656,2.7413635,-0.028560641722918508,571,571,1.0,1.0
1397,-54.95877,2832.5518,-104.13434787789784,0.0063476562,2.719284,-0.012936048726491628,582,582,1.0,1.0
1398,-54.998657,2835.3135,-104.15853800889369,-0.039886475,2.7616425,-0.02419013099584412,585,585,1.0,1.0
1399,-55.010254,2838.0134,-104.16382033381541,-0.01159668,2.7000275,-0.00528232492172877,564,564,1.0,1.0
1400,-54.98404,2840.778,-104.20089819485607,0.0262146,2.7646942,-0.03707786104065849,561,561,1.0,1.0
1401,-55.010162,2843.5244,-104.20681460435318,-0.026123047,2.746231,-0.005916409497114355,560,560,1.0,1.0
1402,-55.02469,2846.1743,-104.22128247099232,-0.014526367,2.6499634,-0.014467866639135376,554,554,1.0,1.0
1403,-55.027863,2848.9202,-104.23727863079647,-0.0031738281,2.7459412,-0.015996159804152008,567,567,1.0,1.0
1404,-55.01654,2851.6462,-104.24682677980185,0.0113220215,2.725998,-0.009548149005388787,576,576,1.0,1.0
1405,-55.063507,2854.3481,-104.24992621913162,-0.046966553,2.7017822,-0.003099439329777794,579,579,1.0,1.0
1406,-55.016357,2857.0796,-104.26236885536532,0.04714966,2.7314148,-0.012442636233699265,564,564,1.0,1.0
1407,-55.122498,2859.7446,-104.27867444232471,-0.10614014,2.6650085,-0.016305586959394495,564,564,1.0,1.0
1408,-55.090363,2862.3782,-104.33284715369898,0.03213501,2.6334991,-0.05417271137426051,580,580,1.0,1.0
1409,-55.077698,2865.1455,-104.30330845970167,0.012664795,2.767395,0.029538693997303824,559,559,1.0,1.0
1410,-55.04892,2867.8813,-104.36572755640115,0.028778076,2.7359161,-0.062419096699478975,569,569,1.0,1.0
1411,-55.049683,2870.6768,-104.38663594172635,-0.00076293945,2.7953186,-0.020908385325199553,579,579,1.0,1.0
1412,-55.054382,2873.3848,-104.39979223767462,-0.004699707,2.7079468,-0.013156295948268344,563,563,1.0,1.0
1413,-55.085632,2876.112,-104.42957438226138,-0.03125,2.727295,-0.029782144586767638,559,559,1.0,1.0
1414,-55.086792,2878.8105,-104.4383467885048,-0.001159668,2.6983795,-0.008772406243423578,545,545,1.0,1.0
1415,-55.08667,2881.5576,-104.44423162186722,0.00012207031,2.7470703,-0.0058848333624177355,550,550,1.0,1.0
1416,-55.14923,2884.306,-104.45228869843598,-0.062561035,2.7483826,-0.008057076568765295,565,565,1.0,1.0
1417,-55.15497,2887.0566,-104.43158942822302,-0.0057373047,2.7508392,0.020699270212963652,572,572,1.0,1.0
1418,-55.206085,2889.7576,-104.4408471739137,-0.051116943,2.700882,-0.00925774569067914,569,569,1.0,1.0
1419,-55.252594,2892.5037,-104.46867403491169,-0.04650879,2.7460175,-0.02782686099799598,566,566,1.0,1.0
1420,-55.33731,2895.306,-104.50361499830842,-0.0847168,2.8023224,-0.03494096339674046,555,555,1.0,1.0
1421,-55.407257,2898.101,-104.54483115510209,-0.06994629,2.7950897,-0.041216156793665984,561,561,1.0,1.0
1422,-55.430573,2900.9338,-104.57597614799363,-0.02331543,2.832718,-0.031144992891538884,568,568,1.0,1.0
1423,-55.494476,2903.8228,-104.59098227859967,-0.06390381,2.8888092,-0.01500613060603969,546,546,1.0,1.0
1424,-55.516846,2906.4873,-104.6190425914007,-0.022369385,2.6646576,-0.028060312801025302,562,562,1.0,1.0
1425,-55.597412,2908.996,-104.64282904663752,-0.080566406,2.508728,-0.023786455236816738,555,555,1.0,1.0
1426,-55.658752,2911.3594,-104.68049548734612,-0.061340332,2.3634033,-0.03766644070861178,551,551,1.0,1.0
1427,-55.606293,2913.7458,-104.66766630270806,0.052459717,2.3864288,0.012829184638067044,548,548,1.0,1.0
1428,-55.617035,2915.8252,-104.69242337295341,-0.0107421875,2.0793,-0.024757070245359437,549,549,1.0,1.0
1429,-55.68048,2917.8784,-104.71234525058003,-0.063446045,2.0532227,-0.01992187762661578,556,556,1.0,1.0
1430,-55.725952,2919.7544,-104.73065763647907,-0.04547119,1.8759613,-0.018312385899039402,555,555,1.0,1.0
1431,-55.717102,2921.6218,-104.73169041349671,0.008850098,1.8674316,-0.001032777017648483,541,541,1.0,1.0
1432,-55.826416,2923.379,-104.74477457934346,-0.109313965,1.7570648,-0.013084165846751535,541,541,1.0,1.0
1433,-55.833954,2925.0537,-104.74849341908246,-0.007537842,1.6747894,-0.0037188397390072836,537,537,1.0,1.0
1434,-55.892517,2926.8328,-104.75552293655792,-0.058563232,1.779068,-0.007029517475462485,547,547,1.0,1.0
1435,-55.994354,2928.3623,-104.79715050881124,-0.10183716,1.5295868,-0.04162757225332116,535,535,1.0,1.0
1436,-55.954224,2929.962,-104.78977102950562,0.040130615,1.5997009,0.007379479305627489,533,533,1.0,1.0
1437,-55.92276,2931.5017,-104.83154637241829,0.031463623,1.539856,-0.04177534291266547,522,522,1.0,1.0
1438,-55.95993,2933.0874,-104.85603324875062,-0.03717041,1.5856934,-0.024486876332326265,534,534,1.0,1.0
1439,-55.880615,2934.5793,-104.82884069804909,0.079315186,1.4918823,0.027192550701523772,539,539,1.0,1.0
1440,-55.878326,2936.1218,-104.84806477518939,0.0022888184,1.5425262,-0.019224077140291077,528,528,1.0,1.0
1441,-55.871216,2937.614,-104.86439255671472,0.0071105957,1.4921875,-0.01632778152533933,536,536,1.0,1.0
1442,-55.877106,2939.1177,-104.88168829249803,-0.0058898926,1.5036621,-0.017295735783314038,523,523,1.0,1.0
1443,-55.836884,2940.5437,-104.89645073729172,0.040222168,1.4260254,-0.0147624447936907,517,517,1.0,1.0
1444,-55.8562,2942.047,-104.89874110237659,-0.019317627,1.503418,-0.002290365084869058,512,512,1.0,1.0
1445,-55.90616,2943.588,-104.88105761374264,-0.049957275,1.5406494,0.017683488633950774,527,527,1.0,1.0
1446,-55.88861,2944.9907,-104.87415920352491,0.017547607,1.4027405,0.006898410217733591,529,529,1.0,1.0
1447,-55.896973,2946.3035,-104.91924913749058,-0.008361816,1.3126984,-0.04508993396567196,530,530,1.0,1.0
1448,-55.935577,2947.5923,-104.94810953861547,-0.038604736,1.2888489,-0.028860401124887237,510,510,1.0,1.0
1449,-55.982727,2948.8035,-104.9414210279952,-0.04714966,1.2111206,0.006688510620263367,528,528,1.0,1.0
1450,-56.002197,2949.8752,-104.93422040605732,-0.019470215,1.0718384,0.007200621937886826,546,546,1.0,1.0
1451,-56.04596,2950.7168,-104.93732837972338,-0.043762207,0.84161377,-0.003107973666068218,543,543,1.0,1.0
1452,-56.137207,2951.5166,-104.94567035753298,-0.09124756,0.79992676,-0.008341977809599941,533,533,1.0,1.0
1453,-56.103973,2952.1763,-104.93573997586905,0.033233643,0.65960693,0.009930381663923413,531,531,1.0,1.0
1454,-56.15155,2952.6929,-104.92011338871612,-0.047576904,0.5165863,0.015626587152940262,521,521,1.0,1.0
1455,-56.16272,2953.167,-104.91290888314316,-0.011169434,0.47406006,0.007204505572961907,521,521,1.0,1.0
1456,-56.190155,2953.6128,-104.90638599102174,-0.027435303,0.44577026,0.006522892121424402,519,519,1.0,1.0
1457,-56.240936,2953.8655,-104.90397133403043,-0.05078125,0.25268555,0.0024146569913071217,546,546,1.0,1.0
1458,-56.296967,2953.927,-104.9124515707301,-0.056030273,0.061553955,-0.008480236699669113,573,573,1.0,1.0
1459,-56.362,2953.7957,-104.90750124855442,-0.06503296,-0.13142395,0.0049503221756804555,551,551,1.0,1.0
1460,-56.483856,2953.6775,-104.90186098905602,-0.12185669,-0.11808777,0.005640259498403205,540,540,1.0,1.0
1461,-56.587036,2953.521,-104.88607092598089,-0.10317993,-0.15652466,0.015790063075131304,537,537,1.0,1.0
1462,-56.67804,2953.349,-104.86963303588585,-0.09100342,-0.17189026,0.01643789009504018,543,543,1.0,1.0
1463,-56.689453,2953.114,-104.85092176137962,-0.011413574,-0.23500061,0.018711274506228726,539,539,1.0,1.0
1464,-56.71649,2952.9226,-104.84453675631678,-0.027038574,-0.19143677,0.0063850050628448726,541,541,1.0,1.0
1465,-56.379395,2952.5994,-105.62765318213226,0.33709717,-0.32315063,-0.7831164258154775,495,495,1.0,1.0
1466,-56.440796,2952.8916,-109.82288198030992,-0.061401367,0.2922516,-4.195228798177649,464,464,1.0,1.0
1467,-56.69867,2953.397,-114.12134740142467,-0.25787354,0.5052948,-4.29846542111475,487,487,1.0,1.0
1468,-56.9003,2953.7966,-117.34638609878226,-0.20162964,0.3995514,-3.2250386973575886,506,506,1.0,1.0
1469,-56.999878,2954.2102,-119.43129267519119,-0.09957886,0.41352844,-2.0849065764089283,488,488,1.0,1.0
1470,-56.892853,2954.5195,-120.94998366790168,0.10702515,0.30921936,-1.5186909927104895,485,485,1.0,1.0
1471,-56.683746,2954.9368,-122.159746695884,0.20910645,0.41714478,-1.2097630279823246,474,474,1.0,1.0
1472,-56.627472,2955.2744,-123.16386307273375,0.056274414,0.33766174,-1.0041163768497485,478,478,1.0,1.0
1473,-56.490326,2955.583,-123.994531522705,0.137146,0.3086853,-0.8306684499712617,462,462,1.0,1.0
1474,-56.309296,2955.9565,-124.59792025882463,0.18103027,0.37350464,-0.6033887361196208,464,464,1.0,1.0
1475,-56.18277,2956.3025,-125.11805601557633,0.12652588,0.34603882,-0.5201357567517063,450,450,1.0,1.0
1476,-56.10901,2956.6902,-125.51088666631979,0.07376099,0.3875885,-0.3928306507434631,467,467,1.0,1.0
1477,-55.974365,2957.1794,-125.86193083809142,0.13464355,0.48924255,-0.3510441717716333,473,473,1.0,1.0
1478,-55.869934,2957.7432,-126.18298748488031,0.10443115,0.56381226,-0.32105664678888496,471,471,1.0,1.0
1479,-55.783142,2958.422,-126.4558214568004,0.08679199,0.6788635,-0.27283397192007774,454,454,1.0,1.0
1480,-55.655426,2959.218,-126.65736214865817,0.12771606,0.7958679,-0.201540691857772,453,453,1.0,1.0
1481,-55.533173,2960.0347,-126.84130137636512,0.12225342,0.8166046,-0.18393922770696478,461,461,1.0,1.0
1482,-55.532776,2961.0745,-127.00887583546795,0.00039672852,1.0398712,-0.1675744591028178,475,475,1.0,1.0
1483,-55.4628,2962.2253,-127.18479224013367,0.06997681,1.1508179,-0.17591640466572117,476,476,1.0,1.0
1484,-55.45938,2963.6199,-127.36580130850714,0.0034179688,1.3946381,-0.18100906837346972,475,475,1.0,1.0
1485,-55.39087,2965.1577,-127.50311164768522,0.06851196,1.5377808,-0.1373103391780782,459,459,1.0,1.0
1486,-55.469116,2966.8132,-127.64668325525525,-0.07824707,1.6555939,-0.14357160757003176,453,453,1.0,1.0
1487,-55.480347,2968.729,-127.74523123708141,-0.011230469,1.9156952,-0.0985479818261628,470,470,1.0,1.0
1488,-55.536285,2970.827,-127.84686160131221,-0.05593872,2.0977936,-0.10163036423079438,452,452,1.0,1.0
1489,-55.504364,2972.986,-127.9858381544685,0.031921387,2.1592102,-0.13897655315628243,452,452,1.0,1.0
1490,-55.56134,2975.477,-128.0980968022483,-0.05697632,2.4909363,-0.11225864777981091,453,453,1.0,1.0
1491,-55.592316,2978.192,-128.1705018473592,-0.030975342,2.7149658,-0.07240504511087915,445,445,1.0,1.0
1492,-55.615417,2980.9697,-128.29751328501527,-0.023101807,2.777893,-0.12701143765606587,453,453,1.0,1.0
1493,-55.64801,2983.95,-128.40425287149893,-0.032592773,2.9801483,-0.1067395864836425,446,446,1.0,1.0
1494,-55.737885,2987.0398,-128.54486643700216,-0.08987427,3.089859,-0.14061356550323217,453,453,1.0,1.0
1495,-55.823547,2990.1956,-128.65334482454995,-0.08566284,3.1558075,-0.10847838754778633,452,452,1.0,1.0
1496,-55.95871,2993.3857,-128.7341146840404,-0.13516235,3.190277,-0.08076985949047158,437,437,1.0,1.0
1497,-55.994446,2996.504,-128.77891896240166,-0.035736084,3.1182709,-0.04480427836125347,451,451,1.0,1.0
1498,-55.989532,2999.5857,-128.81881964723257,0.00491333,3.0817719,-0.03990068483092161,453,453,1.0,1.0
1499,-56.029816,3002.5996,-128.87467203724682,-0.040283203,3.0139313,-0.05585239001424897,434,434,1.0,1.0
1500,-56.014984,3005.501,-128.9427937854463,0.014831543,2.901413,-0.06812174819947815,440,440,1.0,1.0
1501,-56.081207,3008.5312,-128.98045768041695,-0.066223145,3.0302582,-0.03766389497065064,428,428,1.0,1.0
1502,-56.103302,3010.0352,-128.9971952067237,-0.022094727,1.5039062,-0.016737526306747748,418,418,1.0,1.0
1503,-56.127563,3012.8904,-129.06015558729408,-0.024261475,2.8552399,-0.0629603805703887,421,421,1.0,1.0
1504,-56.19519,3015.8381,-129.10177704555898,-0.06762695,2.947647,-0.04162145826488753,412,412,1.0,1.0
1505,-56.204224,3018.7021,-129.1314057813801,-0.009033203,2.8640137,-0.029628735821128925,406,406,1.0,1.0
1506,-56.268738,3021.5347,-129.1354207275816,-0.06451416,2.8325653,-0.004014946201485481,398,398,1.0,1.0
1507,-56.252228,3024.2683,-129.18287974554073,0.01651001,2.7336578,-0.0474590179591445,408,408,1.0,1.0
1508,-56.314575,3027.1614,-129.18008015647666,-0.062347412,2.8931274,0.002799589064071295,416,416,1.0,1.0
1509,-56.312744,3029.9248,-129.24811267435652,0.0018310547,2.7634277,-0.06803251787985434,410,410,1.0,1.0
1510,-56.27774,3032.6533,-129.2623214910041,0.035003662,2.7284546,-0.014208816647557536,424,424,1.0,1.0
1511,-56.268494,3035.4395,-129.28925846359016,0.009246826,2.7861786,-0.02693697258608491,401,401,1.0,1.0
1512,-56.21762,3038.1685,-129.31019761930787,0.050872803,2.7290497,-0.02093915571771404,414,414,1.0,1.0
1513,-56.267303,3040.8938,-129.37903060217653,-0.049682617,2.7252502,-0.06883298286864394,421,421,1.0,1.0
1514,-56.28528,3043.6086,-129.39502167187356,-0.017974854,2.71492,-0.015991069697031898,423,423,1.0,1.0
1515,-56.329926,3046.3403,-129.44624518355636,-0.044647217,2.7316284,-0.05122351168280106,427,427,1.0,1.0
1516,-56.335236,3049.04,-129.4861071428841,-0.0053100586,2.699646,-0.03986195932773472,415,415,1.0,1.0
1517,-56.386414,3051.7827,-129.51050962116344,-0.05117798,2.7425842,-0.024402478279329273,415,415,1.0,1.0
1518,-56.46454,3054.3838,-129.5964591530015,-0.078125,2.6011353,-0.08594953183804357,411,411,1.0,1.0
1519,-56.528656,3057.0486,-129.64929542661386,-0.06411743,2.6647644,-0.052836273612382044,412,412,1.0,1.0
1520,-56.484985,3059.6775,-129.69535152869045,0.043670654,2.6289215,-0.046056102076578315,405,405,1.0,1.0
1521,-56.56009,3062.4224,-129.70997370867417,-0.07510376,2.7447662,-0.014622179983720656,408,408,1.0,1.0
1522,-56.60269,3065.1282,-129.76036784685314,-0.04260254,2.7057648,-0.05039413817896932,414,414,1.0,1.0
1523,-56.54248,3067.8481,-129.76323186882829,0.06021118,2.7198792,-0.0028640219751304642,401,401,1.0,1.0
1524,-56.629242,3070.5796,-129.80424256378615,-0.086761475,2.7314758,-0.041010694957858605,394,394,1.0,1.0
1525,-56.692444,3073.2097,-129.84735398936917,-0.063201904,2.6302032,-0.04311142558302546,393,393,1.0,1.0
1526,-56.70117,3075.9226,-129.8935828377255,-0.008728027,2.712799,-0.0462288483563217,402,402,1.0,1.0
1527,-56.742706,3078.5908,-129.9217459904209,-0.041534424,2.668106,-0.02816315269542471,392,392,1.0,1.0
1528,-56.81012,3081.3044,-129.99368146291664,-0.06741333,2.7135773,-0.07193547249574302,386,386,1.0,1.0
1529,-56.84012,3084.0125,-130.05280213208093,-0.02999878,2.7080688,-0.05912066916429959,374,374,1.0,1.0
1530,-56.836212,3086.5974,-130.10957990200842,0.00390625,2.5850677,-0.05677776992750035,380,380,1.0,1.0
1531,-56.800385,3089.3562,-130.11461445172534,0.035827637,2.7588196,-0.0050345497169211675,376,376,1.0,1.0
1532,-56.809143,3092.0366,-130.16651160511248,-0.008758545,2.6804962,-0.05189715338712561,364,364,1.0,1.0
1533,-56.88794,3094.8271,-130.19570649794292,-0.07879639,2.790619,-0.02919489283045022,365,365,1.0,1.0
1534,-56.915924,3097.442,-130.2518583024843,-0.02798462,2.6147919,-0.05615180454136262,359,359,1.0,1.0
1535,-56.935455,3100.2065,-130.28061901017588,-0.01953125,2.7647552,-0.028760707691585043,355,355,1.0,1.0
1536,-57.000946,3102.8538,-130.3118197794511,-0.06549072,2.6472168,-0.03120076927520915,351,351,1.0,1.0
1537,-56.987335,3105.558,-130.3223118003346,0.01361084,2.7042847,-0.010492020883508353,349,349,1.0,1.0
1538,-56.946503,3108.233,-130.36794772398838,0.04083252,2.6749115,-0.04563592365378174,344,344,1.0,1.0
1539,-56.940674,3110.9265,-130.37761684096498,0.0058288574,2.6936188,-0.009669116976590581,339,339,1.0,1.0
1540,-56.885437,3113.6404,-130.40689058577678,0.055236816,2.7138214,-0.029273744811799274,339,339,1.0,1.0
1541,-56.902954,3116.308,-130.44372139732334,-0.01751709,2.6676025,-0.03683081154656532,348,348,1.0,1.0
1542,-56.903015,3119.0642,-130.47667664554416,-6.1035156e-05,2.756073,-0.03295524822081961,354,354,1.0,1.0
1543,-56.837097,3121.6775,-130.52679261657107,0.06591797,2.613205,-0.05011597102692511,344,344,1.0,1.0
1544,-56.88913,3124.4258,-130.54437429675514,-0.05203247,2.7482147,-0.01758168018406675,356,356,1.0,1.0
1545,-56.91861,3127.1008,-130.59915397955263,-0.02947998,2.6751099,-0.05477968279749485,346,346,1.0,1.0
1546,-57.00595,3129.8828,-130.61551626300002,-0.08734131,2.7819366,-0.016362283447391178,345,345,1.0,1.0
1547,-57.065277,3132.5903,-130.68102404418912,-0.059326172,2.7075806,-0.06550778118909382,335,335,1.0,1.0
1548,-57.031525,3135.2363,-130.69587926141244,0.03375244,2.6459808,-0.0148552172233372,333,333,1.0,1.0
1549,-57.053253,3137.9006,-130.7238455814996,-0.021728516,2.6643372,-0.027966320087151823,332,332,1.0,1.0
1550,-57.08777,3140.66,-130.75787176623842,-0.03451538,2.7592468,-0.03402618473883334,338,338,1.0,1.0
1551,-57.13672,3143.2979,-130.7843209426245,-0.048950195,2.6378632,-0.026449176386091417,344,344,1.0,1.0
1552,-57.106598,3146.0015,-130.80591910195486,0.03012085,2.7037354,-0.021598159330353223,331,331,1.0,1.0
1553,-57.154022,3148.6218,-130.8555190798508,-0.047424316,2.620407,-0.04959997789593979,331,331,1.0,1.0
1554,-57.097687,3151.3398,-130.8424899008132,0.05633545,2.7181396,0.013029179037607181,320,320,1.0,1.0
1555,-57.113495,3154.0005,-130.8900920287468,-0.015808105,2.6606903,-0.04760212793360184,321,321,1.0,1.0
1556,-57.10086,3156.72,-130.904517203146,0.012634277,2.7194977,-0.01442517439921815,316,316,1.0,1.0
1557,-57.065308,3159.3262,-130.95157160246123,0.03555298,2.6062927,-0.04705439931522017,299,299,1.0,1.0
1558,-57.01126,3162.005,-130.96117051712795,0.05404663,2.6786041,-0.009598914666725914,304,304,1.0,1.0
1559,-57.079712,3164.7314,-130.97663390835783,-0.06845093,2.7266846,-0.015463391229861494,303,303,1.0,1.0
1560,-56.97879,3167.376,-130.98681155396437,0.10092163,2.6445007,-0.010177645606544152,288,288,1.0,1.0
1561,-56.989716,3170.0698,-131.01400067477888,-0.010925293,2.693924,-0.027189120814525472,292,292,1.0,1.0
1562,-56.869934,3172.7512,-131.0115337133547,0.119781494,2.6813812,0.0024669614241863255,288,288,1.0,1.0
1563,-56.90686,3175.3804,-131.05714877459184,-0.03692627,2.6290283,-0.04561506123711716,291,291,1.0,1.0
1564,-56.93213,3178.0222,-131.09658869638764,-0.025268555,2.6418,-0.03943992179579933,298,298,1.0,1.0
1565,-56.794495,3180.7456,-131.00193267361482,0.13763428,2.7235107,0.09465602277281729,288,288,1.0,1.0
1566,-56.744568,3183.3381,-131.01988664622706,0.049926758,2.5925903,-0.017953972612248906,293,293,1.0,1.0
1567,-56.745636,3185.9854,-131.02661862992494,-0.0010681152,2.6472015,-0.006731983697875688,290,290,1.0,1.0
1568,-56.687897,3188.5173,-131.03209375818543,0.057739258,2.532074,-0.005475128260480583,303,303,1.0,1.0
1569,-56.605774,3191.286,-131.02300490725526,0.0821228,2.7685547,0.009088850930164373,295,295,1.0,1.0
1570,-56.564423,3193.892,-131.04802605835715,0.04135132,2.6063232,-0.025021151101900875,291,291,1.0,1.0
1571,-56.546875,3196.613,-131.06447583951595,0.017547607,2.7210236,-0.016449781158786092,306,306,1.0,1.0
1572,-56.601044,3199.275,-131.10131062602096,-0.0541687,2.661972,-0.03683478650502092,301,301,1.0,1.0
1573,-56.489166,3201.905,-131.07774854130275,0.11187744,2.6300812,0.02356208471820774,305,305,1.0,1.0
1574,-56.554596,3204.5107,-131.12548204419588,-0.06542969,2.6057587,-0.047733502893134376,293,293,1.0,1.0
1575,-56.46765,3206.913,-131.13556120035202,0.08694458,2.40242,-0.010079156156142459,289,289,1.0,1.0
1576,-56.410583,3209.3586,-131.09839013005754,0.05706787,2.4456635,0.03717107029446433,300,300,1.0,1.0
1577,-56.388885,3211.4697,-131.1160315532687,0.021697998,2.1110687,-0.017641423211167233,294,294,1.0,1.0
1578,-56.388885,3213.5442,-131.1275991953761,0.0,2.0745087,-0.011567642107399268,288,288,1.0,1.0
1579,-56.431946,3215.6401,-131.1392619821858,-0.043060303,2.095993,-0.011662786809696023,294,294,1.0,1.0
1580,-56.37088,3217.5515,-131.11470808545346,0.061065674,1.9114227,0.024553896732324377,304,304,1.0,1.0
1581,-56.40265,3219.3342,-131.12858402829545,-0.0317688,1.7827454,-0.013875942841979625,304,304,1.0,1.0
1582,-56.320923,3221.0815,-131.10626794281944,0.081726074,1.7471924,0.022316085475994403,284,284,1.0,1.0
1583,-56.280945,3222.842,-131.07599438534282,0.039978027,1.7604218,0.030273557476628486,273,273,1.0,1.0
1584,-56.33853,3224.4124,-131.07656644988072,-0.05758667,1.5703278,-0.0005720645379047336,288,288,1.0,1.0
1585,-56.416748,3226.1736,-131.0687967428481,-0.07821655,1.7611237,0.007769707032620326,292,292,1.0,1.0
1586,-56.44763,3227.6838,-131.07371124471163,-0.030883789,1.5102234,-0.004914501863526815,293,293,1.0,1.0
1587,-56.404633,3229.1633,-131.06504703705346,0.042999268,1.4795227,0.008664207658176467,301,301,1.0,1.0
1588,-56.403076,3230.7234,-131.00002746948354,0.0015563965,1.5601044,0.06501956756991699,291,291,1.0,1.0
1589,-56.338776,3232.1982,-131.03810964537416,0.06430054,1.4747314,-0.038082175890619165,298,298,1.0,1.0
1590,-56.39633,3233.633,-131.0371254606454,-0.057556152,1.434845,0.0009841847287588195,298,298,1.0,1.0
1591,-56.336365,3235.1382,-131.03076696747928,0.05996704,1.5051422,0.006358493166108047,299,299,1.0,1.0
1592,-56.253723,3236.59,-131.05026809485526,0.0826416,1.4519501,-0.019501127375968735,299,299,1.0,1.0
1593,-56.259033,3237.996,-131.04330643231526,-0.0053100586,1.4059448,0.006961662539984106,295,295,1.0,1.0
1594,-56.227783,3239.4844,-131.04271232515367,0.03125,1.4882355,0.0005941071615799933,287,287,1.0,1.0
1595,-56.233734,3241.027,-131.04089431324329,-0.0059509277,1.5427704,0.0018180119103918008,281,281,1.0,1.0
1596,-56.293823,3242.4155,-131.042922824197,-0.06008911,1.388443,-0.0020285109537167166,290,290,1.0,1.0
1597,-56.311584,3243.8655,-131.01074895023282,-0.01776123,1.4499512,0.032173873964187985,294,294,1.0,1.0
1598,-56.278168,3245.1562,-131.03553995358303,0.033416748,1.2908783,-0.024791003350215286,279,279,1.0,1.0
1599,-56.33777,3246.436,-131.02062651356198,-0.05960083,1.279892,0.014913440021045986,275,275,1.0,1.0
1600,-56.381317,3247.5146,-131.084662855303,-0.043548584,1.078537,-0.06403634174102198,289,289,1.0,1.0
1601,-56.382355,3248.447,-131.0592063761364,-0.0010375977,0.9323425,0.025456479166620367,303,303,1.0,1.0
1602,-56.326355,3249.3264,-131.03688137051736,0.055999756,0.8793335,0.022325005619029448,281,281,1.0,1.0
1603,-56.362457,3250.0466,-131.04021018693936,-0.036102295,0.72021484,-0.0033288164220034405,274,274,1.0,1.0
1604,-56.41394,3250.7559,-131.06092795538916,-0.051483154,0.7093048,-0.020717768449807127,283,283,1.0,1.0
1605,-56.512024,3251.268,-131.05764205992864,-0.098083496,0.5122986,0.003285895460520819,273,273,1.0,1.0
1606,-56.448578,3251.7234,-131.0032078356899,0.063446045,0.45533752,0.05443422423874624,276,276,1.0,1.0
1607,-56.45639,3252.0637,-131.00562733481198,-0.0078125,0.34025574,-0.002419499122093902,286,286,1.0,1.0
1608,-56.433655,3252.436,-130.96547907871215,0.022735596,0.37228394,0.04014825609981291,287,287,1.0,1.0
1609,-56.484467,3252.6228,-130.98259040283338,-0.050811768,0.18685913,-0.017111324121218678,305,305,1.0,1.0
1610,-56.504944,3252.6826,-130.96029884375417,-0.020477295,0.059692383,0.022291559079199753,323,323,1.0,1.0
1611,-56.51071,3252.7039,-130.92559486742792,-0.0057678223,0.02130127,0.03470397632626065,317,317,1.0,1.0
1612,-56.579895,3252.6052,-130.90602078950798,-0.06918335,-0.09869385,0.019574077919935238,308,308,1.0,1.0
1613,-56.591278,3252.5005,-130.87369912646878,-0.011383057,-0.10475159,0.03232166303920543,303,303,1.0,1.0
1614,-56.64273,3252.3848,-130.85780337417194,-0.051452637,-0.11581421,0.015895752296836426,315,315,1.0,1.0
1615,-56.704193,3252.2734,-130.8466680982192,-0.061462402,-0.11128235,0.01113527595272894,327,327,1.0,1.0
1616,-56.770233,3252.0427,-130.81365015962535,-0.06604004,-0.23077393,0.033017938593847995,306,306,1.0,1.0
1617,-56.94989,3251.88,-130.5368972133324,-0.17965698,-0.16294861,0.27675294629295283,270,270,1.0,1.0
1618,-56.990356,3251.8252,-129.99416197715678,-0.04046631,-0.054595947,0.5427352361756076,264,264,1.0,1.0
1619,-56.95529,3251.8604,-129.55468637728163,0.035064697,0.03527832,0.43947559987515605,254,254,1.0,1.0
1620,-56.9718,3251.8672,-129.22477665139593,-0.01651001,0.0069274902,0.32990972588570083,259,259,1.0,1.0
1621,-56.95218,3251.8994,-129.08104999488344,0.019622803,0.032211304,0.143726656512471,270,270,1.0,1.0
1622,-56.89511,3252.1482,-128.90467083085517,0.05706787,0.24887085,0.17637916402827958,264,264,1.0,1.0
1623,-56.848053,3252.3555,-128.75325776276253,0.047058105,0.20736694,0.15141306809264465,283,283,1.0,1.0
1624,-56.844086,3252.6572,-128.62097469456725,0.003967285,0.3017273,0.13228306819528493,281,281,1.0,1.0
1625,-56.76532,3252.9436,-128.54991225589873,0.07876587,0.28640747,0.0710624386685205,303,303,1.0,1.0
1626,-56.711914,3253.3154,-128.49575010484682,0.05340576,0.37179565,0.05416215105190025,290,290,1.0,1.0
1627,-56.624634,3253.8167,-128.4398654871985,0.08728027,0.50128174,0.055884617648325786,280,280,1.0,1.0
1628,-56.61667,3254.2488,-128.4095078207529,0.007965088,0.4320984,0.030357666445583763,267,267,1.0,1.0
1629,-56.550293,3254.8796,-128.37851570096143,0.06637573,0.6309509,0.030992119791479242,282,282,1.0,1.0
1630,-56.480682,3255.423,-128.33544357770288,0.069610596,0.54348755,0.043072123258550365,279,279,1.0,1.0
1631,-56.47348,3256.279,-128.30326648868876,0.0072021484,0.8559418,0.03217708901410347,281,281,1.0,1.0
1632,-56.451874,3257.0593,-128.28469690732118,0.021606445,0.78038025,0.01856958136759627,285,285,1.0,1.0
1633,-56.336487,3257.9712,-128.2379847604525,0.11538696,0.91178894,0.04671214686867861,292,292,1.0,1.0
1634,-56.373383,3259.0117,-128.25656984904657,-0.036895752,1.0404205,-0.01858508859408008,289,289,1.0,1.0
1635,-56.27939,3260.256,-128.24742518190934,0.09399414,1.244339,0.009144667137241807,277,277,1.0,1.0
1636,-56.253815,3261.7185,-128.24546404124308,0.02557373,1.4624023,0.001961140666250184,284,284,1.0,1.0
1637,-56.224304,3263.2905,-128.23100012955493,0.029510498,1.5719299,0.014463911688165238,279,279,1.0,1.0
1638,-56.19699,3265.066,-128.25807726980747,0.027313232,1.7754059,-0.02707714025253001,279,279,1.0,1.0
1639,-56.2601,3266.923,-128.283799710648,-0.06311035,1.857254,-0.02572244084052801,288,288,1.0,1.0
1640,-56.237946,3268.964,-128.29940105795583,0.022155762,2.0410156,-0.015601347307822888,270,270,1.0,1.0
1641,-56.161438,3271.2441,-128.3016380693087,0.07650757,2.2799683,-0.002237011352852693,279,279,1.0,1.0
1642,-56.18167,3273.7422,-128.3001648644818,-0.020233154,2.498108,0.0014732048269154223,277,277,1.0,1.0
1643,-56.170868,3276.362,-128.33688495809483,0.010803223,2.6199188,-0.03672009361305336,259,259,1.0,1.0
1644,-56.138123,3279.027,-128.38165667024566,0.03274536,2.6651,-0.04477171215084282,262,262,1.0,1.0
1645,-56.14514,3281.9824,-128.40993978921858,-0.007019043,2.9553528,-0.028283118972922978,270,270,1.0,1.0
1646,-56.087982,3284.9702,-128.41733906401308,0.057159424,2.987793,-0.007399274794491532,279,279,1.0,1.0
1647,-56.162933,3288.0088,-128.42533706638122,-0.07495117,3.0386353,-0.007998002368149171,265,265,1.0,1.0
1648,-56.220184,3291.0808,-128.43330852022544,-0.057250977,3.0720215,-0.00797145384422831,264,264,1.0,1.0
1649,-56.25412,3294.076,-128.43205880088775,-0.033935547,2.9950256,0.0012497193376872775,262,262,1.0,1.0
1650,-56.246613,3296.9795,-128.42225770380637,0.007507324,2.9034882,0.009801097081390948,253,253,1.0,1.0
1651,-56.203003,3299.887,-128.39629655923392,0.04360962,2.9074707,0.02596114457245514,271,271,1.0,1.0
1652,-56.229736,3302.761,-128.3821950262933,-0.026733398,2.873932,0.01410153294061939,249,249,1.0,1.0
1653,-56.219727,3305.6084,-128.3655556650536,0.010009766,2.84729,0.016639361239700504,243,243,1.0,1.0
1654,-56.316284,3308.4644,-128.38418896417787,-0.09655762,2.856018,-0.01863329912427991,234,234,1.0,1.0
1655,-56.234467,3311.4133,-128.34398154381296,0.08181763,2.9489288,0.04020742036489454,229,229,1.0,1.0
1656,-56.245544,3314.1912,-128.31381740344796,-0.011077881,2.7778015,0.030164140364992122,222,222,1.0,1.0
1657,-56.452393,3316.9229,-128.34049554525663,-0.20684814,2.731598,-0.0266781418086687,225,225,1.0,1.0
1658,-56.299072,3319.6587,-128.30555463535183,0.15332031,2.7359467,0.03494090990480571,224,224,1.0,1.0
1659,-56.290344,3322.3552,-128.31080035292152,0.008728027,2.6965027,-0.005245717569678829,220,220,1.0,1.0
1660,-56.295044,3324.921,-128.29412611437778,-0.004699707,2.5657654,0.016674238543744908,222,222,1.0,1.0
1661,-56.389923,3327.4888,-128.35056957635845,-0.09487915,2.5679016,-0.05644346198067137,220,220,1.0,1.0
1662,-56.2536,3330.0132,-128.30353331991537,0.13632202,2.5244446,0.04703625644309088,215,215,1.0,1.0
1663,-56.306,3332.5842,-128.3050173442921,-0.05239868,2.5710144,-0.0014840243767256054,205,205,1.0,1.0
1664,-56.23694,3335.167,-128.27350400614003,0.06906128,2.5828705,0.0315133381520861,216,216,1.0,1.0
1665,-56.29413,3337.7603,-128.25923014473778,-0.05718994,2.593155,0.014273861402238292,229,229,1.0,1.0
1666,-56.35498,3340.266,-128.27582084969168,-0.06085205,2.5059357,-0.016590704953889195,230,230,1.0,1.0
1667,-56.375397,3342.888,-128.23912884742586,-0.02041626,2.6217499,0.03669200226582305,229,229,1.0,1.0
1668,-56.394775,3345.44,-128.25006952426563,-0.019378662,2.5520172,-0.010940676839777862,222,222,1.0,1.0
1669,-56.454956,3347.9985,-128.25640823592315,-0.060180664,2.5586548,-0.006338711657531748,221,221,1.0,1.0
1670,-56.500458,3350.4722,-128.2987519534337,-0.04550171,2.4736633,-0.0423437175105719,215,215,1.0,1.0
1671,-56.51593,3353.1143,-128.31538697910952,-0.015472412,2.6421661,-0.016635025675804778,215,215,1.0,1.0
1672,-56.60556,3355.6184,-128.33700678749523,-0.08963013,2.5041046,-0.021619808385709618,213,213,1.0,1.0
1673,-56.56653,3358.284,-128.3282247997384,0.039031982,2.665512,0.008781987756839811,222,222,1.0,1.0
1674,-56.742523,3360.799,-128.35249330267308,-0.17599487,2.5151367,-0.02426850293467932,220,220,1.0,1.0
1675,-56.65674,3363.3708,-128.35008808190395,0.08578491,2.5716858,0.002405220769133991,214,214,1.0,1.0
1676,-56.768585,3365.8657,-128.37699147250154,-0.111846924,2.4948425,-0.026903390597595847,213,213,1.0,1.0
1677,-56.74536,3368.355,-128.39929634041548,0.023223877,2.489334,-0.022304867913933955,208,208,1.0,1.0
1678,-56.83963,3370.9216,-128.41429616523547,-0.0942688,2.5665588,-0.014999824819994225,215,215,1.0,1.0
1679,-56.87094,3373.5571,-128.38420218804933,-0.031311035,2.635437,0.030093977186134463,211,211,1.0,1.0
1680,-56.93869,3376.1084,-128.42489791768648,-0.06774902,2.5513,-0.04069572963714159,218,218,1.0,1.0
1681,-56.942688,3378.7078,-128.380840625733,-0.0039978027,2.5993195,0.044057291953494636,212,212,1.0,1.0
1682,-57.0636,3381.2751,-128.38540027946112,-0.120910645,2.567337,-0.004559653728148192,210,210,1.0,1.0
1683,-57.034668,3383.8777,-128.3708147690685,0.028930664,2.6024933,0.014585510392627569,200,200,1.0,1.0
1684,-57.098297,3386.4985,-128.39204124636896,-0.06362915,2.6209412,-0.021226477300464917,194,194,1.0,1.0
1685,-57.10144,3389.0386,-128.37400951730308,-0.0031433105,2.539917,0.018031729065879385,202,202,1.0,1.0
1686,-57.162903,3391.6538,-128.37576785631137,-0.061462402,2.615326,-0.0017583390082980242,203,203,1.0,1.0
1687,-57.143707,3394.2021,-128.38765155972538,0.019195557,2.5484161,-0.011883703414015644,207,207,1.0,1.0
1688,-57.139038,3396.813,-128.41801545222964,0.0046691895,2.610855,-0.030363892504260408,202,202,1.0,1.0
1689,-57.09439,3399.4033,-128.4068945024081,0.044647217,2.5902405,0.011120949821519727,199,199,1.0,1.0
1690,-57.11737,3401.9912,-128.4698480596565,-0.022979736,2.5879517,-0.06295355724840226,203,203,1.0,1.0
1691,-57.08841,3404.477,-128.5014715136046,0.028961182,2.4859314,-0.031623453948091525,206,206,1.0,1.0
1692,-57.139923,3407.0483,-128.5111144696369,-0.051513672,2.5712433,-0.009642956032296632,214,214,1.0,1.0
1693,-57.119476,3409.5498,-128.54975031716424,0.020446777,2.5015717,-0.03863584752734173,211,211,1.0,1.0
1694,-57.153046,3412.259,-128.53887280654132,-0.033569336,2.7091217,0.010877510622904983,220,220,1.0,1.0
1695,-57.32538,3414.7256,-128.5950638416798,-0.17233276,2.4665222,-0.05619103513847396,217,217,1.0,1.0
1696,-57.257416,3417.3281,-128.59452501004625,0.06796265,2.6025696,0.0005388316335530487,218,218,1.0,1.0
1697,-57.296295,3419.79,-128.6215865880812,-0.038879395,2.461853,-0.02706157803493308,231,231,1.0,1.0
1698,-57.312378,3422.3884,-128.64448187995563,-0.016082764,2.598297,-0.022895291874461987,224,224,1.0,1.0
1699,-57.341705,3424.8162,-128.65909968391833,-0.029327393,2.427658,-0.01461780396270009,215,215,1.0,1.0
1700,-57.276,3427.5059,-128.67429721608474,0.065704346,2.6897278,-0.015197532166415728,236,236,1.0,1.0
1701,-57.35666,3429.955,-128.69616663885046,-0.08065796,2.4492493,-0.02186942276572926,244,244,1.0,1.0
1702,-57.44284,3432.5635,-128.70277966784707,-0.08618164,2.608368,-0.006613028996613434,240,240,1.0,1.0
1703,-57.389954,3435.1013,-128.70011511816847,0.052886963,2.5378418,0.0026645496785908593,242,242,1.0,1.0
1704,-57.414215,3437.6714,-128.726463262822,-0.024261475,2.5701141,-0.02634814465353744,246,246,1.0,1.0
1705,-57.457825,3440.1453,-128.74362869223935,-0.04360962,2.4739075,-0.017165429417373337,253,253,1.0,1.0
1706,-57.454376,3442.7708,-128.78404208512254,0.0034484863,2.6254883,-0.0404133928831911,253,253,1.0,1.0
1707,-57.46579,3445.3062,-128.78370659258192,-0.011413574,2.5354156,0.0003354925406210048,252,252,1.0,1.0
1708,-57.505096,3447.853,-128.79745295261114,-0.03930664,2.5469208,-0.013746360029208262,257,257,1.0,1.0
1709,-57.486694,3450.3975,-128.8120130465691,0.0184021,2.54451,-0.014560093957961253,252,252,1.0,1.0
1710,-57.512848,3452.9788,-128.8301641159575,-0.026153564,2.581192,-0.018151069388405217,260,260,1.0,1.0
1711,-57.492737,3455.5842,-128.84348803133258,0.020111084,2.6054382,-0.013323915375095911,258,258,1.0,1.0
1712,-57.497528,3458.1917,-128.84495076232028,-0.0047912598,2.6074524,-0.0014627309876921095,252,252,1.0,1.0
1713,-57.445282,3460.7915,-128.85612935218515,0.052246094,2.599884,-0.011178589864858176,263,263,1.0,1.0
1714,-57.410645,3463.3691,-128.84849128695512,0.03463745,2.5776672,0.007638065230038712,267,267,1.0,1.0
1715,-57.44104,3466.0715,-128.86524169653413,-0.030395508,2.702301,-0.016750409579005383,258,258,1.0,1.0
1716,-57.467834,3468.637,-128.84827057467257,-0.026794434,2.5653381,0.016971121861564065,262,262,1.0,1.0
1717,-57.349915,3471.41,-128.8502335158894,0.11791992,2.7728882,-0.001962941216846138,265,265,1.0,1.0
1718,-57.36853,3474.0925,-128.8619382309964,-0.018615723,2.682663,-0.011704715106988981,257,257,1.0,1.0
1719,-57.349365,3476.578,-128.84988097038715,0.019165039,2.4852905,0.012057260609262987,259,259,1.0,1.0
1720,-57.34778,3479.0554,-128.82415927707538,0.0015869141,2.4776306,0.025721693311761114,271,271,1.0,1.0
1721,-57.376892,3481.4429,-128.83235341307721,-0.02911377,2.3873901,-0.008194136001829225,292,292,1.0,1.0
1722,-57.322876,3483.7908,-128.80127316064716,0.054016113,2.3479614,0.031080252430062866,306,306,1.0,1.0
1723,-57.33548,3485.9885,-128.78020291291674,-0.01260376,2.1976929,0.021070247730416648,314,314,1.0,1.0
1724,-57.300873,3488.106,-128.76665276346077,0.034606934,2.1173553,0.013550149455974027,317,317,1.0,1.0
1725,-57.241913,3490.2036,-128.7544889583284,0.05895996,2.0975952,0.012163805132365351,309,309,1.0,1.0
1726,-57.216736,3492.2249,-128.70908307919822,0.025177002,2.0211792,0.04540587913019951,316,316,1.0,1.0
1727,-57.272156,3494.155,-128.70927670591706,-0.055419922,1.9300842,-0.00019362671884230078,299,299,1.0,1.0
1728,-57.250244,3496.0574,-128.67625647680828,0.021911621,1.9022827,0.0330202291087911,312,312,1.0,1.0
1729,-57.328217,3497.898,-128.6760710660963,-0.07797241,1.8406372,0.00018541071196491986,300,300,1.0,1.0
1730,-57.37256,3499.652,-128.66850808818134,-0.04434204,1.7541656,0.0075629779149581,310,310,1.0,1.0
1731,-57.25363,3501.4258,-128.63150456090835,0.118927,1.7737122,0.03700352727298986,320,320,1.0,1.0
1732,-57.27539,3503.1091,-128.61023751617887,-0.021759033,1.6833954,0.021267044729479555,320,320,1.0,1.0
1733,-57.27112,3504.7217,-128.61072633966216,0.004272461,1.6126251,-0.0004888234833056603,329,329,1.0,1.0
1734,-57.22818,3506.2998,-128.6165742207528,0.042938232,1.578064,-0.005847881090623532,324,324,1.0,1.0
1735,-57.355774,3507.9124,-128.61851161579816,-0.127594,1.6125793,-0.0019373950453567355,347,347,1.0,1.0
1736,-57.411316,3509.4688,-128.61497649360166,-0.055541992,1.5565186,0.0035351221965093907,355,355,1.0,1.0
1737,-57.382202,3511.0286,-128.6089000769127,0.02911377,1.5598907,0.006076416688946604,356,356,1.0,1.0
1738,-57.46045,3512.6687,-128.57902750528635,-0.07824707,1.640213,0.029872571626344477,357,357,1.0,1.0
1739,-57.463165,3514.2136,-128.5859634200015,-0.0027160645,1.5449829,-0.006935914715151105,373,373,1.0,1.0
1740,-57.552917,3515.7808,-128.5822690553371,-0.0897522,1.5672455,0.0036943646643892614,376,376,1.0,1.0
1741,-57.5524,3517.2942,-128.564319915772,0.0005187988,1.5133667,0.01794913956509049,370,370,1.0,1.0
1742,-57.582733,3518.783,-128.53762969603937,-0.030334473,1.4887848,0.026690219732624983,376,376,1.0,1.0
1743,-57.610107,3520.3242,-128.55850838314205,-0.027374268,1.5412598,-0.02087868710268789,388,388,1.0,1.0
1744,-57.599823,3521.702,-128.53200842512493,0.010284424,1.3775787,0.026499958017114814,392,392,1.0,1.0
1745,-57.54367,3522.9966,-128.52843108769386,0.056152344,1.294632,0.0035773374310599806,387,387,1.0,1.0
1746,-57.53842,3524.1006,-128.52741859240965,0.0052490234,1.1040039,0.001012495284212136,399,399,1.0,1.0
1747,-57.581818,3525.1404,-128.51900002660244,-0.043395996,1.0398254,0.008418565807192467,418,418,1.0,1.0
1748,-57.582367,3526.035,-128.52763514487953,-0.0005493164,0.89453125,-0.00863511827709358,413,413,1.0,1.0
1749,-57.532806,3526.805,-128.4995881773509,0.049560547,0.7700653,0.028046967528637987,378,378,1.0,1.0
1750,-57.56192,3527.4456,-128.48249131130515,-0.02911377,0.64068604,0.017096866045722817,371,371,1.0,1.0
1751,-57.51602,3528.0933,-128.4672553615117,0.045898438,0.6478119,0.015235949793472628,405,405,1.0,1.0
1752,-57.460938,3528.5369,-128.37883652879367,0.05508423,0.443573,0.08841883271801838,405,405,1.0,1.0
1753,-57.408875,3529.1072,-128.33570423634083,0.05206299,0.5702667,0.04313229245283126,376,376,1.0,1.0
1754,-57.36798,3529.5144,-128.30553083267978,0.040893555,0.4072113,0.030173403661058588,382,382,1.0,1.0
1755,-57.32901,3529.7314,-128.30236474577887,0.038970947,0.21696472,0.0031660869008903495,410,410,1.0,1.0
1756,-57.314423,3529.8274,-128.2675677489978,0.014587402,0.09587097,0.034796996781059374,433,433,1.0,1.0
1757,-57.401306,3529.8965,-128.24923680106573,-0.086883545,0.06913757,0.018330947932078828,426,426,1.0,1.0
1758,-57.45578,3529.8503,-128.21244453632988,-0.054473877,-0.046035767,0.03679226473585635,419,419,1.0,1.0
1759,-57.578033,3529.6692,-128.17059729140271,-0.12225342,-0.18121338,0.0418472449271723,416,416,1.0,1.0
1760,-57.710236,3529.4907,-128.1403615297037,-0.13220215,-0.17843628,0.030235761699017007,424,424,1.0,1.0
1761,-57.786682,3529.308,-128.09504519749453,-0.07644653,-0.182724,0.04531633220919077,428,428,1.0,1.0
1762,-57.863983,3529.139,-128.08710902114947,-0.077301025,-0.1691742,0.007936176345046212,415,415,1.0,1.0
1763,-58.093384,3528.8367,-127.88680723203804,-0.22940063,-0.30220032,0.20030178911143612,402,402,1.0,1.0
1764,-58.337402,3528.5916,-127.00360008158316,-0.24401855,-0.24502563,0.8832071504548837,364,364,1.0,1.0
1765,-58.2753,3528.503,-126.11792084232746,0.06210327,-0.08868408,0.8856792392556939,354,354,1.0,1.0
1766,-58.298004,3528.5618,-125.60942727249629,-0.022705078,0.05873108,0.5084935698311803,359,359,1.0,1.0
1767,-58.308716,3528.6384,-125.2887081760464,-0.01071167,0.0766449,0.3207190964498904,364,364,1.0,1.0
1768,-58.196533,3528.7295,-125.05748097657252,0.11218262,0.09098816,0.23122719947388196,357,357,1.0,1.0
1769,-58.226868,3528.9626,-124.86641632945593,-0.030334473,0.23323059,0.19106464711658488,350,350,1.0,1.0
1770,-58.21048,3529.2302,-124.69235161318663,0.01638794,0.26763916,0.17406471626929562,360,360,1.0,1.0
1771,-58.144104,3529.5127,-124.54060586530188,0.06637573,0.28250122,0.1517457478847467,379,379,1.0,1.0
1772,-58.030914,3529.874,-124.43286998559238,0.1131897,0.36123657,0.10773587970951243,384,384,1.0,1.0
1773,-57.99591,3530.2769,-124.37416614258585,0.035003662,0.4028473,0.058703843006533384,387,387,1.0,1.0
1774,-57.964264,3530.7642,-124.32947727025542,0.03164673,0.48721313,0.04468887233042005,387,387,1.0,1.0
1775,-57.77713,3531.247,-124.26007777922034,0.18713379,0.48291016,0.0693994910350918,373,373,1.0,1.0
1776,-57.767822,3531.888,-124.2013964099634,0.009307861,0.6408386,0.058681369256945386,381,381,1.0,1.0
1777,-57.750458,3532.648,-124.13220071336647,0.017364502,0.7599945,0.0691956965969187,389,389,1.0,1.0
1778,-57.693176,3533.443,-124.09200751711413,0.057281494,0.795166,0.04019319625234212,367,367,1.0,1.0
1779,-57.67813,3534.396,-124.03767762145337,0.015045166,0.9529114,0.054329895660754766,376,376,1.0,1.0
1780,-57.60919,3535.443,-123.98931706330556,0.06893921,1.047226,0.04836055814780315,396,396,1.0,1.0
1781,-57.523254,3536.7578,-123.94226643583833,0.0859375,1.3148193,0.047050627467226665,390,390,1.0,1.0
1782,-57.459625,3538.1228,-123.89977053463728,0.06362915,1.3648987,0.04249590120104651,374,374,1.0,1.0
1783,-57.462097,3539.712,-123.86647798858637,-0.0024719238,1.5890198,0.033292546050918324,374,374,1.0,1.0
1784,-57.38867,3541.4287,-123.85874968605118,0.07342529,1.7168732,0.007728302535188228,385,385,1.0,1.0
1785,-57.386505,3543.3633,-123.8285527514953,0.002166748,1.9345245,0.03019693455588208,400,400,1.0,1.0
1786,-57.41864,3545.4866,-123.82624561877294,-0.03213501,2.1233826,0.002307132722346113,388,388,1.0,1.0
1787,-57.535736,3547.7756,-123.82121975386815,-0.11709595,2.2890625,0.005025864904795738,394,394,1.0,1.0
1788,-57.477448,3550.1882,-123.79191787310714,0.058288574,2.4125977,0.02930188076100525,400,400,1.0,1.0
1789,-57.574646,3552.8892,-123.78636985491096,-0.09719849,2.701004,0.005548018196175349,395,395,1.0,1.0
1790,-57.589417,3555.806,-123.77335918454362,-0.014770508,2.9167023,0.013010670367338915,395,395,1.0,1.0
1791,-57.579865,3558.7332,-123.75374559717112,0.009552002,2.9273071,0.019613587372497444,412,412,1.0,1.0
1792,-57.536102,3561.8452,-123.71550450520358,0.043762207,3.1120148,0.03824109196753752,428,428,1.0,1.0
1793,-57.692444,3564.8608,-123.68846510058778,-0.15634155,3.0157318,0.027039404615804404,419,419,1.0,1.0
1794,-57.612885,3567.9878,-123.6630315816246,0.079559326,3.12706,0.025433518963186304,440,440,1.0,1.0
1795,-57.739502,3571.0715,-123.64401076340182,-0.12661743,3.0836792,0.019020818222776893,450,450,1.0,1.0
1796,-57.760406,3574.155,-123.60064038073895,-0.020904541,3.083603,0.043370382662868835,464,464,1.0,1.0
1797,-57.799255,3577.2424,-123.57054120105425,-0.038848877,3.0874176,0.030099179684695214,471,471,1.0,1.0
1798,-57.752197,3580.272,-123.54184276547916,0.047058105,3.029663,0.0286984355751003,470,470,1.0,1.0
1799,-57.76828,3583.3687,-123.50343831286605,-0.016082764,3.0967407,0.03840445261310359,477,477,1.0,1.0
1800,-57.76773,3586.3188,-123.46160686927462,0.0005493164,2.950241,0.04183144359142692,506,506,1.0,1.0
1801,-57.803253,3589.353,-123.43313328590625,-0.03552246,3.0343018,0.02847358336836519,516,516,1.0,1.0
1802,-57.880188,3592.2664,-123.38114695382275,-0.076934814,2.9132233,0.05198633208350356,512,512,1.0,1.0
1803,-57.855957,3595.0894,-123.36119709708628,0.024230957,2.8229218,0.019949856736478217,507,507,1.0,1.0
1804,-57.84485,3597.9985,-123.33342490918014,0.011108398,2.9090576,0.02777218790614226,503,503,1.0,1.0
1805,-57.85089,3600.8105,-123.3092505903105,-0.0060424805,2.811905,0.024174318869640384,518,518,1.0,1.0
1806,-57.83014,3603.6138,-123.29223086872716,0.020751953,2.8031921,0.017019721583343896,535,535,1.0,1.0
1807,-57.838318,3606.4216,-123.27794275598299,-0.008178711,2.8079681,0.014288112744162758,529,529,1.0,1.0
1808,-57.879242,3609.182,-123.2602638076423,-0.040924072,2.760254,0.01767894834068831,535,535,1.0,1.0
1809,-57.850983,3611.9233,-123.24081440404336,0.028259277,2.741394,0.019449403598947024,548,548,1.0,1.0
1810,-57.9122,3614.6765,-123.20732787842007,-0.06121826,2.7532501,0.033486525623293836,551,551,1.0,1.0
1811,-57.837646,3617.4124,-123.17238590298918,0.07455444,2.735733,0.03494197543089381,550,550,1.0,1.0
1812,-57.907288,3620.1375,-123.14306844198984,-0.06964111,2.7252045,0.029317460999331257,561,561,1.0,1.0
1813,-57.931427,3622.8867,-123.10516044162843,-0.024139404,2.7493439,0.03790800036140737,573,573,1.0,1.0
1814,-57.930054,3625.6875,-123.09144856787653,0.001373291,2.800705,0.013711873751904776,588,588,1.0,1.0
1815,-57.976013,3628.4502,-123.07889265171978,-0.045959473,2.76268,0.012555916156740838,589,589,1.0,1.0
1816,-58.029907,3631.2285,-123.06464740789592,-0.053894043,2.7783508,0.014245243823863349,594,594,1.0,1.0
1817,-58.06967,3633.8962,-123.0491077580112,-0.039764404,2.6676178,0.01553964988471109,614,614,1.0,1.0
1818,-58.197235,3636.61,-123.041202764802,-0.12756348,2.7138977,0.007904993209203915,605,605,1.0,1.0
1819,-58.21634,3639.33,-123.02949789596204,-0.019104004,2.719925,0.011704868839958955,609,609,1.0,1.0
1820,-58.348938,3641.9988,-123.02203695423029,-0.13259888,2.6686096,0.007460941731750633,635,635,1.0,1.0
1821,-58.38031,3644.701,-123.00477521019035,-0.03137207,2.7020874,0.01726174403994184,651,651,1.0,1.0
1822,-58.403748,3647.3296,-122.9896937486272,-0.0234375,2.6287842,0.01508146156314664,649,649,1.0,1.0
1823,-58.473175,3650.0684,-122.99595930070438,-0.06942749,2.7387543,-0.006265552077187374,673,673,1.0,1.0
1824,-58.565887,3652.7212,-122.99136231746795,-0.0927124,2.6528625,0.00459698323643848,689,689,1.0,1.0
1825,-58.602325,3655.3748,-122.97536713491284,-0.03643799,2.653473,0.01599518255510539,684,684,1.0,1.0
1826,-58.685944,3658.106,-122.9632407968426,-0.083618164,2.7312775,0.012126338070248363,683,683,1.0,1.0
1827,-58.76169,3660.8398,-122.95384552395771,-0.07574463,2.7337646,0.009395272884884606,699,699,1.0,1.0
1828,-58.851135,3663.5217,-122.93655758723519,-0.08944702,2.6819305,0.017287936722524103,720,720,1.0,1.0
1829,-58.864502,3666.2441,-122.91486824552362,-0.013366699,2.7224884,0.021689341711564194,719,719,1.0,1.0
1830,-58.96109,3668.9849,-122.90462019850283,-0.096588135,2.7406006,0.010248047020790269,725,725,1.0,1.0
1831,-58.962616,3671.6133,-122.90333435362975,-0.0015258789,2.62854,0.00128584487307658,728,728,1.0,1.0
1832,-59.060883,3674.303,-122.90964338680396,-0.0982666,2.6897278,-0.006309033174214275,732,732,1.0,1.0
1833,-59.05194,3676.9966,-122.89931291507918,0.00894165,2.693573,0.01033047172478539,728,728,1.0,1.0
1834,-59.12143,3679.787,-122.90026800783899,-0.069488525,2.790619,-0.0009550927598116491,736,736,1.0,1.0
1835,-59.110413,3682.4893,-122.89571856617678,0.011016846,2.702118,0.004549441662207406,738,738,1.0,1.0
1836,-59.21875,3685.3066,-122.88086305106391,-0.1083374,2.8173065,0.014855515112866799,754,754,1.0,1.0
1837,-59.277985,3688.0361,-122.88328958062415,-0.05923462,2.7295837,-0.0024265295602375024,771,771,1.0,1.0
1838,-59.316223,3690.766,-122.89162830970686,-0.038238525,2.7299805,-0.008338729082715803,769,769,1.0,1.0
1839,-59.368256,3693.443,-122.8942829835319,-0.05203247,2.6770782,-0.002654673825037455,772,772,1.0,1.0
1840,-59.37729,3696.1152,-122.90481436835573,-0.009033203,2.6721497,-0.010531384823839097,812,812,1.0,1.0
1841,-59.39505,3698.769,-122.89148924567314,-0.01776123,2.6537476,0.01332512268258333,799,799,1.0,1.0
1842,-59.378174,3701.4595,-122.87732338030212,0.01687622,2.6903992,0.014165865371019997,795,795,1.0,1.0
1843,-59.38385,3704.0676,-122.89093967717594,-0.0056762695,2.6080627,-0.013616296873821168,800,800,1.0,1.0
1844,-59.389984,3706.7512,-122.88366924542683,-0.006134033,2.6835327,0.0072704317491119295,819,819,1.0,1.0
1845,-59.414246,3709.4602,-122.88998750858742,-0.024261475,2.7090607,-0.006318263160595964,837,837,1.0,1.0
1846,-59.40738,3712.1292,-122.90670238301517,0.006866455,2.6688385,-0.016714874427742447,838,838,1.0,1.0
1847,-59.398315,3714.836,-122.90428819769656,0.009063721,2.7068787,0.0024141853186116476,835,835,1.0,1.0
1848,-59.397522,3717.4822,-122.91859986447234,0.00079345703,2.646225,-0.014311666775775552,831,831,1.0,1.0
1849,-59.45044,3720.1848,-122.92545698090778,-0.05291748,2.7025604,-0.006857116435445147,830,830,1.0,1.0
1850,-59.456787,3722.8093,-122.92599236611777,-0.0063476562,2.6246033,-0.0005353852099916961,831,831,1.0,1.0
1851,-59.578796,3725.425,-122.9227215054866,-0.12200928,2.615738,0.003270860631157133,810,810,1.0,1.0
1852,-59.586945,3728.1018,-122.93190571334154,-0.008148193,2.676712,-0.009184207854927125,819,819,1.0,1.0
1853,-59.610016,3730.7146,-122.9360168917919,-0.023071289,2.6128387,-0.00411117845035312,815,815,1.0,1.0
1854,-59.6481,3733.3809,-122.94289591905492,-0.038085938,2.666214,-0.006879027263029531,829,829,1.0,1.0
1855,-59.669373,3736.0234,-122.9342896826561,-0.021270752,2.6425476,0.00860623639881479,842,842,1.0,1.0
1856,-59.668457,3738.813,-122.94033188606342,0.00091552734,2.7894897,-0.006042203407314253,840,840,1.0,1.0
1857,-59.721954,3741.5574,-122.9433996657664,-0.053497314,2.7444153,-0.0030677797029842802,846,846,1.0,1.0
1858,-59.75827,3744.2034,-122.9433845572738,-0.036315918,2.6459808,1.5108492597937865e-05,840,840,1.0,1.0
1859,-59.741272,3746.8442,-122.95575313693145,0.016998291,2.6408234,-0.012368579657645486,838,838,1.0,1.0
1860,-59.81064,3749.3042,-122.96389107825938,-0.069366455,2.4598694,-0.008137941327926234,837,837,1.0,1.0
1861,-59.814117,3751.6362,-122.97567215446695,-0.003479004,2.3321228,-0.011781076207563633,854,854,1.0,1.0
1862,-59.812836,3753.88,-122.96900374179602,0.0012817383,2.2435455,0.006668412670931131,842,842,1.0,1.0
1863,-59.870148,3756.0027,-122.9536403051974,-0.05731201,2.1227875,0.015363436598623133,850,850,1.0,1.0
1864,-59.860504,3758.1152,-122.9479148740423,0.009643555,2.1124725,0.005725431155104214,861,861,1.0,1.0
1865,-59.94577,3760.121,-122.93813347671608,-0.08526611,2.0057526,0.009781397326227723,862,862,1.0,1.0
1866,-59.934418,3761.9883,-122.94303829164261,0.011352539,1.867096,-0.004904814926530618,850,850,1.0,1.0
1867,-59.99591,3763.8584,-122.93142208258453,-0.06149292,1.8700562,0.011616209058069593,858,858,1.0,1.0
1868,-60.006683,3765.61,-122.91443704065075,-0.010772705,1.751648,0.016985041933777822,847,847,1.0,1.0
1869,-59.986694,3767.3428,-122.93160357099225,0.019989014,1.732727,-0.01716653034149751,859,859,1.0,1.0
1870,-60.03946,3769.0237,-122.93207295693031,-0.052764893,1.6808014,-0.00046938593806329843,849,849,1.0,1.0
1871,-60.021667,3770.6238,-122.92755918162553,0.017791748,1.6002045,0.004513775304786821,856,856,1.0,1.0
1872,-59.98059,3772.268,-122.91161521918035,0.04107666,1.6443634,0.015943962445174518,846,846,1.0,1.0
1873,-59.99472,3773.8306,-122.904980148114,-0.014129639,1.5624237,0.006635071066339239,861,861,1.0,1.0
1874,-59.977234,3775.3687,-122.89755461085504,0.017486572,1.5379944,0.007425537258964012,849,849,1.0,1.0
1875,-60.012573,3776.9512,-122.91139219075524,-0.035339355,1.58255,-0.013837579900202452,853,853,1.0,1.0
1876,-60.04297,3778.4834,-122.91192909132357,-0.030395508,1.5322876,-0.0005369005683300596,842,842,1.0,1.0
1877,-60.026733,3780.0823,-122.90762796876797,0.016235352,1.5988007,0.0043011225555976565,843,843,1.0,1.0
1878,-60.076782,3781.5864,-122.90831634977,-0.050048828,1.5040894,-0.0006883810020340351,849,849,1.0,1.0
1879,-60.04779,3783.1787,-122.89309962072704,0.0289917,1.5922852,0.015216729042966183,843,843,1.0,1.0
1880,-60.07321,3784.6685,-122.91593422460866,-0.025421143,1.4898529,-0.022834603881620067,860,860,1.0,1.0
1881,-60.079437,3786.146,-122.92038399460964,-0.006225586,1.4774323,-0.004449770000972535,847,847,1.0,1.0
1882,-60.016724,3787.5642,-122.88802996495698,0.06271362,1.4181671,0.03235402965265403,864,864,1.0,1.0
1883,-60.07657,3788.8591,-122.90604337578353,-0.05984497,1.2950134,-0.01801341082654504,866,866,1.0,1.0
1884,-60.03647,3790.1323,-122.89297898975573,0.040100098,1.2730865,0.013064386027790238,864,864,1.0,1.0
1885,-60.046814,3791.2363,-122.87812400306444,-0.010345459,1.1040802,0.014854986691296543,885,885,1.0,1.0
1886,-60.052948,3792.1833,-122.87391379734325,-0.006134033,0.94703674,0.004210205721199988,885,885,1.0,1.0
1887,-60.067932,3793.0396,-122.86822377692289,-0.014984131,0.85627747,0.005690020420361521,878,878,1.0,1.0
1888,-60.0455,3793.7644,-122.83622976253451,0.02243042,0.7249298,0.03199401438836831,878,878,1.0,1.0
1889,-60.07724,3794.3796,-122.83172735805063,-0.03173828,0.6151886,0.004502404483890507,891,891,1.0,1.0
1890,-60.07605,3794.9495,-122.7960395960732,0.0011901855,0.5697937,0.03568776197743274,878,878,1.0,1.0
1891,-60.063965,3795.3513,-122.7484773209831,0.012084961,0.40190125,0.04756227509009921,886,886,1.0,1.0
1892,-60.01297,3795.7559,-122.72139867816732,0.050994873,0.40441895,0.027078642815780724,882,882,1.0,1.0
1893,-60.06256,3796.0269,-122.72209248159899,-0.049591064,0.27093506,-0.0006938034316795149,897,897,1.0,1.0
1894,-60.062347,3796.1702,-122.71064810180698,0.00021362305,0.14337158,0.011444379792006831,927,927,1.0,1.0
1895,-60.10965,3796.2017,-122.70357257519038,-0.047302246,0.031402588,0.00707552661660274,942,942,1.0,1.0
1896,-60.120483,3796.1064,-122.68793282817995,-0.01083374,-0.09510803,0.015639747010426207,929,929,1.0,1.0
1897,-60.14554,3795.9788,-122.67494670534492,-0.025054932,-0.12771606,0.012986122835025241,917,917,1.0,1.0
1898,-60.206238,3795.847,-122.65973355197765,-0.060699463,-0.13192749,0.01521315336727255,919,919,1.0,1.0
1899,-60.211945,3795.7236,-122.64810957395417,-0.005706787,-0.123168945,0.011623978023485606,914,914,1.0,1.0
1900,-60.264496,3795.582,-122.65730855634833,-0.05255127,-0.14169312,-0.009198982394151105,914,914,1.0,1.0
1901,-60.076324,3795.3745,-123.13068992435238,0.18817139,-0.20755005,-0.4733813680040618,824,824,1.0,1.0
1902,-60.250793,3795.6995,-126.96551598293195,-0.174469,0.32487488,-3.8348260585795617,832,832,1.0,1.0
1903,-60.470703,3796.1892,-131.09861638054403,-0.21990967,0.4896698,-4.1331003976120835,806,806,1.0,1.0
1904,-60.421906,3796.6382,-134.25433679620093,0.048797607,0.44891357,-3.1557204156568943,811,811,1.0,1.0
1905,-60.516083,3797.057,-136.54932197186994,-0.094177246,0.41870117,-2.294985175669012,811,811,1.0,1.0
1906,-60.520844,3797.39,-138.11326814916174,-0.004760742,0.33293152,-1.5639461772917929,834,834,1.0,1.0
1907,-60.43924,3797.7344,-139.31417683990267,0.081604004,0.34457397,-1.2009086907409419,815,815,1.0,1.0
1908,-60.27484,3798.0476,-140.24226370998488,0.1643982,0.31326294,-0.9280868700821979,830,830,1.0,1.0
1909,-60.120087,3798.3699,-140.9837104723685,0.15475464,0.3223114,-0.7414467623836125,839,839,1.0,1.0
1910,-59.902832,3798.7197,-141.60198312277356,0.21725464,0.3499756,-0.6182726504050745,830,830,1.0,1.0
1911,-59.769745,3799.0725,-142.108809711076,0.13308716,0.35289,-0.5068265883024382,835,835,1.0,1.0
1912,-59.682434,3799.4724,-142.50612875458748,0.08731079,0.39982605,-0.3973190435114854,845,845,1.0,1.0
1913,-59.512238,3799.9705,-142.79835324967863,0.17019653,0.4980774,-0.2922244950911521,844,844,1.0,1.0
1914,-59.361145,3800.5032,-143.08405637203788,0.15109253,0.53260803,-0.28570312235924616,865,865,1.0,1.0
1915,-59.246643,3801.0881,-143.30038999048688,0.11450195,0.5848541,-0.2163336184490068,857,857,1.0,1.0
1916,-59.079895,3801.802,-143.49020269427558,0.16674805,0.7137604,-0.1898127037887022,847,847,1.0,1.0
1917,-58.98224,3802.5583,-143.66640628515532,0.09765625,0.7563324,-0.17620359087973694,862,862,1.0,1.0
1918,-58.966766,3803.3877,-143.82862369283666,0.015472412,0.8293457,-0.1622174076813512,859,859,1.0,1.0
1919,-58.861053,3804.548,-143.95897749582784,0.10571289,1.1603851,-0.1303538029911688,856,856,1.0,1.0
1920,-58.834503,3805.8828,-144.102834442633,0.026550293,1.3348083,-0.14385694680515085,866,866,1.0,1.0
1921,-58.756958,3807.296,-144.21914166282895,0.077545166,1.413208,-0.11630722019593726,855,855,1.0,1.0
1922,-58.796753,3809.007,-144.3303170615771,-0.039794922,1.7112274,-0.11117539874814389,843,843,1.0,1.0
1923,-58.70401,3810.8167,-144.361774210264,0.09274292,1.8096771,-0.031457148686902296,844,844,1.0,1.0
1924,-58.693573,3812.7598,-144.4313424958465,0.010437012,1.943161,-0.06956828558249177,862,862,1.0,1.0
1925,-58.739655,3814.9365,-144.5273624208414,-0.046081543,2.176712,-0.09601992499490247,856,856,1.0,1.0
1926,-58.73822,3817.293,-144.57430777159442,0.0014343262,2.3565063,-0.04694535075300844,853,853,1.0,1.0
1927,-58.735626,3819.8245,-144.64256926784165,0.0025939941,2.5314484,-0.0682614962472234,848,848,1.0,1.0
1928,-58.736908,3822.614,-144.70964487299818,-0.0012817383,2.7896118,-0.06707560515651889,855,855,1.0,1.0
1929,-58.754913,3825.5479,-144.8075864128264,-0.018005371,2.933838,-0.09794153982821138,865,865,1.0,1.0
1930,-58.83783,3828.61,-144.91521634965454,-0.08291626,3.0621796,-0.1076299368281501,867,867,1.0,1.0
1931,-58.790833,3831.62,-144.9824082218072,0.04699707,3.0101318,-0.06719187215264075,861,861,1.0,1.0
1932,-58.89618,3834.6282,-145.03507838129346,-0.10534668,3.0080261,-0.052670159486282044,860,860,1.0,1.0
1933,-58.90039,3837.6868,-145.03497457562264,-0.004211426,3.0585175,0.0001038056708061735,859,859,1.0,1.0
1934,-58.95633,3840.7786,-145.0343587750242,-0.05593872,3.0918427,0.0006158005984373768,871,871,1.0,1.0
1935,-59.01895,3843.8027,-144.9893387541669,-0.06262207,3.0241241,0.04502002085728783,872,872,1.0,1.0
1936,-59.05597,3846.7646,-144.98888251573558,-0.037017822,2.961914,0.0004562384313331569,885,885,1.0,1.0
1937,-59.05594,3849.6018,-144.9699000878779,3.0517578e-05,2.837204,0.01898242785768175,865,865,1.0,1.0
1938,-59.054108,3852.568,-144.9527168510421,0.0018310547,2.9663239,0.01718323683577883,871,871,1.0,1.0
1939,-59.104828,3855.478,-144.9444158057668,-0.050720215,2.9099274,0.008301045275321444,869,869,1.0,1.0
1940,-59.16272,3858.305,-144.91362856791133,-0.057891846,2.8269653,0.03078723785545643,860,860,1.0,1.0
1941,-59.194885,3861.0796,-144.89712590114698,-0.032165527,2.774643,0.016502666764367235,871,871,1.0,1.0
1942,-59.250885,3863.8516,-144.8698016646633,-0.055999756,2.7720642,0.027324236483685857,874,874,1.0,1.0
1943,-59.216766,3866.6045,-144.8408706636525,0.034118652,2.7528534,0.028931001010789832,878,878,1.0,1.0
1944,-59.251404,3869.263,-144.81876362229156,-0.03463745,2.658432,0.022107041360947963,866,866,1.0,1.0
1945,-59.268555,3872.0293,-144.78132044550023,-0.017150879,2.7664185,0.037443176791333244,864,864,1.0,1.0
1946,-59.226776,3874.7085,-144.75786788706574,0.041778564,2.679245,0.023452558434477074,870,870,1.0,1.0
1947,-59.211395,3877.3835,-144.73670428592754,0.015380859,2.6750336,0.021163601138208966,869,869,1.0,1.0
1948,-59.194916,3880.0178,-144.7322133012739,0.016479492,2.6342468,0.004490984653646521,867,867,1.0,1.0
1949,-59.15732,3882.72,-144.7098100810271,0.037597656,2.702118,0.022403220246803333,868,868,1.0,1.0
1950,-59.08441,3885.3218,-144.67687942172967,0.072906494,2.6017914,0.03293065929742487,857,857,1.0,1.0
1951,-59.012146,3887.973,-144.66511616079413,0.072265625,2.651062,0.011763260935541543,853,853,1.0,1.0
1952,-59.011444,3890.5056,-144.64600800537605,0.0007019043,2.532669,0.01910815541808815,856,856,1.0,1.0
1953,-59.006317,3893.0603,-144.63728684371708,0.005126953,2.554596,0.00872116165895757,853,853,1.0,1.0
1954,-58.998505,3895.6208,-144.62013890070062,0.0078125,2.5606537,0.017147943016441552,845,845,1.0,1.0
1955,-58.969543,3898.1934,-144.6021378231927,0.028961182,2.5725403,0.018001077507942904,854,854,1.0,1.0
1956,-58.970917,3900.769,-144.59006245382517,-0.001373291,2.5756073,0.012075369367514723,855,855,1.0,1.0
1957,-58.948975,3903.3364,-144.59309355867452,0.021942139,2.567459,-0.0030311048493501967,854,854,1.0,1.0
1958,-58.910583,3905.909,-144.58945801705622,0.038391113,2.5726013,0.003635541618298246,855,855,1.0,1.0
1959,-58.8992,3908.61,-144.5963373030792,0.011383057,2.7011414,-0.006879286022988371,854,854,1.0,1.0
1960,-58.90094,3911.2327,-144.5821615098751,-0.001739502,2.6226501,0.014175793204078888,845,845,1.0,1.0
1961,-58.89865,3913.882,-144.5751587640161,0.0022888184,2.649475,0.007002745859012526,852,852,1.0,1.0
1962,-58.899445,3916.4966,-144.5611578322763,-0.00079345703,2.6144257,0.01400093173978379,851,851,1.0,1.0
1963,-58.92697,3919.2952,-144.55919611468207,-0.027526855,2.7984924,0.001961717594229688,856,856,1.0,1.0
1964,-58.952087,3922.13,-144.56120582987052,-0.025115967,2.8345947,-0.002009715188459942,866,866,1.0,1.0
1965,-58.967865,3924.7625,-144.5540371686947,-0.015777588,2.6326141,0.007168661175818989,857,857,1.0,1.0
1966,-59.028473,3927.3232,-144.55692704126767,-0.06060791,2.5608368,-0.0028898725729782663,862,862,1.0,1.0
1967,-59.074493,3929.757,-144.5525736410671,-0.046020508,2.4338531,0.0043534002005681475,866,866,1.0,1.0
1968,-59.076202,3932.109,-144.52899412688484,-0.0017089844,2.3519287,0.023579514182266434,879,879,1.0,1.0
1969,-59.18628,3934.356,-144.51291163767021,-0.110076904,2.2471924,0.016082489214622568,875,875,1.0,1.0
1970,-59.24237,3936.4915,-144.48820367941957,-0.05609131,2.135437,0.02470795825065811,882,882,1.0,1.0
1971,-59.316315,3938.6567,-144.4624001333682,-0.07394409,2.16539,0.02580354605136747,884,884,1.0,1.0
1972,-59.35385,3940.607,-144.43547372869554,-0.03753662,1.9501648,0.026926404672644885,885,885,1.0,1.0
1973,-59.386627,3942.5002,-144.40265600582168,-0.03277588,1.8933563,0.03281772287387211,877,877,1.0,1.0
1974,-59.41043,3944.2864,-144.3972351114235,-0.023803711,1.7862396,0.005420894398177063,877,877,1.0,1.0
1975,-59.391876,3945.9568,-144.37713982971988,0.018554688,1.6703491,0.02009528170361249,893,893,1.0,1.0
1976,-59.472412,3947.6946,-144.3685415443422,-0.08053589,1.7378387,0.008598285377680207,873,873,1.0,1.0
1977,-59.469635,3949.3215,-144.3667722342689,0.0027770996,1.6269989,0.001769310073324613,877,877,1.0,1.0
1978,-59.447052,3950.8967,-144.33955191553298,0.022583008,1.5751495,0.027220318735906215,871,871,1.0,1.0
1979,-59.44873,3952.4873,-144.3355001853092,-0.0016784668,1.5904694,0.004051730223772211,891,891,1.0,1.0
1980,-59.436493,3954.049,-144.32359296621448,0.012237549,1.5617218,0.011907219094721117,887,887,1.0,1.0
1981,-59.41855,3955.5938,-144.31302777737034,0.017944336,1.5446625,0.010565188844148974,890,890,1.0,1.0
1982,-59.432983,3957.126,-144.2990521606232,-0.014434814,1.532135,0.013975616747142003,890,890,1.0,1.0
1983,-59.4769,3958.6252,-144.30363520544014,-0.043914795,1.4992065,-0.0045830448169492805,888,888,1.0,1.0
1984,-59.45508,3960.0967,-144.29848432770373,0.021820068,1.4715118,0.005150877736404481,882,882,1.0,1.0
1985,-59.479248,3961.6272,-144.2876737048772,-0.024169922,1.5305786,0.010810622826529802,890,890,1.0,1.0
1986,-59.48636,3963.2114,-144.28070813343658,-0.0071105957,1.5843201,0.006965571440624155,883,883,1.0,1.0
1987,-59.47531,3964.7583,-144.27435112125795,0.011047363,1.5468445,0.006357012178632627,889,889,1.0,1.0
1988,-59.400208,3966.202,-144.23152506065566,0.07510376,1.4436035,0.04282606060228853,889,889,1.0,1.0
1989,-59.435577,3967.578,-144.24813346020568,-0.035369873,1.3760834,-0.01660839955001037,884,884,1.0,1.0
1990,-59.440674,3968.896,-144.24534516054882,-0.0050964355,1.318161,0.002788299656855035,899,899,1.0,1.0
1991,-59.423798,3970.1562,-144.22844561371568,0.01687622,1.2603302,0.01689954683313992,891,891,1.0,1.0
1992,-59.473602,3971.2607,-144.21752914087958,-0.049804688,1.1044006,0.010916472836096645,904,904,1.0,1.0
1993,-59.47766,3972.3013,-144.2089025735826,-0.004058838,1.0405884,0.00862656729697905,907,907,1.0,1.0
1994,-59.50525,3973.2139,-144.19514009005835,-0.02758789,0.9125519,0.013762483524248659,917,917,1.0,1.0
1995,-59.51248,3974.0034,-144.17407655042078,-0.007232666,0.7894592,0.021063539637554553,922,922,1.0,1.0
1996,-59.526947,3974.676,-144.14915417331028,-0.014465332,0.6725311,0.024922377110494963,923,923,1.0,1.0
1997,-59.51242,3975.2747,-144.12508502735545,0.014526367,0.59861755,0.024069145954819175,910,910,1.0,1.0
1998,-59.51242,3975.743,-144.10190367970776,0.0,0.46835327,0.023181347647695007,918,918,1.0,1.0
1999,-59.555847,3976.1284,-144.03903858961036,-0.043426514,0.3854828,0.06286509009739719,937,937,1.0,1.0
2000,-59.49301,3976.466,-144.01097504588688,0.06283569,0.33773804,0.028063543723471397,923,923,1.0,1.0
2001,-59.53778,3976.786,-143.99604544393497,-0.044769287,0.31976318,0.01492960195191934,934,934,1.0,1.0
2002,-59.574554,3976.908,-143.98688366876607,-0.03677368,0.12211609,0.009161775168898443,955,955,1.0,1.0
2003,-59.61023,3976.9602,-143.98096219505072,-0.03567505,0.052230835,0.005921473715352177,966,966,1.0,1.0
2004,-59.66446,3976.9658,-143.96421609000137,-0.054229736,0.005645752,0.016746105049345143,957,957,1.0,1.0
2005,-59.767883,3976.891,-143.9468166443291,-0.10342407,-0.07476807,0.01739944567227756,951,951,1.0,1.0
2006,-59.83432,3976.8003,-143.93304833840855,-0.06643677,-0.090911865,0.01376830592052691,950,950,1.0,1.0
2007,-59.896606,3976.6775,-143.93114200482768,-0.062286377,-0.12284851,0.0019063335808865971,959,959,1.0,1.0
2008,-59.98819,3976.5923,-143.9273280261244,-0.09158325,-0.08532715,0.003813978703291217,946,946,1.0,1.0
2009,-60.078125,3976.4895,-143.9363136003855,-0.0899353,-0.10267639,-0.00898557426107908,954,954,1.0,1.0
2010,-59.419067,3976.6272,-146.1951282708195,0.6590576,0.13775635,-2.258814670434019,859,859,1.0,1.0
2011,-59.644165,3977.3066,-152.35530195977856,-0.22509766,0.67941284,-6.160173688959055,822,822,1.0,1.0
2012,-59.823303,3978.2888,-158.95352684877898,-0.17913818,0.98210144,-6.59822488900043,825,825,1.0,1.0
2013,-59.817505,3979.3547,-165.65093044085356,0.00579834,1.0658875,-6.697403592074567,836,836,1.0,1.0
2014,-59.918884,3980.4653,-172.37753652875196,-0.101379395,1.1105804,-6.726606087898401,833,833,1.0,1.0
2015,-60.04474,3981.684,-179.0950676653651,-0.12585449,1.2188416,-6.717531136613124,844,844,1.0,1.0
2016,-60.118347,3982.765,-185.83064941029215,-0.0736084,1.0808716,-6.735581744927064,832,832,1.0,1.0
2017,-60.220062,3983.8218,-192.5634599228453,-0.10171509,1.0569305,-6.732810512553161,839,839,1.0,1.0
2018,-60.21643,3984.8657,-199.24454988431467,0.0036315918,1.0438538,-6.681089961469349,844,844,1.0,1.0
2019,-60.219208,3985.9255,-205.96083124151178,-0.0027770996,1.0597076,-6.71628135719713,840,840,1.0,1.0
2020,-60.23709,3986.8318,-212.6855846187522,-0.0178833,0.90631104,-6.724753377240417,835,835,1.0,1.0
2021,-60.140167,3987.5693,-219.40377489974216,0.09692383,0.73750305,-6.7181902809899805,824,824,1.0,1.0
2022,-60.00418,3988.251,-226.11084157273004,0.13598633,0.68162537,-6.70706667298788,825,825,1.0,1.0
2023,-59.99823,3988.9636,-232.80473903354465,0.0059509277,0.71266174,-6.6938974608146,826,826,1.0,1.0
2024,-60.08606,3989.629,-238.9877800025524,-0.08782959,0.66539,-6.183040969007761,836,836,1.0,1.0
2025,-60.239014,3990.4163,-244.07484606552907,-0.1529541,0.78730774,-5.087066062976677,843,843,1.0,1.0
2026,-60.509552,3991.3835,-247.79969098254293,-0.27053833,0.9672699,-3.724844917013845,863,863,1.0,1.0
2027,-60.671936,3992.5403,-250.00949304655657,-0.16238403,1.1568298,-2.2098020640136307,864,864,1.0,1.0
2028,-60.752808,3993.7239,-251.38182725311884,-0.08087158,1.1836395,-1.3723342065622859,875,875,1.0,1.0
2029,-60.771393,3995.0798,-252.52998620299928,-0.018585205,1.355957,-1.1481589498804263,877,877,1.0,1.0
2030,-60.852783,3996.624,-253.51288036338502,-0.08139038,1.5442657,-0.9828941603857503,883,883,1.0,1.0
2031,-60.91629,3998.2942,-254.2897269321553,-0.06350708,1.6701965,-0.7768465687702899,878,878,1.0,1.0
2032,-60.947845,4000.221,-254.9072127057267,-0.031555176,1.9268646,-0.6174857735713918,881,881,1.0,1.0
2033,-60.990997,4002.2673,-255.35552086616707,-0.043151855,2.0463715,-0.4483081604403758,891,891,1.0,1.0
2034,-60.97711,4004.5413,-255.67358842830467,0.013885498,2.2738495,-0.31806756213758863,874,874,1.0,1.0
2035,-61.01529,4006.949,-255.93746354029133,-0.03817749,2.4077454,-0.2638751119866532,883,883,1.0,1.0
2036,-61.105927,4009.596,-256.1456456494339,-0.09063721,2.6469269,-0.2081821091425822,898,898,1.0,1.0
2037,-61.11844,4012.4434,-256.28183761204014,-0.012512207,2.8474426,-0.1361919626062284,891,891,1.0,1.0
2038,-61.157898,4015.4634,-256.4047880800402,-0.03945923,3.02005,-0.12295046800006072,906,906,1.0,1.0
2039,-61.175873,4018.5867,-256.51972282021177,-0.017974854,3.1232605,-0.11493474017155357,898,898,1.0,1.0
2040,-61.182526,4021.7656,-256.6388907538212,-0.006652832,3.1788635,-0.1191679336094613,894,894,1.0,1.0
2041,-61.166504,4025.01,-256.76084931147074,0.016021729,3.2443695,-0.12195855764953653,906,906,1.0,1.0
2042,-61.18225,4028.2915,-256.90314590425675,-0.01574707,3.281479,-0.14229659278599316,897,897,1.0,1.0
2043,-61.166992,4031.5693,-256.98308608524735,0.015258789,3.2777863,-0.07994018099058997,907,907,1.0,1.0
2044,-61.18091,4034.8374,-257.0372749954882,-0.013916016,3.2681274,-0.05418891024083397,900,900,1.0,1.0
2045,-61.151764,4038.0667,-257.05756387576304,0.029144287,3.2293396,-0.02028888027485086,899,899,1.0,1.0
2046,-61.107147,4041.2358,-257.062103659948,0.0446167,3.169281,-0.004539784184967446,907,907,1.0,1.0
2047,-61.0961,4044.39,-257.0762155391013,0.011047363,3.1539917,-0.014111879153346444,904,904,1.0,1.0
2048,-61.08072,4047.6191,-257.09096467723555,0.015380859,3.2292175,-0.01474913813422372,889,889,1.0,1.0
2049,-61.069244,4050.805,-257.08439160315083,0.011474609,3.1857758,0.0065730740847413606,886,886,1.0,1.0
2050,-60.992462,4053.843,-257.077125812298,0.07678223,3.0380707,0.0072657908528648875,895,895,1.0,1.0
2051,-60.941467,4056.8743,-257.0739206104488,0.050994873,3.0312653,0.003205201849212733,907,907,1.0,1.0
2052,-60.877228,4059.7617,-257.0651854904764,0.0642395,2.8873901,0.00873511997239583,894,894,1.0,1.0
2053,-60.84439,4062.6167,-257.05668213412997,0.032836914,2.854889,0.008503356346408673,895,895,1.0,1.0
2054,-60.85724,4065.5198,-257.04985554418914,-0.0128479,2.9030151,0.006826589940808078,904,904,1.0,1.0
2055,-60.81668,4068.395,-257.0374199232514,0.04055786,2.8751526,0.012435620937764614,904,904,1.0,1.0
2056,-60.800507,4071.2686,-257.03141433090343,0.016174316,2.8735657,0.006005592347967669,908,908,1.0,1.0
2057,-60.76883,4074.0752,-257.0409854898552,0.031677246,2.8066406,-0.009571158951781332,896,896,1.0,1.0
2058,-60.713593,4076.949,-257.03071191721233,0.055236816,2.8737488,0.010273572642863719,899,899,1.0,1.0
2059,-60.65686,4079.7307,-257.04449905367017,0.056732178,2.781845,-0.013787136457815647,908,908,1.0,1.0
2060,-60.640533,4082.5415,-257.0432264333048,0.016326904,2.8106842,0.0012726203653333802,901,901,1.0,1.0
2061,-60.599,4085.3718,-257.04744742233123,0.041534424,2.8302155,-0.004220989026392271,897,897,1.0,1.0
2062,-60.576904,4088.1836,-257.0571533188797,0.022094727,2.811798,-0.00970589654852332,903,903,1.0,1.0
2063,-60.56305,4090.9646,-257.072727783059,0.0138549805,2.7811127,-0.01557446417929493,910,910,1.0,1.0
2064,-60.580505,4093.832,-257.0724968715771,-0.017456055,2.8674164,0.00023091148192803487,900,900,1.0,1.0
2065,-60.5672,4096.648,-257.0781386783505,0.013305664,2.8158722,-0.00564180677345178,900,900,1.0,1.0
2066,-60.572357,4099.5063,-257.09421430599053,-0.0051574707,2.8582458,-0.016075627640024074,900,900,1.0,1.0
2067,-60.569855,4102.35,-257.0905325047975,0.0025024414,2.8436737,0.0036818011929960447,900,900,1.0,1.0
2068,-60.566284,4105.184,-257.09597649940554,0.0035705566,2.833969,-0.005443994608000754,891,891,1.0,1.0
2069,-60.590942,4108.028,-257.09040999960877,-0.024658203,2.8437347,0.005566499796795541,894,894,1.0,1.0
2070,-60.587738,4110.7524,-257.10036844073323,0.0032043457,2.7247162,-0.009958441124494639,895,895,1.0,1.0
2071,-60.61206,4113.5586,-257.0875570084718,-0.02432251,2.806244,0.012811432261455785,877,877,1.0,1.0
2072,-60.61978,4116.3267,-257.1303393517805,-0.0077209473,2.767929,-0.042782343308731395,866,866,1.0,1.0
2073,-60.617706,4119.1914,-257.1180570313573,0.0020751953,2.864563,0.012282320423209633,881,881,1.0,1.0
2074,-60.59543,4121.9976,-257.12037289781125,0.022277832,2.8061523,-0.00231586645396865,884,884,1.0,1.0
2075,-60.610138,4124.881,-257.1366445978155,-0.014709473,2.8834991,-0.016271700004285423,892,892,1.0,1.0
2076,-60.602295,4127.729,-257.1177475315719,0.007843018,2.8483276,0.018897066243609463,877,877,1.0,1.0
2077,-60.573517,4130.5537,-257.13323840380605,0.028778076,2.824646,-0.015490872234130768,887,887,1.0,1.0
2078,-60.54648,4133.32,-257.13578326190157,0.027038574,2.7663422,-0.0025448580955285734,866,866,1.0,1.0
2079,-60.5383,4136.185,-257.14218658264394,0.008178711,2.8651123,-0.006403320742403403,880,880,1.0,1.0
2080,-60.547546,4138.96,-257.1241277697047,-0.009246826,2.7751007,0.018058812939230368,866,866,1.0,1.0
2081,-60.434296,4141.6797,-257.12382587139757,0.11325073,2.7196503,0.0003018983071793616,874,874,1.0,1.0
2082,-60.428314,4144.463,-257.1079482558507,0.0059814453,2.78302,0.01587761554688326,883,883,1.0,1.0
2083,-60.305878,4147.212,-257.11312753594353,0.12243652,2.749176,-0.005179280092836919,870,870,1.0,1.0
2084,-60.290497,4150.0156,-257.1067529608662,0.015380859,2.803543,0.006374575077354737,866,866,1.0,1.0
2085,-60.284668,4152.775,-257.1010161665275,0.0058288574,2.7590942,0.005736794338676372,872,872,1.0,1.0
2086,-60.308624,4155.702,-257.1022421805816,-0.023956299,2.9270782,-0.0012260140541104458,880,880,1.0,1.0
2087,-60.284424,4158.5977,-257.11375361089404,0.02420044,2.8955688,-0.01151143031246694,876,876,1.0,1.0
2088,-60.214935,4161.36,-257.11380595518864,0.069488525,2.7620392,-5.234429462294131e-05,856,856,1.0,1.0
2089,-60.258423,4163.972,-257.1218114006306,-0.04348755,2.6124573,-0.008005445441945052,859,859,1.0,1.0
2090,-60.143585,4166.5503,-257.14137896053194,0.11483765,2.5783386,-0.019567559901364853,858,858,1.0,1.0
2091,-60.13333,4169.012,-257.13040053900806,0.010253906,2.4620972,0.010978421523876255,857,857,1.0,1.0
2092,-60.107056,4171.2275,-257.12938520939343,0.026275635,2.215393,0.0010153296146098055,850,850,1.0,1.0
2093,-60.11371,4173.3413,-257.13744101193834,-0.006652832,2.1138153,-0.008055802544896696,877,877,1.0,1.0
2094,-60.177612,4175.416,-257.1184992556489,-0.06390381,2.0749054,0.018941756289478567,875,875,1.0,1.0
2095,-60.128174,4177.401,-257.1101837738503,0.049438477,1.9846344,0.008315481798584871,876,876,1.0,1.0
2096,-60.109436,4179.286,-257.09483723284063,0.018737793,1.8854065,0.015346541009666278,863,863,1.0,1.0
2097,-60.1037,4181.1665,-257.0623347970594,0.0057373047,1.880539,0.03250243578124743,868,868,1.0,1.0
2098,-60.097687,4182.9233,-257.04156817582253,0.006011963,1.7567902,0.020766621236857467,863,863,1.0,1.0
2099,-60.10431,4184.6396,-257.01665783041204,-0.0066223145,1.7165222,0.0249103454104892,859,859,1.0,1.0
2100,-60.11557,4186.3086,-256.9949070124808,-0.011260986,1.6687317,0.021750817931287563,861,861,1.0,1.0
2101,-60.129395,4187.9585,-256.9563063046063,-0.013824463,1.6498871,0.038600707874454944,855,855,1.0,1.0
2102,-60.17169,4189.526,-256.92938789318646,-0.042297363,1.567337,0.026918411419831274,853,853,1.0,1.0
2103,-60.14972,4191.035,-256.9204696503687,0.021972656,1.5094757,0.00891824281776714,860,860,1.0,1.0
2104,-60.16681,4192.5747,-256.91090259132613,-0.017089844,1.5396576,0.00956705904255718,870,870,1.0,1.0
2105,-60.185608,4194.0786,-256.90127389994313,-0.018798828,1.5039673,0.009628691382989139,859,859,1.0,1.0
2106,-60.186676,4195.643,-256.89569016412656,-0.0010681152,1.5642548,0.005583735816563122,861,861,1.0,1.0
2107,-60.200775,4197.232,-256.8779955302484,-0.014099121,1.5888062,0.017694633878116702,848,848,1.0,1.0
2108,-60.195923,4198.8774,-256.8821771987837,0.004852295,1.6456757,-0.004181668535288485,846,846,1.0,1.0
2109,-60.197784,4200.2944,-256.90295997312023,-0.0018615723,1.417038,-0.020782774336520652,846,846,1.0,1.0
2110,-60.212646,4201.7466,-256.919832867107,-0.014862061,1.4520264,-0.016872893986775855,853,853,1.0,1.0
2111,-60.19821,4203.1377,-256.8971120381238,0.014434814,1.391037,0.02272082898318841,863,863,1.0,1.0
2112,-60.20526,4204.46,-256.89378573247484,-0.0070495605,1.3222046,0.0033263056489647347,860,860,1.0,1.0
2113,-60.16391,4205.7876,-256.8741842215856,0.04135132,1.3277283,0.019601510889228384,855,855,1.0,1.0
2114,-60.150238,4207.0303,-256.85284509275476,0.013671875,1.2426605,0.021339128830866735,851,851,1.0,1.0
2115,-60.176666,4208.1797,-256.8578344331832,-0.026428223,1.1493683,-0.004989340428461838,864,864,1.0,1.0
2116,-60.170166,4209.2554,-256.85427702480115,0.006500244,1.0759125,0.0035574083820262337,879,879,1.0,1.0
2117,-60.1528,4210.1816,-256.8511450558006,0.017364502,0.9262543,0.003131969000548128,879,879,1.0,1.0
2118,-60.12387,4211.0405,-256.8400382680276,0.028930664,0.85905457,0.011106787772989011,866,866,1.0,1.0
2119,-60.11493,4211.6904,-256.8467698394481,0.00894165,0.6500397,-0.006731571420447845,868,868,1.0,1.0
2120,-60.111877,4212.331,-256.8492352590095,0.0030517578,0.6407318,-0.0024654195614275914,860,860,1.0,1.0
2121,-60.057556,4212.77,-256.8181219905844,0.05432129,0.4389038,0.03111326842506689,857,857,1.0,1.0
2122,-60.04196,4213.1274,-256.80726185698506,0.015594482,0.35760498,0.01086013359934271,869,869,1.0,1.0
2123,-60.005707,4213.3384,-256.7839788373427,0.036254883,0.21115112,0.023283019642371575,904,904,1.0,1.0
2124,-59.990417,4213.467,-256.7805805340782,0.015289307,0.12818909,0.003398303264538202,923,923,1.0,1.0
2125,-60.017517,4213.51,-256.78121688014454,-0.02709961,0.04307556,-0.000636346066337075,951,951,1.0,1.0
2126,-60.06424,4213.4883,-256.7529583344612,-0.046722412,-0.021499634,0.028258545683332824,931,931,1.0,1.0
2127,-60.12668,4213.434,-256.72936575115693,-0.062438965,-0.054138184,0.023592583304246042,920,920,1.0,1.0
2128,-60.24533,4213.353,-256.72286845425566,-0.118652344,-0.08085632,0.006497296901297801,913,913,1.0,1.0
2129,-60.32193,4213.3164,-256.7053518271871,-0.07659912,-0.0365448,0.017516627068550474,911,911,1.0,1.0
2130,-60.40381,4213.242,-256.69815422229493,-0.08187866,-0.0743866,0.0071976048921796485,916,916,1.0,1.0
2131,-60.540314,4213.247,-256.697714079625,-0.13650513,0.0046691895,0.00044014266997877133,922,922,1.0,1.0
2132,-60.71924,4213.2715,-256.70132278000824,-0.17892456,0.024337769,-0.003608700383278684,904,904,1.0,1.0
2133,-60.907898,4213.381,-256.77924882564935,-0.18865967,0.10926819,-0.07792604564109615,864,864,1.0,1.0
2134,-60.987,4213.4497,-257.0269390764136,-0.07910156,0.06896973,-0.24769025076425938,857,857,1.0,1.0
2135,-61.01828,4213.492,-257.2601963114829,-0.031280518,0.042510986,-0.23325723506927545,860,860,1.0,1.0
2136,-61.082947,4213.514,-257.41397545657117,-0.06466675,0.021774292,-0.15377914508825877,868,868,1.0,1.0
2137,-61.05121,4213.5303,-257.5522680005209,0.03173828,0.016204834,-0.13829254394970486,866,866,1.0,1.0
2138,-60.980072,4213.5547,-257.68006414389373,0.071136475,0.024597168,-0.12779614337283393,872,872,1.0,1.0
2139,-60.878693,4213.5815,-257.7739349021179,0.101379395,0.026855469,-0.09387075822417021,864,864,1.0,1.0
2140,-60.838684,4213.6484,-257.8866463683253,0.040008545,0.06669617,-0.11271146620740018,886,886,1.0,1.0
2141,-60.66565,4213.7583,-257.9742554907222,0.17303467,0.10984802,-0.0876091223969505,888,888,1.0,1.0
2142,-60.527954,4213.9473,-258.06343887402534,0.13769531,0.18916321,-0.08918338330314919,877,877,1.0,1.0
2143,-60.408234,4214.223,-258.1441045171536,0.11972046,0.27565002,-0.08066564312828249,885,885,1.0,1.0
2144,-60.343628,4214.6187,-258.24310482572014,0.06460571,0.39569092,-0.09900030856655127,886,886,1.0,1.0
2145,-60.28012,4215.021,-258.35200337130846,0.06350708,0.40255737,-0.10889854558831433,880,880,1.0,1.0
2146,-60.213104,4215.618,-258.4735818410748,0.0670166,0.59721375,-0.12157846976632629,872,872,1.0,1.0
2147,-60.061768,4216.2725,-258.5690025584863,0.15133667,0.6544647,-0.09542071741149345,849,849,1.0,1.0
2148,-60.033203,4217.127,-258.6937957331459,0.028564453,0.85466003,-0.12479317465961146,852,852,1.0,1.0
2149,-59.94452,4218.187,-258.79115970076407,0.08868408,1.0599365,-0.09736396761815498,857,857,1.0,1.0
2150,-59.8804,4219.4224,-258.85579415284974,0.06411743,1.2353058,-0.06463445208566995,869,869,1.0,1.0
2151,-59.84308,4220.8325,-258.9286426188986,0.037322998,1.4103851,-0.07284846604887503,847,847,1.0,1.0
2152,-59.8356,4222.357,-259.0147802636838,0.0074768066,1.5243835,-0.08613764478517168,858,858,1.0,1.0
2153,-59.796234,4224.1426,-259.0574530193539,0.039367676,1.7854309,-0.042672755670095874,858,858,1.0,1.0
2154,-59.74991,4226.114,-259.11027061755436,0.046325684,1.9713745,-0.05281759820048509,845,845,1.0,1.0
2155,-59.773956,4228.2656,-259.1731161735303,-0.024047852,2.1517944,-0.06284555597592541,844,844,1.0,1.0
2156,-59.731506,4230.5967,-259.245880562385,0.04244995,2.3312378,-0.07276438885475163,846,846,1.0,1.0
2157,-59.745453,4233.1177,-259.2950357408528,-0.013946533,2.521164,-0.04915517846778435,861,861,1.0,1.0
2158,-59.665497,4235.834,-259.34458338808776,0.079956055,2.7162018,-0.04954764723492021,845,845,1.0,1.0
2159,-59.635345,4238.7935,-259.3863891791733,0.030151367,2.9596558,-0.04180579108553836,849,849,1.0,1.0
2160,-59.58737,4241.9175,-259.4117103278523,0.047973633,3.1242065,-0.025321148678987142,851,851,1.0,1.0
2161,-59.522736,4245.161,-259.45276209295787,0.06463623,3.243515,-0.04105176510559666,841,841,1.0,1.0
2162,-59.432983,4248.3667,-259.50041775395675,0.0897522,3.2056885,-0.047655660998861885,835,835,1.0,1.0
2163,-59.33255,4251.6978,-259.5144947359409,0.10043335,3.330902,-0.014076981984155894,842,842,1.0,1.0
2164,-59.2601,4255.088,-259.4755590973288,0.07244873,3.3902283,0.03893563861208294,843,843,1.0,1.0
2165,-59.127777,4258.3784,-259.3950029730893,0.13232422,3.2904663,0.08055612423953448,855,855,1.0,1.0
2166,-59.12256,4261.6855,-259.3460372737906,0.005218506,3.3073425,0.048965699298655685,859,859,1.0,1.0
2167,-59.083588,4264.927,-259.2679401618024,0.038970947,3.24115,0.07809711198820421,862,862,1.0,1.0
2168,-59.00064,4268.142,-259.1910713169622,0.08294678,3.2153015,0.07686884484020697,857,857,1.0,1.0
2169,-58.942566,4271.3784,-259.09492345817307,0.05807495,3.2361298,0.09614785878914071,852,852,1.0,1.0
2170,-58.924316,4274.551,-259.0206590689662,0.018249512,3.1721954,0.07426438920684804,847,847,1.0,1.0
2171,-58.86142,4277.681,-258.9417939063923,0.06289673,3.130539,0.07886516257390978,855,855,1.0,1.0
2172,-58.771606,4280.741,-258.8999326087792,0.08981323,3.059845,0.0418612976131512,841,841,1.0,1.0
2173,-58.68756,4283.7,-258.82699519659167,0.08404541,2.9588928,0.07293741218751104,858,858,1.0,1.0
2174,-58.680206,4286.6323,-258.77556399991755,0.0073547363,2.9323273,0.05143119667409676,842,842,1.0,1.0
2175,-58.653473,4289.513,-258.7337138823761,0.026733398,2.8808746,0.041850117541437644,847,847,1.0,1.0
2176,-58.5618,4292.3965,-258.6626482612583,0.091674805,2.8830566,0.07106562111776589,865,865,1.0,1.0
2177,-58.541595,4295.196,-258.6160833481469,0.020202637,2.799118,0.04656491311143754,839,839,1.0,1.0
2178,-58.445435,4298.036,-258.5316851819956,0.09616089,2.8401031,0.084398166151274,850,850,1.0,1.0
2179,-58.450745,4300.7974,-258.4872037874875,-0.0053100586,2.7612152,0.04448139450814777,851,851,1.0,1.0
2180,-58.40103,4303.54,-258.42838576202985,0.049713135,2.7428284,0.058818025457619036,855,855,1.0,1.0
2181,-58.368927,4306.3037,-258.3990242333416,0.032104492,2.7635193,0.029361528688213595,862,862,1.0,1.0
2182,-58.38028,4309.042,-258.34983464446316,-0.011352539,2.7385101,0.04918958887843692,843,843,1.0,1.0
2183,-58.353577,4311.8066,-258.3294006812998,0.02670288,2.7646027,0.020433963163370362,845,845,1.0,1.0
2184,-58.354156,4314.595,-258.29012199753475,-0.000579834,2.7885742,0.03927868376502687,836,836,1.0,1.0
2185,-58.306885,4317.2915,-258.252296526206,0.04727173,2.696167,0.03782547132876886,834,834,1.0,1.0
2186,-58.37607,4320.0645,-258.2421891338569,-0.06918335,2.772934,0.010107392349093833,833,833,1.0,1.0
2187,-58.343628,4322.797,-258.22949348926693,0.032440186,2.732376,0.012695644589981452,845,845,1.0,1.0
2188,-58.398804,4325.5586,-258.2221462855732,-0.05517578,2.761612,0.007347203693726153,839,839,1.0,1.0
2189,-58.39453,4328.3374,-258.19397798093354,0.004272461,2.7787323,0.028168304639665298,822,822,1.0,1.0
2190,-58.384064,4331.0366,-258.1752502981704,0.010467529,2.6990051,0.01872768276314276,834,834,1.0,1.0
2191,-58.39737,4333.834,-258.13796420230034,-0.013305664,2.7973633,0.037286095870083566,830,830,1.0,1.0
2192,-58.429565,4336.639,-258.1077500105729,-0.032196045,2.8050842,0.030214191727428247,833,833,1.0,1.0
2193,-58.378967,4339.3735,-258.0672704031972,0.050598145,2.734558,0.04047960737570941,841,841,1.0,1.0
2194,-58.39279,4342.0737,-258.0529131296632,-0.013824463,2.7003784,0.014357273533991013,830,830,1.0,1.0
2195,-58.43219,4344.661,-258.0438281160664,-0.039398193,2.587204,0.009085013596824844,830,830,1.0,1.0
2196,-58.42743,4347.3174,-258.03211859105835,0.004760742,2.6562347,0.011709525008028326,820,820,1.0,1.0
2197,-58.446564,4349.9575,-258.0289855764588,-0.019134521,2.6403503,0.0031330145995414026,843,843,1.0,1.0
2198,-58.42566,4352.5947,-258.00261241794533,0.020904541,2.6371155,0.026373158513505034,820,820,1.0,1.0
2199,-58.386536,4355.328,-257.9721844465924,0.039123535,2.733612,0.030427971352933774,833,833,1.0,1.0
2200,-58.384705,4358.048,-257.93197811962887,0.0018310547,2.7197266,0.04020632696354176,820,820,1.0,1.0
2201,-58.3479,4360.776,-257.9030179127392,0.0368042,2.7279053,0.028960206889656594,808,808,1.0,1.0
2202,-58.377075,4363.451,-257.8859198306745,-0.029174805,2.6754456,0.01709808206473092,811,811,1.0,1.0
2203,-58.329193,4366.2065,-257.8314516049442,0.04788208,2.7553253,0.05446822573026133,815,815,1.0,1.0
2204,-58.375153,4368.924,-257.80914357965185,-0.045959473,2.7171783,0.02230802529239088,802,802,1.0,1.0
2205,-58.31665,4371.5737,-257.7857969257612,0.058502197,2.650055,0.02334665389063443,789,789,1.0,1.0
2206,-58.365692,4374.277,-257.7487626749397,-0.049041748,2.7030792,0.03703425082147262,779,779,1.0,1.0
2207,-58.308075,4377.0312,-257.73205455443957,0.057617188,2.7544098,0.016708120500129413,777,777,1.0,1.0
2208,-58.30368,4379.7573,-257.70370363292665,0.0043945312,2.7258453,0.028350921512938214,795,795,1.0,1.0
2209,-58.326782,4382.5186,-257.70591403984145,-0.023101807,2.7610474,-0.0022104069148219294,775,775,1.0,1.0
2210,-58.365112,4385.2764,-257.67732262094756,-0.038330078,2.757843,0.028591418893903386,768,768,1.0,1.0
2211,-58.320465,4387.9976,-257.6587996514355,0.044647217,2.7211304,0.018522969512071902,756,756,1.0,1.0
2212,-58.3396,4390.7744,-257.640639441291,-0.019134521,2.776703,0.018160210144498097,755,755,1.0,1.0
2213,-58.33374,4393.5303,-257.6199980724676,0.005859375,2.7559052,0.020641368823422296,731,731,1.0,1.0
2214,-58.2937,4396.3555,-257.5278398282484,0.040039062,2.8251495,0.09215824421918813,741,741,1.0,1.0
2215,-58.332977,4399.058,-257.5248496499925,-0.039276123,2.7025452,0.002990178255864698,729,729,1.0,1.0
2216,-58.310364,4401.858,-257.48222501025555,0.022613525,2.799881,0.04262463973699424,742,742,1.0,1.0
2217,-58.33307,4404.5376,-257.4721291286506,-0.022705078,2.6797485,0.010095881604954919,738,738,1.0,1.0
2218,-58.336456,4407.2544,-257.4394411124746,-0.0033874512,2.7165833,0.03268801617599811,740,740,1.0,1.0
2219,-58.36212,4410.0625,-257.39887279048986,-0.025665283,2.8080902,0.04056832198473953,716,716,1.0,1.0
2220,-58.391754,4412.769,-257.3770500980274,-0.029632568,2.7063446,0.021822692462466493,716,716,1.0,1.0
2221,-58.368286,4415.435,-257.36173031273114,0.023468018,2.665802,0.01531978529626363,713,713,1.0,1.0
2222,-58.407257,4418.229,-257.3152663531631,-0.038970947,2.7941284,0.04646395956800605,699,699,1.0,1.0
2223,-58.457367,4420.864,-257.3027834354806,-0.050109863,2.6349182,0.012482917682516392,713,713,1.0,1.0
2224,-58.46527,4423.624,-257.25016618788385,-0.007904053,2.7604065,0.05261724759673277,712,712,1.0,1.0
2225,-58.455505,4426.2207,-257.292409985539,0.009765625,2.5966797,-0.04224379765512941,702,702,1.0,1.0
2226,-58.43338,4429.029,-257.2686908972588,0.022125244,2.808258,0.02371908828016209,694,694,1.0,1.0
2227,-58.44934,4431.6816,-257.2320282209963,-0.015960693,2.6527252,0.036662676262483596,668,668,1.0,1.0
2228,-58.48355,4434.3945,-257.22914408636154,-0.034210205,2.7129974,0.002884134634747083,677,677,1.0,1.0
2229,-58.45041,4437.0806,-257.1958122481638,0.03314209,2.6859741,0.03333183819773875,669,669,1.0,1.0
2230,-58.51828,4439.79,-257.1856210006487,-0.067871094,2.7096558,0.01019124751510209,683,683,1.0,1.0
2231,-58.516052,4442.4795,-257.15277865805444,0.0022277832,2.6896515,0.03284234259430034,684,684,1.0,1.0
2232,-58.57837,4445.236,-257.14743355698715,-0.062316895,2.756134,0.005345101067263173,681,681,1.0,1.0
2233,-58.58423,4448.072,-257.1095387248825,-0.005859375,2.835907,0.03789483210465021,669,669,1.0,1.0
2234,-58.62256,4450.8525,-257.116581523055,-0.038330078,2.780716,-0.007042798172506007,654,654,1.0,1.0
2235,-58.6221,4453.5605,-257.09800230801534,0.00045776367,2.7079773,0.01857921503965793,632,632,1.0,1.0
2236,-58.63678,4456.042,-257.0720666615448,-0.014678955,2.481308,0.02593564647054696,614,614,1.0,1.0
2237,-58.69153,4458.4614,-257.02670543064403,-0.054748535,2.4196625,0.04536123090074026,627,627,1.0,1.0
2238,-58.702972,4460.6997,-256.9784582901437,-0.011444092,2.2382202,0.04824714050033026,633,633,1.0,1.0
2239,-58.735596,4462.847,-256.9529422823,-0.03262329,2.1472778,0.025516007843688442,643,643,1.0,1.0
2240,-58.765472,4464.832,-256.9056082818418,-0.029876709,1.9846954,0.04733400045821742,633,633,1.0,1.0
2241,-58.748962,4466.786,-256.8814711764149,0.01651001,1.9541321,0.024137105426916806,631,631,1.0,1.0
2242,-58.729248,4468.6914,-256.8504912188438,0.019714355,1.9050446,0.030979957571122655,602,602,1.0,1.0
2243,-58.77823,4470.418,-256.7960207860341,-0.048980713,1.7267914,0.05447043280971245,590,590,1.0,1.0
2244,-58.809326,4472.2134,-256.7450577492954,-0.031097412,1.7954559,0.05096303673868956,589,589,1.0,1.0
2245,-58.801147,4473.827,-256.75924664569783,0.008178711,1.6138916,-0.01418889640238765,598,598,1.0,1.0
2246,-58.848663,4475.478,-256.7264391279003,-0.04751587,1.65094,0.032807517797551373,578,578,1.0,1.0
2247,-58.92389,4477.1187,-256.70178140134607,-0.07522583,1.6404724,0.024657726554193734,571,571,1.0,1.0
2248,-58.95114,4478.6426,-256.71241108713457,-0.027252197,1.5240326,-0.010629685788514745,587,587,1.0,1.0
2249,-59.021698,4480.2207,-256.68011297058615,-0.07055664,1.5782013,0.03229811654841662,583,583,1.0,1.0
2250,-59.0466,4481.753,-256.6869073332526,-0.024902344,1.5323029,-0.006794362666412194,577,577,1.0,1.0
2251,-59.079987,4483.1973,-256.6464871206079,-0.03338623,1.4442291,0.04042021264465269,587,587,1.0,1.0
2252,-59.085938,4484.7554,-256.6587372448256,-0.0059509277,1.5583344,-0.012250124217690757,575,575,1.0,1.0
2253,-59.126312,4486.294,-256.61912233991205,-0.040374756,1.5387878,0.039614904913551206,558,558,1.0,1.0
2254,-59.197052,4487.899,-256.63705116120275,-0.070739746,1.6052094,-0.017928821290712812,559,559,1.0,1.0
2255,-59.249847,4489.4814,-256.6182773826472,-0.05279541,1.5825195,0.0187737785555486,555,555,1.0,1.0
2256,-59.29065,4490.8853,-256.6234819293026,-0.040802002,1.4039001,-0.005204546655410865,554,554,1.0,1.0
2257,-59.295105,4492.3223,-256.61428405544314,-0.0044555664,1.4369965,0.009197873859495291,564,564,1.0,1.0
2258,-59.23712,4493.695,-256.59127974915185,0.0579834,1.3726807,0.02300430629128874,572,572,1.0,1.0
2259,-59.259216,4494.966,-256.60188647522597,-0.022094727,1.2710114,-0.010606726074133377,574,574,1.0,1.0
2260,-59.289307,4496.236,-256.57323861678213,-0.030090332,1.2701416,0.028647858443859156,558,558,1.0,1.0
2261,-59.31714,4497.4287,-256.56522316250044,-0.027832031,1.1928406,0.008015454281678408,566,566,1.0,1.0
2262,-59.319977,4498.4346,-256.5553955954173,-0.0028381348,1.0057526,0.009827567083141978,584,584,1.0,1.0
2263,-59.287323,4499.303,-256.5201963289125,0.03265381,0.8684845,0.03519926650476856,581,581,1.0,1.0
2264,-59.352142,4499.9634,-256.5064908740201,-0.064819336,0.6602478,0.013705454892426597,575,575,1.0,1.0
2265,-59.407043,4500.478,-256.45767103745385,-0.054901123,0.5144501,0.048819836566236216,575,575,1.0,1.0
2266,-59.48221,4500.8594,-256.43185312669954,-0.075164795,0.38128662,0.02581791075430549,587,587,1.0,1.0
2267,-59.45465,4501.3545,-256.3971625863851,0.027557373,0.4951172,0.03469054031441799,572,572,1.0,1.0
2268,-59.50705,4501.571,-256.36781014586023,-0.05239868,0.21626282,0.029352440524877038,583,583,1.0,1.0
2269,-59.454956,4501.715,-256.3642752738146,0.052093506,0.14402771,0.003534872045623834,622,622,1.0,1.0
2270,-59.428253,4501.7524,-256.3398988086025,0.02670288,0.037582397,0.024376465212076016,634,634,1.0,1.0
2271,-59.464203,4501.7783,-256.32734990064824,-0.035949707,0.025726318,0.012548907954300838,608,608,1.0,1.0
2272,-59.520203,4501.676,-256.31700295762664,-0.055999756,-0.1023407,0.010346943021621067,604,604,1.0,1.0
2273,-59.604156,4501.6143,-256.3218581770826,-0.08395386,-0.061431885,-0.004855219455955489,602,602,1.0,1.0
2274,-59.67157,4501.55,-256.3249492031013,-0.06741333,-0.06468201,-0.0030910260186738808,589,589,1.0,1.0
2275,-59.77063,4501.551,-256.32558902346875,-0.09906006,0.0009765625,-0.0006398203674555872,583,583,1.0,1.0
2276,-59.89029,4501.558,-256.3364814734068,-0.119659424,0.007232666,-0.010892449938094146,586,586,1.0,1.0
2277,-60.006042,4501.579,-256.32588584245735,-0.115753174,0.020751953,0.010595630949444308,590,590,1.0,1.0
2278,-60.307037,4501.634,-256.0955822572716,-0.30099487,0.054763794,0.230303585185746,536,536,1.0,1.0
2279,-60.507996,4501.6934,-255.13324804777702,-0.20095825,0.059432983,0.962334209494575,520,520,1.0,1.0
2280,-60.488037,4501.561,-254.21703307815196,0.019958496,-0.13218689,0.916214969625055,522,522,1.0,1.0
2281,-60.457153,4501.3516,-253.55711001437913,0.030883789,-0.20957947,0.6599230637728286,524,524,1.0,1.0
2282,-60.38858,4501.2036,-253.0366074326685,0.068573,-0.14796448,0.5205025817106446,545,545,1.0,1.0
2283,-60.37259,4501.035,-252.68225432651144,0.015991211,-0.16868591,0.35435310615703913,546,546,1.0,1.0
2284,-60.129944,4500.8857,-252.37870122507158,0.24264526,-0.14932251,0.3035531014398523,535,535,1.0,1.0
2285,-59.912933,4500.841,-252.10755542074273,0.2170105,-0.045166016,0.271145804328846,550,550,1.0,1.0
2286,-59.84543,4500.741,-251.95449434567544,0.06750488,-0.09980774,0.15306107506727692,562,562,1.0,1.0
2287,-59.67166,4500.7764,-251.82922998446685,0.17376709,0.03529358,0.12526436120858592,573,573,1.0,1.0
2288,-59.606384,4500.8613,-251.77957782508253,0.0652771,0.08508301,0.049652159384331186,608,608,1.0,1.0
2289,-59.575867,4501.0454,-251.73822409033295,0.030517578,0.18406677,0.041353734749591156,619,619,1.0,1.0
2290,-59.519318,4501.345,-251.69761533733202,0.056549072,0.29960632,0.04060875300092522,597,597,1.0,1.0
2291,-59.437317,4501.703,-251.64558119258504,0.08200073,0.35786438,0.05203414474698029,571,571,1.0,1.0
2292,-59.367035,4502.198,-251.59110932309548,0.07028198,0.4950409,0.054471869489566914,562,562,1.0,1.0
2293,-59.273956,4502.8726,-251.55838034132745,0.09307861,0.6745148,0.03272898176802574,563,563,1.0,1.0
2294,-59.209045,4503.715,-251.52619808244543,0.06491089,0.84225464,0.03218225888202596,569,569,1.0,1.0
2295,-59.156036,4504.7754,-251.484825253964,0.053009033,1.0606842,0.04137282848141415,561,561,1.0,1.0
2296,-59.16092,4505.874,-251.49132120962804,-0.0048828125,1.098587,-0.006495955664043721,566,566,1.0,1.0
2297,-59.135437,4507.1934,-251.49712943099377,0.025482178,1.3191986,-0.0058082213657129405,549,549,1.0,1.0
2298,-59.09021,4508.778,-251.47362296996621,0.04522705,1.5845032,0.023506461027549337,536,536,1.0,1.0
2299,-59.07962,4510.517,-251.4663171062013,0.0105896,1.7392883,0.007305863764923113,546,546,1.0,1.0
2300,-58.995605,4512.376,-251.44855055168094,0.08401489,1.8590851,0.01776655452037445,552,552,1.0,1.0
2301,-59.005188,4514.545,-251.42363119353922,-0.0095825195,2.1688995,0.024919358141704265,537,537,1.0,1.0
2302,-59.01056,4516.761,-251.43549869090918,-0.0053710938,2.216385,-0.011867497369953158,538,538,1.0,1.0
2303,-58.981842,4519.1704,-251.42676747323188,0.028717041,2.4093323,0.008731217677319013,527,527,1.0,1.0
2304,-58.99225,4521.845,-251.42672346332552,-0.010406494,2.6747437,4.400990635736298e-05,534,534,1.0,1.0
2305,-59.040955,4524.724,-251.42088399385588,-0.048706055,2.8791351,0.0058394694696375675,530,530,1.0,1.0
2306,-58.972626,4527.8154,-251.40898889119248,0.06832886,3.091507,0.011895102663410123,529,529,1.0,1.0
2307,-58.939484,4530.9253,-251.4138996308523,0.03314209,3.109848,-0.004910739659829243,528,528,1.0,1.0
2308,-59.00125,4534.042,-251.41680714321285,-0.061767578,3.1166534,-0.002907512360534036,525,525,1.0,1.0
2309,-59.07782,4537.322,-251.3899824674729,-0.0765686,3.2796783,0.026824675739958653,529,529,1.0,1.0
2310,-59.104553,4540.607,-251.35250063215136,-0.026733398,3.2852783,0.037481835321516194,525,525,1.0,1.0
2311,-59.089844,4543.765,-251.2949556485691,0.014709473,3.15831,0.05754498358225557,516,516,1.0,1.0
2312,-59.114197,4546.9404,-251.23823295997238,-0.024353027,3.1751099,0.05672268859673287,505,505,1.0,1.0
2313,-59.199768,4550.0435,-251.18313672476756,-0.08557129,3.1032104,0.05509623520482157,508,508,1.0,1.0
2314,-59.31891,4553.1323,-251.1364857689974,-0.119140625,3.0886688,0.04665095577014779,505,505,1.0,1.0
2315,-59.24649,4556.206,-251.05645191653636,0.07241821,3.0737762,0.08003385246103346,519,519,1.0,1.0
2316,-59.30127,4559.18,-251.01757624631583,-0.054779053,2.9738922,0.03887567022054729,502,502,1.0,1.0
2317,-59.30371,4562.169,-250.97349348340808,-0.0024414062,2.9885254,0.04408276290775484,490,490,1.0,1.0
2318,-59.310455,4565.07,-250.91460862395328,-0.0067443848,2.9010773,0.05888485945478842,496,496,1.0,1.0
2319,-59.33258,4567.8833,-250.87519809004502,-0.022125244,2.8134766,0.039410533908272344,490,490,1.0,1.0
2320,-59.356293,4570.685,-250.83063541917411,-0.023712158,2.8016205,0.04456267087090004,497,497,1.0,1.0
2321,-59.400665,4573.5967,-250.76497934324854,-0.04437256,2.9118042,0.06565607592558291,497,497,1.0,1.0
2322,-59.477386,4576.365,-250.76095862892208,-0.07672119,2.7686462,0.0040207143264719605,495,495,1.0,1.0
2323,-59.46942,4579.1313,-250.70878235873448,0.007965088,2.765915,0.05217627018758831,500,500,1.0,1.0
2324,-59.58441,4581.9614,-250.68331853524012,-0.114990234,2.8300781,0.025463823494353735,502,502,1.0,1.0
2325,-59.62863,4584.751,-250.63235931194097,-0.04421997,2.7897644,0.050959223299140224,515,515,1.0,1.0
2326,-59.74118,4587.409,-250.63960019441413,-0.11254883,2.6581726,-0.0072408824731624594,515,515,1.0,1.0
2327,-59.792023,4590.0366,-250.59961876808268,-0.050842285,2.6275482,0.03998142633144671,508,508,1.0,1.0
2328,-59.813843,4592.7593,-250.57161427573274,-0.021820068,2.7228851,0.02800449234993396,518,518,1.0,1.0
2329,-59.8526,4595.4688,-250.52956679064118,-0.038757324,2.7092285,0.042047485091554176,514,514,1.0,1.0
2330,-59.884674,4598.1255,-250.5319577976148,-0.032073975,2.6566315,-0.002391006973617727,519,519,1.0,1.0
2331,-59.889038,4600.779,-250.48171832809106,-0.0043640137,2.6531372,0.050239469523731976,503,503,1.0,1.0
2332,-59.94342,4603.433,-250.4911984758973,-0.054382324,2.6544647,-0.009480147806245056,498,498,1.0,1.0
2333,-59.98761,4606.12,-250.46611932138077,-0.044189453,2.687149,0.025079154516537812,507,507,1.0,1.0
2334,-60.007843,4608.761,-250.45811602718288,-0.020233154,2.6409454,0.008003294197900255,509,509,1.0,1.0
2335,-59.98758,4611.443,-250.43804390908787,0.020263672,2.6816254,0.02007211809500553,513,513,1.0,1.0
2336,-60.007935,4614.23,-250.40899447697814,-0.020355225,2.7870483,0.02904943210972017,521,521,1.0,1.0
2337,-60.02289,4616.868,-250.39483352505513,-0.014953613,2.63797,0.014160951923007896,513,513,1.0,1.0
2338,-59.99185,4619.4995,-250.37318113688457,0.031036377,2.631134,0.02165238817056256,512,512,1.0,1.0
2339,-59.998077,4622.171,-250.38732225451236,-0.006225586,2.6712341,-0.014141117627777415,513,513,1.0,1.0
2340,-60.083954,4624.828,-250.35997856525907,-0.085876465,2.6570587,0.02734368925328626,503,503,1.0,1.0
2341,-60.002502,4627.4927,-250.36071876862636,0.081451416,2.6644287,-0.0007402033672734279,499,499,1.0,1.0
2342,-60.001465,4630.206,-250.3385036322363,0.0010375977,2.7132874,0.022215136390071756,499,499,1.0,1.0
2343,-60.03891,4632.812,-250.32991475251188,-0.03744507,2.6059723,0.008588879724416106,485,485,1.0,1.0
2344,-60.025116,4635.5176,-250.34167405258577,0.013793945,2.7055511,-0.011759300073896055,468,468,1.0,1.0
2345,-60.090088,4638.1733,-250.33469763865426,-0.064971924,2.6556396,0.006976413931508673,495,495,1.0,1.0
2346,-60.093323,4640.8022,-250.30239678273125,-0.0032348633,2.6286774,0.032300855923003934,497,497,1.0,1.0
2347,-60.145447,4643.4214,-250.31305434387014,-0.052124023,2.6192322,-0.010657561138875052,494,494,1.0,1.0
2348,-60.135162,4646.0723,-250.28700401518375,0.010284424,2.6508636,0.026050328686377713,483,483,1.0,1.0
2349,-60.20465,4648.7646,-250.2719699857607,-0.069488525,2.6925507,0.015034029423047686,487,487,1.0,1.0
2350,-60.21051,4651.341,-250.27162633777948,-0.005859375,2.5762024,0.0003436479812329857,494,494,1.0,1.0
2351,-60.24826,4654.0796,-250.2480294261453,-0.037750244,2.738922,0.02359691163418521,491,491,1.0,1.0
2352,-60.3219,4656.6904,-250.24792886500092,-0.073638916,2.611023,0.00010056114438077132,485,485,1.0,1.0
2353,-60.293365,4659.431,-250.21157062620472,0.028533936,2.740921,0.03635823879621071,485,485,1.0,1.0
2354,-60.313477,4662.0786,-250.1917806153878,-0.020111084,2.647461,0.01979001081690503,474,474,1.0,1.0
2355,-60.381073,4664.5137,-250.1917066071273,-0.067596436,2.4348755,7.400826051728038e-05,483,483,1.0,1.0
2356,-60.34204,4666.8535,-250.2085256376347,0.039031982,2.3396454,-0.01681903050740428,497,497,1.0,1.0
2357,-60.371826,4668.994,-250.19132729376255,-0.029785156,2.1407776,0.01719834387213966,511,511,1.0,1.0
2358,-60.42163,4671.092,-250.20357347294328,-0.049804688,2.0974274,-0.012246179180719597,508,508,1.0,1.0
2359,-60.31961,4673.1943,-250.1726467417918,0.10202026,2.1025238,0.030926731151473416,513,513,1.0,1.0
2360,-60.320557,4675.1167,-250.16130121703333,-0.0009460449,1.9223938,0.011345524758471628,521,521,1.0,1.0
2361,-60.31009,4676.986,-250.1208209012973,0.010467529,1.8691254,0.04048031573602429,510,510,1.0,1.0
2362,-60.242645,4678.8115,-250.08066843604172,0.06744385,1.8255157,0.04015246525558599,487,487,1.0,1.0
2363,-60.23813,4680.6577,-250.03542056110462,0.0045166016,1.8463745,0.04524787493710229,504,504,1.0,1.0
2364,-60.1969,4682.303,-249.98911295474898,0.041229248,1.6457062,0.04630760635565149,477,477,1.0,1.0
2365,-60.226776,4684.041,-249.96849963951368,-0.029876709,1.7376862,0.020613315235301,483,483,1.0,1.0
2366,-60.289917,4685.695,-249.95405585286917,-0.06314087,1.6539154,0.014443786644519062,471,471,1.0,1.0
2367,-60.268158,4687.2686,-249.90168862323037,0.021759033,1.5739288,0.052367229638799126,482,482,1.0,1.0
2368,-60.291656,4688.851,-249.90392822063484,-0.023498535,1.5827026,-0.0022395974044632618,482,482,1.0,1.0
2369,-60.32068,4690.4004,-249.89837935060243,-0.029022217,1.549118,0.0055488700324158036,487,487,1.0,1.0
2370,-60.408966,4691.916,-249.9030190917138,-0.08828735,1.5156403,-0.004639741111349595,484,484,1.0,1.0
2371,-60.34912,4693.408,-249.91074686784086,0.05984497,1.4919586,-0.007727776127062054,489,489,1.0,1.0
2372,-60.30545,4694.9834,-249.88518503365717,0.043670654,1.5752106,0.025561834183687702,468,468,1.0,1.0
2373,-60.372253,4696.5522,-249.90234797664544,-0.06680298,1.5688782,-0.017162942988288143,472,472,1.0,1.0
2374,-60.352295,4697.9995,-249.8732190965027,0.019958496,1.4474945,0.029128880142737873,470,470,1.0,1.0
2375,-60.334534,4699.3677,-249.8775724455537,0.01776123,1.3680725,-0.004353349051000585,462,462,1.0,1.0
2376,-60.40924,4700.701,-249.88802225606136,-0.07470703,1.333435,-0.010449810507646555,483,483,1.0,1.0
2377,-60.369293,4701.9766,-249.8806247879538,0.03994751,1.2752991,0.0073974681075678365,482,482,1.0,1.0
2378,-60.388916,4703.27,-249.88566688845557,-0.019622803,1.2932587,-0.005042100501771369,488,488,1.0,1.0
2379,-60.40985,4704.5234,-249.88723362361057,-0.020935059,1.2533112,-0.0015667351550055844,486,486,1.0,1.0
2380,-60.488556,4705.5625,-249.9050075640976,-0.078704834,1.0392151,-0.01777394048703018,482,482,1.0,1.0
2381,-60.464874,4706.548,-249.90332892106218,0.02368164,0.9855499,0.001678643035395489,477,477,1.0,1.0
2382,-60.495667,4707.513,-249.87693855252925,-0.030792236,0.96520996,0.02639036853294294,485,485,1.0,1.0
2383,-60.43033,4708.28,-249.85780363393025,0.065338135,0.7665863,0.019134918599010384,485,485,1.0,1.0
2384,-60.408356,4708.9897,-249.83644517629753,0.021972656,0.70980835,0.02135845763271283,474,474,1.0,1.0
2385,-60.40506,4709.714,-249.8229482889229,0.0032958984,0.7240143,0.01349688737463107,483,483,1.0,1.0
2386,-60.403687,4710.1265,-249.82846008269007,0.001373291,0.41271973,-0.00551179376717522,474,474,1.0,1.0
2387,-60.365936,4710.48,-249.79120949586343,0.037750244,0.3537445,0.037250586826631425,485,485,1.0,1.0
2388,-60.37845,4710.7354,-249.78414534313447,-0.012512207,0.25526428,0.007064152728945292,498,498,1.0,1.0
2389,-60.3898,4710.9014,-249.7846499285624,-0.011352539,0.16621399,-0.0005045854279390336,516,516,1.0,1.0
2390,-60.424927,4711.035,-249.7864633919701,-0.035125732,0.13369751,-0.0018134634077102794,530,530,1.0,1.0
2391,-60.4393,4711.0947,-249.79216179189774,-0.014373779,0.059509277,-0.005698399927639522,539,539,1.0,1.0
2392,-60.494537,4711.1772,-249.79899782475619,-0.055236816,0.082351685,-0.0068360328584397174,521,521,1.0,1.0
2393,-60.55902,4711.233,-249.8007943421038,-0.06448364,0.055648804,-0.0017965173476246507,521,521,1.0,1.0
2394,-60.63501,4711.211,-249.79723689059801,-0.07598877,-0.022155762,0.0035574515057879823,503,503,1.0,1.0
2395,-60.697937,4711.1953,-249.79549452774688,-0.062927246,-0.015640259,0.001742362851118643,493,493,1.0,1.0
2396,-60.81137,4711.2495,-249.80506198997796,-0.11343384,0.054031372,-0.009567462231074337,494,494,1.0,1.0
2397,-61.418945,4711.3164,-249.08276025601623,-0.60757446,0.066726685,0.7223017339617369,424,424,1.0,1.0
2398,-61.812378,4710.641,-243.59638683731094,-0.39343262,-0.67549133,5.486373418705278,430,430,1.0,1.0
2399,-61.874146,4709.8423,-237.20517119586643,-0.061767578,-0.7988434,6.391215641444514,435,435,1.0,1.0
2400,-61.815125,4709.2114,-230.64270267067522,0.059020996,-0.63098145,6.562468525191199,449,449,1.0,1.0
2401,-61.590637,4708.555,-224.0803079445866,0.2244873,-0.65644836,6.562394726088626,423,423,1.0,1.0
2402,-61.32657,4707.84,-217.4644134105764,0.2640686,-0.7154846,6.615894534010174,415,415,1.0,1.0
2403,-61.053223,4707.0264,-210.93452003523092,0.27334595,-0.8134613,6.529893375345508,407,407,1.0,1.0
2404,-60.740326,4706.085,-205.0884779188168,0.31289673,-0.94125366,5.846042116414112,402,402,1.0,1.0
2405,-60.400757,4705.5933,-200.38183510297978,0.3395691,-0.4914856,4.706642815837016,388,388,1.0,1.0
2406,-60.025238,4705.19,-196.97057583595932,0.3755188,-0.40327454,3.411259267020456,393,393,1.0,1.0
2407,-59.869354,4705.0464,-194.71095930990123,0.15588379,-0.1434021,2.2596165260580996,425,425,1.0,1.0
2408,-59.64868,4705.1177,-193.19920077869682,0.2206726,0.07136536,1.511758531204401,405,405,1.0,1.0
2409,-59.50815,4705.4136,-191.9612456056931,0.14053345,0.29600525,1.2379551730037115,401,401,1.0,1.0
2410,-59.32016,4705.6753,-190.9111868194743,0.18798828,0.2615204,1.0500587862188016,401,401,1.0,1.0
2411,-59.233948,4706.1284,-190.1023442952686,0.08621216,0.4532776,0.8088425242056932,420,420,1.0,1.0
2412,-59.16391,4706.605,-189.51710375062547,0.07003784,0.47651672,0.5852405446431468,426,426,1.0,1.0
2413,-59.04785,4707.198,-189.0559163778026,0.11605835,0.5931244,0.46118737282286976,419,419,1.0,1.0
2414,-58.974243,4708.048,-188.6714509897252,0.0736084,0.8494415,0.38446538807739283,405,405,1.0,1.0
2415,-58.93509,4709.11,-188.39570417696464,0.039154053,1.0621185,0.275746812760553,411,411,1.0,1.0
2416,-58.887207,4710.4404,-188.14998689126278,0.04788208,1.3305511,0.24571728570184767,422,422,1.0,1.0
2417,-58.832245,4711.84,-187.95086511719373,0.05496216,1.3993988,0.19912177406905643,438,438,1.0,1.0
2418,-58.88452,4713.3438,-187.81094751490954,-0.05227661,1.5037842,0.13991760228419073,432,432,1.0,1.0
2419,-58.897095,4715.11,-187.75887291013728,-0.012573242,1.7661133,0.052074604772253556,420,420,1.0,1.0
2420,-58.802063,4716.9595,-187.68821416929742,0.09503174,1.8496246,0.07065874083985632,431,431,1.0,1.0
2421,-58.824554,4719.0474,-187.6288190268353,-0.022491455,2.0879211,0.05939514246214,438,438,1.0,1.0
2422,-58.73932,4721.3726,-187.56327964780914,0.085235596,2.3253632,0.06553937902614079,430,430,1.0,1.0
2423,-58.753326,4723.875,-187.57595422726575,-0.014007568,2.5026855,-0.012674579456624332,434,434,1.0,1.0
2424,-58.69754,4726.6255,-187.52060401705714,0.055786133,2.7505188,0.05535021020862375,451,451,1.0,1.0
2425,-58.69995,4729.4946,-187.4683719981389,-0.0024108887,2.8693085,0.052232018918236985,453,453,1.0,1.0
2426,-58.626495,4732.541,-187.41921313212626,0.07345581,3.0461426,0.049158866012651396,446,446,1.0,1.0
2427,-58.55426,4735.6187,-187.33570415501396,0.07223511,3.0775604,0.08350897711228919,442,442,1.0,1.0
2428,-58.54648,4738.623,-187.27292378599347,0.0077819824,3.0042572,0.06278036902048174,417,417,1.0,1.0
2429,-58.604828,4741.708,-187.19916152264966,-0.05834961,3.0848389,0.07376226334381371,423,423,1.0,1.0
2430,-58.637268,4744.757,-187.08410440027072,-0.032440186,3.0487518,0.11505712237895414,429,429,1.0,1.0
2431,-58.594543,4747.717,-186.97011986017213,0.04272461,2.9598694,0.11398454009859138,427,427,1.0,1.0
2432,-58.638885,4750.766,-186.8368422333132,-0.04434204,3.0493774,0.13327762685892955,442,442,1.0,1.0
2433,-58.70578,4753.819,-186.72530954529054,-0.06689453,3.0526123,0.11153268802267474,452,452,1.0,1.0
2434,-58.737976,4756.7383,-186.61362745959,-0.032196045,2.9196472,0.11168208570054274,448,448,1.0,1.0
2435,-58.777405,4759.7134,-186.57297016791665,-0.03942871,2.9751434,0.04065729167333484,444,444,1.0,1.0
2436,-58.87555,4762.5845,-186.51413282021687,-0.09814453,2.871231,0.058837347699769775,448,448,1.0,1.0
2437,-58.884644,4765.4746,-186.46402366902976,-0.009094238,2.890213,0.05010915118712229,463,463,1.0,1.0
2438,-58.91272,4768.3276,-186.39528216048296,-0.028076172,2.85289,0.0687415085467806,462,462,1.0,1.0
2439,-58.971466,4771.018,-186.38850680698062,-0.058746338,2.690277,0.006775353502360429,466,466,1.0,1.0
2440,-58.982727,4773.7314,-186.34184266728457,-0.011260986,2.71315,0.046664139696043494,457,457,1.0,1.0
2441,-59.006104,4776.438,-186.30974839354903,-0.023376465,2.7065277,0.03209427373553965,466,466,1.0,1.0
2442,-58.985626,4779.0273,-186.27599254072993,0.020477295,2.5894012,0.033755852819093254,472,472,1.0,1.0
2443,-58.92813,4781.7407,-186.23781313524896,0.057495117,2.71344,0.03817940548098282,469,469,1.0,1.0
2444,-59.00638,4784.33,-186.23150556463006,-0.07824707,2.5892792,0.006307570618903706,480,480,1.0,1.0
2445,-58.9877,4787.004,-186.20951165226876,0.018676758,2.6737976,0.021993912361305056,459,459,1.0,1.0
2446,-59.02121,4789.5435,-186.20887775621208,-0.0335083,2.539627,0.0006338960566890943,470,470,1.0,1.0
2447,-58.987885,4792.1616,-186.18419736212778,0.033325195,2.6181335,0.02468039408429822,488,488,1.0,1.0
2448,-59.018402,4794.7417,-186.19272532619593,-0.030517578,2.5799713,-0.0085279640681617,496,496,1.0,1.0
2449,-58.964203,4797.394,-186.15840593581623,0.05419922,2.6524963,0.03431939037970021,471,471,1.0,1.0
2450,-58.973938,4799.9233,-186.1428568445645,-0.009735107,2.52948,0.0155490912517395,481,481,1.0,1.0
2451,-58.874268,4802.641,-186.11975776926516,0.09967041,2.717636,0.023099075299347554,492,492,1.0,1.0
2452,-58.927643,4805.2363,-186.1024709085533,-0.053375244,2.5951538,0.01728686071186376,503,503,1.0,1.0
2453,-58.853943,4807.834,-186.10266642847165,0.07369995,2.597702,-0.00019551991834013385,502,502,1.0,1.0
2454,-58.943726,4810.4023,-186.12443527410298,-0.089782715,2.5684204,-0.0217688456313276,500,500,1.0,1.0
2455,-58.948883,4813.0747,-186.10611733807892,-0.0051574707,2.6721802,0.018317936024069514,497,497,1.0,1.0
2456,-58.973236,4815.605,-186.1003250187716,-0.024353027,2.530243,0.005792319307305451,514,514,1.0,1.0
2457,-58.978607,4818.1846,-186.09960232653148,-0.0053710938,2.5795288,0.0007226922401271358,505,505,1.0,1.0
2458,-58.970947,4820.8145,-186.11045447827956,0.007659912,2.6300507,-0.010852151748073984,521,521,1.0,1.0
2459,-58.963776,4823.41,-186.1061915659196,0.007171631,2.5955963,0.004262912359954003,517,517,1.0,1.0
2460,-58.95508,4826.021,-186.11272887220414,0.00869751,2.6107178,-0.006537306284543274,526,526,1.0,1.0
2461,-58.96527,4828.6567,-186.10608833682798,-0.010192871,2.6355438,0.0066405353761663285,532,532,1.0,1.0
2462,-59.01892,4831.404,-186.10959781805406,-0.053649902,2.7469788,-0.00350948122606171,524,524,1.0,1.0
2463,-59.02539,4833.967,-186.12113609528055,-0.0064697266,2.562912,-0.011538277226480778,553,553,1.0,1.0
2464,-58.982758,4836.443,-186.09826978429854,0.042633057,2.4762115,0.02286631098200168,544,544,1.0,1.0
2465,-58.97409,4838.832,-186.09148718842252,0.008666992,2.388916,0.0067825958760279635,544,544,1.0,1.0
2466,-58.95511,4841.1685,-186.07668911698613,0.018981934,2.336563,0.014798071436397837,565,565,1.0,1.0
2467,-58.985992,4843.347,-186.07721216247486,-0.030883789,2.1785736,-0.0005230454887387286,570,570,1.0,1.0
2468,-58.973846,4845.384,-186.067718171412,0.012145996,2.0367584,0.009493991062874182,575,575,1.0,1.0
2469,-58.976135,4847.4243,-186.0392896883352,-0.0022888184,2.040451,0.028428483076785298,585,585,1.0,1.0
2470,-59.030365,4849.326,-186.03425160160762,-0.054229736,1.9016418,0.00503808672757265,586,586,1.0,1.0
2471,-59.007446,4851.1694,-186.020542078686,0.022918701,1.8434143,0.01370952292161876,574,574,1.0,1.0
2472,-59.06369,4852.866,-186.02212956671315,-0.056243896,1.6967621,-0.0015874880271427147,568,568,1.0,1.0
2473,-59.103333,4854.5444,-186.0221946771431,-0.039642334,1.6782837,-6.511042993046657e-05,567,567,1.0,1.0
2474,-59.03125,4856.2188,-185.99217800528876,0.07208252,1.6740723,0.030016671854329813,582,582,1.0,1.0
2475,-59.07025,4857.7437,-185.98074622295326,-0.039001465,1.5248413,0.011431782335504749,580,580,1.0,1.0
2476,-59.039734,4859.329,-185.98419913838094,0.030517578,1.5852509,-0.0034529154276740524,578,578,1.0,1.0
2477,-59.0354,4860.869,-185.9590977180139,0.004333496,1.540268,0.02510142036704555,573,573,1.0,1.0
2478,-59.0224,4862.343,-185.9584020694221,0.013000488,1.4738617,0.0006956485917906183,578,578,1.0,1.0
2479,-59.003265,4863.822,-185.95498962789333,0.019134521,1.4790344,0.0034124415287723055,566,566,1.0,1.0
2480,-59.077118,4865.3438,-185.96968523763337,-0.07385254,1.522171,-0.014695609740042795,587,587,1.0,1.0
2481,-59.062347,4866.823,-185.96638149499856,0.014770508,1.479538,0.003303742634824801,610,610,1.0,1.0
2482,-59.04129,4868.264,-185.95663375209756,0.021057129,1.440918,0.009747742900997733,590,590,1.0,1.0
2483,-59.099976,4869.7227,-185.98214079483816,-0.058685303,1.4585724,-0.02550704274061155,591,591,1.0,1.0
2484,-59.065094,4871.229,-185.97949773134405,0.03488159,1.5063782,0.002643063494117882,611,611,1.0,1.0
2485,-59.101746,4872.6235,-185.97305896536065,-0.03665161,1.3943939,0.006438765983398937,593,593,1.0,1.0
2486,-59.1091,4874.0903,-185.96750259309582,-0.0073547363,1.4666595,0.005556372264844596,600,600,1.0,1.0
2487,-59.125305,4875.4004,-185.9586403111883,-0.016204834,1.3101959,0.008862281907508212,604,604,1.0,1.0
2488,-59.172028,4876.6255,-185.9458950051308,-0.046722412,1.225235,0.012745306057485707,588,588,1.0,1.0
2489,-59.17108,4877.738,-185.94475641658178,0.0009460449,1.1121979,0.001138588549028433,611,611,1.0,1.0
2490,-59.239624,4878.7134,-185.96000672781696,-0.06854248,0.975647,-0.015250311235173392,626,626,1.0,1.0
2491,-59.30655,4879.6626,-185.9505476314489,-0.06692505,0.9490051,0.009459096368064654,640,640,1.0,1.0
2492,-59.308685,4880.444,-185.92664869914802,-0.0021362305,0.7811127,0.023898932300872453,627,627,1.0,1.0
2493,-59.2937,4881.1323,-185.8835312549507,0.014984131,0.6886902,0.04311744419731814,623,623,1.0,1.0
2494,-59.325287,4881.665,-185.87713234512543,-0.031585693,0.53286743,0.006398909825253399,636,636,1.0,1.0
2495,-59.40271,4882.1543,-185.8470571136857,-0.077423096,0.48937988,0.030075231439710175,643,643,1.0,1.0
2496,-59.452118,4882.5254,-185.77017918553523,-0.04940796,0.37104797,0.07687792815048893,641,641,1.0,1.0
2497,-59.465546,4882.7764,-185.75286357415524,-0.013427734,0.2507782,0.017315611379980743,646,646,1.0,1.0
2498,-59.53885,4882.9443,-185.7332607709692,-0.07330322,0.16812134,0.01960280318605218,653,653,1.0,1.0
2499,-59.58249,4883.003,-185.71393255774677,-0.043640137,0.05871582,0.01932821322242366,684,684,1.0,1.0
2500,-59.64023,4883.082,-185.69661186264008,-0.057739258,0.0789032,0.017320695106700073,674,674,1.0,1.0
2501,-59.70984,4883.0894,-185.68211252090583,-0.069610596,0.0073394775,0.014499341734263111,657,657,1.0,1.0
2502,-59.78772,4883.114,-185.674355247128,-0.07788086,0.024505615,0.007757273777832701,669,669,1.0,1.0
2503,-59.80832,4883.129,-185.65908879862448,-0.020599365,0.015380859,0.015266448503535951,680,680,1.0,1.0
2504,-59.947113,4883.1094,-185.6538588764215,-0.13879395,-0.01939392,0.00522992220296354,662,662,1.0,1.0
2505,-60.056976,4883.065,-185.65896975870146,-0.10986328,-0.044509888,-0.005110882279953021,662,662,1.0,1.0
2506,-60.216827,4883.0317,-185.652889915802,-0.15985107,-0.033355713,0.006079842899442394,654,654,1.0,1.0
2507,-61.30789,4882.2617,-181.71908869756635,-1.0910645,-0.7701874,3.9338012182356517,588,588,1.0,1.0
2508,-61.450806,4881.356,-175.40495093943971,-0.14291382,-0.9058075,6.314137758126629,565,565,1.0,1.0
2509,-61.036438,4880.5063,-169.15617928336872,0.41436768,-0.8493805,6.248771656070994,556,556,1.0,1.0
2510,-60.693207,4879.885,-163.87651069206404,0.3432312,-0.6217041,5.279668591304675,549,549,1.0,1.0
2511,-60.282654,4879.3716,-159.84281707052378,0.41055298,-0.5133362,4.0336936215402694,568,568,1.0,1.0
2512,-59.852203,4879.118,-157.1757315658153,0.43045044,-0.25349426,2.6670855047084627,583,583,1.0,1.0
2513,-59.561615,4879.0415,-155.43072565674737,0.29058838,-0.07670593,1.7450059090679508,572,572,1.0,1.0
2514,-59.33789,4879.031,-154.09792782296833,0.22372437,-0.010543823,1.3327978337790323,567,567,1.0,1.0
2515,-59.15918,4879.0825,-152.99115417764978,0.17871094,0.05178833,1.106773645318567,593,593,1.0,1.0
2516,-59.022064,4879.1523,-152.10132272707682,0.13711548,0.069747925,0.8898314505729422,611,611,1.0,1.0
2517,-58.8609,4879.3296,-151.40493541410393,0.16116333,0.17729187,0.6963873129728911,599,599,1.0,1.0
2518,-58.76242,4879.584,-150.86966568815706,0.098480225,0.25442505,0.5352697259468832,604,604,1.0,1.0
2519,-58.648926,4880.04,-150.4408013654751,0.11349487,0.45617676,0.42886432268196173,602,602,1.0,1.0
2520,-58.53586,4880.531,-150.11571032251717,0.11306763,0.49067688,0.3250910429579107,621,621,1.0,1.0
2521,-58.49231,4881.146,-149.86561390204884,0.043548584,0.6153412,0.25009642046833236,611,611,1.0,1.0
2522,-58.451294,4881.861,-149.65974018018753,0.041015625,0.71469116,0.20587372186130332,608,608,1.0,1.0
2523,-58.378784,4882.6045,-149.51073913907464,0.072509766,0.7436676,0.1490010411128746,615,615,1.0,1.0
2524,-58.333954,4883.546,-149.42265913733232,0.044830322,0.94155884,0.08808000174233663,629,629,1.0,1.0
2525,-58.236023,4884.714,-149.37321516071822,0.09793091,1.1681061,0.04944397661408794,652,652,1.0,1.0
2526,-58.268982,4886.05,-149.3148333922566,-0.032958984,1.3361053,0.05838176846161993,653,653,1.0,1.0
2527,-58.23163,4887.5625,-149.2633851288339,0.037353516,1.5124512,0.051448263422683445,659,659,1.0,1.0
2528,-58.224,4889.2026,-149.22896861225829,0.0076293945,1.6400604,0.03441651657562687,651,651,1.0,1.0
2529,-58.21405,4891.0737,-149.20951661739468,0.0099487305,1.8712921,0.019451994863597777,648,648,1.0,1.0
2530,-58.215027,4893.1025,-149.18911119853644,-0.0009765625,2.0286255,0.020405418858239342,648,648,1.0,1.0
2531,-58.16388,4895.3,-149.18007702399615,0.05114746,2.1971588,0.009034174540294808,652,652,1.0,1.0
2532,-58.143524,4897.7217,-149.18548116452132,0.020355225,2.4217224,-0.00540414052518056,667,667,1.0,1.0
2533,-58.12787,4900.362,-149.15865306334192,0.015655518,2.6403046,0.026828101179407128,663,663,1.0,1.0
2534,-58.107178,4903.1978,-149.159090679087,0.020690918,2.8359222,-0.0004376157450927336,668,668,1.0,1.0
2535,-58.078613,4906.1836,-149.14550384558808,0.028564453,2.9860077,0.013586833498928221,664,664,1.0,1.0
2536,-58.014313,4909.186,-149.12932308735344,0.06430054,3.002533,0.016180758234638652,659,659,1.0,1.0
2537,-58.017456,4912.314,-149.0991122946456,-0.0031433105,3.1278381,0.03021079270782227,671,671,1.0,1.0
2538,-57.99362,4915.46,-149.05351472639802,0.023834229,3.1460571,0.04559756824758787,683,683,1.0,1.0
2539,-57.985016,4918.5225,-148.9741988394886,0.008605957,3.062683,0.07931588690941578,689,689,1.0,1.0
2540,-58.0542,4921.712,-148.88140277275602,-0.06918335,3.1893616,0.09279606673257425,692,692,1.0,1.0
2541,-58.031067,4924.8223,-148.77106238508966,0.023132324,3.11026,0.11034038766636821,686,686,1.0,1.0
2542,-58.04236,4927.8555,-148.64330827524557,-0.011291504,3.0331116,0.1277541098440849,664,664,1.0,1.0
2543,-58.051697,4930.8384,-148.50077037688212,-0.009338379,2.9828644,0.14253789836344571,668,668,1.0,1.0
2544,-58.11789,4933.754,-148.38310345628997,-0.06619263,2.9154205,0.11766692059214957,673,673,1.0,1.0
2545,-58.163177,4936.675,-148.30425230184557,-0.045288086,2.920929,0.07885115444440972,703,703,1.0,1.0
2546,-58.19055,4939.441,-148.26103454314043,-0.027374268,2.7661743,0.04321775870512672,691,691,1.0,1.0
2547,-58.2265,4942.2266,-148.21545200403153,-0.035949707,2.7855835,0.04558253910888293,717,717,1.0,1.0
2548,-58.26181,4944.913,-148.16188261122204,-0.035308838,2.6865997,0.05356939280949418,720,720,1.0,1.0
2549,-58.237366,4947.687,-148.10644351090608,0.02444458,2.7738495,0.05543910031597874,742,742,1.0,1.0
2550,-58.367676,4950.296,-148.06167077314754,-0.13031006,2.6087036,0.04477273775854722,745,745,1.0,1.0
2551,-58.40265,4952.956,-148.0218195014752,-0.034973145,2.6603851,0.039851271672360696,739,739,1.0,1.0
2552,-58.392212,4955.5366,-147.98595872015196,0.010437012,2.5806732,0.035860781323223866,750,750,1.0,1.0
2553,-58.4476,4958.203,-147.97251634318718,-0.055389404,2.666336,0.013442376964781663,762,762,1.0,1.0
2554,-58.48587,4960.827,-147.93505067396057,-0.038269043,2.6241608,0.03746566922659892,750,750,1.0,1.0
2555,-58.50888,4963.541,-147.92888860879611,-0.023010254,2.7136536,0.0061620651644736305,757,757,1.0,1.0
2556,-58.512024,4966.2314,-147.90230521502295,-0.0031433105,2.6902924,0.026583393773176894,758,758,1.0,1.0
2557,-58.533783,4968.942,-147.8886986056115,-0.021759033,2.7106476,0.013606609411467779,763,763,1.0,1.0
2558,-58.615326,4971.6807,-147.88150880553616,-0.08154297,2.7388458,0.007189800075332442,758,758,1.0,1.0
2559,-58.57489,4974.2954,-147.85487543047986,0.04043579,2.614746,0.02663337505629757,772,772,1.0,1.0
2560,-58.697357,4976.8086,-147.8506052223216,-0.12246704,2.5133514,0.004270208158264382,784,784,1.0,1.0
2561,-58.733643,4979.2295,-147.8435227134955,-0.0362854,2.4211426,0.00708250882608829,781,781,1.0,1.0
2562,-58.740845,4981.5166,-147.81514562007806,-0.0072021484,2.2873383,0.028377093417442874,799,799,1.0,1.0
2563,-58.742157,4983.7153,-147.78838473761868,-0.0013122559,2.198532,0.02676088245935788,822,822,1.0,1.0
2564,-58.827423,4985.7793,-147.76942452711816,-0.08526611,2.0641785,0.01896021050053013,807,807,1.0,1.0
2565,-58.78595,4987.753,-147.7459591543796,0.04147339,1.9734039,0.02346537273856744,783,783,1.0,1.0
2566,-58.80194,4989.566,-147.71320995241493,-0.015991211,1.8129578,0.032749201964669246,789,789,1.0,1.0
2567,-58.87552,4991.331,-147.68681695467473,-0.07357788,1.765091,0.02639299774019547,772,772,1.0,1.0
2568,-58.869476,4993.094,-147.66124044425885,0.0060424805,1.7632751,0.0255765104158823,796,796,1.0,1.0
2569,-58.856537,4994.7656,-147.6375073375108,0.012939453,1.6712646,0.02373310674805366,789,789,1.0,1.0
2570,-58.815155,4996.4883,-147.5944261075706,0.041381836,1.7226562,0.04308122994021924,785,785,1.0,1.0
2571,-58.806763,4998.122,-147.5855087729874,0.008392334,1.6337738,0.00891733458321278,790,790,1.0,1.0
2572,-58.837463,4999.7236,-147.57778365385633,-0.030700684,1.6016388,0.007725119131068442,798,798,1.0,1.0
2573,-58.839508,5001.292,-147.55765730395126,-0.0020446777,1.5681915,0.020126349905076637,791,791,1.0,1.0
2574,-58.868774,5002.8916,-147.54902467276148,-0.029266357,1.5995178,0.00863263118979376,792,792,1.0,1.0
2575,-58.805634,5004.3965,-147.54007835166175,0.06314087,1.5048218,0.008946321099735732,782,782,1.0,1.0
2576,-58.786407,5005.935,-147.5233465203026,0.019226074,1.5383759,0.016731831359146816,780,780,1.0,1.0
2577,-58.810028,5007.48,-147.526413732717,-0.023620605,1.5450592,-0.003067212414395529,771,771,1.0,1.0
2578,-58.855988,5008.9917,-147.51893957245997,-0.045959473,1.5115356,0.007474160257023534,779,779,1.0,1.0
2579,-58.816437,5010.5264,-147.50007023825103,0.03955078,1.5344543,0.01886933420894345,779,779,1.0,1.0
2580,-58.77762,5011.98,-147.49237843345665,0.03881836,1.4537811,0.007691804794364047,765,765,1.0,1.0
2581,-58.721375,5013.4146,-147.47450520336392,0.056243896,1.4346619,0.017873230092745048,786,786,1.0,1.0
2582,-58.786957,5014.7573,-147.47667913703017,-0.065582275,1.3427429,-0.002173933666268118,791,791,1.0,1.0
2583,-58.747498,5016.1206,-147.47300328237728,0.03945923,1.3631592,0.0036758546528832692,778,778,1.0,1.0
2584,-58.704956,5017.2935,-147.44076250530912,0.042541504,1.1730652,0.032240777068161336,787,787,1.0,1.0
2585,-58.65796,5018.367,-147.41086321511935,0.04699707,1.0738068,0.029899290189773418,806,806,1.0,1.0
2586,-58.661713,5019.3506,-147.39548844935283,-0.003753662,0.9835663,0.015374765766518717,817,817,1.0,1.0
2587,-58.605103,5020.242,-147.36951998232306,0.056610107,0.89149475,0.025968467029783365,803,803,1.0,1.0
2588,-58.572968,5020.993,-147.3445989424106,0.03213501,0.7511444,0.02492103991243143,803,803,1.0,1.0
2589,-58.57318,5021.7217,-147.31655320618717,-0.00021362305,0.72850037,0.02804573622345511,790,790,1.0,1.0
2590,-58.534546,5022.2583,-147.26224074438719,0.038635254,0.5366516,0.05431246179996713,767,767,1.0,1.0
2591,-58.513885,5022.7227,-147.1717947867488,0.0206604,0.46452332,0.09044595763840428,790,790,1.0,1.0
2592,-58.479034,5023.177,-147.0916891611971,0.034851074,0.45394897,0.08010562555168885,810,810,1.0,1.0
2593,-58.53128,5023.5874,-147.0803198834516,-0.052246094,0.4108734,0.01136927774548844,817,817,1.0,1.0
2594,-58.532776,5023.8906,-147.0648617037484,-0.0014953613,0.30308533,0.015458179703208052,833,833,1.0,1.0
2595,-58.58484,5024.059,-147.0548366826138,-0.05206299,0.16841125,0.010025021134605504,853,853,1.0,1.0
2596,-58.60907,5024.1553,-147.03881171288,-0.024230957,0.09605408,0.016024969733787024,870,870,1.0,1.0
2597,-58.74826,5024.1523,-147.02188074869255,-0.13919067,-0.002822876,0.016930964187442336,850,850,1.0,1.0
2598,-58.856506,5024.1396,-147.00535646162018,-0.10824585,-0.012924194,0.016524287072359495,847,847,1.0,1.0
2599,-59.007233,5024.123,-146.99507115585803,-0.15072632,-0.01638794,0.010285305762166836,822,822,1.0,1.0
2600,-59.1781,5024.067,-146.9920675456519,-0.17086792,-0.05632019,0.0030036102061335172,798,798,1.0,1.0
2601,-59.302673,5024.0396,-146.99191061114306,-0.124572754,-0.027297974,0.00015693450885961353,812,812,1.0,1.0
2602,-59.454773,5023.9634,-146.99259253977297,-0.15209961,-0.07608032,-0.0006819286299040435,851,851,1.0,1.0
2603,-59.849182,5023.726,-146.47778084919116,-0.39440918,-0.2373352,0.514811690581806,751,751,1.0,1.0
2604,-59.930878,5023.5205,-145.45471539591662,-0.08169556,-0.2053833,1.0230654532745496,713,713,1.0,1.0
2605,-59.924286,5023.435,-144.65263539144237,0.006591797,-0.08526611,0.8020800044742492,719,719,1.0,1.0
2606,-59.941193,5023.4214,-144.16571712962838,-0.016906738,-0.013504028,0.48691826181400566,751,751,1.0,1.0
2607,-59.886566,5023.495,-143.84620065125472,0.054626465,0.07354736,0.3195164783736512,760,760,1.0,1.0
2608,-59.816437,5023.6377,-143.6056132677207,0.070129395,0.14274597,0.2405873835340177,750,750,1.0,1.0
2609,-59.701263,5023.7876,-143.39408604190402,0.11517334,0.15007019,0.21152722581668534,765,765,1.0,1.0
2610,-59.547394,5023.964,-143.23836202720543,0.15386963,0.17626953,0.15572401469859168,790,790,1.0,1.0
2611,-59.420776,5024.1494,-143.09773255293823,0.12661743,0.18565369,0.14062947426719097,798,798,1.0,1.0
2612,-59.252502,5024.4297,-142.98047273121566,0.16827393,0.28007507,0.11725982172257433,821,821,1.0,1.0
2613,-59.11319,5024.7676,-142.93039836785138,0.13931274,0.33784485,0.050074363364264886,824,824,1.0,1.0
2614,-59.018463,5025.2173,-142.88288865105406,0.09472656,0.4497528,0.047509716797327836,816,816,1.0,1.0
2615,-58.895294,5025.7114,-142.81837961706526,0.123168945,0.49430847,0.06450903398880017,781,781,1.0,1.0
2616,-58.758575,5026.298,-142.76200039281974,0.13671875,0.58665466,0.05637922424553101,789,789,1.0,1.0
2617,-58.642365,5026.8794,-142.69801464218912,0.11621094,0.5817261,0.06398575063062642,796,796,1.0,1.0
2618,-58.483124,5027.6313,-142.63954580306202,0.15924072,0.7518463,0.05846883912708737,790,790,1.0,1.0
2619,-58.401764,5028.4824,-142.62737900801912,0.08135986,0.8512726,0.01216679504291127,792,792,1.0,1.0
2620,-58.349762,5029.5957,-142.59203413441918,0.052001953,1.1134186,0.03534487359994076,805,805,1.0,1.0
2621,-58.197235,5030.832,-142.55783860211744,0.15252686,1.2362976,0.03419553230172479,792,792,1.0,1.0
2622,-58.14511,5032.181,-142.5663940429026,0.052124023,1.3488922,-0.008555440785149554,787,787,1.0,1.0
2623,-58.050507,5033.7065,-142.5635308485921,0.09460449,1.5255127,0.0028631943104876325,777,777,1.0,1.0
2624,-57.98712,5035.465,-142.5524388008096,0.06338501,1.7584076,0.011092047782497857,803,803,1.0,1.0
2625,-57.920593,5037.3545,-142.5608735505975,0.06652832,1.8895569,-0.008434749787918545,828,828,1.0,1.0
2626,-57.864532,5039.362,-142.546587364063,0.05606079,2.0074158,0.014286186534512881,831,831,1.0,1.0
2627,-57.88507,5041.6426,-142.58225602071215,-0.02053833,2.2809448,-0.035668656649174436,806,806,1.0,1.0
2628,-57.836975,5044.0884,-142.59273358046477,0.048095703,2.4459229,-0.01047755975261862,790,790,1.0,1.0
2629,-57.88095,5046.7,-142.62797511694077,-0.04397583,2.6117554,-0.03524153647601064,804,804,1.0,1.0
2630,-57.836,5049.525,-142.66800292871048,0.044952393,2.8248749,-0.04002781176969708,811,811,1.0,1.0
2631,-57.827026,5052.5,-142.72985574050054,0.008972168,2.9748688,-0.06185281179006189,806,806,1.0,1.0
2632,-57.82373,5055.457,-142.75890015304603,0.0032958984,2.9571838,-0.02904441254549305,786,786,1.0,1.0
2633,-57.831787,5058.503,-142.79671861674913,-0.008056641,3.0457764,-0.037818463703111586,779,779,1.0,1.0
2634,-57.84433,5061.5596,-142.80814916352386,-0.012542725,3.0568848,-0.011430546774741373,780,780,1.0,1.0
2635,-57.841675,5064.672,-142.76953531613302,0.0026550293,3.1125336,0.038613847390844995,776,776,1.0,1.0
2636,-57.872223,5067.735,-142.7317844877106,-0.030548096,3.063095,0.03775082842242366,822,822,1.0,1.0
2637,-57.9169,5070.8193,-142.68089761401964,-0.044677734,3.084671,0.050886873690965166,801,801,1.0,1.0
2638,-57.95572,5073.7085,-142.60431082304285,-0.03881836,2.8890533,0.07658679097678227,782,782,1.0,1.0
2639,-58.021576,5076.644,-142.51845555115233,-0.06585693,2.935379,0.08585527189051732,783,783,1.0,1.0
2640,-58.07837,5079.534,-142.4364852947819,-0.056793213,2.8903198,0.08197025637043291,797,797,1.0,1.0
2641,-58.089966,5082.41,-142.3770434411508,-0.01159668,2.8760529,0.05944185363110663,793,793,1.0,1.0
2642,-58.107758,5085.236,-142.34226446047612,-0.017791748,2.8254852,0.03477898067466295,794,794,1.0,1.0
2643,-58.14981,5088.0303,-142.28476619342499,-0.042053223,2.7941895,0.05749826705111663,787,787,1.0,1.0
2644,-58.183258,5090.799,-142.24118056842974,-0.033447266,2.7685852,0.04358562499525665,799,799,1.0,1.0
2645,-58.252625,5093.512,-142.21560407282,-0.069366455,2.7135925,0.02557649560972631,817,817,1.0,1.0
2646,-58.25659,5096.2295,-142.1685846733496,-0.003967285,2.717102,0.04701939947039851,828,828,1.0,1.0
2647,-58.292694,5098.942,-142.13657193887695,-0.036102295,2.7124176,0.03201273447266087,832,832,1.0,1.0
2648,-58.279022,5101.5757,-142.08613621831486,0.013671875,2.6337585,0.05043572056208005,825,825,1.0,1.0
2649,-58.270386,5104.2983,-142.0682522030189,0.008636475,2.7224731,0.01788401529598364,806,806,1.0,1.0
2650,-58.285492,5106.957,-142.02685477072146,-0.015106201,2.6589203,0.04139743229741643,829,829,1.0,1.0
2651,-58.379547,5109.622,-142.04262521549742,-0.094055176,2.6651764,-0.01577044477596409,822,822,1.0,1.0
2652,-58.363525,5112.2983,-142.00843711089945,0.016021729,2.6760712,0.03418810459796732,809,809,1.0,1.0
2653,-58.422302,5114.939,-141.9931781339212,-0.058776855,2.6406555,0.015258976978253104,803,803,1.0,1.0
2654,-58.404633,5117.574,-141.98618605545892,0.017669678,2.635376,0.006992078462273502,817,817,1.0,1.0
2655,-58.41278,5120.269,-141.95402465051555,-0.008148193,2.6947937,0.03216140494335229,819,819,1.0,1.0
2656,-58.43167,5122.877,-141.95476793809382,-0.01889038,2.6079407,-0.0007432875782779758,821,821,1.0,1.0
2657,-58.466003,5125.583,-141.93606381705465,-0.034332275,2.706253,0.018704121039173523,822,822,1.0,1.0
2658,-58.481476,5128.1826,-141.94149839848765,-0.015472412,2.5993805,-0.00543458143301659,815,815,1.0,1.0
2659,-58.484528,5130.854,-141.91412108244313,-0.0030517578,2.671463,0.02737731604453154,803,803,1.0,1.0
2660,-58.535126,5133.48,-141.91629419549986,-0.050598145,2.6260986,-0.002173113056727354,817,817,1.0,1.0
2661,-58.503784,5136.1084,-141.91482021099915,0.031341553,2.628479,0.0014739845007021165,836,836,1.0,1.0
2662,-58.506836,5138.73,-141.90104571067914,-0.0030517578,2.6216888,0.01377450032001147,820,820,1.0,1.0
2663,-58.504974,5141.3354,-141.88986882981183,0.0018615723,2.605545,0.011176880867323616,812,812,1.0,1.0
2664,-58.50244,5143.943,-141.90367348770823,0.002532959,2.6074677,-0.01380465789641183,828,828,1.0,1.0
2665,-58.510376,5146.591,-141.88203792399528,-0.00793457,2.648117,0.021635563712939777,818,818,1.0,1.0
2666,-58.521393,5149.217,-141.8808806101773,-0.011016846,2.6260529,0.0011573138180067796,818,818,1.0,1.0
2667,-58.502106,5151.7944,-141.85612986675977,0.01928711,2.5778503,0.024750743417503367,823,823,1.0,1.0
2668,-58.528534,5154.3774,-141.85475797724914,-0.026428223,2.5828857,0.001371889510638412,830,830,1.0,1.0
2669,-58.535034,5157.0103,-141.8294053404761,-0.006500244,2.6330414,0.025352636773057442,840,840,1.0,1.0
2670,-58.564606,5159.647,-141.80498949641242,-0.029571533,2.6367493,0.024415844063671508,844,844,1.0,1.0
2671,-58.59836,5162.3604,-141.78797149401422,-0.03375244,2.7133484,0.017018002398216197,827,827,1.0,1.0
2672,-58.620026,5165.0796,-141.7934151154862,-0.02166748,2.7194672,-0.005443621471977291,820,820,1.0,1.0
2673,-58.614166,5167.7153,-141.77171427954644,0.005859375,2.6357727,0.02170083593976542,824,824,1.0,1.0
2674,-58.63452,5170.2607,-141.7635453149156,-0.020355225,2.5452118,0.00816896463083816,829,829,1.0,1.0
2675,-58.71588,5172.7437,-141.77034270762422,-0.08135986,2.482956,-0.006797392708618542,831,831,1.0,1.0
2676,-58.69751,5175.0186,-141.76096155569738,0.018371582,2.2749176,0.009381151926841939,832,832,1.0,1.0
2677,-58.64331,5177.2207,-141.72247764520355,0.05419922,2.2023315,0.03848391049383022,825,825,1.0,1.0
2678,-58.681946,5179.3384,-141.70438177363403,-0.038635254,2.1174622,0.018095871569519906,843,843,1.0,1.0
2679,-58.6315,5181.4097,-141.6618873302396,0.050445557,2.0713043,0.042494443394422196,840,840,1.0,1.0
2680,-58.66104,5183.374,-141.6227535760156,-0.029541016,1.9641876,0.03913375422400518,848,848,1.0,1.0
2681,-58.681488,5185.297,-141.5708668549172,-0.020446777,1.9228973,0.051886721098399896,846,846,1.0,1.0
2682,-58.72589,5187.146,-141.53690009583173,-0.044403076,1.8488922,0.0339667590854866,838,838,1.0,1.0
2683,-58.687866,5188.839,-141.49763417025085,0.038024902,1.6928864,0.03926592558087647,851,851,1.0,1.0
2684,-58.74698,5190.5244,-141.49354818006094,-0.05911255,1.6855774,0.004085990189915384,843,843,1.0,1.0
2685,-58.792023,5192.2056,-141.45998664759927,-0.045043945,1.6809235,0.03356153246166705,833,833,1.0,1.0
2686,-58.83307,5193.7876,-141.42484833199038,-0.041046143,1.581955,0.03513831560889767,846,846,1.0,1.0
2687,-58.8714,5195.423,-141.39730993215528,-0.038330078,1.6350708,0.027538399835093007,841,841,1.0,1.0
2688,-58.867767,5197.0244,-141.37926224984852,0.0036315918,1.6016083,0.018047682306765567,830,830,1.0,1.0
2689,-58.91208,5198.582,-141.381026008699,-0.044311523,1.5577545,-0.0017637588504591007,840,840,1.0,1.0
2690,-58.950287,5200.159,-141.3834621389877,-0.038208008,1.5773621,-0.002436130288714342,829,829,1.0,1.0
2691,-58.99704,5201.736,-141.3847533975475,-0.04675293,1.5766754,-0.0012912585598008066,843,843,1.0,1.0
2692,-59.065063,5203.3037,-141.39255149492837,-0.06802368,1.5676727,-0.0077980973808569175,842,842,1.0,1.0
2693,-59.05298,5204.9043,-141.41064945237372,0.012084961,1.600357,-0.0180979574453472,839,839,1.0,1.0
2694,-59.078064,5206.3867,-141.4273726036608,-0.02508545,1.4823914,-0.016723151287103315,838,838,1.0,1.0
2695,-59.12024,5207.883,-141.43975005760146,-0.042175293,1.4961395,-0.012377453940637788,827,827,1.0,1.0
2696,-59.15616,5209.312,-141.44208198949215,-0.03591919,1.4290924,-0.0023319318907049145,832,832,1.0,1.0
2697,-59.1734,5210.6855,-141.44759267572041,-0.017242432,1.373291,-0.0055106862282653666,840,840,1.0,1.0
2698,-59.186676,5211.9873,-141.45132448301183,-0.0132751465,1.3017731,-0.0037318072914198064,843,843,1.0,1.0
2699,-59.237305,5213.1724,-141.44902712829392,-0.050628662,1.1852722,0.0022973547179240893,845,845,1.0,1.0
2700,-59.306946,5214.2803,-141.43249182479008,-0.06964111,1.1081085,0.016535303503832186,854,854,1.0,1.0
2701,-59.28891,5215.2446,-141.4121774089248,0.018035889,0.9644165,0.020314415865258995,875,875,1.0,1.0
2702,-59.302795,5216.113,-141.39830739999294,-0.013885498,0.8683777,0.013870008931863954,883,883,1.0,1.0
2703,-59.380188,5216.8564,-141.38920546531313,-0.07739258,0.743454,0.009101934679826802,874,874,1.0,1.0
2704,-59.334198,5217.5034,-141.3631977277443,0.04598999,0.64720154,0.026007737568816792,861,861,1.0,1.0
2705,-59.350464,5217.888,-141.31214984086648,-0.01626587,0.38479614,0.05104788687783413,872,872,1.0,1.0
2706,-59.294403,5218.357,-141.20278072361356,0.05606079,0.46858215,0.10936911725293579,859,859,1.0,1.0
2707,-59.294983,5218.7837,-141.20262209767662,-0.000579834,0.42662048,0.000158625936935091,867,867,1.0,1.0
2708,-59.310852,5219.1157,-141.19528779343761,-0.01586914,0.33192444,0.007334304239003466,880,880,1.0,1.0
2709,-59.34967,5219.305,-141.20323437260515,-0.03881836,0.18965149,-0.007946579167537654,894,894,1.0,1.0
2710,-59.403503,5219.393,-141.18191027850415,-0.053833008,0.08798218,0.021324094101017158,921,921,1.0,1.0
2711,-59.472443,5219.3857,-141.16505687012028,-0.06893921,-0.007522583,0.016853408383862165,924,924,1.0,1.0
2712,-59.613953,5219.3003,-141.14670288160892,-0.14151001,-0.0854187,0.018353988511354894,902,902,1.0,1.0
2713,-59.751495,5219.2617,-141.12805650103815,-0.13754272,-0.038772583,0.018646380570766223,891,891,1.0,1.0
2714,-59.847076,5219.2095,-141.1123972598142,-0.095581055,-0.05227661,0.01565924122393536,892,892,1.0,1.0
2715,-60.01538,5219.144,-141.11465953402632,-0.16830444,-0.06550598,-0.0022622742121143004,889,889,1.0,1.0
2716,-60.134003,5219.0923,-141.10986932992526,-0.118621826,-0.051971436,0.004790204101068982,891,891,1.0,1.0
2717,-59.733826,5219.2163,-142.55623756453767,0.400177,0.124191284,-1.446368234612414,812,812,1.0,1.0
2718,-60.216797,5219.9946,-148.26673719034335,-0.4829712,0.77830505,-5.710499625805683,781,781,1.0,1.0
2719,-60.56729,5220.9497,-154.29785142235758,-0.35049438,0.95521545,-6.031114232014224,777,777,1.0,1.0
2720,-60.84738,5221.851,-159.6524976291512,-0.28009033,0.9014282,-5.354646206793621,749,749,1.0,1.0
2721,-61.09958,5222.515,-163.80848059035182,-0.25219727,0.6641693,-4.155982961200597,736,736,1.0,1.0
2722,-61.225555,5222.933,-166.60755038806406,-0.12597656,0.4178772,-2.7990697977122245,732,732,1.0,1.0
2723,-61.183136,5223.0903,-168.31750634928528,0.042419434,0.15736389,-1.7099559612212127,737,737,1.0,1.0
2724,-60.94339,5223.218,-169.44832300709996,0.2397461,0.12745667,-1.1308166578146752,749,749,1.0,1.0
2725,-60.740234,5223.2593,-170.40126610982065,0.20315552,0.04144287,-0.9529431027207047,738,738,1.0,1.0
2726,-60.45874,5223.3594,-171.17851599489438,0.28149414,0.10021973,-0.7772498850737217,736,736,1.0,1.0
2727,-60.243835,5223.4897,-171.86133727182124,0.21490479,0.1303711,-0.682821276926862,742,742,1.0,1.0
2728,-59.99182,5223.722,-172.405310602577,0.25201416,0.2324524,-0.5439733307557691,738,738,1.0,1.0
2729,-59.69519,5224.0303,-172.85114761941975,0.29663086,0.30825806,-0.44583701684274857,731,731,1.0,1.0
2730,-59.447266,5224.355,-173.2478551559829,0.2479248,0.3247528,-0.3967075365631596,744,744,1.0,1.0
2731,-59.230164,5224.8125,-173.5837067631392,0.21710205,0.45747375,-0.3358516071562841,759,759,1.0,1.0
2732,-59.02185,5225.3716,-173.8855990078301,0.20831299,0.5588989,-0.3018922446909101,741,741,1.0,1.0
2733,-58.877716,5226.134,-174.14735828113544,0.14413452,0.7619934,-0.2617592733053216,735,735,1.0,1.0
2734,-58.801117,5227.1655,-174.38319609655775,0.07659912,1.0316162,-0.23583781542230509,736,736,1.0,1.0
2735,-58.831696,5228.337,-174.59066437648588,-0.030578613,1.1714478,-0.207468279928128,749,749,1.0,1.0
2736,-58.820374,5229.652,-174.7607718565619,0.0113220215,1.315033,-0.17010748007601692,735,735,1.0,1.0
2737,-58.820374,5231.085,-174.89664946898276,0.0,1.4330139,-0.13587761242088142,722,722,1.0,1.0
2738,-58.829742,5232.6978,-175.02555499126257,-0.0093688965,1.6128693,-0.12890552227980007,717,717,1.0,1.0
2739,-58.859344,5234.524,-175.1600760725189,-0.02960205,1.8259888,-0.13452108125633835,714,714,1.0,1.0
2740,-58.890137,5236.5,-175.27874863751856,-0.030792236,1.9760132,-0.11867256499965104,717,717,1.0,1.0
2741,-58.937805,5238.7573,-175.40741415886555,-0.047668457,2.257187,-0.12866552134699283,728,728,1.0,1.0
2742,-59.005096,5241.1055,-175.5109818635814,-0.06729126,2.347931,-0.1035677047158529,755,755,1.0,1.0
2743,-59.040436,5243.753,-175.59994715901513,-0.035339355,2.647522,-0.08896529543371753,752,752,1.0,1.0
2744,-59.093353,5246.626,-175.78016014386753,-0.05291748,2.872879,-0.18021298485238918,727,727,1.0,1.0
2745,-59.160583,5249.6875,-175.95457938134766,-0.067230225,3.0616913,-0.1744192374801101,739,739,1.0,1.0
2746,-59.24164,5252.682,-176.0745683206059,-0.08105469,2.9946594,-0.11998893925822145,753,753,1.0,1.0
2747,-59.240387,5255.886,-176.1154835055037,0.0012512207,3.204193,-0.040915184897825405,761,761,1.0,1.0
2748,-59.26767,5259.068,-176.14186422948634,-0.027282715,3.1814728,-0.026380723982630576,768,768,1.0,1.0
2749,-59.349,5262.276,-176.11888438210764,-0.081329346,3.2079468,0.02297984737871469,780,780,1.0,1.0
2750,-59.391632,5265.487,-176.08721277193283,-0.042633057,3.2107391,0.031671610174810225,777,777,1.0,1.0
2751,-59.41861,5268.689,-176.03331297275824,-0.026977539,3.202179,0.053899799174581216,768,768,1.0,1.0
2752,-59.477173,5271.852,-175.95452439378934,-0.058563232,3.1628723,0.0787885789688931,771,771,1.0,1.0
2753,-59.533752,5274.935,-175.8382669648368,-0.05657959,3.0828094,0.11625742895255003,762,762,1.0,1.0
2754,-59.55075,5277.9653,-175.74007280872365,-0.016998291,3.030182,0.09819415611314795,768,768,1.0,1.0
2755,-59.550903,5281.0366,-175.6473573621275,-0.00015258789,3.0713959,0.09271544659613389,746,746,1.0,1.0
2756,-59.652344,5283.977,-175.58962912691715,-0.10144043,2.9404755,0.05772823521035595,755,755,1.0,1.0
2757,-59.688263,5286.9185,-175.5654098818914,-0.03591919,2.9414825,0.02421924502572384,791,791,1.0,1.0
2758,-59.71634,5289.744,-175.55490277831765,-0.028076172,2.8258514,0.010507103573765835,764,764,1.0,1.0
2759,-59.674408,5292.5625,-175.50503587690184,0.041931152,2.8181152,0.04986690141581801,762,762,1.0,1.0
2760,-59.721222,5295.379,-175.47480726785955,-0.046813965,2.8164062,0.03022860904229876,786,786,1.0,1.0
2761,-59.717743,5298.1484,-175.47106990746548,0.003479004,2.7695923,0.00373736039407614,769,769,1.0,1.0
2762,-59.72232,5300.869,-175.4502645049705,-0.0045776367,2.7206573,0.020805402494971172,776,776,1.0,1.0
2763,-59.76581,5303.594,-175.44729696506667,-0.04348755,2.725113,0.0029675399038339954,785,785,1.0,1.0
2764,-59.79306,5306.313,-175.43963879398967,-0.027252197,2.7187805,0.007658171076988108,796,796,1.0,1.0
2765,-59.76013,5308.995,-175.42947869534353,0.032928467,2.6823425,0.010160098646125056,798,798,1.0,1.0
2766,-59.730225,5311.706,-175.41590130454722,0.029907227,2.710846,0.013577390796301794,783,783,1.0,1.0
2767,-59.76169,5314.409,-175.41828745799566,-0.031463623,2.7030487,-0.0023861534484338497,790,790,1.0,1.0
2768,-59.831573,5317.2026,-175.44297912472516,-0.069885254,2.7935028,-0.024691666729509554,806,806,1.0,1.0
2769,-59.880554,5320.0654,-175.4400791678323,-0.048980713,2.8628693,0.0028999568928549956,825,825,1.0,1.0
2770,-59.90555,5322.8276,-175.44002572860742,-0.024993896,2.7624207,5.3439224875640706e-05,823,823,1.0,1.0
2771,-59.938385,5325.506,-175.44444165718497,-0.032836914,2.6781769,-0.004415928577538016,807,807,1.0,1.0
2772,-59.958344,5328.1284,-175.43804713459062,-0.019958496,2.622406,0.0063945225943578396,817,817,1.0,1.0
2773,-60.074524,5330.5684,-175.4158756371939,-0.11618042,2.440155,0.022171497396723285,815,815,1.0,1.0
2774,-60.092957,5332.968,-175.39736543404942,-0.018432617,2.3992767,0.018510203144463878,826,826,1.0,1.0
2775,-60.11212,5335.2017,-175.3741097257019,-0.019165039,2.2340546,0.023255708347495217,811,811,1.0,1.0
2776,-60.18393,5337.3286,-175.37790207024534,-0.07180786,2.1268158,-0.003792344543430333,831,831,1.0,1.0
2777,-60.27704,5339.3276,-175.36483935145463,-0.09310913,1.9990387,0.013062718790714722,812,812,1.0,1.0
2778,-60.28482,5341.2295,-175.36879348590355,-0.0077819824,1.9017792,-0.0039541344489222975,806,806,1.0,1.0
2779,-60.347717,5343.0703,-175.36182685435438,-0.06289673,1.8408966,0.006966631549185186,822,822,1.0,1.0
2780,-60.446625,5344.786,-175.36826690988497,-0.09890747,1.7158966,-0.006440055530594215,818,818,1.0,1.0
2781,-60.467987,5346.5967,-175.36763817531624,-0.021362305,1.8105774,0.0006287345687261366,829,829,1.0,1.0
2782,-60.499146,5348.3213,-175.36201841615303,-0.031158447,1.724823,0.0056197591632099475,824,824,1.0,1.0
2783,-60.515747,5349.973,-175.37239412259973,-0.016601562,1.6517487,-0.010375706446684771,800,800,1.0,1.0
2784,-60.54297,5351.472,-175.37139047886834,-0.02722168,1.4992371,0.0010036437313822527,808,808,1.0,1.0
2785,-60.626007,5353.0264,-175.40072499858007,-0.08303833,1.5543518,-0.02933451971173412,807,807,1.0,1.0
2786,-60.68457,5354.5913,-175.43295317709106,-0.058563232,1.5650787,-0.032228178510999274,807,807,1.0,1.0
2787,-60.789886,5356.1284,-175.47724672874568,-0.10531616,1.5371094,-0.04429355165462221,827,827,1.0,1.0
2788,-60.87329,5357.5938,-175.511489065923,-0.08340454,1.4655457,-0.034242337177326325,828,828,1.0,1.0
2789,-60.88797,5359.04,-175.51852953274556,-0.014678955,1.4465027,-0.007040466822545602,829,829,1.0,1.0
2790,-60.989044,5360.5513,-175.54734527952397,-0.10107422,1.511322,-0.028815746778418867,836,836,1.0,1.0
2791,-61.032043,5362.0156,-175.5737493239664,-0.042999268,1.4641724,-0.026404044442455126,823,823,1.0,1.0
2792,-61.076874,5363.5,-175.59905324230087,-0.044830322,1.4841766,-0.025303918334456197,836,836,1.0,1.0
2793,-61.167084,5364.956,-175.63799949514447,-0.09020996,1.4558258,-0.03894625284359658,822,822,1.0,1.0
2794,-61.1868,5366.3213,-175.64175163010447,-0.019714355,1.3652954,-0.0037521349599926464,811,811,1.0,1.0
2795,-61.235962,5367.6035,-175.68274157686022,-0.04916382,1.2819977,-0.04098994675575016,822,822,1.0,1.0
2796,-61.32605,5368.903,-175.70537238585578,-0.09008789,1.2991486,-0.022630808995562638,843,843,1.0,1.0
2797,-61.270172,5370.0566,-175.68391878124996,0.055877686,1.1537323,0.021453604605816697,832,832,1.0,1.0
2798,-61.291443,5371.089,-175.7206918180274,-0.021270752,1.0324707,-0.0367730367774348,841,841,1.0,1.0
2799,-61.33606,5371.996,-175.75150843263273,-0.0446167,0.9074249,-0.030816614605342022,869,869,1.0,1.0
2800,-61.379333,5372.813,-175.76299145641704,-0.043273926,0.816803,-0.011483023784311885,848,848,1.0,1.0
2801,-61.35495,5373.546,-175.7637126288542,0.024383545,0.7326813,-0.0007211724371537407,827,827,1.0,1.0
2802,-61.370667,5374.186,-175.75825638022084,-0.015716553,0.64019775,0.005456248633352297,850,850,1.0,1.0
2803,-61.393494,5374.6904,-175.75018443062731,-0.022827148,0.50460815,0.008071949593539369,854,854,1.0,1.0
2804,-61.36966,5374.992,-175.72794299810167,0.023834229,0.30184937,0.022241432525648176,881,881,1.0,1.0
2805,-61.31494,5375.3296,-175.66611683289634,0.054718018,0.33755493,0.06182616520533297,871,871,1.0,1.0
2806,-61.296417,5375.607,-175.67761068384993,0.01852417,0.27749634,-0.011493850953609181,870,870,1.0,1.0
2807,-61.29001,5375.844,-175.6767688078395,0.0064086914,0.23753357,0.0008418760104380577,897,897,1.0,1.0
2808,-61.27951,5376.0522,-175.67402240096862,0.010498047,0.20787048,0.0027464068708782994,889,889,1.0,1.0
2809,-61.350586,5376.1123,-175.66635046574825,-0.07107544,0.0599823,0.007671935220358745,892,892,1.0,1.0
2810,-61.459015,5376.088,-175.6662922179427,-0.108428955,-0.024429321,5.824780555180862e-05,898,898,1.0,1.0
2811,-61.593384,5376.06,-175.6624229667329,-0.1343689,-0.027633667,0.003869251209813689,899,899,1.0,1.0
2812,-61.691406,5376.051,-175.6322915475051,-0.09802246,-0.009246826,0.0301314192277968,867,867,1.0,1.0
2813,-61.835205,5375.997,-175.62095225220975,-0.14379883,-0.05366516,0.011339295295350674,856,856,1.0,1.0
2814,-61.964325,5375.9907,-175.6181861545399,-0.12911987,-0.0061187744,0.0027660976698407457,849,849,1.0,1.0
2815,-61.922882,5375.9634,-176.01463560650248,0.04144287,-0.027511597,-0.3964494519625756,796,796,1.0,1.0
2816,-62.28943,5376.407,-180.95090390568794,-0.36654663,0.44374084,-4.936268299185451,757,757,1.0,1.0
2817,-62.69583,5377.404,-187.20694925849781,-0.4064026,0.9963989,-6.256045352809887,730,730,1.0,1.0
2818,-62.904144,5378.4224,-193.1439096902534,-0.20831299,1.01857,-5.936960431755591,739,739,1.0,1.0
2819,-63.08377,5379.3296,-198.11845958746648,-0.17962646,0.90745544,-4.974549897213074,734,734,1.0,1.0
2820,-63.21997,5379.8745,-201.802651716465,-0.13619995,0.5448761,-3.6841921289985238,725,725,1.0,1.0
2821,-63.179535,5380.129,-204.01982026271423,0.04043579,0.2545166,-2.21716854624923,715,715,1.0,1.0
2822,-63.06778,5380.2085,-205.27576653276142,0.11175537,0.07940674,-1.2559462700471953,742,742,1.0,1.0
2823,-62.893585,5380.3833,-206.26021058853274,0.17419434,0.17459106,-0.9844440557713104,757,757,1.0,1.0
2824,-62.713745,5380.602,-207.11619684491419,0.17984009,0.21887207,-0.8559862563814521,773,773,1.0,1.0
2825,-62.577637,5380.8047,-207.87965416348197,0.1361084,0.20271301,-0.763457318567776,745,745,1.0,1.0
2826,-62.334717,5381.0576,-208.5217917786677,0.24291992,0.25283813,-0.6421376151857295,730,730,1.0,1.0
2827,-62.131775,5381.3164,-209.0986801510869,0.2029419,0.25863647,-0.5768883724192179,761,761,1.0,1.0
2828,-61.938934,5381.5835,-209.562626745346,0.19284058,0.26686096,-0.46394659425907187,745,745,1.0,1.0
2829,-61.72104,5381.9907,-209.98199368386224,0.21789551,0.40722656,-0.4193669385162384,755,755,1.0,1.0
2830,-61.50934,5382.539,-210.33704538458127,0.21170044,0.5485077,-0.3550517007190188,746,746,1.0,1.0
2831,-61.310608,5383.2715,-210.64560144171384,0.19873047,0.7325134,-0.30855605713257694,759,759,1.0,1.0
2832,-61.217194,5384.2793,-210.90502566807191,0.09341431,1.0076599,-0.25942422635808887,760,760,1.0,1.0
2833,-61.15747,5385.458,-211.130881535598,0.0597229,1.1786194,-0.22585586752608502,768,768,1.0,1.0
2834,-61.143738,5386.7017,-211.33323559565792,0.01373291,1.2436218,-0.20235406005992573,754,754,1.0,1.0
2835,-61.137177,5388.18,-211.49972081559082,0.0065612793,1.4784546,-0.1664852199329,744,744,1.0,1.0
2836,-61.13861,5389.862,-211.67230575947724,-0.0014343262,1.6816711,-0.17258494388640852,729,729,1.0,1.0
2837,-61.163605,5391.7603,-211.79157023107837,-0.024993896,1.8985596,-0.1192644716011227,732,732,1.0,1.0
2838,-61.171295,5393.822,-211.91327930871117,-0.0076904297,2.0613556,-0.12170907763280452,744,744,1.0,1.0
2839,-61.191437,5396.0747,-212.01863789573198,-0.020141602,2.2530823,-0.10535858702080879,755,755,1.0,1.0
2840,-61.208923,5398.505,-212.1300021690692,-0.017486572,2.43042,-0.11136427333722808,760,760,1.0,1.0
2841,-61.186584,5401.171,-212.2358256704239,0.022338867,2.666153,-0.10582350135470768,758,758,1.0,1.0
2842,-61.17755,5404.1157,-212.3325757517877,0.009033203,2.9446106,-0.09675008136376842,752,752,1.0,1.0
2843,-61.1427,5407.271,-212.41782373274228,0.034851074,3.1551056,-0.08524798095459869,744,744,1.0,1.0
2844,-61.171997,5410.427,-212.59384595310752,-0.029296875,3.1558075,-0.17602222036523732,735,735,1.0,1.0
2845,-61.20102,5413.771,-212.7573746254343,-0.029022217,3.3441162,-0.1635286723267765,741,741,1.0,1.0
2846,-61.243347,5417.0913,-212.85374631439092,-0.04232788,3.3204803,-0.09637168895663341,765,765,1.0,1.0
2847,-61.32135,5420.403,-212.8944161827627,-0.07800293,3.311432,-0.04066986837180745,765,765,1.0,1.0
2848,-61.32202,5423.7207,-212.91363230774672,-0.0006713867,3.318039,-0.01921612498401677,777,777,1.0,1.0
2849,-61.40384,5427.023,-212.88845318619923,-0.08181763,3.3020935,0.02517912154750144,779,779,1.0,1.0
2850,-61.480377,5430.2397,-212.85632348946868,-0.076538086,3.2165985,0.032129696730547996,781,781,1.0,1.0
2851,-61.55963,5433.4595,-212.806709417118,-0.07925415,3.2196503,0.049614072350693525,776,776,1.0,1.0
2852,-61.551544,5436.636,-212.71209115080168,0.008087158,3.1765594,0.09461826631630194,757,757,1.0,1.0
2853,-61.59134,5439.7544,-212.59900668767358,-0.039794922,3.118332,0.11308446312811006,752,752,1.0,1.0
2854,-61.59137,5442.703,-212.5087224135824,-3.0517578e-05,2.948639,0.09028427409118323,781,781,1.0,1.0
2855,-61.584656,5445.627,-212.40673431129068,0.006713867,2.9236145,0.10198810229171898,768,768,1.0,1.0
2856,-61.5925,5448.489,-212.3969847631347,-0.007843018,2.8619537,0.009749548155972607,757,757,1.0,1.0
2857,-61.544952,5451.3237,-212.35090237398612,0.047546387,2.8348694,0.04608238914857516,763,763,1.0,1.0
2858,-61.59436,5454.162,-212.32744346005572,-0.04940796,2.83815,0.023458913930388823,772,772,1.0,1.0
2859,-61.54373,5456.928,-212.29104185894482,0.050628662,2.7663422,0.03640160111088582,745,745,1.0,1.0
2860,-61.496216,5459.7,-212.28385927316629,0.04751587,2.7717743,0.007182585778531096,742,742,1.0,1.0
2861,-61.52426,5462.4614,-212.26529346535932,-0.028045654,2.761383,0.01856580780697523,759,759,1.0,1.0
2862,-61.50238,5465.2495,-212.26610584097224,0.021881104,2.788208,-0.0008123756129358406,758,758,1.0,1.0
2863,-61.507202,5468.0205,-212.25974456570128,-0.0048217773,2.7709503,0.006361275270959516,783,783,1.0,1.0
2864,-61.465942,5470.79,-212.2597524291122,0.041259766,2.7697296,-7.86341092558428e-06,772,772,1.0,1.0
2865,-61.49359,5473.49,-212.24536441119716,-0.027648926,2.7002563,0.014388017915063066,788,788,1.0,1.0
2866,-61.496216,5476.2437,-212.25358969868785,-0.0026245117,2.7535858,-0.008225287490688182,773,773,1.0,1.0
2867,-61.469696,5478.9404,-212.26045115894897,0.026519775,2.6969452,-0.0068614602611221116,758,758,1.0,1.0
2868,-61.521637,5481.7217,-212.24443346323199,-0.051940918,2.7810059,0.0160176957169762,761,761,1.0,1.0
2869,-61.534485,5484.4497,-212.25045898277688,-0.0128479,2.7279358,-0.006025519544890844,781,781,1.0,1.0
2870,-61.49533,5487.088,-212.23949301384215,0.039154053,2.6379547,0.010965968934726577,771,771,1.0,1.0
2871,-61.485138,5489.7437,-212.2515001897607,0.010192871,2.6557922,-0.012007175918534459,764,764,1.0,1.0
2872,-61.399994,5492.4956,-212.24093120502803,0.08514404,2.7517548,0.010568984732663272,762,762,1.0,1.0
2873,-61.433716,5495.205,-212.25990589816664,-0.033721924,2.7097015,-0.01897469313859765,774,774,1.0,1.0
2874,-61.458923,5497.8667,-212.2831094126979,-0.02520752,2.66156,-0.023203514531261217,761,761,1.0,1.0
2875,-61.44464,5500.524,-212.30039473735812,0.014282227,2.657196,-0.017285324660203667,749,749,1.0,1.0
2876,-61.381042,5503.1396,-212.3000752556605,0.06359863,2.6158142,0.0003194816976204078,764,764,1.0,1.0
2877,-61.42096,5505.8315,-212.32298916967034,-0.039916992,2.691742,-0.022913914009839043,771,771,1.0,1.0
2878,-61.327698,5508.4697,-212.3281021487314,0.09326172,2.638214,-0.005112979061077629,776,776,1.0,1.0
2879,-61.310394,5511.1772,-212.34224347292064,0.017303467,2.7077332,-0.014141324189248348,783,783,1.0,1.0
2880,-61.24765,5513.8604,-212.3262383364748,0.06274414,2.6832886,0.01600513644583936,773,773,1.0,1.0
2881,-61.287872,5516.547,-212.34760551788548,-0.040222168,2.6863403,-0.021367181410670018,784,784,1.0,1.0
2882,-61.391846,5519.2324,-212.3855016501479,-0.10397339,2.6855927,-0.03789613226239913,764,764,1.0,1.0
2883,-61.408844,5521.8745,-212.41750796934954,-0.016998291,2.6422577,-0.032006319201653,772,772,1.0,1.0
2884,-61.352234,5524.569,-212.41214782941688,0.056610107,2.6944427,0.005360139932672391,771,771,1.0,1.0
2885,-61.391632,5527.213,-212.4333325045935,-0.039398193,2.6439972,-0.021184675176621606,784,784,1.0,1.0
2886,-61.353577,5529.875,-212.43568189198092,0.03805542,2.6623383,-0.0023493873874255214,774,774,1.0,1.0
2887,-61.380188,5532.46,-212.46575518795711,-0.026611328,2.5848236,-0.030073295976196006,759,759,1.0,1.0
2888,-61.363647,5535.0493,-212.44090118766783,0.016540527,2.589157,0.024854000289272656,761,761,1.0,1.0
2889,-61.44821,5537.605,-212.49042547015677,-0.08456421,2.555542,-0.04952428248893293,763,763,1.0,1.0
2890,-61.4758,5540.234,-212.50614527965806,-0.02758789,2.6289215,-0.01571980950128954,764,764,1.0,1.0
2891,-61.47116,5542.8745,-212.5200240900041,0.004638672,2.6405945,-0.013878810346046905,776,776,1.0,1.0
2892,-61.475616,5545.443,-212.51380777001395,-0.0044555664,2.568512,0.006216319990168313,780,780,1.0,1.0
2893,-61.45868,5548.1343,-212.54043281828032,0.016937256,2.6912842,-0.02662504826637643,794,794,1.0,1.0
2894,-61.456055,5550.809,-212.53731606699364,0.0026245117,2.6750336,0.0031167512866696057,779,779,1.0,1.0
2895,-61.4187,5553.4023,-212.55762549600797,0.037353516,2.5934906,-0.020309429014326762,770,770,1.0,1.0
2896,-61.36844,5556.0083,-212.56398576922535,0.05026245,2.6060638,-0.006360273217391527,786,786,1.0,1.0
2897,-61.332123,5558.6016,-212.58090711965764,0.036315918,2.5931702,-0.016921350432292738,783,783,1.0,1.0
2898,-61.29947,5561.283,-212.57578791611084,0.03265381,2.6817017,0.005119203546807792,779,779,1.0,1.0
2899,-61.2778,5563.8647,-212.58372135888004,0.02166748,2.5813904,-0.007933442769190372,773,773,1.0,1.0
2900,-61.26465,5566.5366,-212.58964756113951,0.013153076,2.671646,-0.005926202259486841,769,769,1.0,1.0
2901,-61.198364,5569.141,-212.60750008413277,0.06628418,2.604721,-0.017852522993240364,776,776,1.0,1.0
2902,-61.16043,5571.7734,-212.6032340219812,0.03793335,2.6323395,0.0042660621515615265,789,789,1.0,1.0
2903,-61.124878,5574.405,-212.62775871569403,0.03555298,2.631424,-0.024524693712835666,800,800,1.0,1.0
2904,-61.092865,5576.952,-212.61718384720743,0.03201294,2.547409,0.01057486848660977,803,803,1.0,1.0
2905,-61.103973,5579.536,-212.60833804825683,-0.011108398,2.5838776,0.008845798950590546,786,786,1.0,1.0
2906,-61.12274,5582.0854,-212.61925596867226,-0.01876831,2.5493164,-0.010917920415445608,801,801,1.0,1.0
2907,-61.135986,5584.7896,-212.6010877228617,-0.013244629,2.7042542,0.01816824581056439,826,826,1.0,1.0
2908,-61.139282,5587.413,-212.61575091500376,-0.0032958984,2.6235657,-0.014663192142066172,800,800,1.0,1.0
2909,-61.143127,5590.0684,-212.61853006131497,-0.0038452148,2.6550598,-0.0027791463112143864,788,788,1.0,1.0
2910,-61.11554,5592.4893,-212.62314306382535,0.02758789,2.420807,-0.004613002510387782,802,802,1.0,1.0
2911,-61.09967,5594.841,-212.58137688365474,0.01586914,2.3513336,0.04176618017060052,796,796,1.0,1.0
2912,-61.120728,5597.096,-212.5521550291722,-0.021057129,2.2551727,0.029221854482523103,811,811,1.0,1.0
2913,-61.11786,5599.2275,-212.51919911820843,0.0028686523,2.1314697,0.032955910963774655,816,816,1.0,1.0
2914,-61.077606,5601.2236,-212.48748660620524,0.040252686,1.9958496,0.03171251200319489,826,826,1.0,1.0
2915,-61.03473,5603.1885,-212.47076707364937,0.042877197,1.9647064,0.016719532555861,829,829,1.0,1.0
2916,-61.028046,5604.992,-212.4577424868409,0.0066833496,1.8035431,0.013024586808454757,828,828,1.0,1.0
2917,-61.005493,5606.707,-212.4363698786127,0.02255249,1.7146149,0.02137260822820044,814,814,1.0,1.0
2918,-60.923737,5608.433,-212.41147448444252,0.08175659,1.7259827,0.0248953941701903,799,799,1.0,1.0
2919,-60.89212,5610.025,-212.3651182734828,0.03161621,1.5917664,0.046356210959711104,785,785,1.0,1.0
2920,-60.867157,5611.565,-212.34344921809807,0.024963379,1.5400848,0.0216690553847239,793,793,1.0,1.0
2921,-60.767426,5613.122,-212.29992500481106,0.099731445,1.5573425,0.04352421328701806,789,789,1.0,1.0
2922,-60.757965,5614.577,-212.2872260997118,0.009460449,1.455246,0.012698905099247506,814,814,1.0,1.0
2923,-60.736877,5615.9976,-212.26928991473022,0.021087646,1.4203033,0.01793618498156709,832,832,1.0,1.0
2924,-60.68399,5617.4336,-212.25371713577107,0.052886963,1.4362793,0.015572778959156807,825,825,1.0,1.0
2925,-60.72882,5618.8765,-212.27172728277029,-0.044830322,1.4427032,-0.01801014699920397,817,817,1.0,1.0
2926,-60.74298,5620.2974,-212.27469792680023,-0.014160156,1.4208679,-0.0029706440299301466,837,837,1.0,1.0
2927,-60.774048,5621.6816,-212.2619332224796,-0.031066895,1.3842316,0.012764704320621514,822,822,1.0,1.0
2928,-60.777405,5623.1426,-212.28661601324077,-0.0033569336,1.4611816,-0.0246827907611885,832,832,1.0,1.0
2929,-60.852234,5624.6255,-212.28781849604826,-0.0748291,1.4829712,-0.0012024828074810043,824,824,1.0,1.0
2930,-60.884247,5625.977,-212.29019207383817,-0.03201294,1.3517151,-0.002373577789916598,824,824,1.0,1.0
2931,-60.89319,5627.3623,-212.2649805896494,-0.00894165,1.385376,0.025211484188746015,820,820,1.0,1.0
2932,-60.957275,5628.6475,-212.2873868167606,-0.064086914,1.2851562,-0.02240622711118679,823,823,1.0,1.0
2933,-61.00412,5629.8794,-212.28206928813896,-0.046844482,1.2319031,0.005317528621639391,832,832,1.0,1.0
2934,-61.028473,5630.9844,-212.26011440750352,-0.024353027,1.1050568,0.021954880635434482,834,834,1.0,1.0
2935,-61.01169,5632.0786,-212.21062058374017,0.016784668,1.0941467,0.04949382376335331,823,823,1.0,1.0
2936,-61.043823,5633.162,-212.2137322939658,-0.03213501,1.0834503,-0.0031117102256344857,829,829,1.0,1.0
2937,-61.131287,5634.023,-212.1947270683351,-0.08746338,0.86105347,0.019005225630686354,837,837,1.0,1.0
2938,-61.155457,5634.7754,-212.18052748179946,-0.024169922,0.75224304,0.014199586535654105,838,838,1.0,1.0
2939,-61.151733,5635.455,-212.1544833720662,0.0037231445,0.6798096,0.026044109733244707,823,823,1.0,1.0
2940,-61.197327,5636.0093,-212.12889081278493,-0.04559326,0.55436707,0.02559255928128122,810,810,1.0,1.0
2941,-61.169006,5636.484,-212.0745188031184,0.028320312,0.4744873,0.05437200966653731,835,835,1.0,1.0
2942,-61.24112,5636.8193,-212.05137014682776,-0.07211304,0.3352661,0.0231486562906437,857,857,1.0,1.0
2943,-61.27176,5637.13,-212.03674046268,-0.030639648,0.31044006,0.014629684147758264,839,839,1.0,1.0
2944,-61.27368,5637.324,-211.98403459083497,-0.0019226074,0.19454956,0.052705871845045965,869,869,1.0,1.0
2945,-61.229126,5637.4746,-211.9747286508699,0.044555664,0.15057373,0.009305939965061832,893,893,1.0,1.0
2946,-61.26477,5637.576,-211.9605096385133,-0.03564453,0.10165405,0.01421901235660787,887,887,1.0,1.0
2947,-61.34836,5637.6104,-211.96035619688115,-0.08358765,0.0342865,0.00015344163212587764,869,869,1.0,1.0
2948,-61.45511,5637.6313,-211.95679757063544,-0.10675049,0.020874023,0.0035586262456972434,864,864,1.0,1.0
2949,-61.557343,5637.6616,-211.94514782260183,-0.10223389,0.030456543,0.011649748033609048,850,850,1.0,1.0
2950,-61.694275,5637.732,-211.9651521231975,-0.13693237,0.07022095,-0.020004300595668444,847,847,1.0,1.0
2951,-61.892426,5637.833,-211.97605011611842,-0.19815063,0.10090637,-0.010897992920925264,825,825,1.0,1.0
2952,-62.073975,5637.849,-211.9787890964302,-0.18154907,0.016021729,-0.002738980311796567,833,833,1.0,1.0
2953,-63.054626,5637.822,-209.83135518881758,-0.98065186,-0.027404785,2.1474339076126308,741,741,1.0,1.0
2954,-63.760864,5637.091,-203.76888143328972,-0.7062378,-0.73106384,6.062473755527857,715,715,1.0,1.0
2955,-63.896698,5636.1416,-197.20653447834147,-0.13583374,-0.9491272,6.562346954948262,705,705,1.0,1.0
2956,-63.958496,5635.243,-190.595583585096,-0.061798096,-0.8983917,6.6109508932454695,700,700,1.0,1.0
2957,-63.81723,5634.5044,-183.95332018874936,0.14126587,-0.73880005,6.642263396346631,698,698,1.0,1.0
2958,-63.47638,5633.833,-177.3115993048001,0.34085083,-0.67163086,6.641720883949274,709,709,1.0,1.0
2959,-63.171753,5633.3154,-170.6690389660139,0.30462646,-0.5175934,6.642560338786199,737,737,1.0,1.0
2960,-62.754303,5632.874,-163.99348286078242,0.41744995,-0.4414673,6.6755561052314585,745,745,1.0,1.0
2961,-62.362183,5632.477,-157.45228108928188,0.39212036,-0.39704895,6.54120177150054,747,747,1.0,1.0
2962,-61.92273,5632.0796,-151.69722761605354,0.43945312,-0.3972931,5.755053473228355,744,744,1.0,1.0
2963,-61.547516,5632.021,-147.33543681813956,0.37521362,-0.058685303,4.361790797913972,764,764,1.0,1.0
2964,-61.276154,5632.1895,-144.23589515816812,0.2713623,0.16847229,3.099541659971426,791,791,1.0,1.0
2965,-61.0766,5632.5176,-142.09364451663953,0.19955444,0.32835388,2.142250641528584,790,790,1.0,1.0
2966,-60.992188,5632.985,-140.6152528527273,0.08441162,0.467453,1.4783916639122332,797,797,1.0,1.0
2967,-60.845886,5633.5146,-139.47260594942875,0.14630127,0.5299225,1.14264690329856,791,791,1.0,1.0
2968,-60.879333,5634.2173,-138.5445135943386,-0.033447266,0.70285034,0.9280923550901311,799,799,1.0,1.0
2969,-60.87033,5635.0474,-137.80996550642865,0.009002686,0.8301544,0.7345480879099657,796,796,1.0,1.0
2970,-60.792633,5635.9644,-137.21459709599702,0.077697754,0.9171753,0.5953684104316204,811,811,1.0,1.0
2971,-60.74646,5637.02,-136.79968623650322,0.046173096,1.0556335,0.4149108594937889,807,807,1.0,1.0
2972,-60.762634,5638.183,-136.49085582862622,-0.016174316,1.163147,0.30883040787698324,808,808,1.0,1.0
2973,-60.750824,5639.648,-136.24339882903516,0.011810303,1.4650574,0.24745699959106207,818,818,1.0,1.0
2974,-60.693054,5641.3037,-136.07910289843318,0.057769775,1.6557617,0.16429593060198713,809,809,1.0,1.0
2975,-60.64563,5643.1357,-135.96285533277432,0.047424316,1.832016,0.11624756565886184,815,815,1.0,1.0
2976,-60.572723,5645.2305,-135.89050748253888,0.072906494,2.0947418,0.07234785023543518,836,836,1.0,1.0
2977,-60.54889,5647.461,-135.87976817184094,0.023834229,2.2303467,0.010739310697936643,824,824,1.0,1.0
2978,-60.482483,5649.9185,-135.83754046928823,0.06640625,2.457611,0.042227702552708565,821,821,1.0,1.0
2979,-60.479218,5652.6245,-135.84914232789257,0.0032653809,2.7062378,-0.011601858604332608,842,842,1.0,1.0
2980,-60.4946,5655.5796,-135.815700149203,-0.015380859,2.9552307,0.033442178689576024,813,813,1.0,1.0
2981,-60.453247,5658.542,-135.74483470757204,0.04135132,2.9624176,0.07086544163094416,820,820,1.0,1.0
2982,-60.381653,5661.517,-135.6991554619945,0.07159424,2.9752197,0.04567924557754362,826,826,1.0,1.0
2983,-60.384705,5664.623,-135.64897249144337,-0.0030517578,3.1057434,0.05018297055114595,820,820,1.0,1.0
2984,-60.38565,5667.655,-135.61651297545683,-0.0009460449,3.031723,0.03245951598654067,803,803,1.0,1.0
2985,-60.35013,5670.7407,-135.5429943471148,0.03552246,3.0861206,0.07351862834202293,822,822,1.0,1.0
2986,-60.383636,5673.8276,-135.4529545383756,-0.0335083,3.0868378,0.09003980873921255,823,823,1.0,1.0
2987,-60.31784,5676.791,-135.35932784516476,0.0657959,2.96315,0.09362669321082984,829,829,1.0,1.0
2988,-60.373108,5679.702,-135.31318084402872,-0.055267334,2.9110718,0.04614700113603784,817,817,1.0,1.0
2989,-60.382507,5682.725,-135.2542708944045,-0.009399414,3.0231323,0.05890994962422534,801,801,1.0,1.0
2990,-60.369415,5685.637,-135.21659200838604,0.013092041,2.9121246,0.03767888601845585,822,822,1.0,1.0
2991,-60.422546,5688.5107,-135.23698006153137,-0.053131104,2.8733673,-0.020388053145325335,819,819,1.0,1.0
2992,-60.464508,5691.328,-135.25646256981176,-0.04196167,2.817505,-0.01948250828039096,825,825,1.0,1.0
2993,-60.51007,5694.076,-135.2627297341805,-0.045562744,2.7481232,-0.006267164368746708,823,823,1.0,1.0
2994,-60.51111,5696.7617,-135.2592841666477,-0.0010375977,2.685669,0.0034455675328232,834,834,1.0,1.0
2995,-60.53601,5699.4795,-135.267838988903,-0.024902344,2.7176514,-0.008554822255325906,823,823,1.0,1.0
2996,-60.607666,5702.233,-135.28992464531913,-0.07165527,2.753479,-0.02208565641611148,823,823,1.0,1.0
2997,-60.56555,5704.962,-135.28430162161735,0.042114258,2.729126,0.0056230237017761385,826,826,1.0,1.0
2998,-60.608795,5707.7563,-135.31235574048014,-0.04324341,2.7944183,-0.028054118862809965,820,820,1.0,1.0
2999,-60.60251,5710.508,-135.32961978039427,0.006286621,2.751419,-0.017264039914114657,830,830,1.0,1.0
3000,-60.634277,5713.455,-135.34843660605384,-0.0317688,2.9472046,-0.01881682565957825,846,846,1.0,1.0
3001,-60.59366,5716.343,-135.3549703496235,0.040618896,2.8878632,-0.006533743569674872,853,853,1.0,1.0
3002,-60.60733,5719.105,-135.371996178799,-0.013671875,2.7621002,-0.01702582917549744,821,821,1.0,1.0
3003,-60.630157,5721.837,-135.36977846271074,-0.022827148,2.732071,0.0022177160882815472,818,818,1.0,1.0
3004,-60.63446,5723.067,-135.3671828387995,-0.0043029785,1.2297668,0.0025956239112448925,830,830,1.0,1.0
3005,-60.618134,5725.5415,-135.35309527224499,0.016326904,2.4743958,0.014087566554495024,801,801,1.0,1.0
3006,-60.677094,5727.8774,-135.33574470515032,-0.05895996,2.336029,0.017350567094665002,820,820,1.0,1.0
3007,-60.699677,5730.1157,-135.33456286486202,-0.022583008,2.2383118,0.0011818402882959012,824,824,1.0,1.0
3008,-60.73462,5732.274,-135.35565968225032,-0.034942627,2.1583405,-0.021096817388294706,840,840,1.0,1.0
3009,-60.754913,5734.335,-135.34308788613208,-0.02029419,2.061081,0.012571796118230427,829,829,1.0,1.0
3010,-60.778046,5736.252,-135.324714275366,-0.023132324,1.9170837,0.018373610766078297,832,832,1.0,1.0
3011,-60.79178,5738.079,-135.3211160288966,-0.01373291,1.8271484,0.003598246469401094,839,839,1.0,1.0
3012,-60.778046,5739.761,-135.29761679017145,0.01373291,1.6821594,0.023499238725164243,814,814,1.0,1.0
3013,-60.847717,5741.5,-135.31734002045323,-0.06967163,1.7386017,-0.019723230281777356,818,818,1.0,1.0
3014,-60.880493,5743.0527,-135.32474892481366,-0.03277588,1.5527344,-0.0074089043604351765,820,820,1.0,1.0
3015,-60.93802,5744.584,-135.31427864249315,-0.057525635,1.5313568,0.01047028232052432,819,819,1.0,1.0
3016,-61.040497,5746.1167,-135.3541464249404,-0.10247803,1.5326233,-0.039867782447263043,816,816,1.0,1.0
3017,-61.140198,5747.6865,-135.37782039488795,-0.09970093,1.5700684,-0.02367396994754025,827,827,1.0,1.0
3018,-61.152405,5749.1357,-135.37188976805592,-0.012207031,1.4491272,0.005930626832030983,809,809,1.0,1.0
3019,-61.193665,5750.6367,-135.37809125857103,-0.041259766,1.5010681,-0.006201490515102356,818,818,1.0,1.0
3020,-61.301666,5752.1743,-135.410761706184,-0.10800171,1.5374298,-0.0326704476129454,815,815,1.0,1.0
3021,-61.264282,5753.6494,-135.4258230836322,0.037384033,1.4752808,-0.015061377448214716,809,809,1.0,1.0
3022,-61.291107,5755.1934,-135.46664984448637,-0.026824951,1.54393,-0.0408267608541709,810,810,1.0,1.0
3023,-61.3584,5756.6685,-135.4762919083649,-0.06729126,1.475296,-0.00964206387854423,811,811,1.0,1.0
3024,-61.43103,5758.1,-135.5277467831602,-0.072631836,1.4315948,-0.05145487479530691,824,824,1.0,1.0
3025,-61.454285,5759.604,-135.5426192297929,-0.023254395,1.5041046,-0.014872446632690205,823,823,1.0,1.0
3026,-61.53189,5760.935,-135.5482895191812,-0.0776062,1.3311768,-0.00567028938829322,813,813,1.0,1.0
3027,-61.55194,5762.2686,-135.57861234003812,-0.020050049,1.3332672,-0.03032282085692447,821,821,1.0,1.0
3028,-61.53604,5763.436,-135.60127161107496,0.015899658,1.167633,-0.022659271036848838,816,816,1.0,1.0
3029,-61.582184,5764.5435,-135.6172517999237,-0.046142578,1.1076508,-0.015980188848749285,841,841,1.0,1.0
3030,-61.60553,5765.4946,-135.62651720088368,-0.023345947,0.95095825,-0.009265400959966825,845,845,1.0,1.0
3031,-61.59665,5766.3486,-135.63984530797248,0.008880615,0.854126,-0.01332810708878555,845,845,1.0,1.0
3032,-61.61905,5767.0317,-135.62444584676487,-0.022399902,0.68315125,0.015399461207615974,855,855,1.0,1.0
3033,-61.59915,5767.5254,-135.5542932109854,0.019897461,0.49371338,0.07015263577946525,848,848,1.0,1.0
3034,-61.629517,5768.102,-135.50003838905698,-0.03036499,0.57650757,0.05425482192841045,852,852,1.0,1.0
3035,-61.65735,5768.562,-135.49073953988557,-0.027832031,0.4597931,0.009298849171420133,838,838,1.0,1.0
3036,-61.67099,5768.919,-135.48254960742497,-0.013641357,0.35705566,0.008189932460596528,864,864,1.0,1.0
3037,-61.755463,5769.0967,-135.47317343902205,-0.084472656,0.17791748,0.009376168402934372,872,872,1.0,1.0
3038,-61.870087,5769.1475,-135.43978336755228,-0.11462402,0.05055237,0.03339007146975523,887,887,1.0,1.0
3039,-61.974365,5769.1216,-135.395113917144,-0.104278564,-0.025680542,0.04466945040829432,863,863,1.0,1.0
3040,-62.169067,5769.023,-135.34849206913574,-0.19470215,-0.098526,0.046621848008251705,868,868,1.0,1.0
3041,-62.294373,5768.9053,-135.3097478526084,-0.12530518,-0.11767578,0.03874421652734693,870,870,1.0,1.0
3042,-62.43576,5768.767,-135.2929862333584,-0.14138794,-0.13795471,0.01676161925003196,863,863,1.0,1.0
3043,-62.57077,5768.634,-135.2797632656666,-0.13500977,-0.13305664,0.01322296769179898,865,865,1.0,1.0
3044,-62.618866,5768.505,-135.28093899322,-0.048095703,-0.12867737,-0.0011757275533920526,863,863,1.0,1.0
3045,-62.607788,5768.5933,-137.79735811301916,0.011077881,0.08816528,-2.5164191197991563,795,795,1.0,1.0
3046,-62.97531,5769.1226,-142.16941386763938,-0.3675232,0.52926636,-4.372055754620214,769,769,1.0,1.0
3047,-63.267487,5769.8076,-145.93447260701626,-0.2921753,0.6850891,-3.7650587393768817,767,767,1.0,1.0
3048,-63.483948,5770.2715,-148.64684105492418,-0.21646118,0.46372986,-2.712368447907931,778,778,1.0,1.0
3049,-63.51349,5770.66,-150.50301105618496,-0.029541016,0.38856506,-1.856170001260793,783,783,1.0,1.0
3050,-63.38452,5770.9663,-151.82572964969287,0.12896729,0.30607605,-1.3227185935079162,773,773,1.0,1.0
3051,-63.302734,5771.3066,-152.88436679677807,0.08178711,0.34048462,-1.0586371470851816,780,780,1.0,1.0
3052,-63.138794,5771.5986,-153.73946890873117,0.16394043,0.29222107,-0.8551021119531116,790,790,1.0,1.0
3053,-62.895874,5771.9346,-154.4215287930197,0.24291992,0.33605957,-0.6820598842885164,804,804,1.0,1.0
3054,-62.681305,5772.234,-154.97070841226528,0.21456909,0.29927063,-0.5491796192455974,798,798,1.0,1.0
3055,-62.441742,5772.5938,-155.4049455485937,0.23956299,0.3598175,-0.4342371363284261,821,821,1.0,1.0
3056,-62.222076,5772.95,-155.7594972832703,0.21966553,0.35629272,-0.35455173467658335,823,823,1.0,1.0
3057,-62.070526,5773.3413,-156.0662206813443,0.1515503,0.39131165,-0.30672339807399995,837,837,1.0,1.0
3058,-61.86667,5773.78,-156.32149814347406,0.20385742,0.4386444,-0.25527746212976526,839,839,1.0,1.0
3059,-61.723297,5774.3364,-156.5331343242841,0.14337158,0.5566864,-0.21163618081004568,836,836,1.0,1.0
3060,-61.549377,5774.974,-156.73590891184259,0.17391968,0.6378937,-0.20277458755847194,806,806,1.0,1.0
3061,-61.409943,5775.7563,-156.9324039230949,0.13943481,0.78245544,-0.1964950112523137,841,841,1.0,1.0
3062,-61.267548,5776.6245,-157.1106714829279,0.14239502,0.8681183,-0.17826755983298026,835,835,1.0,1.0
3063,-61.24414,5777.76,-157.28480178752545,0.023406982,1.1353912,-0.17413030459754691,820,820,1.0,1.0
3064,-61.21823,5778.9854,-157.42579088378668,0.025909424,1.2257385,-0.14098909626122544,814,814,1.0,1.0
3065,-61.157806,5780.459,-157.57979339485001,0.060424805,1.473877,-0.15400251106334825,825,825,1.0,1.0
3066,-61.03238,5782.1245,-157.7113144521366,0.12542725,1.6653595,-0.13152105728659846,814,814,1.0,1.0
3067,-60.993256,5783.96,-157.8176537630532,0.039123535,1.8353119,-0.10633931091658633,818,818,1.0,1.0
3068,-60.88919,5785.964,-157.91797171613604,0.10406494,2.003769,-0.100317953082856,832,832,1.0,1.0
3069,-60.873413,5788.2036,-158.03952947358215,0.015777588,2.239914,-0.12155775744611928,825,825,1.0,1.0
3070,-60.799286,5790.6484,-158.1516581440654,0.0741272,2.4450226,-0.11212867048326018,829,829,1.0,1.0
3071,-60.786713,5793.206,-158.24064105135332,0.012573242,2.557724,-0.08898290728792352,817,817,1.0,1.0
3072,-60.721954,5796.025,-158.34970271729068,0.0647583,2.8187256,-0.10906166593737049,811,811,1.0,1.0
3073,-60.680847,5798.9106,-158.53750607881815,0.041107178,2.8855896,-0.18780336152746713,802,802,1.0,1.0
3074,-60.656464,5801.967,-158.69839073718285,0.024383545,3.0563965,-0.16088465836468374,815,815,1.0,1.0
3075,-60.63217,5804.9326,-158.78780471054768,0.024291992,2.9658203,-0.08941397336482138,814,814,1.0,1.0
3076,-60.652405,5807.9478,-158.8406365806305,-0.020233154,3.015152,-0.0528318700828356,837,837,1.0,1.0
3077,-60.63028,5810.948,-158.84960357347563,0.022125244,3.0003815,-0.008966992845131253,849,849,1.0,1.0
3078,-60.62024,5813.977,-158.84671909284447,0.010040283,3.028717,0.0028844806311617097,822,822,1.0,1.0
3079,-60.69702,5816.944,-158.8307381023959,-0.07678223,2.9669952,0.015980990448551627,818,818,1.0,1.0
3080,-60.673126,5819.909,-158.79725824487457,0.023895264,2.9654846,0.033479857521345066,828,828,1.0,1.0
3081,-60.71872,5822.8564,-158.77303875543822,-0.04559326,2.947281,0.024219489436340343,820,820,1.0,1.0
3082,-60.779633,5825.704,-158.72617647363887,-0.060913086,2.8478394,0.04686228179934776,825,825,1.0,1.0
3083,-60.768494,5828.6006,-158.711426710499,0.011138916,2.8963318,0.014749763139848522,822,822,1.0,1.0
3084,-60.811035,5831.3765,-158.69566687761966,-0.042541504,2.775772,0.015759832879366675,813,813,1.0,1.0
3085,-60.821198,5834.256,-158.69994144460154,-0.0101623535,2.8792267,-0.00427456698188647,825,825,1.0,1.0
3086,-60.821625,5836.831,-158.6402107551968,-0.0004272461,2.5752716,0.059730689404730974,812,812,1.0,1.0
3087,-60.829865,5839.511,-158.61418329450018,-0.008239746,2.6803894,0.026027460696608596,830,830,1.0,1.0
3088,-60.83896,5842.0957,-158.61977264747966,-0.009094238,2.584671,-0.005589352979484845,820,820,1.0,1.0
3089,-60.78177,5844.697,-158.59757280998497,0.05718994,2.6009064,0.022199837494697578,827,827,1.0,1.0
3090,-60.828857,5847.2383,-158.61183374261728,-0.047088623,2.541626,-0.014260932632298474,821,821,1.0,1.0
3091,-60.765472,5849.7515,-158.5979464835707,0.06338501,2.513092,0.013887259046592718,814,814,1.0,1.0
3092,-60.761322,5852.2935,-158.601855437486,0.0041503906,2.5418396,-0.003908953915300762,809,809,1.0,1.0
3093,-60.740356,5854.899,-158.6179929245891,0.020965576,2.6053467,-0.01613748710308193,815,815,1.0,1.0
3094,-60.72577,5857.368,-158.61960335603862,0.014587402,2.4692535,-0.0016104314495457173,805,805,1.0,1.0
3095,-60.733063,5859.857,-158.58748743791463,-0.007293701,2.4887848,0.032115918123996,819,819,1.0,1.0
3096,-60.74362,5862.435,-158.63477315412186,-0.010559082,2.5779266,-0.04728571620723895,835,835,1.0,1.0
3097,-60.729492,5865.0483,-158.6306980484534,0.014129639,2.6132355,0.004075105668439431,825,825,1.0,1.0
3098,-60.741577,5867.5947,-158.6421959066534,-0.012084961,2.5465393,-0.011497858199994894,818,818,1.0,1.0
3099,-60.750763,5870.2153,-158.66129636409337,-0.009185791,2.6206818,-0.019100457439979384,812,812,1.0,1.0
3100,-60.81186,5872.824,-158.70422886896415,-0.06109619,2.6087341,-0.04293250487078475,819,819,1.0,1.0
3101,-60.74475,5875.384,-158.694422537876,0.067108154,2.5597382,0.009806331088157835,816,816,1.0,1.0
3102,-60.766937,5877.9844,-158.7386702323419,-0.02218628,2.6004639,-0.044247694465904826,806,806,1.0,1.0
3103,-60.747192,5880.553,-158.71911559519265,0.019744873,2.5686798,0.019554637149231724,811,811,1.0,1.0
3104,-60.7807,5883.1846,-158.75367558019536,-0.0335083,2.6311035,-0.0345599850027167,820,820,1.0,1.0
3105,-60.78134,5885.8213,-158.74628824456252,-0.00064086914,2.636856,0.007387335632855974,812,812,1.0,1.0
3106,-60.802094,5888.438,-158.7669881541911,-0.020751953,2.616745,-0.02069990962856867,822,822,1.0,1.0
3107,-60.87146,5891.035,-158.8049006859415,-0.069366455,2.59729,-0.03791253175040344,802,802,1.0,1.0
3108,-60.940094,5893.6304,-158.83459836785275,-0.06863403,2.5953064,-0.029697681911238113,802,802,1.0,1.0
3109,-60.970703,5896.203,-158.8458378843083,-0.03060913,2.5726318,-0.0112395164555516,835,835,1.0,1.0
3110,-61.017853,5898.757,-158.8647841051849,-0.04714966,2.5535278,-0.018946220876591226,825,825,1.0,1.0
3111,-61.0029,5901.334,-158.89196160124015,0.014953613,2.57724,-0.02717749605525638,812,812,1.0,1.0
3112,-61.043945,5903.764,-158.85776749457813,-0.041046143,2.4304047,0.03419410666201639,800,800,1.0,1.0
3113,-61.067993,5906.354,-158.90378583972273,-0.024047852,2.5899963,-0.04601834514459491,814,814,1.0,1.0
3114,-61.086914,5908.8994,-158.89554640335112,-0.018920898,2.5454712,0.00823943637162261,809,809,1.0,1.0
3115,-61.097748,5911.5713,-158.92918294862525,-0.01083374,2.671936,-0.033636545274129785,805,805,1.0,1.0
3116,-61.14395,5914.33,-158.96101799105406,-0.046203613,2.7588348,-0.0318350424288187,824,824,1.0,1.0
3117,-61.222107,5917.009,-158.97902126100456,-0.07815552,2.6787567,-0.01800326995049237,814,814,1.0,1.0
3118,-61.253815,5919.6475,-158.97115021557084,-0.031707764,2.6384583,0.00787104543372548,788,788,1.0,1.0
3119,-61.26596,5922.064,-158.96938414210982,-0.012145996,2.416565,0.0017660734610416059,813,813,1.0,1.0
3120,-61.29712,5924.383,-158.9429194477531,-0.031158447,2.3187866,0.026464694356722513,831,831,1.0,1.0
3121,-61.29843,5926.5713,-158.94190567763573,-0.0013122559,2.1885834,0.0010137701173635247,828,828,1.0,1.0
3122,-61.351044,5928.6533,-158.91788694462463,-0.052612305,2.0819397,0.024018733011114995,840,840,1.0,1.0
3123,-61.37863,5930.61,-158.90755971858943,-0.02758789,1.9563751,0.010327226035209145,832,832,1.0,1.0
3124,-61.34665,5932.563,-158.87135041485215,0.031982422,1.9530029,0.03620930373728193,831,831,1.0,1.0
3125,-61.368958,5934.405,-158.85491253826876,-0.02230835,1.841568,0.016437876583393688,820,820,1.0,1.0
3126,-61.40149,5936.082,-158.83708259189368,-0.03253174,1.6773987,0.01782994637509751,826,826,1.0,1.0
3127,-61.420776,5937.7563,-158.8379347264392,-0.01928711,1.6742401,-0.000852134545500808,800,800,1.0,1.0
3128,-61.404114,5939.3223,-158.82930004020446,0.016662598,1.565979,0.008634686234740617,809,809,1.0,1.0
3129,-61.434967,5940.84,-158.81278074100481,-0.030853271,1.5177155,0.016519299199638356,819,819,1.0,1.0
3130,-61.452057,5942.381,-158.80517283826305,-0.017089844,1.5407867,0.0076079027417585085,825,825,1.0,1.0
3131,-61.407288,5943.836,-158.80649388614182,0.044769287,1.4548798,-0.0013210478787780203,816,816,1.0,1.0
3132,-61.38394,5945.231,-158.80123726752376,0.023345947,1.3948517,0.005256618618060983,825,825,1.0,1.0
3133,-61.334747,5946.661,-158.79300646460084,0.049194336,1.4301453,0.008230802922921157,832,832,1.0,1.0
3134,-61.36252,5948.083,-158.79779170641862,-0.027770996,1.4216461,-0.004785241817790163,814,814,1.0,1.0
3135,-61.352936,5949.4717,-158.7962521878047,0.0095825195,1.3885345,0.001539518613912385,826,826,1.0,1.0
3136,-61.35074,5950.9014,-158.80764563376005,0.0021972656,1.4295654,-0.011393445955340559,820,820,1.0,1.0
3137,-61.389587,5952.3413,-158.83167602836866,-0.038848877,1.4401245,-0.024030394608612827,823,823,1.0,1.0
3138,-61.423798,5953.8345,-158.86018185215755,-0.034210205,1.4932098,-0.0285058237889007,821,821,1.0,1.0
3139,-61.43875,5955.2847,-158.87786069495402,-0.014953613,1.4503784,-0.017678842796484115,821,821,1.0,1.0
3140,-61.43924,5956.6724,-158.89067651360077,-0.00048828125,1.3877106,-0.012815818646732672,819,819,1.0,1.0
3141,-61.482483,5958.05,-158.8919813551354,-0.04324341,1.3772278,-0.0013048415346599118,818,818,1.0,1.0
3142,-61.49774,5959.3257,-158.88999686334196,-0.015258789,1.2757721,0.001984491793448548,836,836,1.0,1.0
3143,-61.515564,5960.5903,-158.90128316050675,-0.017822266,1.2647552,-0.01128629716478043,838,838,1.0,1.0
3144,-61.540985,5961.7256,-158.90576286047627,-0.025421143,1.1353455,-0.004479699969530238,823,823,1.0,1.0
3145,-61.596313,5962.7466,-158.90919975629885,-0.05532837,1.021164,-0.003436895822573659,848,848,1.0,1.0
3146,-61.55594,5963.5884,-158.901996327815,0.040374756,0.84199524,0.007203428483846081,861,861,1.0,1.0
3147,-61.60211,5964.3374,-158.8979599854497,-0.046173096,0.74902344,0.004036342365320312,832,832,1.0,1.0
3148,-61.55548,5965.0054,-158.8815178591073,0.04663086,0.6678314,0.01644212634237077,841,841,1.0,1.0
3149,-61.511383,5965.5166,-158.85665935577012,0.0440979,0.5114441,0.024858503337184625,824,824,1.0,1.0
3150,-61.50992,5965.8667,-158.8369983884804,0.0014648438,0.35025024,0.01966096728971751,860,860,1.0,1.0
3151,-61.490234,5966.239,-158.74950364779565,0.019683838,0.37220764,0.08749474068474355,858,858,1.0,1.0
3152,-61.470062,5966.579,-158.72522270246833,0.02017212,0.3401947,0.024280945327307443,856,856,1.0,1.0
3153,-61.510162,5966.8286,-158.7306287361081,-0.040100098,0.2494812,-0.005406033639746587,861,861,1.0,1.0
3154,-61.55725,5966.9365,-158.7190342015124,-0.047088623,0.108047485,0.011594534595688072,900,900,1.0,1.0
3155,-61.611053,5966.8965,-158.69773408802908,-0.05380249,-0.039978027,0.021300113483314478,896,896,1.0,1.0
3156,-61.73819,5966.79,-158.65470925161696,-0.12713623,-0.10632324,0.04302483641212078,859,859,1.0,1.0
3157,-61.862305,5966.6304,-158.63512354754926,-0.12411499,-0.15989685,0.019585704067700712,850,850,1.0,1.0
3158,-62.03125,5966.45,-158.62667308976688,-0.16894531,-0.17996216,0.008450457782378807,849,849,1.0,1.0
3159,-62.184296,5966.26,-158.63193884091237,-0.15304565,-0.19032288,-0.005265751145486152,837,837,1.0,1.0
3160,-62.341034,5966.1206,-158.61830139846472,-0.15673828,-0.13911438,0.013637442447641588,839,839,1.0,1.0
3161,-61.95926,5966.0825,-160.94424953470227,0.3817749,-0.037872314,-2.3259481362375536,771,771,1.0,1.0
3162,-62.42685,5966.853,-167.02202395181925,-0.46759033,0.7707062,-6.077774417116979,722,722,1.0,1.0
3163,-62.678345,5967.862,-173.57869298599965,-0.25149536,1.0087128,-6.556669034180409,716,716,1.0,1.0
3164,-62.6763,5968.999,-180.21543512777006,0.0020446777,1.1370544,-6.636742141770413,705,705,1.0,1.0
3165,-62.754883,5970.1343,-186.8831411921088,-0.07858276,1.1350555,-6.667706064338743,717,717,1.0,1.0
3166,-62.806183,5971.1777,-193.5131336639139,-0.05130005,1.0435638,-6.629992471805071,701,701,1.0,1.0
3167,-62.786987,5972.153,-200.17240603587368,0.019195557,0.9749298,-6.659272371959786,718,718,1.0,1.0
3168,-62.640656,5972.8975,-206.85422391470482,0.14633179,0.74446106,-6.681817878831149,740,740,1.0,1.0
3169,-62.48105,5973.4253,-213.56058182949786,0.15960693,0.5278168,-6.706357914793045,749,749,1.0,1.0
3170,-62.30768,5973.793,-220.29214739283975,0.17337036,0.36743164,-6.731565563341885,747,747,1.0,1.0
3171,-62.209564,5974.158,-227.03353834602805,0.09811401,0.36524963,-6.741390953188299,753,753,1.0,1.0
3172,-62.128204,5974.3325,-233.71914645439205,0.08135986,0.1742096,-6.685608108363989,761,761,1.0,1.0
3173,-62.038055,5974.4995,-240.42063570303935,0.090148926,0.16679382,-6.7014892486472935,754,754,1.0,1.0
3174,-62.134827,5974.8477,-247.09134671144068,-0.09677124,0.34832764,-6.670711008401341,734,734,1.0,1.0
3175,-62.289185,5975.549,-253.79735624192085,-0.15435791,0.70124817,-6.706009530480176,734,734,1.0,1.0
3176,-62.427612,5976.488,-260.4742487080289,-0.13842773,0.9388428,-6.676892466108014,746,746,1.0,1.0
3177,-62.754395,5977.9507,-267.15990248360885,-0.32678223,1.4626923,-6.685653775579955,724,724,1.0,1.0
3178,-63.08954,5979.698,-273.28702989969725,-0.33514404,1.7474365,-6.12712741608839,747,747,1.0,1.0
3179,-63.437805,5981.3906,-278.3573628604022,-0.3482666,1.6925812,-5.070332960704925,781,781,1.0,1.0
3180,-63.838593,5983.0625,-281.8881050886126,-0.40078735,1.6716614,-3.5307422282103893,770,770,1.0,1.0
3181,-64.14264,5984.609,-283.7541607190894,-0.30404663,1.5464935,-1.8660556304768074,802,802,1.0,1.0
3182,-64.23569,5986.2236,-284.85333162129297,-0.093048096,1.6147003,-1.0991709022035778,791,791,1.0,1.0
3183,-64.428925,5988.0063,-285.78016320708565,-0.1932373,1.7825165,-0.9268315857926872,793,793,1.0,1.0
3184,-64.59094,5989.987,-286.48153597783624,-0.16201782,1.9805145,-0.7013727707506168,794,794,1.0,1.0
3185,-64.671814,5992.116,-287.0377073191188,-0.08087158,2.1293488,-0.5561713412825484,825,825,1.0,1.0
3186,-64.80148,5994.455,-287.4751309554517,-0.12966919,2.3389587,-0.43742363633290376,806,806,1.0,1.0
3187,-64.90021,5996.9746,-287.7892400882047,-0.098724365,2.5193787,-0.3141091327529889,805,805,1.0,1.0
3188,-65.0137,5999.7856,-287.97212367316376,-0.11349487,2.8108826,-0.18288358495907656,806,806,1.0,1.0
3189,-65.07272,6002.6943,-288.06850104122395,-0.059020996,2.9087982,-0.09637736806020399,818,818,1.0,1.0
3190,-65.06387,6005.603,-288.1726102568752,0.008850098,2.9085083,-0.10410921565123124,822,822,1.0,1.0
3191,-65.035645,6008.527,-288.2253765046154,0.02822876,2.9238892,-0.05276624774019906,818,818,1.0,1.0
3192,-65.10196,6011.624,-288.3181258980125,-0.0663147,3.0969849,-0.09274939339714174,825,825,1.0,1.0
3193,-65.08353,6014.6226,-288.3781336725828,0.018432617,2.9985657,-0.06000777457028521,816,816,1.0,1.0
3194,-65.10022,6017.65,-288.43934574230843,-0.016693115,3.0275116,-0.06121206972559945,817,817,1.0,1.0
3195,-65.09549,6020.609,-288.4982892454615,0.0047302246,2.9590454,-0.05894350315303461,823,823,1.0,1.0
3196,-65.127106,6023.5576,-288.5369746883115,-0.03161621,2.9487305,-0.038685442850016315,832,832,1.0,1.0
3197,-65.116425,6026.477,-288.5570649752303,0.010681152,2.9193115,-0.02009028691879815,826,826,1.0,1.0
3198,-65.092896,6029.427,-288.55855185029037,0.023529053,2.9499207,-0.0014868750601206,811,811,1.0,1.0
3199,-65.05826,6032.3994,-288.55561433909054,0.03463745,2.9727325,0.0029375111998450896,834,834,1.0,1.0
3200,-65.12872,6035.2534,-288.5771826487784,-0.07046509,2.8538208,-0.021568309687845955,834,834,1.0,1.0
3201,-65.11441,6038.0234,-288.595537757065,0.014312744,2.7701569,-0.01835510828662672,825,825,1.0,1.0
3202,-65.06619,6040.7207,-288.5938745797436,0.048217773,2.6972198,0.0016631773214079136,820,820,1.0,1.0
3203,-65.07861,6043.4604,-288.6022849099988,-0.012420654,2.7397156,-0.008410330255181099,811,811,1.0,1.0
3204,-65.07419,6046.1157,-288.58859515866976,0.004425049,2.6552124,0.013689751329019131,807,807,1.0,1.0
3205,-65.06967,6048.759,-288.6041747289218,0.0045166016,2.642868,-0.015579570252022492,815,815,1.0,1.0
3206,-65.05905,6051.367,-288.601701886813,0.010620117,2.608261,0.002472842108844786,808,808,1.0,1.0
3207,-65.01547,6054.0024,-288.60482496952386,0.0435791,2.6352081,-0.003123082710873917,818,818,1.0,1.0
3208,-65.02756,6056.6123,-288.62200999757886,-0.012084961,2.609726,-0.017185028055017242,808,808,1.0,1.0
3209,-65.06021,6059.1777,-288.6267175684474,-0.03265381,2.5654907,-0.0047075708685798455,805,805,1.0,1.0
3210,-65.05444,6061.8115,-288.6334454876524,0.0057678223,2.6335907,-0.006727919205004582,825,825,1.0,1.0
3211,-65.061646,6064.3804,-288.62011497111195,-0.0072021484,2.5690308,0.013330516540459568,803,803,1.0,1.0
3212,-65.06128,6066.9165,-288.6273397609167,0.00036621094,2.5360718,-0.00722478980472972,814,814,1.0,1.0
3213,-65.0856,6069.4346,-288.6332055388734,-0.02432251,2.5180817,-0.005865777956742633,818,818,1.0,1.0
3214,-65.11395,6072.011,-288.652721086222,-0.02835083,2.5767975,-0.019515547348584912,822,822,1.0,1.0
3215,-65.11655,6074.576,-288.66580678926147,-0.0025939941,2.5648346,-0.013085703039431126,810,810,1.0,1.0
3216,-65.16937,6077.222,-288.6815818732381,-0.052825928,2.6458893,-0.015775083976625793,820,819,0.998780487804878,1.0
3217,-65.17972,6079.7236,-288.67270584335904,-0.010345459,2.5015411,0.008876029879060296,816,816,1.0,1.0
3218,-65.21741,6082.306,-288.6745100880421,-0.03768921,2.582611,-0.0018042446830747443,817,817,1.0,1.0
3219,-65.313934,6084.8467,-288.6862187303207,-0.0965271,2.5404816,-0.011708642278633257,819,819,1.0,1.0
3220,-65.31891,6087.396,-288.6827874284102,-0.0049743652,2.5492249,0.0034313019105161064,811,811,1.0,1.0
3221,-65.35373,6089.8975,-288.68152439085014,-0.034820557,2.5013733,0.0012630375600651486,812,812,1.0,1.0
3222,-65.36017,6092.4795,-288.6914229820413,-0.006439209,2.5819092,-0.009898591191122654,810,810,1.0,1.0
3223,-65.44812,6094.958,-288.69181737985514,-0.08795166,2.4786377,-0.0003943978138593072,813,813,1.0,1.0
3224,-65.419586,6097.5483,-288.6768658759919,0.028533936,2.5905457,0.014951503863269097,813,813,1.0,1.0
3225,-65.46942,6100.077,-288.6664924175034,-0.049835205,2.528717,0.01037345848854301,808,808,1.0,1.0
3226,-65.458466,6102.6724,-288.6685881897855,0.010955811,2.5950165,-0.0020957722821551296,809,809,1.0,1.0
3227,-65.49405,6105.258,-288.68536120807346,-0.035583496,2.585556,-0.016773018287950817,814,814,1.0,1.0
3228,-65.46988,6107.7705,-288.672183018655,0.024169922,2.5128174,0.013178189418428509,798,798,1.0,1.0
3229,-65.514465,6110.319,-288.6929733198826,-0.04458618,2.5482788,-0.020790301227563802,805,805,1.0,1.0
3230,-65.51285,6112.8423,-288.66817917019586,0.0016174316,2.5235138,0.02479414968671594,806,806,1.0,1.0
3231,-65.52548,6115.41,-288.68192133877517,-0.012634277,2.5677338,-0.01374216857933531,812,812,1.0,1.0
3232,-65.45892,6118.008,-288.67665725261,0.06655884,2.597763,0.005264086165121936,814,814,1.0,1.0
3233,-65.500946,6120.6035,-288.67645183508756,-0.042022705,2.5958405,0.00020541752247484746,800,800,1.0,1.0
3234,-65.473694,6123.1953,-288.66611978097677,0.027252197,2.5918274,0.01033205411079403,815,815,1.0,1.0
3235,-65.44449,6125.803,-288.660280051635,0.029205322,2.6078644,0.005839729341763706,806,806,1.0,1.0
3236,-65.41733,6128.299,-288.67940166078216,0.027160645,2.4954834,-0.019121609147111484,809,809,1.0,1.0
3237,-65.43457,6130.9043,-288.6677447470529,-0.017242432,2.6054993,0.01165691372927987,798,798,1.0,1.0
3238,-65.45517,6133.4487,-288.6957528907488,-0.020599365,2.5446625,-0.02800814369590709,806,806,1.0,1.0
3239,-65.49368,6135.94,-288.70675933376356,-0.038513184,2.4911346,-0.011006443014752697,802,802,1.0,1.0
3240,-65.43692,6138.495,-288.6842163571498,0.056762695,2.5549774,0.022542976613749446,809,809,1.0,1.0
3241,-65.515686,6140.9946,-288.69285213590615,-0.07876587,2.4996643,-0.008635778756345813,815,815,1.0,1.0
3242,-65.548584,6143.609,-288.7040914411709,-0.03289795,2.6143494,-0.011239305264732116,820,820,1.0,1.0
3243,-65.57825,6146.105,-288.68515195036144,-0.029663086,2.4962158,0.01893949080944665,800,800,1.0,1.0
3244,-65.59787,6148.6367,-288.6612742468389,-0.019622803,2.5318756,0.023877703522550718,810,810,1.0,1.0
3245,-65.62424,6151.095,-288.6645744853636,-0.026367188,2.4585419,-0.003300238524663565,805,805,1.0,1.0
3246,-65.628204,6153.6333,-288.65198931820476,-0.003967285,2.5380554,0.012585167158845762,806,806,1.0,1.0
3247,-65.70636,6156.124,-288.64797287861705,-0.07815552,2.4908142,0.004016439587717106,813,813,1.0,1.0
3248,-65.715576,6158.664,-288.64086577035647,-0.009216309,2.5399017,0.007107108260592645,797,797,1.0,1.0
3249,-65.772705,6161.216,-288.6723714802904,-0.057128906,2.552002,-0.03150570993393538,814,814,1.0,1.0
3250,-65.7699,6163.7324,-288.6589137642676,0.0028076172,2.5165253,0.01345771602278406,819,819,1.0,1.0
3251,-65.78223,6166.2607,-288.63893411223046,-0.012329102,2.5283508,0.019979652037155,813,813,1.0,1.0
3252,-65.78531,6168.8213,-288.63550088468236,-0.0030822754,2.5607605,0.0034332275481016397,815,815,1.0,1.0
3253,-65.78989,6171.3584,-288.63475931138004,-0.0045776367,2.537323,0.0007415733023199783,802,802,1.0,1.0
3254,-65.74402,6173.86,-288.62011801338707,0.04586792,2.5016022,0.014641297992973552,794,794,1.0,1.0
3255,-65.75455,6176.399,-288.63307983857203,-0.010528564,2.539154,-0.012961825184942053,806,806,1.0,1.0
3256,-65.76593,6178.8877,-288.63176971552133,-0.011383057,2.4889374,0.0013101230506867552,807,807,1.0,1.0
3257,-65.78616,6181.3745,-288.6264910425967,-0.020233154,2.486969,0.005278672924659875,816,816,1.0,1.0
3258,-65.79944,6183.8633,-288.6398912314743,-0.0132751465,2.4887695,-0.0134001888776168,806,806,1.0,1.0
3259,-65.805695,6186.343,-288.6545993354801,-0.0062561035,2.4794312,-0.014708104005816161,818,818,1.0,1.0
3260,-65.73926,6188.7964,-288.6154995551412,0.06643677,2.4538116,0.039099780338938274,819,819,1.0,1.0
3261,-65.76535,6191.21,-288.6382725026697,-0.02609253,2.4134521,-0.022772947528474415,815,815,1.0,1.0
3262,-65.743774,6193.673,-288.6336216074153,0.021575928,2.4629974,0.0046508952543958745,815,815,1.0,1.0
3263,-65.78363,6196.058,-288.6680713028974,-0.039855957,2.385315,-0.0344496954820907,801,801,1.0,1.0
3264,-65.80252,6198.633,-288.65805361827813,-0.01889038,2.5747375,0.010017684619226678,810,810,1.0,1.0
3265,-65.814026,6201.1855,-288.66178942151413,-0.011505127,2.5525665,-0.0037358032359994533,812,812,1.0,1.0
3266,-65.79993,6203.8086,-288.65935145802223,0.014099121,2.6230469,0.0024379634918990293,798,798,1.0,1.0
3267,-65.768555,6206.284,-288.6468361077416,0.03137207,2.4754333,0.012515350280618827,788,788,1.0,1.0
3268,-65.75308,6208.6245,-288.61814374355833,0.015472412,2.3402557,0.02869236418325996,809,809,1.0,1.0
3269,-65.79675,6210.827,-288.6381479372113,-0.043670654,2.2024841,-0.020004193652931254,811,811,1.0,1.0
3270,-65.79434,6212.92,-288.6013665495134,0.0024108887,2.092865,0.03678138769788095,836,836,1.0,1.0
3271,-65.81,6214.9756,-288.6018980687294,-0.015655518,2.0555725,-0.0005315192159976863,829,829,1.0,1.0
3272,-65.809906,6216.9536,-288.61611347541526,9.1552734e-05,1.9779816,-0.014215406685871856,821,821,1.0,1.0
3273,-65.83197,6218.767,-288.58396896305726,-0.022064209,1.8136139,0.032144512358022084,801,801,1.0,1.0
3274,-65.79883,6220.519,-288.54096185537026,0.03314209,1.7517242,0.043007107686994776,803,803,1.0,1.0
3275,-65.79593,6222.1807,-288.50434979827963,0.00289917,1.6614685,0.036612057090621285,801,801,1.0,1.0
3276,-65.79202,6223.877,-288.50606590790767,0.00390625,1.6963654,-0.0017161096280474096,781,781,1.0,1.0
3277,-65.722015,6225.494,-288.4715617906329,0.070007324,1.6174316,0.03450411727474224,790,790,1.0,1.0
3278,-65.73163,6227.089,-288.47674581413014,-0.009613037,1.5948334,-0.005184023497239901,804,804,1.0,1.0
3279,-65.7587,6228.6616,-288.4676361367305,-0.027069092,1.5729828,0.009109677399643494,789,789,1.0,1.0
3280,-65.73349,6230.2065,-288.46553245972837,0.02520752,1.5448914,0.00210367700212364,780,780,1.0,1.0
3281,-65.70767,6231.738,-288.44205125754445,0.025817871,1.5314484,0.023481202183941396,786,786,1.0,1.0
3282,-65.65289,6233.2207,-288.44173123632413,0.054779053,1.4831543,0.0003200212203465803,792,792,1.0,1.0
3283,-65.65036,6234.6772,-288.42420229672825,0.002532959,1.4563904,0.017528939595861374,781,781,1.0,1.0
3284,-65.62799,6236.1396,-288.42276214361516,0.022369385,1.4624786,0.0014401531130967505,800,800,1.0,1.0
3285,-65.51834,6237.721,-288.4013399747735,0.10964966,1.581604,0.021422168841642494,797,797,1.0,1.0
3286,-65.54529,6239.2573,-288.4115251637731,-0.026947021,1.5363464,-0.010185188999599035,790,790,1.0,1.0
3287,-65.51218,6240.675,-288.4302940314191,0.033111572,1.4173889,-0.018768867646053695,804,804,1.0,1.0
3288,-65.487885,6242.037,-288.42702074073514,0.024291992,1.3623047,0.0032732906839521994,807,807,1.0,1.0
3289,-65.48651,6243.3247,-288.4308908647096,0.001373291,1.2874298,-0.0038701239744964658,811,811,1.0,1.0
3290,-65.50479,6244.5996,-288.42415805099995,-0.01828003,1.2749786,0.0067328137096547246,792,792,1.0,1.0
3291,-65.44916,6245.847,-288.4133875762666,0.055633545,1.2477875,0.010770474733355694,795,795,1.0,1.0
3292,-65.42273,6246.997,-288.4015552859914,0.026428223,1.1496887,0.011832290275200408,806,806,1.0,1.0
3293,-65.38733,6248.1465,-288.4087971222983,0.03540039,1.1494141,-0.007241836306967467,801,801,1.0,1.0
3294,-65.33322,6249.197,-288.3974416848494,0.054107666,1.0502472,0.011355437448897669,813,813,1.0,1.0
3295,-65.34393,6250.1245,-288.3990135832914,-0.01071167,0.9276428,-0.001571898441963969,823,823,1.0,1.0
3296,-65.33649,6250.968,-288.3817800926861,0.007446289,0.84332275,0.01723349060531194,798,798,1.0,1.0
3297,-65.289734,6251.6143,-288.385104800471,0.04675293,0.64642334,-0.003324707784931345,808,808,1.0,1.0
3298,-65.25986,6252.2314,-288.3696972016885,0.029876709,0.6171417,0.01540759878252076,799,799,1.0,1.0
3299,-65.22418,6252.6274,-288.34726602577604,0.03567505,0.3957672,0.02243117591243898,804,804,1.0,1.0
3300,-65.19449,6253.0176,-288.31080506565894,0.029693604,0.390213,0.03646096011708974,810,810,1.0,1.0
3301,-65.175934,6253.4375,-288.2724636134432,0.018554688,0.41967773,0.038341452215690734,824,824,1.0,1.0
3302,-65.194,6253.653,-288.2553284493917,-0.018066406,0.21516418,0.017135164051548264,841,841,1.0,1.0
3303,-65.15408,6253.721,-288.2357672588881,0.039916992,0.06816101,0.01956119050359973,869,869,1.0,1.0
3304,-65.169525,6253.766,-288.23851312923784,-0.0154418945,0.04510498,-0.0027458703497426043,898,898,1.0,1.0
3305,-65.18567,6253.7695,-288.2356609540162,-0.016143799,0.0035095215,0.0028521752216048675,891,891,1.0,1.0
3306,-65.244965,6253.779,-288.2186361832666,-0.059295654,0.00932312,0.017024770749647682,887,887,1.0,1.0
3307,-65.31262,6253.748,-288.223734671374,-0.06765747,-0.030776978,-0.005098488107413725,895,895,1.0,1.0
3308,-65.33121,6253.7456,-288.2253367394766,-0.018585205,-0.0024108887,-0.001602068102556814,892,892,1.0,1.0
3309,-65.37558,6253.7607,-288.2268148474389,-0.04437256,0.015151978,-0.0014781079623347126,891,891,1.0,1.0
3310,-65.44882,6253.814,-288.2320522116215,-0.07324219,0.05316162,-0.0052373641826200575,874,874,1.0,1.0
3311,-65.29227,6254.0376,-288.649767075029,0.15655518,0.2237091,-0.41771486340748154,760,760,1.0,1.0
3312,-65.36975,6255.418,-293.8167102000543,-0.07748413,1.3804932,-5.166943125025305,715,715,1.0,1.0
3313,-65.32767,6256.7207,-300.31415270299124,0.04208374,1.3028564,-6.497442502936956,711,711,1.0,1.0
3314,-65.37872,6257.71,-306.97503843925284,-0.05105591,0.98928833,-6.660885736261595,739,739,1.0,1.0
3315,-65.364105,6258.466,-313.40180625285103,0.01461792,0.75593567,-6.426767813598205,746,746,1.0,1.0
3316,-65.319885,6259.085,-319.97919384835615,0.04421997,0.61906433,-6.577387595505098,729,729,1.0,1.0
3317,-65.23016,6259.5894,-326.71981172359574,0.08972168,0.50419617,-6.7406178752395824,731,731,1.0,1.0
3318,-65.18533,6260.087,-333.43289961691465,0.044830322,0.49752808,-6.713087893318902,716,716,1.0,1.0
3319,-65.112854,6260.473,-340.1252429550892,0.07247925,0.38609314,-6.692343338174539,743,743,1.0,1.0
3320,-65.084564,6260.835,-346.8338263890516,0.028289795,0.36184692,-6.708583433962381,733,733,1.0,1.0
3321,-65.21033,6261.2256,-353.23209846576344,-0.12576294,0.39068604,-6.398272076711869,753,753,1.0,1.0
3322,-65.43582,6261.6685,-358.69558480833484,-0.22549438,0.44277954,-5.463486342571424,769,769,1.0,1.0
3323,-65.64285,6262.096,-362.7751779689213,-0.20703125,0.42778015,-4.079593160586469,774,774,1.0,1.0
3324,-65.83536,6262.5625,-365.28893275130406,-0.19250488,0.46653748,-2.5137547823827537,796,796,1.0,1.0
3325,-65.90445,6263.032,-366.8075551507604,-0.0690918,0.4696045,-1.5186223994563097,801,801,1.0,1.0
3326,-65.97424,6263.5737,-367.9298112131252,-0.0697937,0.54138184,-1.1222560623648496,816,816,1.0,1.0
3327,-66.01276,6264.239,-368.78773333960737,-0.038513184,0.6648102,-0.857922126482158,825,825,1.0,1.0
3328,-66.05081,6265.1313,-369.4741638859181,-0.03805542,0.8924713,-0.6864305463107228,812,812,1.0,1.0
3329,-66.093475,6266.2534,-369.97552425963227,-0.042663574,1.1222992,-0.5013603737141717,827,827,1.0,1.0
3330,-66.184204,6267.472,-370.3519378562089,-0.09072876,1.2187805,-0.3764135965766228,830,830,1.0,1.0
3331,-66.2207,6268.812,-370.6366824279746,-0.036499023,1.3396606,-0.284744571765739,829,829,1.0,1.0
3332,-66.28699,6270.331,-370.8483767871208,-0.06628418,1.519104,-0.21169435914615303,824,824,1.0,1.0
3333,-66.37283,6272.0054,-371.0253424381549,-0.08584595,1.6744995,-0.17696565103407,830,830,1.0,1.0
3334,-66.39719,6273.811,-371.1578648570662,-0.024353027,1.805542,-0.13252241891134164,833,833,1.0,1.0
3335,-66.43942,6275.845,-371.2853237023102,-0.042236328,2.0343628,-0.12745884524399262,837,837,1.0,1.0
3336,-66.40225,6278.035,-371.3645532861024,0.03717041,2.1900787,-0.07922958379221433,821,821,1.0,1.0
3337,-66.41565,6280.4214,-371.48202563677586,-0.013397217,2.3861542,-0.11747235067346097,820,820,1.0,1.0
3338,-66.39923,6282.9985,-371.5790534356527,0.016418457,2.5769196,-0.09702779887687177,838,838,1.0,1.0
3339,-66.40683,6285.8433,-371.6682423334435,-0.007598877,2.8445587,-0.0891888977908126,827,827,1.0,1.0
3340,-66.442444,6288.825,-371.78212948239496,-0.035614014,2.982071,-0.1138871489514726,825,825,1.0,1.0
3341,-66.437256,6291.7036,-371.8807175345238,0.0051879883,2.878296,-0.09858805212884458,827,827,1.0,1.0
3342,-66.37872,6294.71,-371.9883220506896,0.058532715,3.0062103,-0.10760451616577991,821,821,1.0,1.0
3343,-66.37494,6297.763,-372.1037156096946,0.0037841797,3.0533295,-0.11539355900498817,834,834,1.0,1.0
3344,-66.38678,6300.691,-372.1987972915342,-0.01184082,2.9275818,-0.0950816818396506,816,816,1.0,1.0
3345,-66.34332,6303.714,-372.2706693699722,0.04345703,3.022934,-0.07187207843797587,827,827,1.0,1.0
3346,-66.40646,6306.6167,-372.3752579139743,-0.06314087,2.903061,-0.10458854400205982,839,839,1.0,1.0
3347,-66.37262,6309.542,-372.44810033273296,0.033843994,2.9253235,-0.07284241875866158,845,845,1.0,1.0
3348,-66.40283,6312.3726,-372.4980623167533,-0.030212402,2.8307495,-0.04996198402032524,829,829,1.0,1.0
3349,-66.42749,6315.244,-372.5692127672657,-0.024658203,2.871399,-0.07115045051236349,845,845,1.0,1.0
3350,-66.49136,6318.09,-372.6250552124466,-0.06387329,2.8455048,-0.05584244518092919,828,828,1.0,1.0
3351,-66.49463,6320.8174,-372.6930415120892,-0.0032653809,2.7274475,-0.06798629964258504,839,839,1.0,1.0
3352,-66.55908,6323.529,-372.73622461225324,-0.064453125,2.7116547,-0.043183100164037064,841,841,1.0,1.0
3353,-66.57367,6326.2256,-372.77514925829627,-0.014587402,2.6965637,-0.038924646043041265,841,841,1.0,1.0
3354,-66.60687,6328.925,-372.7964835395258,-0.033203125,2.6993866,-0.02133428122952779,844,844,1.0,1.0
3355,-66.57202,6331.55,-372.8361764239404,0.034851074,2.6248932,-0.03969288441458045,844,844,1.0,1.0
3356,-66.62448,6334.2114,-372.86761727785694,-0.052459717,2.66185,-0.031440853916526006,844,844,1.0,1.0
3357,-66.607056,6336.842,-372.86361173115347,0.017425537,2.63031,0.004005546703478231,843,843,1.0,1.0
3358,-66.68198,6339.482,-372.87880134244017,-0.074920654,2.640335,-0.015189611286680773,845,845,1.0,1.0
3359,-66.66446,6342.1123,-372.8810764833771,0.01751709,2.6302032,-0.002275140936917907,841,841,1.0,1.0
3360,-66.719635,6344.6934,-372.89807794337054,-0.05517578,2.5809937,-0.01700145999343717,824,824,1.0,1.0
3361,-66.65497,6347.311,-372.88543000209035,0.06466675,2.617691,0.012647941280174803,832,832,1.0,1.0
3362,-66.6734,6349.8564,-372.9017678785528,-0.018432617,2.5454407,-0.016337876462457906,828,828,1.0,1.0
3363,-66.60425,6352.4624,-372.89045179382606,0.06915283,2.6058807,0.011316084726720828,817,817,1.0,1.0
3364,-66.6673,6355.0435,-372.89710731902875,-0.06304932,2.5809937,-0.006655525202705326,842,842,1.0,1.0
3365,-66.61627,6357.65,-372.9060900350081,0.05102539,2.6064758,-0.00898271597934706,840,840,1.0,1.0
3366,-66.67969,6360.2266,-372.8958562681013,-0.06341553,2.5765839,0.010233766906847016,840,840,1.0,1.0
3367,-66.62561,6362.7666,-372.901159947462,0.05407715,2.540039,-0.00530367936074608,846,846,1.0,1.0
3368,-66.62283,6365.3296,-372.90624723019573,0.0027770996,2.5629883,-0.005087282733703797,841,841,1.0,1.0
3369,-66.58414,6367.9033,-372.90355549403034,0.03869629,2.5739288,0.0026917361654062227,832,832,1.0,1.0
3370,-66.588196,6370.419,-372.8953145197335,-0.004058838,2.515686,0.00824097429682247,830,830,1.0,1.0
3371,-66.59039,6373.009,-372.90026714410664,-0.0021972656,2.5897217,-0.004952624373094334,832,832,1.0,1.0
3372,-66.57828,6375.5117,-372.8856184150661,0.0121154785,2.5030823,0.014648729040524708,833,833,1.0,1.0
3373,-66.56229,6378.095,-372.8860256998702,0.015991211,2.583374,-0.00040728480406070793,846,846,1.0,1.0
3374,-66.58652,6380.592,-372.8661409884471,-0.024230957,2.496338,0.01988471142305445,846,846,1.0,1.0
3375,-66.57825,6383.105,-372.8894207409457,0.008270264,2.5129852,-0.023279752498589438,845,845,1.0,1.0
3376,-66.61951,6385.5474,-372.894945962626,-0.041259766,2.4422302,-0.005525221680325361,839,839,1.0,1.0
3377,-66.57199,6388.0933,-372.8777489644323,0.04751587,2.545868,0.017196998193718692,845,845,1.0,1.0
3378,-66.608826,6390.655,-372.8851424518754,-0.036834717,2.5616455,-0.0073934874430714,844,844,1.0,1.0
3379,-66.63858,6393.1743,-372.8905778444516,-0.029754639,2.5194855,-0.00543539257617771,842,842,1.0,1.0
3380,-66.62198,6395.719,-372.8688725116051,0.016601562,2.5448608,0.021705332846535343,833,833,1.0,1.0
3381,-66.660675,6398.2754,-372.85072938067435,-0.03869629,2.5561066,0.018143130930727516,844,844,1.0,1.0
3382,-66.75815,6400.822,-372.84081942626085,-0.097473145,2.5462646,0.00990995441351826,832,832,1.0,1.0
3383,-66.74722,6403.3535,-372.85596617228725,0.010925293,2.5315094,-0.015146746026384793,835,835,1.0,1.0
3384,-66.7518,6405.8623,-372.8301091978397,-0.0045776367,2.5090332,0.025856974447531416,838,838,1.0,1.0
3385,-66.74802,6408.473,-372.79308885796036,0.0037841797,2.6107635,0.03702033987933789,847,847,1.0,1.0
3386,-66.78494,6410.947,-372.80825149498315,-0.03692627,2.4734192,-0.015162637022807436,844,844,1.0,1.0
3387,-66.77847,6413.5483,-372.7938906714709,0.0064697266,2.6014252,0.014360823512300839,846,846,1.0,1.0
3388,-66.82669,6416.008,-372.8238163119097,-0.048217773,2.4597015,-0.029925640438830968,850,850,1.0,1.0
3389,-66.85318,6418.569,-372.80797233512743,-0.026489258,2.5608063,0.01584397678228094,837,837,1.0,1.0
3390,-66.85974,6421.0557,-372.8142830494701,-0.0065612793,2.4866028,-0.006310714342648725,849,849,1.0,1.0
3391,-66.869385,6423.66,-372.79427252050857,-0.009643555,2.604309,0.020010528961533516,852,852,1.0,1.0
3392,-66.95401,6426.155,-372.7952908061715,-0.084625244,2.494751,-0.0010182856629464218,850,850,1.0,1.0
3393,-66.958435,6428.706,-372.7581805418524,-0.004425049,2.551178,0.03711026431907749,846,846,1.0,1.0
3394,-66.988464,6431.18,-372.7585865063512,-0.030029297,2.4741821,-0.0004059644987686961,847,847,1.0,1.0
3395,-66.996826,6433.6494,-372.7471636630598,-0.008361816,2.4692993,0.01142284329142637,844,844,1.0,1.0
3396,-67.0354,6436.1484,-372.7251750942267,-0.03857422,2.4988098,0.02198856883306229,838,838,1.0,1.0
3397,-67.05066,6438.6377,-372.6979204143121,-0.015258789,2.4891663,0.02725467991460511,834,834,1.0,1.0
3398,-67.04779,6441.2124,-372.67024936485814,0.0028686523,2.5748749,0.027671049453933318,837,837,1.0,1.0
3399,-67.113464,6443.6323,-372.6893444713946,-0.06567383,2.4197235,-0.019095106536460158,837,837,1.0,1.0
3400,-67.11505,6446.2017,-372.66387622710215,-0.0015869141,2.5695648,0.02546824429242044,835,835,1.0,1.0
3401,-67.15503,6448.7373,-372.64579073481775,-0.039978027,2.535553,0.018085492284410677,831,831,1.0,1.0
3402,-67.16925,6451.2227,-372.63564621087716,-0.014221191,2.4852448,0.010144523940604649,834,834,1.0,1.0
3403,-67.201965,6453.746,-372.64560206077175,-0.032714844,2.5236511,-0.009955849894580922,842,842,1.0,1.0
3404,-67.224884,6456.24,-372.66151659555976,-0.022918701,2.4939728,-0.01591453478799293,833,833,1.0,1.0
3405,-67.22659,6458.8105,-372.6426617814521,-0.0017089844,2.5702515,0.018854814107647225,836,836,1.0,1.0
3406,-67.19525,6461.3013,-372.6343419626519,0.031341553,2.4909515,0.008319818800206484,831,831,1.0,1.0
3407,-67.236786,6463.8696,-372.6271680778474,-0.041534424,2.5684967,0.007173884804481928,836,836,1.0,1.0
3408,-67.20972,6466.401,-372.60036788850687,0.027069092,2.5313263,0.026800189340494735,835,835,1.0,1.0
3409,-67.229034,6468.938,-372.61820199359835,-0.019317627,2.5368958,-0.017834105091474404,824,824,1.0,1.0
3410,-67.219696,6471.4556,-372.5899085833583,0.009338379,2.5174866,0.02829341024003681,817,817,1.0,1.0
3411,-67.242676,6474.0073,-372.5956829883719,-0.022979736,2.55188,-0.005774405013619429,830,830,1.0,1.0
3412,-67.206085,6476.48,-372.5659263844418,0.036590576,2.4725494,0.029756603930106672,819,819,1.0,1.0
3413,-67.21698,6479.057,-372.5723519603646,-0.010894775,2.57695,-0.0064255759227655205,830,830,1.0,1.0
3414,-67.21628,6481.52,-372.5467986426709,0.0007019043,2.46286,0.02555331769368738,840,840,1.0,1.0
3415,-67.18524,6484.065,-372.5265394844864,0.031036377,2.5450745,0.02025915818447541,833,833,1.0,1.0
3416,-67.207855,6486.6177,-372.49679390828913,-0.022613525,2.5526733,0.02974557619730766,834,834,1.0,1.0
3417,-67.221436,6489.1523,-372.48265171950214,-0.013580322,2.5344238,0.014142188787017822,831,831,1.0,1.0
3418,-67.25641,6491.7085,-372.4568794710384,-0.034973145,2.5562592,0.02577224846374062,824,824,1.0,1.0
3419,-67.34012,6494.2754,-372.458067350434,-0.08370972,2.5667877,-0.0011878793956372757,830,830,1.0,1.0
3420,-67.38562,6496.7764,-372.45669146133685,-0.04550171,2.5009613,0.0013758890971993327,828,828,1.0,1.0
3421,-67.42081,6499.308,-372.44438633364234,-0.035186768,2.531662,0.012305127694508325,837,837,1.0,1.0
3422,-67.506744,6501.769,-372.45195141588897,-0.0859375,2.4608765,-0.007565082246614468,849,849,1.0,1.0
3423,-67.51044,6504.3066,-372.417663402821,-0.003692627,2.5376282,0.03428801306794699,850,850,1.0,1.0
3424,-67.56003,6506.7886,-372.4000137237066,-0.049591064,2.4817963,0.017649679114394266,840,840,1.0,1.0
3425,-67.58658,6509.249,-372.38675887179227,-0.026550293,2.460495,0.01325485191433872,833,833,1.0,1.0
3426,-67.66687,6511.725,-372.37871695623863,-0.08029175,2.4759827,0.008041915553647647,829,829,1.0,1.0
3427,-67.661316,6514.1895,-372.34892348870204,0.005554199,2.4644318,0.029793467536586054,839,839,1.0,1.0
3428,-67.71692,6516.633,-372.36143764892716,-0.055603027,2.4431763,-0.012514160225142732,834,834,1.0,1.0
3429,-67.75247,6519.146,-372.31862124526043,-0.03555298,2.513153,0.04281640366674742,826,826,1.0,1.0
