frame_idx,cum_x,cum_y,cum_yaw,dx,dy,dyaw,good_matches,inliers,inlier_ratio,mean_score
0,0.0,0.0,0.0,0.0,0.0,0.0,0,0,1.0,1.0
1,0.541687,0.113739,0.009247,0.54168701171875,0.113739013671875,0.00924655320021272,192,190,0.9895833333333334,1.0
2,0.956551,0.441855,-0.057124,0.4149169921875,0.3280487060546875,-0.0663702409910315,191,190,0.9947643979057592,1.0
3,1.380382,0.567104,-0.059632,0.4237060546875,0.12567138671875,-0.0025082377258391405,183,183,1.0,1.0
4,1.778478,0.795281,-0.040386,0.397857666015625,0.2285919189453125,0.01924632746279842,185,185,1.0,1.0
5,1.917805,0.989336,-0.271924,0.139190673828125,0.19415283203125,-0.23153805203703406,183,183,1.0,1.0
6,2.089199,1.183288,-0.309221,0.17047119140625,0.19476318359375,-0.037297500842307846,191,191,1.0,1.0
7,2.380984,1.4608,-0.301538,0.290283203125,0.279083251953125,0.007683034706109501,182,180,0.989010989010989,1.0
8,2.622242,1.712693,-0.329069,0.23992919921875,0.2531585693359375,-0.02753115624176881,183,181,0.9890710382513661,1.0
9,3.044708,1.963093,-0.327545,0.4210205078125,0.2528228759765625,0.0015241854632930382,180,171,0.95,1.0
10,3.38319,2.305814,-0.399192,0.336517333984375,0.3446502685546875,-0.07164644891838357,184,165,0.8967391304347826,1.0
11,3.391973,2.681663,-1.451773,0.00616455078125,0.3759002685546875,-1.0525814440923518,181,172,0.9502762430939227,1.0
12,3.753153,3.209669,-3.280677,0.347686767578125,0.5369873046875,-1.8289043557808686,181,159,0.8784530386740331,1.0
13,3.904064,3.539204,-3.772705,0.131805419921875,0.3376312255859375,-0.49202795189501836,177,173,0.9774011299435028,1.0
14,4.274253,3.648689,-5.402722,0.3621826171875,0.13360595703125,-1.6300162158286013,168,163,0.9702380952380952,1.0
15,4.129199,3.968915,-6.487839,-0.174560546875,0.305145263671875,-1.0851179307709666,177,176,0.9943502824858758,1.0
16,4.478954,4.382514,-7.41566,0.30078125,0.450469970703125,-0.9278203639210425,179,177,0.9888268156424581,1.0
17,4.699752,5.167189,-7.685181,0.11767578125,0.806610107421875,-0.26952110334468204,184,182,0.9891304347826086,1.0
18,5.284349,5.216945,-8.336679,0.57269287109375,0.1274871826171875,-0.6514981373009429,199,198,0.9949748743718593,1.0
19,5.96567,5.658239,-8.830552,0.610137939453125,0.5354156494140625,-0.49387313260519683,197,196,0.9949238578680203,1.0
20,6.245713,5.934503,-9.303491,0.23431396484375,0.31597900390625,-0.4729384579003291,196,189,0.9642857142857143,1.0
21,6.278117,6.755061,-9.500899,-0.100677490234375,0.81500244140625,-0.19740818498939833,201,196,0.9751243781094527,1.0
22,6.175253,7.442201,-9.686867,-0.214874267578125,0.660736083984375,-0.18596839320194464,206,205,0.9951456310679612,1.0
23,6.478546,7.816472,-10.005309,0.235992431640625,0.4199676513671875,-0.3184420173661478,214,213,0.9953271028037384,1.0
24,6.412853,8.0408,-10.153272,-0.103668212890625,0.209503173828125,-0.14796232444743407,197,194,0.9847715736040609,1.0
25,6.540023,8.529313,-10.333889,0.0390625,0.5032806396484375,-0.18061739153116327,209,208,0.9952153110047847,1.0
26,6.434064,9.213936,-10.377871,-0.22705078125,0.654510498046875,-0.04398205153907091,204,203,0.9950980392156863,1.0
27,6.356722,9.920907,-10.625615,-0.20343017578125,0.6814727783203125,-0.24774402187068553,212,211,0.9952830188679245,1.0
28,6.433147,10.157142,-10.771894,0.03155517578125,0.24627685546875,-0.14627916405255664,207,207,1.0,1.0
29,6.494999,10.421667,-11.08456,0.011322021484375,0.27142333984375,-0.3126653476914294,213,212,0.9953051643192489,1.0
30,6.672855,10.689015,-11.483776,0.123138427734375,0.2965545654296875,-0.3992165836337238,210,209,0.9952380952380953,1.0
31,7.070846,10.707764,-12.012935,0.38629150390625,0.0976104736328125,-0.5291593362477686,202,201,0.995049504950495,1.0
32,6.891053,11.13775,-12.249751,-0.265350341796875,0.383148193359375,-0.23681517379051542,203,202,0.9950738916256158,1.0
33,7.028908,11.346796,-12.463232,0.090362548828125,0.2335357666015625,-0.21348168090600853,211,210,0.995260663507109,1.0
34,6.879831,11.809786,-12.539652,-0.2454833984375,0.4199066162109375,-0.0764198936477053,204,203,0.9950980392156863,1.0
35,6.731659,12.132022,-12.674472,-0.214599609375,0.282379150390625,-0.1348193176351663,205,204,0.9951219512195122,1.0
36,7.077893,12.111149,-13.075953,0.342376708984375,0.05560302734375,-0.401481448744842,211,211,1.0,1.0
37,7.107062,12.224054,-13.339761,0.00286865234375,0.1165771484375,-0.26380790623046263,214,214,1.0,1.0
38,6.955424,12.586759,-13.450084,-0.231231689453125,0.31793212890625,-0.1103233762468862,212,212,1.0,1.0
39,7.123369,12.539957,-13.70667,0.174224853515625,-0.0064544677734375,-0.25658537180555063,215,214,0.9953488372093023,1.0
40,7.070839,12.872592,-13.843221,-0.129852294921875,0.3107147216796875,-0.1365516687586852,220,218,0.990909090909091,1.0
41,6.96629,12.988231,-13.859677,-0.129180908203125,0.0872650146484375,-0.016455900708849017,218,217,0.9954128440366973,1.0
42,7.555759,12.923558,-14.20123,0.587799072265625,0.0784149169921875,-0.34155315674104364,216,215,0.9953703703703703,1.0
43,7.352595,13.12908,-14.283197,-0.24737548828125,0.1493988037109375,-0.08196626844849732,214,213,0.9953271028037384,1.0
44,7.339128,13.249482,-14.246906,-0.042755126953125,0.1133575439453125,0.03629031766969829,214,213,0.9953271028037384,1.0
45,7.250163,13.229077,-14.366092,-0.081207275390625,-0.0416717529296875,-0.11918597995275201,214,213,0.9953271028037384,1.0
46,7.192787,13.282662,-14.467804,-0.068878173828125,0.0376739501953125,-0.10171148262195358,218,218,1.0,1.0
47,7.194893,13.297546,-14.561808,-0.001678466796875,0.0149383544921875,-0.09400424091087167,211,210,0.995260663507109,1.0
48,7.155805,13.325862,-14.537185,-0.044952392578125,0.017578125,0.024623173963862592,223,221,0.9910313901345291,1.0
49,7.122678,13.314952,-14.59504,-0.029327392578125,-0.0188751220703125,-0.05785473319932628,219,217,0.9908675799086758,1.0
50,7.00284,13.211265,-14.619112,-0.08984375,-0.1305389404296875,-0.024072166151987463,217,217,1.0,1.0
51,6.826422,12.924375,-14.619888,-0.098297119140625,-0.3221282958984375,-0.000776511055959499,222,220,0.990990990990991,1.0
52,6.809674,12.707342,-14.687199,0.03857421875,-0.2142333984375,-0.0673108862596814,214,213,0.9953271028037384,1.0
53,6.754861,12.873394,-14.648896,-0.095123291015625,0.146728515625,0.038302869372351375,201,200,0.9950248756218906,1.0
54,6.664348,12.95913,-14.604013,-0.1092529296875,0.06005859375,0.04488351963917008,205,205,1.0,1.0
55,6.713154,12.788179,-14.601017,0.09033203125,-0.1531219482421875,0.0029955560099392767,206,205,0.9951456310679612,1.0
56,6.56337,12.477226,-14.666657,-0.066558837890625,-0.3386688232421875,-0.0656395730650052,200,200,1.0,1.0
57,6.713777,12.176254,-14.704257,0.221710205078125,-0.253082275390625,-0.03760048139370192,222,220,0.990990990990991,1.0
58,6.685432,12.007528,-14.672071,0.015411376953125,-0.1703948974609375,0.03218599118153774,214,213,0.9953271028037384,1.0
59,6.762224,11.3585,-14.727628,0.238677978515625,-0.6084136962890625,-0.05555717730231867,208,205,0.9855769230769231,1.0
60,6.844666,11.14875,-14.666945,0.133056640625,-0.1819000244140625,0.06068295220781694,214,212,0.9906542056074766,1.0
61,6.769101,10.815802,-14.70899,0.011199951171875,-0.3412322998046875,-0.04204489579579273,220,219,0.9954545454545455,1.0
62,6.787983,10.728116,-14.675383,0.04052734375,-0.08001708984375,0.03360784700655022,223,223,1.0,1.0
63,6.839766,10.59157,-14.655673,0.084686279296875,-0.1189727783203125,0.019709462449221348,227,227,1.0,1.0
64,6.913092,10.4627,-14.686753,0.103546142578125,-0.1061248779296875,-0.031080043541165267,214,214,1.0,1.0
65,6.958451,10.404893,-14.62207,0.05853271484375,-0.0444183349609375,0.06468272838927613,220,217,0.9863636363636363,1.0
66,6.626135,10.354523,-14.644321,-0.308837890625,-0.13262939453125,-0.02225075692802891,207,207,1.0,1.0
67,6.620967,10.128816,-14.646828,0.05206298828125,-0.2196807861328125,-0.002507183441310392,208,208,1.0,1.0
68,6.512794,9.777677,-14.75541,-0.015869140625,-0.3670806884765625,-0.10858171040231963,205,203,0.9902439024390244,1.0
69,6.325606,9.528153,-14.755057,-0.117462158203125,-0.288970947265625,0.0003534424502681125,219,217,0.9908675799086758,1.0
70,6.876463,8.924989,-15.04931,0.686309814453125,-0.4429779052734375,-0.2942539001130658,213,213,1.0,1.0
71,6.754314,8.731612,-15.121418,-0.0677490234375,-0.2184600830078125,-0.07210757018142157,209,208,0.9952153110047847,1.0
72,6.685006,8.551516,-15.121941,-0.019927978515625,-0.1919403076171875,-0.0005232145612128307,211,210,0.995260663507109,1.0
73,6.121829,8.859395,-14.91106,-0.623992919921875,0.150299072265625,0.2108812122916203,215,212,0.986046511627907,1.0
74,5.958079,8.700107,-14.97498,-0.11724853515625,-0.1960601806640625,-0.06391953623714947,206,206,1.0,1.0
75,6.178661,8.339369,-15.181164,0.306304931640625,-0.2914886474609375,-0.20618472797983672,207,207,1.0,1.0
76,6.11047,7.974783,-15.261764,0.0296630859375,-0.369720458984375,-0.08059960157248489,203,202,0.9950738916256158,1.0
77,6.039051,7.780161,-15.303023,-0.017669677734375,-0.2065582275390625,-0.041258971395648034,197,195,0.9898477157360406,1.0
78,5.937657,7.29802,-15.424683,0.029449462890625,-0.4918060302734375,-0.12166015953956426,191,189,0.9895287958115183,1.0
79,6.20849,7.108582,-15.492118,0.31146240234375,-0.1105804443359375,-0.06743466458313022,205,204,0.9951219512195122,1.0
80,6.37637,6.841829,-15.561191,0.2330322265625,-0.21221923828125,-0.06907354646554273,201,198,0.9850746268656716,1.0
81,6.422289,6.465576,-15.722119,0.145172119140625,-0.3501434326171875,-0.16092794549178144,200,197,0.985,1.0
82,6.53335,6.283925,-15.756736,0.1561279296875,-0.1447601318359375,-0.03461683726360233,202,202,1.0,1.0
83,6.625096,6.165067,-15.858455,0.120574951171875,-0.0894775390625,-0.10171856128915306,198,194,0.9797979797979798,1.0
84,6.817532,6.077819,-15.939649,0.208953857421875,-0.031341552734375,-0.08119464659590282,195,190,0.9743589743589743,1.0
85,6.968389,5.93038,-16.048824,0.185546875,-0.100341796875,-0.10917480842084348,207,203,0.9806763285024155,1.0
86,7.112294,6.130481,-16.227125,0.082977294921875,0.232086181640625,-0.1783006068874684,202,199,0.9851485148514851,1.0
87,7.238033,6.226154,-16.282286,0.093994140625,0.1269989013671875,-0.05516151717422788,195,193,0.9897435897435898,1.0
88,7.322337,6.337254,-16.364221,0.049774169921875,0.130279541015625,-0.08193516829384262,196,195,0.9948979591836735,1.0
89,7.451222,6.535282,-16.515223,0.06787109375,0.226318359375,-0.15100140445872465,202,202,1.0,1.0
90,7.664412,6.367443,-16.850847,0.252105712890625,-0.100311279296875,-0.33562414288089876,195,192,0.9846153846153847,1.0
91,8.019084,6.376802,-17.082627,0.33673095703125,0.1117706298828125,-0.23178043963355185,189,186,0.9841269841269841,1.0
92,8.264451,6.351603,-17.270831,0.241943359375,0.0479888916015625,-0.18820391789898064,198,197,0.9949494949494949,1.0
93,8.724346,6.398516,-17.516471,0.42523193359375,0.18133544921875,-0.24563927016785114,194,193,0.9948453608247423,1.0
94,9.510054,5.591949,-18.05474,0.992034912109375,-0.532684326171875,-0.53826917541666,188,185,0.9840425531914894,1.0
95,9.57573,5.784072,-18.258142,0.002899169921875,0.2030181884765625,-0.2034019854828733,186,184,0.989247311827957,1.0
96,10.008417,5.589009,-18.988062,0.472015380859375,-0.0496826171875,-0.7299207519214488,190,184,0.968421052631579,1.0
97,10.439714,5.180234,-19.16575,0.54083251953125,-0.2462005615234375,-0.17768768068776356,183,181,0.9890710382513661,1.0
98,10.582056,5.211257,-19.311593,0.124267578125,0.0760345458984375,-0.1458432827126877,179,177,0.9888268156424581,1.0
99,10.317663,5.1472,-19.593582,-0.22833251953125,-0.14788818359375,-0.28198897631683006,191,190,0.9947643979057592,1.0
100,10.53563,5.083931,-20.091596,0.2265625,0.01348876953125,-0.4980132537256048,182,181,0.9945054945054945,1.0
101,10.399003,5.171033,-20.327798,-0.158233642578125,0.0348663330078125,-0.2362024642299113,188,186,0.9893617021276596,1.0
102,10.229804,5.38573,-20.628495,-0.233245849609375,0.142547607421875,-0.30069672306933787,180,180,1.0,1.0
103,10.24147,5.523787,-20.939383,-0.0377197265625,0.1333160400390625,-0.31088847590262025,183,183,1.0,1.0
104,10.06782,5.898626,-21.108114,-0.296142578125,0.28802490234375,-0.16873043834564763,189,188,0.9947089947089947,1.0
105,10.056844,6.2689,-21.14362,-0.143585205078125,0.3414764404296875,-0.03550652187642299,181,180,0.994475138121547,1.0
106,9.805969,6.498327,-21.253298,-0.316741943359375,0.1234893798828125,-0.10967817245352882,182,182,1.0,1.0
107,9.584591,6.726919,-21.498819,-0.2891845703125,0.1327972412109375,-0.24552097987098861,189,188,0.9947089947089947,1.0
108,9.407893,6.859887,-21.680445,-0.213134765625,0.0589599609375,-0.18162572406111843,187,184,0.983957219251337,1.0
109,9.252823,6.996034,-21.798297,-0.19439697265625,0.0692291259765625,-0.11785236948914231,183,180,0.9836065573770492,1.0
110,9.076997,7.047192,-21.953426,-0.1822509765625,-0.017791748046875,-0.15512837578075134,184,184,1.0,1.0
111,8.845133,7.223042,-22.175208,-0.280792236328125,0.076416015625,-0.2217825723624002,197,197,1.0,1.0
112,8.8441,7.570118,-22.281845,-0.1319580078125,0.321014404296875,-0.1066366076450054,193,192,0.9948186528497409,1.0
113,8.676382,7.927287,-22.385735,-0.290618896484375,0.26690673828125,-0.10389028966203032,187,184,0.983957219251337,1.0
114,8.618672,8.180061,-22.571971,-0.149627685546875,0.2117462158203125,-0.1862355268069235,193,192,0.9948186528497409,1.0
115,8.518723,8.40361,-22.766788,-0.1781005859375,0.168060302734375,-0.19481715850440717,187,187,1.0,1.0
116,8.510204,8.666974,-22.949245,-0.109771728515625,0.2395477294921875,-0.18245739626040244,193,190,0.9844559585492227,1.0
117,8.584185,8.800523,-23.176573,0.01605224609375,0.151824951171875,-0.22732753126133073,188,187,0.9946808510638298,1.0
118,8.63363,9.06063,-23.405333,-0.056915283203125,0.258575439453125,-0.22876029897755437,180,179,0.9944444444444445,1.0
119,8.673076,9.505235,-23.528368,-0.140411376953125,0.4236907958984375,-0.12303429924870538,191,189,0.9895287958115183,1.0
120,8.580164,9.506961,-23.764224,-0.08587646484375,-0.0355072021484375,-0.23585669509612794,194,194,1.0,1.0
121,8.509609,9.530292,-23.878078,-0.073974609375,-0.007080078125,-0.11385394039317102,191,191,1.0,1.0
122,8.444561,9.885002,-23.81973,-0.20306396484375,0.2980194091796875,0.05834863432236215,189,185,0.9788359788359788,1.0
123,8.373467,9.948312,-24.078239,-0.090606689453125,0.029205322265625,-0.2585089665285848,187,186,0.9946524064171123,1.0
124,8.371466,10.034643,-24.272956,-0.03704833984375,0.0780029296875,-0.1947172037416182,189,186,0.9841269841269841,1.0
125,8.053483,10.614243,-24.452889,-0.52813720703125,0.39764404296875,-0.17993367113480982,192,192,1.0,1.0
126,8.064925,10.538403,-24.583612,0.04180908203125,-0.064300537109375,-0.13072295538973713,192,192,1.0,1.0
127,8.134366,10.553014,-24.741542,0.05706787109375,0.04217529296875,-0.15792977622837323,193,192,0.9948186528497409,1.0
128,8.134658,10.591421,-24.783796,-0.01580810546875,0.035003662109375,-0.04225434986120645,195,193,0.9897435897435898,1.0
129,8.106302,10.581404,-24.878612,-0.02154541015625,-0.0209808349609375,-0.09481575569429761,194,194,1.0,1.0
130,8.079011,10.378197,-24.883928,0.06072998046875,-0.195831298828125,-0.005315902121759632,201,201,1.0,1.0
131,8.181304,10.427062,-24.990192,0.072235107421875,0.087371826171875,-0.10626367526819007,199,198,0.9949748743718593,1.0
132,8.202333,10.42024,-25.138297,0.021942138671875,0.0027008056640625,-0.148105445811713,199,198,0.9949748743718593,1.0
133,8.194832,10.444054,-25.17853,-0.01690673828125,0.01837158203125,-0.04023285708726908,194,193,0.9948453608247423,1.0
134,8.266157,10.404538,-25.220327,0.08135986328125,-0.0054168701171875,-0.04179708008511827,195,193,0.9897435897435898,1.0
135,8.27122,10.335429,-25.178413,0.034027099609375,-0.06036376953125,0.04191457316323991,186,185,0.9946236559139785,1.0
136,8.236077,10.194824,-25.37032,0.02801513671875,-0.1421966552734375,-0.19190787705318818,203,202,0.9950738916256158,1.0
137,8.288813,10.173769,-25.375839,0.056671142578125,0.003570556640625,-0.0055188572068193015,192,192,1.0,1.0
138,8.330609,10.191318,-25.434473,0.030242919921875,0.0337677001953125,-0.058633670528118645,197,196,0.9949238578680203,1.0
139,8.422655,10.058144,-25.500003,0.14031982421875,-0.0807342529296875,-0.06553042358656423,195,194,0.9948717948717949,1.0
140,8.49357,10.038182,-25.522263,0.072601318359375,0.01251220703125,-0.02226004569535102,186,185,0.9946236559139785,1.0
141,8.509511,10.003077,-25.578874,0.029510498046875,-0.024810791015625,-0.05661011096793971,189,189,1.0,1.0
142,8.607111,9.779275,-25.588908,0.184661865234375,-0.15972900390625,-0.01003403129655844,197,197,1.0,1.0
143,8.601143,9.879581,-25.63376,-0.0487060546875,0.087890625,-0.04485186761695578,208,208,1.0,1.0
144,8.849866,9.807063,-25.645023,0.255615234375,0.0422210693359375,-0.011263401824582677,192,191,0.9947916666666666,1.0
145,9.129383,9.647279,-25.715048,0.321136474609375,-0.0230712890625,-0.07002498118210637,203,201,0.9901477832512315,1.0
146,9.175214,9.589539,-25.726838,0.06634521484375,-0.032135009765625,-0.01178992652542358,196,195,0.9948979591836735,1.0
147,9.399106,9.644464,-25.755461,0.1778564453125,0.14666748046875,-0.02862299643003155,204,204,1.0,1.0
148,9.56676,9.731404,-25.840983,0.11322021484375,0.151153564453125,-0.08552252002535723,203,203,1.0,1.0
149,9.656798,9.711754,-25.828665,0.089599609375,0.0215606689453125,0.01231833346492784,205,201,0.9804878048780488,1.0
150,9.727533,9.946498,-25.9814,-0.038604736328125,0.2421112060546875,-0.15273498304958336,194,192,0.9896907216494846,1.0
151,9.795494,9.896473,-25.952154,0.0830078125,-0.01519775390625,0.029246261796455703,203,203,1.0,1.0
152,9.865174,9.833574,-26.011199,0.090179443359375,-0.02606201171875,-0.05904500801952618,198,196,0.98989898989899,1.0
153,9.944095,9.883131,-26.045187,0.0491943359375,0.0791473388671875,-0.03398811780078142,200,199,0.995,1.0
154,9.812713,10.003027,-26.079417,-0.170684814453125,0.0500335693359375,-0.03423005823191451,197,197,1.0,1.0
155,9.940596,10.167469,-26.178114,0.042572021484375,0.20391845703125,-0.0986975553469349,196,194,0.9897959183673469,1.0
156,9.927923,10.186791,-26.144842,-0.0198974609375,0.011749267578125,0.033272595912321914,195,194,0.9948717948717949,1.0
157,9.896584,10.256959,-26.124257,-0.059051513671875,0.0491790771484375,0.020585033108298293,198,198,1.0,1.0
158,9.680171,10.116682,-26.164997,-0.132537841796875,-0.2212371826171875,-0.040739860905778816,194,194,1.0,1.0
159,9.752222,10.211153,-26.063221,0.02301025390625,0.1165618896484375,0.10177582368053811,206,206,1.0,1.0
160,9.692847,10.189846,-26.061526,-0.043975830078125,-0.04522705078125,0.0016947594966740067,195,195,1.0,1.0
161,9.638166,10.028929,-26.023343,0.021575927734375,-0.1685791015625,0.03818279984448663,194,194,1.0,1.0
162,9.683081,10.151876,-26.09722,-0.013580322265625,0.13018798828125,-0.07387660038964369,203,203,1.0,1.0
163,9.677346,10.009327,-26.123617,0.05755615234375,-0.1305389404296875,-0.026396942748882248,202,202,1.0,1.0
164,9.56545,10.05375,-26.087451,-0.120025634765625,-0.0093841552734375,0.03616552617392487,200,200,1.0,1.0
165,9.52069,10.010289,-26.126447,-0.021087646484375,-0.0587158203125,-0.0389960675670733,202,202,1.0,1.0
166,9.440805,9.991839,-26.123745,-0.0635986328125,-0.0517425537109375,0.002702237314008122,200,200,1.0,1.0
167,9.454759,9.964568,-26.07315,0.0245361328125,-0.018341064453125,0.05059544963436417,198,198,1.0,1.0
168,9.370919,10.037426,-26.077604,-0.107330322265625,0.028594970703125,-0.004453873998208752,201,201,1.0,1.0
169,9.409513,10.081225,-26.10361,0.015411376953125,0.056304931640625,-0.026006722217771342,205,204,0.9951219512195122,1.0
170,9.34647,10.205859,-26.08893,-0.1114501953125,0.0841827392578125,0.014680046373542024,206,205,0.9951456310679612,1.0
171,9.362872,10.233387,-26.124058,0.00262451171875,0.0319366455078125,-0.03512774508648465,205,205,1.0,1.0
172,9.426624,10.286519,-26.09785,0.033843994140625,0.075775146484375,0.02620762094261368,206,206,1.0,1.0
173,9.421963,10.327508,-26.072789,-0.022216796875,0.034759521484375,0.02506110256644741,213,213,1.0,1.0
174,9.473655,10.245884,-26.050065,0.082305908203125,-0.05059814453125,0.02272458054314007,211,211,1.0,1.0
175,9.424633,10.19459,-26.063274,-0.021514892578125,-0.0676116943359375,-0.0132094469125285,218,218,1.0,1.0
176,9.436918,10.255269,-26.062005,-0.015625,0.059906005859375,0.0012687698618661916,234,234,1.0,1.0
177,9.469555,10.274213,-26.063359,0.02099609375,0.0313568115234375,-0.0013537222827809795,227,227,1.0,1.0
178,9.511618,10.432589,-26.053114,-0.03179931640625,0.1607513427734375,0.010245475143751945,223,223,1.0,1.0
179,9.517729,10.600246,-26.031423,-0.068145751953125,0.1533050537109375,0.021690957125914907,229,229,1.0,1.0
180,9.494252,10.602661,-26.029186,-0.02215576171875,-0.0081329345703125,0.0022371301910397282,226,226,1.0,1.0
181,9.444028,10.612619,-26.030896,-0.04949951171875,-0.013092041015625,-0.0017107032176345714,234,234,1.0,1.0
182,9.494884,10.580173,-26.026402,0.0599365234375,-0.0068359375,0.004494687332301792,229,229,1.0,1.0
183,9.606547,10.512912,-26.020885,0.129852294921875,-0.011444091796875,0.005516105308311859,226,226,1.0,1.0
184,9.5697,10.373784,-26.026434,0.027923583984375,-0.1411895751953125,-0.00554854045392803,228,227,0.9956140350877193,1.0
185,9.556902,10.198459,-26.022237,0.0654296875,-0.1631622314453125,0.004196629878922152,219,219,1.0,1.0
186,9.599495,10.089333,-25.972957,0.086151123046875,-0.079376220703125,0.04928034698262925,221,221,1.0,1.0
187,9.579971,10.187715,-25.333431,-0.060638427734375,0.07989501953125,0.639525931764707,203,203,1.0,1.0
188,9.562422,9.264187,-20.07001,0.379302978515625,-0.84222412109375,5.263420984881124,189,189,1.0,1.0
189,9.807157,8.482901,-13.666145,0.49798583984375,-0.6498565673828125,6.403865482809044,191,191,1.0,1.0
190,9.86365,7.901614,-7.057867,0.192230224609375,-0.551483154296875,6.608277312030255,205,205,1.0,1.0
191,9.969181,7.298782,-0.471644,0.178802490234375,-0.585296630859375,6.586222914071834,204,204,1.0,1.0
192,10.116943,6.663755,6.149705,0.152984619140625,-0.6337890625,6.6213492441094095,197,197,1.0,1.0
193,10.367359,5.988776,12.884555,0.176666259765625,-0.6979217529296875,6.734850457087843,194,194,1.0,1.0
194,10.513446,5.076553,19.468334,-0.061004638671875,-0.9218292236328125,6.583779051067256,193,193,1.0,1.0
195,10.693156,3.94974,26.105846,-0.20611572265625,-1.122283935546875,6.63751126164599,195,195,1.0,1.0
196,11.337893,2.633038,32.743741,-0.00042724609375,-1.4660797119140625,6.637895199184439,191,191,1.0,1.0
197,12.092803,1.533199,39.286689,0.040069580078125,-1.3333892822265625,6.542948477010389,187,187,1.0,1.0
198,13.102952,0.527141,45.963365,0.144805908203125,-1.418304443359375,6.6766758175603185,197,197,1.0,1.0
199,14.065265,-0.344592,52.6008,0.042236328125,-1.297760009765625,6.6374353195138625,187,187,1.0,1.0
200,15.110352,-0.801361,59.292523,0.271881103515625,-1.107666015625,6.691722272778007,185,184,0.9945945945945946,1.0
201,16.056433,-1.139052,66.163974,0.192779541015625,-0.985870361328125,6.871450826617949,181,181,1.0,1.0
202,17.108401,-1.132993,72.785457,0.4306640625,-0.9597930908203125,6.621483266427724,175,174,0.9942857142857143,1.0
203,17.274027,-0.837345,79.444574,0.3314208984375,-0.070709228515625,6.659117216439793,187,185,0.9893048128342246,1.0
204,17.302089,-0.338655,86.154247,0.495391845703125,0.0637664794921875,6.709673395806589,174,174,1.0,1.0
205,17.129628,0.134335,92.661945,0.460357666015625,0.20379638671875,6.507697217473458,174,173,0.9942528735632183,1.0
206,16.676518,0.6311,98.312102,0.51727294921875,0.4295501708984375,5.650157793422047,173,172,0.9942196531791907,1.0
207,15.686737,0.743496,102.998558,0.254302978515625,0.963134765625,4.686455817348302,185,184,0.9945945945945946,1.0
208,14.788552,0.526417,105.995298,-0.009490966796875,0.9239959716796875,2.996739675250202,196,195,0.9948979591836735,1.0
209,13.407728,0.307201,107.572907,0.169769287109375,1.3877716064453125,1.5776094060880028,190,189,0.9947368421052631,1.0
210,11.800567,-0.090256,108.385002,0.1063232421875,1.65216064453125,0.8120946909099218,191,190,0.9947643979057592,1.0
211,9.934217,-0.631518,109.190518,0.07501220703125,1.941802978515625,0.8055163956781796,199,198,0.9949748743718593,1.0
212,7.93417,-1.213055,109.618942,0.10821533203125,2.0800628662109375,0.42842351053874683,194,192,0.9896907216494846,1.0
213,5.68023,-1.954087,109.765857,0.05877685546875,2.3719024658203125,0.14691478489807655,196,195,0.9948979591836735,1.0
214,3.316787,-2.73396,109.899039,0.065338134765625,2.4879302978515625,0.13318186699122012,200,200,1.0,1.0
215,0.685026,-3.602502,109.845775,0.079071044921875,2.7702484130859375,-0.05326354155345762,201,198,0.9850746268656716,1.0
216,-2.016031,-4.564241,109.857782,0.012359619140625,2.8671417236328125,0.012007140783816626,202,199,0.9851485148514851,1.0
217,-4.984754,-5.701194,109.755195,-0.0609130859375,3.17840576171875,-0.10258709199042675,198,196,0.98989898989899,1.0
218,-8.17973,-6.911703,109.542289,-0.059356689453125,3.4160919189453125,-0.21290638643681858,197,195,0.9898477157360406,1.0
219,-11.510692,-8.113521,109.30962,-0.01837158203125,3.5410919189453125,-0.23266846777691003,191,187,0.9790575916230366,1.0
220,-14.935409,-9.604806,109.004841,-0.274932861328125,3.725189208984375,-0.3047795885032921,197,197,1.0,1.0
221,-18.477984,-11.120476,108.706595,-0.2794189453125,3.843048095703125,-0.29824603442606085,193,193,1.0,1.0
222,-22.291272,-12.754637,108.353389,-0.3248291015625,4.135955810546875,-0.3532057883250637,179,175,0.9776536312849162,1.0
223,-26.239858,-14.426088,108.114223,-0.343109130859375,4.2740325927734375,-0.2391662619425844,191,191,1.0,1.0
224,-30.414028,-16.045032,107.954453,-0.24090576171875,4.47064208984375,-0.1597692599118048,198,196,0.98989898989899,1.0
225,-34.696758,-17.746296,107.849803,-0.2982177734375,4.598602294921875,-0.10465034280030258,205,204,0.9951219512195122,1.0
226,-39.106547,-19.551854,107.733306,-0.366943359375,4.7509613037109375,-0.1164974350744392,199,198,0.9949748743718593,1.0
227,-43.650223,-21.33943,107.56071,-0.318695068359375,4.87225341796875,-0.17259555323853323,187,186,0.9946524064171123,1.0
228,-48.279258,-23.138434,107.476001,-0.318511962890625,4.9561004638671875,-0.08470946377573707,197,195,0.9898477157360406,1.0
229,-53.088869,-25.192877,107.306407,-0.5152587890625,5.2045745849609375,-0.1695931939145936,189,186,0.9841269841269841,1.0
230,-58.128523,-27.215409,107.283898,-0.4317626953125,5.4131622314453125,-0.02250959829327219,194,192,0.9896907216494846,1.0
231,-63.410201,-29.26845,107.199132,-0.39111328125,5.6531524658203125,-0.0847655916167046,192,190,0.9895833333333334,1.0
232,-68.767052,-31.388684,107.116881,-0.441436767578125,5.7442474365234375,-0.08225089358874449,185,185,1.0,1.0
233,-74.271099,-33.554881,106.942789,-0.450286865234375,5.8978118896484375,-0.17409184514491435,203,202,0.9950738916256158,1.0
234,-79.9507,-35.615554,106.909622,-0.31610107421875,6.033599853515625,-0.033167738321497796,194,193,0.9948453608247423,1.0
235,-85.569134,-37.914735,106.793898,-0.565582275390625,6.0442657470703125,-0.1157235948812967,199,199,1.0,1.0
236,-91.284946,-40.163327,106.634463,-0.501220703125,6.1217193603515625,-0.15943481918819988,189,189,1.0,1.0
237,-97.210592,-42.392718,106.724149,-0.439788818359375,6.31585693359375,0.08968571488770227,191,191,1.0,1.0
238,-103.425756,-44.72583,106.818961,-0.4459228515625,6.6236572265625,0.09481187142199968,192,192,1.0,1.0
239,-109.065721,-46.917245,106.662067,-0.46575927734375,6.0327911376953125,-0.15689333870837077,187,186,0.9946524064171123,1.0
240,-114.478742,-49.229599,106.560258,-0.6632080078125,5.8487548828125,-0.10180934047402834,185,185,1.0,1.0
241,-119.892887,-51.242545,106.448839,-0.38629150390625,5.7633056640625,-0.11141876902408912,193,192,0.9948186528497409,1.0
242,-125.531346,-53.31083,106.536241,-0.387054443359375,5.99334716796875,0.087402052533298,189,188,0.9947089947089947,1.0
243,-130.938071,-55.310681,106.464683,-0.378265380859375,5.7523040771484375,-0.0715584481445028,196,194,0.9897959183673469,1.0
244,-136.19673,-57.422085,106.360759,-0.534393310546875,5.641448974609375,-0.1039237866390755,205,203,0.9902439024390244,1.0
245,-141.356845,-59.379745,106.262219,-0.42486572265625,5.5026092529296875,-0.09853992975344457,202,200,0.9900990099009901,1.0
246,-146.686984,-61.300438,106.254403,-0.351226806640625,5.6547393798828125,-0.007816294113472712,196,194,0.9897959183673469,1.0
247,-151.722678,-63.164137,106.152125,-0.37969970703125,5.3560638427734375,-0.10227771978410401,197,197,1.0,1.0
248,-156.831768,-65.006543,106.120826,-0.348388671875,5.419952392578125,-0.03129960314274029,198,196,0.98989898989899,1.0
249,-161.943719,-66.964484,106.060274,-0.4615478515625,5.45458984375,-0.060551336011633705,179,179,1.0,1.0
250,-167.116098,-68.725879,106.065995,-0.26171875,5.457794189453125,0.00572110645292954,191,189,0.9895287958115183,1.0
251,-172.164566,-70.65223,106.016438,-0.4539794921875,5.3843994140625,-0.04955711838994728,195,194,0.9948717948717949,1.0
252,-177.232422,-72.591938,105.983412,-0.46612548828125,5.4063262939453125,-0.033026206456853946,195,195,1.0,1.0
253,-182.360162,-74.317852,105.967516,-0.247222900390625,5.404754638671875,-0.01589565487566961,199,196,0.9849246231155779,1.0
254,-187.453742,-76.190191,105.939095,-0.398895263671875,5.4121246337890625,-0.028420953935939106,195,195,1.0,1.0
255,-192.540642,-77.927895,105.899366,-0.273956298828125,5.3685302734375,-0.039729772402320854,187,185,0.9893048128342246,1.0
256,-197.666067,-79.843133,105.853623,-0.4378662109375,5.4540252685546875,-0.0457425742316343,201,199,0.9900497512437811,1.0
257,-202.708238,-81.663898,105.799369,-0.37408447265625,5.3477783203125,-0.054253696973446466,199,198,0.9949748743718593,1.0
258,-207.789372,-83.510629,105.77773,-0.393524169921875,5.3919830322265625,-0.021639538325445917,196,196,1.0,1.0
259,-212.830013,-85.415979,105.769869,-0.462982177734375,5.368804931640625,-0.007860528345276039,186,186,1.0,1.0
260,-217.986577,-87.129928,105.770076,-0.248016357421875,5.42828369140625,0.0002063360555658115,200,198,0.99,1.0
261,-223.371463,-89.028752,105.795532,-0.363861083984375,5.6982574462890625,0.025455966689579952,199,197,0.9899497487437185,1.0
262,-228.494268,-90.725307,105.782932,-0.238037109375,5.39117431640625,-0.012599244638668718,199,197,0.9899497487437185,1.0
263,-233.555661,-92.303343,105.726736,-0.141876220703125,5.2997894287109375,-0.05619602895750476,195,194,0.9948717948717949,1.0
264,-238.556052,-94.001313,105.753666,-0.279052734375,5.2734375,0.02692973499089177,196,195,0.9948979591836735,1.0
265,-243.564275,-95.745732,105.691782,-0.31915283203125,5.2937164306640625,-0.061884106310592046,190,188,0.9894736842105263,1.0
266,-248.672666,-97.411044,105.686836,-0.22161865234375,5.368408203125,-0.004946135881554503,196,196,1.0,1.0
267,-253.795942,-98.958523,105.664397,-0.1046142578125,5.350860595703125,-0.02243902380633203,187,186,0.9946524064171123,1.0
268,-258.841507,-100.667544,105.635164,-0.283233642578125,5.319610595703125,-0.029232650501407442,191,190,0.9947643979057592,1.0
269,-263.866812,-102.367569,105.589459,-0.282745361328125,5.2975311279296875,-0.045705358686937876,196,195,0.9948979591836735,1.0
270,-268.969459,-104.073824,105.551986,-0.272186279296875,5.37347412109375,-0.03747314160156947,201,199,0.9900497512437811,1.0
271,-273.939251,-105.738633,105.518495,-0.271392822265625,5.23419189453125,-0.03349111413967716,204,202,0.9901960784313726,1.0
272,-278.967279,-107.540719,105.495624,-0.391143798828125,5.326873779296875,-0.022870216963592756,205,204,0.9951219512195122,1.0
273,-284.097981,-109.204989,105.482158,-0.2330322265625,5.3888397216796875,-0.013466458227569223,202,201,0.995049504950495,1.0
274,-289.218196,-110.823525,105.49365,-0.193023681640625,5.3664703369140625,0.011492568134170744,194,193,0.9948453608247423,1.0
275,-294.259538,-112.550458,105.455094,-0.317474365234375,5.3194580078125,-0.038556856820037164,197,197,1.0,1.0
276,-299.358804,-114.152118,105.407837,-0.18487548828125,5.3416900634765625,-0.04725652580215912,187,187,1.0,1.0
277,-304.297598,-115.821538,105.360337,-0.2972412109375,5.204833984375,-0.047500527080561294,201,201,1.0,1.0
278,-309.242193,-117.373194,105.318072,-0.18646240234375,5.178985595703125,-0.04226488211259645,202,202,1.0,1.0
279,-313.92782,-118.810657,105.273674,-0.1485595703125,4.8989105224609375,-0.04439723814618707,197,196,0.9949238578680203,1.0
280,-318.355155,-120.209779,105.267918,-0.18341064453125,4.6395263671875,-0.00575675741101897,192,191,0.9947916666666666,1.0
281,-322.744487,-121.64888,105.215747,-0.232452392578125,4.613372802734375,-0.05217080687478266,185,185,1.0,1.0
282,-326.867491,-122.941422,105.14851,-0.165130615234375,4.3177032470703125,-0.06723734015798885,193,191,0.9896373056994818,1.0
283,-330.83975,-124.167859,105.112462,-0.145782470703125,4.15472412109375,-0.03604786157783081,197,196,0.9949238578680203,1.0
284,-334.766538,-125.410034,105.041984,-0.175445556640625,4.114837646484375,-0.07047804312646805,193,192,0.9948186528497409,1.0
285,-338.46926,-126.499443,105.020084,-0.09112548828125,3.85858154296875,-0.02189956893002506,190,189,0.9947368421052631,1.0
286,-342.107709,-127.543252,104.9813,-0.065216064453125,3.7846527099609375,-0.038784069193336115,187,186,0.9946524064171123,1.0
287,-345.637111,-128.609819,104.957425,-0.117950439453125,3.685150146484375,-0.02387487958432491,190,190,1.0,1.0
288,-349.025322,-129.597213,104.910987,-0.079437255859375,3.52825927734375,-0.04643809317164801,181,181,1.0,1.0
289,-352.32734,-130.48628,104.881603,-0.00946044921875,3.4196014404296875,-0.02938429081993592,192,191,0.9947916666666666,1.0
290,-355.534283,-131.357298,104.885485,-0.0181884765625,3.3230743408203125,0.0038817539980117222,201,201,1.0,1.0
291,-358.656939,-132.329076,104.863952,-0.136993408203125,3.2675018310546875,-0.021532886241194447,203,203,1.0,1.0
292,-361.723219,-133.174838,104.823828,-0.0308837890625,3.180633544921875,-0.040123457099377945,208,208,1.0,1.0
293,-364.804106,-134.082804,104.794338,-0.089508056640625,3.2106475830078125,-0.02948986674181262,195,195,1.0,1.0
294,-367.862227,-134.982322,104.781022,-0.08880615234375,3.186431884765625,-0.013316019843602181,199,198,0.9949748743718593,1.0
295,-370.609752,-135.890273,104.738188,-0.17694091796875,2.88824462890625,-0.042834165227708186,200,199,0.995,1.0
296,-373.220491,-136.647322,104.686647,-0.067962646484375,2.717437744140625,-0.051541600495104964,186,184,0.989247311827957,1.0
297,-375.470976,-137.335123,104.682494,-0.094757080078125,2.3513336181640625,-0.004152429776676015,184,184,1.0,1.0
298,-377.792654,-138.003481,104.681284,-0.058074951171875,2.4152679443359375,-0.0012104462918704879,186,184,0.989247311827957,1.0
299,-379.938072,-138.674506,104.700104,-0.105377197265625,2.2454376220703125,0.018820329052539282,190,190,1.0,1.0
300,-382.060062,-139.343239,104.63847,-0.108367919921875,2.22222900390625,-0.06163395552967858,199,199,1.0,1.0
301,-384.029277,-139.910173,104.67248,-0.050872802734375,2.0485687255859375,0.034010422845463836,199,198,0.9949748743718593,1.0
302,-386.021703,-140.466112,104.65253,-0.03314208984375,2.068267822265625,-0.019950660337411417,207,205,0.9903381642512077,1.0
303,-387.745138,-141.12822,104.628247,-0.204620361328125,1.834869384765625,-0.024283110291465373,201,201,1.0,1.0
304,-389.480611,-141.618881,104.629691,-0.036468505859375,1.803131103515625,0.0014446113511208834,196,196,1.0,1.0
305,-391.194443,-142.142355,104.5565,-0.073638916015625,1.7904815673828125,-0.07319146663921429,185,184,0.9945945945945946,1.0
306,-392.923889,-142.660112,104.520554,-0.06646728515625,1.8040618896484375,-0.035946142172572186,188,188,1.0,1.0
307,-394.543545,-143.133574,104.487549,-0.05224609375,1.6866302490234375,-0.03300445487448543,188,188,1.0,1.0
308,-395.874366,-143.624794,104.437674,-0.142669677734375,1.4113922119140625,-0.049875269270469924,184,184,1.0,1.0
309,-397.319592,-144.064505,104.393446,-0.06549072265625,1.50921630859375,-0.044227872300350544,192,190,0.9895833333333334,1.0
310,-398.602275,-144.494727,104.315001,-0.097869873046875,1.349365234375,-0.07844500237026483,196,195,0.9948979591836735,1.0
311,-399.780282,-144.878347,104.25283,-0.0804443359375,1.2362823486328125,-0.06217126024360292,201,201,1.0,1.0
312,-401.005695,-145.222027,104.226339,-0.031402587890625,1.272308349609375,-0.026490541504889654,196,195,0.9948979591836735,1.0
313,-402.297247,-145.671847,104.17149,-0.118621826171875,1.36248779296875,-0.05484887848303785,199,198,0.9949748743718593,1.0
314,-403.417135,-146.03848,104.108522,-0.081298828125,1.175567626953125,-0.06296853661091435,202,202,1.0,1.0
315,-404.31433,-146.412316,104.10567,-0.14385986328125,0.9612579345703125,-0.002852133973408589,195,192,0.9846153846153847,1.0
316,-405.204228,-146.660385,104.050031,-0.023712158203125,0.92352294921875,-0.05563858409869211,204,203,0.9950980392156863,1.0
317,-405.998333,-146.839484,104.010315,0.01904296875,0.8138275146484375,-0.0397161293444461,205,205,1.0,1.0
318,-406.64201,-147.063158,103.931297,-0.061187744140625,0.678680419921875,-0.07901779990870125,210,208,0.9904761904761905,1.0
319,-407.20468,-147.163837,103.875866,0.037750244140625,0.5703582763671875,-0.05543091759497742,202,200,0.9900990099009901,1.0
320,-407.585908,-147.335686,103.799302,-0.075408935546875,0.41131591796875,-0.0765646142413951,197,196,0.9949238578680203,1.0
321,-407.98771,-147.370267,103.772159,0.062255859375,0.3984527587890625,-0.02714239709124233,198,198,1.0,1.0
322,-408.217746,-147.468001,103.703124,-0.0401611328125,0.2466888427734375,-0.06903547558265748,196,195,0.9948979591836735,1.0
323,-408.48125,-147.434027,103.670766,0.095428466796875,0.247955322265625,-0.032357538962963436,211,211,1.0,1.0
324,-408.561767,-147.399402,103.63503,0.05267333984375,0.0700531005859375,-0.03573643340330338,215,215,1.0,1.0
325,-408.579759,-147.365298,103.623219,0.037384033203125,0.0094451904296875,-0.011811067908284043,220,219,0.9954545454545455,1.0
326,-408.701393,-147.374555,103.583834,0.0196533203125,0.120391845703125,-0.03938493171020719,220,220,1.0,1.0
327,-408.733149,-147.395477,103.569393,-0.01287841796875,0.0357818603515625,-0.014441028537626471,213,212,0.9953051643192489,1.0
328,-408.938214,-147.380645,103.554584,0.062530517578125,0.19586181640625,-0.014808728223175227,213,212,0.9953051643192489,1.0
329,-409.108814,-147.415999,103.551392,0.005615234375,0.17413330078125,-0.0031918814523913697,215,214,0.9953488372093023,1.0
330,-409.275205,-147.446278,103.54371,0.009552001953125,0.168853759765625,-0.007681715389483398,207,207,1.0,1.0
331,-409.555191,-147.559459,103.520748,-0.044464111328125,0.2987060546875,-0.022962755060359982,206,206,1.0,1.0
332,-409.884006,-147.554565,103.496384,0.081634521484375,0.3185577392578125,-0.024363236274345047,196,196,1.0,1.0
333,-410.053275,-147.602629,103.468286,-0.007232666015625,0.175811767578125,-0.028098686502633658,220,220,1.0,1.0
334,-410.119329,-147.67418,103.355282,-0.05419921875,0.080902099609375,-0.11300352278599655,194,193,0.9948453608247423,1.0
335,-410.173985,-147.609306,103.10143,0.07574462890625,0.0381927490234375,-0.2538522538941893,190,188,0.9894736842105263,1.0
336,-410.229317,-147.632336,102.786209,-0.0098876953125,0.059112548828125,-0.3152207388071709,188,186,0.9893617021276596,1.0
337,-410.224178,-147.716758,102.516138,-0.083465576171875,0.013671875,-0.27007097765139415,195,193,0.9897435897435898,1.0
338,-410.156822,-147.734316,102.343536,-0.03173828125,-0.06195068359375,-0.17260181504062705,197,196,0.9949238578680203,1.0
339,-410.196534,-147.685963,102.22169,0.05572509765625,0.0284576416015625,-0.12184616238282828,202,201,0.995049504950495,1.0
340,-410.204939,-147.724067,102.085547,-0.03546142578125,0.0162811279296875,-0.13614298555005624,204,203,0.9950980392156863,1.0
341,-410.330295,-147.684401,102.00165,0.065032958984375,0.1142730712890625,-0.0838970994566079,199,198,0.9949748743718593,1.0
342,-410.496248,-147.688356,101.883024,0.0306396484375,0.16314697265625,-0.1186258331423369,193,190,0.9844559585492227,1.0
343,-410.749475,-147.754614,101.781098,-0.0126953125,0.261444091796875,-0.10192686279491898,199,195,0.9798994974874372,1.0
344,-411.012017,-147.798367,101.693065,0.010772705078125,0.2659454345703125,-0.08803293743894396,200,200,1.0,1.0
345,-411.449186,-147.794324,101.632639,0.092559814453125,0.427276611328125,-0.0604255922453363,198,197,0.9949494949494949,1.0
346,-411.995943,-147.910839,101.554533,-0.003875732421875,0.55902099609375,-0.07810555887755741,206,205,0.9951456310679612,1.0
347,-412.59634,-147.991878,101.481742,0.040863037109375,0.604461669921875,-0.07279186734764675,202,201,0.995049504950495,1.0
348,-413.219524,-148.147514,101.382842,-0.028472900390625,0.641693115234375,-0.09890002970044913,201,199,0.9900497512437811,1.0
349,-414.038377,-148.311901,101.310053,0.000457763671875,0.8351898193359375,-0.07278811002028558,202,201,0.995049504950495,1.0
350,-414.971873,-148.538034,101.238607,-0.038665771484375,0.959716796875,-0.07144691891822862,197,197,1.0,1.0
351,-416.097181,-148.682796,101.234821,0.07733154296875,1.1319427490234375,-0.0037850367394215057,202,201,0.995049504950495,1.0
352,-417.346383,-148.951437,101.192413,-0.020111083984375,1.2776031494140625,-0.04240879002631218,201,201,1.0,1.0
353,-418.734989,-149.294824,101.159995,-0.06732177734375,1.4288482666015625,-0.03241758897926728,190,189,0.9947368421052631,1.0
354,-420.353836,-149.636058,101.098807,-0.021453857421875,1.6542816162109375,-0.06118852098445366,196,196,1.0,1.0
355,-422.094893,-150.086542,101.033607,-0.106903076171875,1.7952117919921875,-0.06520002573928407,201,199,0.9900497512437811,1.0
356,-424.031102,-150.563329,101.000666,-0.097412109375,1.991668701171875,-0.03294104685819332,197,197,1.0,1.0
357,-426.070876,-151.03278,100.988546,-0.07159423828125,2.0918731689453125,-0.012119337017290212,199,199,1.0,1.0
358,-428.2286,-151.479388,100.980812,-0.027130126953125,2.2032928466796875,-0.0077341218587965695,195,194,0.9948717948717949,1.0
359,-430.785306,-152.030403,100.961403,-0.053924560546875,2.6148529052734375,-0.019409206250592167,189,188,0.9947089947089947,1.0
360,-433.509143,-152.548354,100.937037,0.009429931640625,2.7726287841796875,-0.024366006524068666,196,195,0.9948979591836735,1.0
361,-436.362074,-153.193865,100.93129,-0.092498779296875,2.923583984375,-0.005746658106629244,198,194,0.9797979797979798,1.0
362,-439.25053,-153.79397,100.923868,-0.041473388671875,2.9498443603515625,-0.00742172402427871,191,190,0.9947643979057592,1.0
363,-442.066686,-154.466198,100.854205,-0.126373291015625,2.89251708984375,-0.0696631895047351,189,187,0.9894179894179894,1.0
364,-445.048233,-155.263538,100.807105,-0.22161865234375,3.0783538818359375,-0.04710023224820409,195,195,1.0,1.0
365,-447.998879,-155.923531,100.746846,-0.09503173828125,3.022064208984375,-0.060259462105589294,199,198,0.9949748743718593,1.0
366,-450.954161,-156.685911,100.70395,-0.19793701171875,3.0456085205078125,-0.042895232804157635,192,191,0.9947916666666666,1.0
367,-454.00609,-157.31044,100.668013,-0.04681396484375,3.1148223876953125,-0.035937407645674636,202,201,0.995049504950495,1.0
368,-456.936236,-157.896904,100.671976,-0.033905029296875,2.988067626953125,0.003962845619023976,194,194,1.0,1.0
369,-459.799077,-158.662378,100.601973,-0.222076416015625,2.955078125,-0.07000261283708013,197,197,1.0,1.0
370,-462.596541,-159.225098,100.561509,-0.038421630859375,2.853240966796875,-0.0404643074619294,201,200,0.9950248756218906,1.0
371,-465.329024,-159.912883,100.451776,-0.17529296875,2.812255859375,-0.10973292437167785,202,202,1.0,1.0
372,-468.112141,-160.444807,100.415383,-0.018218994140625,2.83343505859375,-0.03639316653047283,199,199,1.0,1.0
373,-470.86972,-161.060283,100.370364,-0.1068115234375,2.8234100341796875,-0.04501917174486798,203,203,1.0,1.0
374,-473.50458,-161.636063,100.344393,-0.092071533203125,2.695465087890625,-0.025970581728293866,194,194,1.0,1.0
375,-476.097102,-162.202779,100.309149,-0.09197998046875,2.6521453857421875,-0.03524409929393455,196,195,0.9948979591836735,1.0
376,-478.700709,-162.72072,100.292194,-0.04364013671875,2.654266357421875,-0.01695541009384543,199,197,0.9899497487437185,1.0
377,-481.31255,-163.208,100.232291,-0.012786865234375,2.6568756103515625,-0.05990256022187033,206,205,0.9951456310679612,1.0
378,-483.908917,-163.644761,100.202938,0.031402587890625,2.632659912109375,-0.029352730379772547,196,194,0.9897959183673469,1.0
379,-486.428415,-164.235372,100.147546,-0.134979248046875,2.5842742919921875,-0.05539233466880614,198,197,0.9949494949494949,1.0
380,-488.993782,-164.624588,100.155268,0.06884765625,2.59381103515625,0.0077218037024822305,195,195,1.0,1.0
381,-491.5763,-165.069814,100.131796,0.01708984375,2.6205596923828125,-0.023471429131662516,194,193,0.9948453608247423,1.0
382,-494.13189,-165.511554,100.124223,0.01470947265625,2.59344482421875,-0.007572999919208218,193,191,0.9896373056994818,1.0
383,-496.820671,-165.964051,100.076562,0.027191162109375,2.7264556884765625,-0.0476613080670009,196,195,0.9948979591836735,1.0
384,-499.363577,-166.427995,100.081128,-0.011871337890625,2.5848541259765625,0.0045663827328842905,187,186,0.9946524064171123,1.0
385,-501.961862,-166.945514,100.037112,-0.054718017578125,2.6487579345703125,-0.044016663142885215,187,187,1.0,1.0
386,-504.503577,-167.324568,100.049112,0.069732666015625,2.568878173828125,0.01200043842216308,192,191,0.9947916666666666,1.0
387,-507.039575,-167.883752,100.019099,-0.10809326171875,2.59466552734375,-0.030012869475661126,202,199,0.9851485148514851,1.0
388,-509.643426,-168.278294,100.018127,0.064483642578125,2.632781982421875,-0.0009718094185619048,197,196,0.9949238578680203,1.0
389,-512.235018,-168.757304,100.015395,-0.0208740234375,2.635406494140625,-0.0027326789494403767,196,195,0.9948979591836735,1.0
390,-514.851899,-169.248865,100.010687,-0.028961181640625,2.6624908447265625,-0.0047073840334423194,197,196,0.9949238578680203,1.0
391,-517.391779,-169.764884,99.989702,-0.066650390625,2.590911865234375,-0.020985046208124733,202,199,0.9851485148514851,1.0
392,-519.990008,-170.144793,100.005615,0.076568603515625,2.6247406005859375,0.0159122042662394,194,193,0.9948453608247423,1.0
393,-522.594281,-170.626169,100.033876,-0.021575927734375,2.6483001708984375,0.02826104141208645,195,194,0.9948717948717949,1.0
394,-525.148766,-171.056426,100.068404,0.021392822265625,2.5903778076171875,0.03452889489816155,198,195,0.9848484848484849,1.0
395,-527.844948,-171.637035,100.050688,-0.100311279296875,2.75616455078125,-0.017716361620768104,194,193,0.9948453608247423,1.0
396,-530.472617,-171.96323,100.060986,0.13739013671875,2.6442718505859375,0.01029785797063726,200,200,1.0,1.0
397,-533.02595,-172.499877,100.0929,-0.08233642578125,2.607818603515625,0.03191355744880538,196,196,1.0,1.0
398,-535.632848,-172.942391,100.109787,0.02117919921875,2.64410400390625,0.01688787669464913,188,188,1.0,1.0
399,-538.116142,-173.545993,100.081017,-0.1583251953125,2.550689697265625,-0.028770627921912695,194,193,0.9948453608247423,1.0
400,-540.693928,-173.892978,100.124727,0.109588623046875,2.598724365234375,0.04370996279933366,190,188,0.9894736842105263,1.0
401,-543.32863,-174.42906,100.156659,-0.0645751953125,2.6879119873046875,0.031932345161288664,189,188,0.9947089947089947,1.0
402,-545.794095,-175.020178,100.184264,-0.1470947265625,2.53106689453125,0.027605317111642214,195,194,0.9948717948717949,1.0
403,-548.430388,-175.484814,100.216316,0.008819580078125,2.676910400390625,0.032051394313675804,199,199,1.0,1.0
404,-550.96137,-176.024772,100.207859,-0.082489013671875,2.5866241455078125,-0.008456946154649323,191,191,1.0,1.0
405,-553.61526,-176.474192,100.273788,0.02801513671875,2.6915283203125,0.0659288786892996,181,180,0.994475138121547,1.0
406,-555.989705,-176.95042,100.310786,-0.04510498046875,2.4213104248046875,0.03699819669650409,193,192,0.9948186528497409,1.0
407,-558.463533,-177.352827,100.32038,0.046875,2.5059051513671875,0.00959384078367626,194,193,0.9948453608247423,1.0
408,-561.054272,-177.797702,100.362009,0.026458740234375,2.6285247802734375,0.04162888332325861,200,198,0.99,1.0
409,-563.641136,-178.263541,100.388768,0.007049560546875,2.6284637451171875,0.02675886712912392,202,201,0.995049504950495,1.0
410,-566.173916,-178.766911,100.432409,-0.03839111328125,2.58203125,0.04364169745286811,198,198,1.0,1.0
411,-568.769079,-179.166502,100.470779,0.076934814453125,2.6246185302734375,0.038370001215124225,203,201,0.9901477832512315,1.0
412,-571.395376,-179.648707,100.492407,0.00311279296875,2.670196533203125,0.021627321109567815,204,199,0.9754901960784313,1.0
413,-574.010847,-180.186946,100.516028,-0.052947998046875,2.6697540283203125,0.02362175634251942,195,194,0.9948717948717949,1.0
414,-576.700905,-180.590294,100.566063,0.094390869140625,2.7184906005859375,0.0500348682416161,197,196,0.9949238578680203,1.0
415,-579.335621,-181.071353,100.576898,0.010223388671875,2.678253173828125,0.010834801597127262,206,205,0.9951456310679612,1.0
416,-581.974443,-181.610568,100.606294,-0.045684814453125,2.692962646484375,0.029395774634057754,203,201,0.9901477832512315,1.0
417,-584.64047,-182.098969,100.65121,0.010650634765625,2.7103729248046875,0.04491611335270502,199,198,0.9949748743718593,1.0
418,-587.276507,-182.616279,100.661677,-0.02117919921875,2.6862335205078125,0.01046730778412152,199,198,0.9949748743718593,1.0
419,-589.89243,-183.048321,100.751193,0.05938720703125,2.65069580078125,0.08951572062918836,207,205,0.9903381642512077,1.0
420,-592.474164,-183.589446,100.768603,-0.050018310546875,2.637359619140625,0.01741024893146589,201,200,0.9950248756218906,1.0
421,-594.943748,-184.258173,100.785803,-0.195526123046875,2.5510406494140625,0.017199403489389746,194,194,1.0,1.0
422,-597.609854,-184.720314,100.815788,0.044952392578125,2.7054901123046875,0.02998593583972108,196,196,1.0,1.0
423,-600.212697,-185.411108,100.909016,-0.190093994140625,2.6862335205078125,0.09322738782674748,203,203,1.0,1.0
424,-602.915301,-185.959929,100.957939,-0.027435302734375,2.75762939453125,0.0489233468640922,208,207,0.9951923076923077,1.0
425,-605.331653,-186.440462,101.005631,-0.012451171875,2.4636383056640625,0.0476916226347794,206,205,0.9951456310679612,1.0
426,-607.969449,-186.990588,101.038774,-0.03643798828125,2.694305419921875,0.033142860905873345,206,206,1.0,1.0
427,-610.662221,-187.560115,101.101034,-0.04339599609375,2.7519989013671875,0.06226004094175944,203,203,1.0,1.0
428,-613.282706,-188.132003,101.146509,-0.056640625,2.6815643310546875,0.04547572173221798,200,199,0.995,1.0
429,-615.727295,-188.671777,101.172982,-0.0570068359375,2.5028228759765625,0.02647268048162732,208,205,0.9855769230769231,1.0
430,-618.367732,-189.209541,101.222975,-0.01593017578125,2.6945953369140625,0.04999320785112912,204,202,0.9901960784313726,1.0
431,-620.849384,-189.710325,101.248456,-0.008209228515625,2.5316619873046875,0.025480790622367817,200,200,1.0,1.0
432,-623.518888,-190.18773,101.346492,0.052490234375,2.7113494873046875,0.09803548585931784,205,205,1.0,1.0
433,-626.040916,-190.651042,101.392215,0.04193115234375,2.5638885498046875,0.04572341807753255,199,198,0.9949748743718593,1.0
434,-628.678519,-191.309424,101.418856,-0.124420166015625,2.7156829833984375,0.026641394045044602,200,199,0.995,1.0
435,-631.323697,-191.789892,101.486371,0.052734375,2.6879425048828125,0.06751492025789696,199,198,0.9949748743718593,1.0
436,-633.875489,-192.334555,101.539907,-0.025604248046875,2.6091461181640625,0.05353525701881995,203,203,1.0,1.0
437,-636.562379,-192.756389,101.622342,0.12420654296875,2.7169647216796875,0.08243561011165072,198,197,0.9949494949494949,1.0
438,-639.134965,-193.342683,101.665697,-0.055999755859375,2.6379547119140625,0.043354846161654303,195,193,0.9897435897435898,1.0
439,-641.812497,-193.796284,101.726601,0.09716796875,2.7139434814453125,0.060903693495293135,197,197,1.0,1.0
440,-644.566166,-194.262371,101.827665,0.103302001953125,2.790924072265625,0.10106440925202119,203,201,0.9901477832512315,1.0
441,-647.152798,-194.800277,101.866301,0.003692626953125,2.6419677734375,0.03863603226484773,204,200,0.9803921568627451,1.0
442,-649.996371,-195.271408,101.979713,0.1236572265625,2.8796844482421875,0.11341176257319549,199,198,0.9949748743718593,1.0
443,-652.761554,-195.727022,102.04331,0.128265380859375,2.799530029296875,0.06359717850685002,198,197,0.9949494949494949,1.0
444,-655.5046,-196.295423,102.111524,0.016448974609375,2.80126953125,0.0682133810656088,203,202,0.9950738916256158,1.0
445,-658.132972,-196.779203,102.183771,0.078460693359375,2.6713714599609375,0.07224766168315903,201,201,1.0,1.0
446,-661.049961,-197.335707,102.293498,0.0716552734375,2.9687347412109375,0.10972731135073822,200,200,1.0,1.0
447,-663.68039,-197.804974,102.371615,0.1015625,2.6700286865234375,0.07811657623411235,203,203,1.0,1.0
448,-666.263925,-198.404652,102.438793,-0.0322265625,2.6520233154296875,0.06717757740456812,197,196,0.9949238578680203,1.0
449,-668.975775,-198.923626,102.524193,0.07733154296875,2.759979248046875,0.08540017050325643,204,203,0.9950980392156863,1.0
450,-671.661051,-199.479393,102.612861,0.039764404296875,2.7418975830078125,0.0886679216791516,204,204,1.0,1.0
451,-674.352963,-200.115297,102.70988,-0.032745361328125,2.76580810546875,0.09701953489291053,203,203,1.0,1.0
452,-677.045172,-200.708735,102.785104,0.013427734375,2.756805419921875,0.07522416725961355,204,204,1.0,1.0
453,-679.782751,-201.262293,102.906337,0.06597900390625,2.792205810546875,0.12123244005373027,210,208,0.9904761904761905,1.0
454,-682.496924,-201.791376,103.006419,0.09051513671875,2.7637786865234375,0.10008180475094841,210,209,0.9952380952380953,1.0
455,-685.27233,-202.419897,103.113492,0.012237548828125,2.8456573486328125,0.10707360608831577,205,205,1.0,1.0
456,-687.976669,-202.952029,103.221204,0.095306396484375,2.754547119140625,0.10771199995524919,204,203,0.9950980392156863,1.0
457,-690.71315,-203.666126,103.298186,-0.069305419921875,2.8272705078125,0.07698127066840181,209,209,1.0,1.0
458,-693.438975,-204.311741,103.384005,-0.001312255859375,2.801239013671875,0.08581969764743301,213,213,1.0,1.0
459,-696.141898,-205.004372,103.490979,-0.04815673828125,2.7898406982421875,0.10697420839421587,212,211,0.9952830188679245,1.0
460,-698.841632,-205.667418,103.604445,-0.014923095703125,2.7799224853515625,0.11346534148253687,208,207,0.9951923076923077,1.0
461,-701.518921,-206.365046,103.698569,-0.048309326171875,2.766265869140625,0.09412404340534103,208,208,1.0,1.0
462,-704.160209,-206.878151,103.82652,0.126983642578125,2.6876678466796875,0.12795094737657192,204,203,0.9950980392156863,1.0
463,-706.885375,-207.514314,103.937489,0.033538818359375,2.7982330322265625,0.11096919858779555,206,206,1.0,1.0
464,-709.613143,-208.055648,104.050739,0.131622314453125,2.7778472900390625,0.1132503372085204,209,209,1.0,1.0
465,-712.343337,-208.717287,104.150558,0.02099609375,2.80914306640625,0.09981858777924447,203,203,1.0,1.0
466,-715.004786,-209.304168,104.265974,0.081573486328125,2.7241668701171875,0.11541642969488863,201,200,0.9950248756218906,1.0
467,-717.763089,-209.905876,104.373206,0.0965576171875,2.8215179443359375,0.10723119714123931,212,211,0.9952830188679245,1.0
468,-720.480062,-210.622158,104.47609,-0.0194091796875,2.8097381591796875,0.10288420535393279,219,218,0.9954337899543378,1.0
469,-723.231711,-211.310464,104.583088,0.021392822265625,2.8363494873046875,0.10699779816524929,224,223,0.9955357142857143,1.0
470,-726.052786,-211.96299,104.719571,0.07879638671875,2.8944854736328125,0.13648346051200724,215,214,0.9953488372093023,1.0
471,-728.815144,-212.664678,104.799693,0.023223876953125,2.8499908447265625,0.08012159152413734,214,214,1.0,1.0
472,-731.635586,-213.418756,104.926672,-0.00860595703125,2.91949462890625,0.12697925819776118,216,216,1.0,1.0
473,-734.429099,-214.108585,105.048441,0.053009033203125,2.8769378662109375,0.12176899424053075,217,216,0.9953917050691244,1.0
474,-737.345029,-214.844799,105.151764,0.046112060546875,3.007080078125,0.10332321600754213,212,212,1.0,1.0
475,-740.093698,-215.51769,105.304881,0.068939208984375,2.8289947509765625,0.1531167203456203,209,208,0.9952153110047847,1.0
476,-742.877698,-216.303734,105.404185,-0.0233154296875,2.8927459716796875,0.09930379674744155,216,214,0.9907407407407407,1.0
477,-745.687663,-217.12793,105.526384,-0.048187255859375,2.927947998046875,0.12219928232975485,211,209,0.990521327014218,1.0
478,-748.384624,-217.94929,105.595971,-0.0694580078125,2.8184051513671875,0.06958718083872119,220,220,1.0,1.0
479,-751.076849,-218.776811,105.704498,-0.0732421875,2.815582275390625,0.10852684528575465,213,213,1.0,1.0
480,-753.930457,-219.641014,105.788425,-0.059539794921875,2.9810028076171875,0.08392735597208256,218,218,1.0,1.0
481,-756.691901,-220.442499,105.935579,-0.0198974609375,2.875335693359375,0.14715404299355925,219,219,1.0,1.0
482,-759.483362,-221.273755,106.031096,-0.03289794921875,2.91241455078125,0.09551687608862358,219,219,1.0,1.0
483,-762.164907,-222.135952,106.137381,-0.088134765625,2.81536865234375,0.1062847188213004,210,210,1.0,1.0
484,-764.86501,-222.951611,106.240023,-0.033050537109375,2.8204193115234375,0.10264174297101716,211,211,1.0,1.0
485,-767.580984,-223.94737,106.339338,-0.19647216796875,2.886077880859375,0.09931579940193513,212,212,1.0,1.0
486,-770.239784,-224.83045,106.428675,-0.09942626953125,2.7998504638671875,0.0893363218533854,213,213,1.0,1.0
487,-773.039454,-225.774923,106.52828,-0.114105224609375,2.952484130859375,0.09960558885004776,207,207,1.0,1.0
488,-775.714603,-226.70903,106.63122,-0.13446044921875,2.830352783203125,0.10294003201313034,214,214,1.0,1.0
489,-778.395352,-227.59317,106.717475,-0.07989501953125,2.8216552734375,0.08625416989845006,221,221,1.0,1.0
490,-781.06295,-228.472156,106.791984,-0.074493408203125,2.8076934814453125,0.07450979780694426,217,217,1.0,1.0
491,-783.722355,-229.424811,106.88462,-0.14373779296875,2.82122802734375,0.09263528603173922,213,213,1.0,1.0
492,-786.429271,-230.350283,106.947925,-0.099365234375,2.8590240478515625,0.06330512423434992,216,216,1.0,1.0
493,-789.058256,-231.218876,107.039115,-0.06451416015625,2.76800537109375,0.09119044054321114,221,221,1.0,1.0
494,-791.701824,-232.146818,107.094647,-0.112579345703125,2.7994384765625,0.05553153956126526,223,223,1.0,1.0
495,-794.389035,-233.141626,107.150622,-0.16094970703125,2.8609161376953125,0.05597555263901076,219,219,1.0,1.0
496,-797.013943,-234.073631,107.219681,-0.11651611328125,2.78302001953125,0.06905899524636677,223,223,1.0,1.0
497,-799.696623,-235.011589,107.27712,-0.10174560546875,2.8401031494140625,0.05743848153059274,217,217,1.0,1.0
498,-802.388723,-235.986843,107.333684,-0.1317138671875,2.8602752685546875,0.056564462873903,220,220,1.0,1.0
499,-805.055581,-236.867695,107.381847,-0.046295166015625,2.8081817626953125,0.04816274520924368,222,222,1.0,1.0
500,-807.775398,-237.867977,107.412685,-0.14208984375,2.894439697265625,0.030837583227464178,228,228,1.0,1.0
501,-809.127359,-238.272283,107.432723,0.018798828125,1.4109954833984375,0.02003873719122013,223,223,1.0,1.0
502,-811.760614,-239.221592,107.465026,-0.1168212890625,2.7967071533203125,0.03230290910523587,222,222,1.0,1.0
503,-814.421039,-240.187533,107.510366,-0.122955322265625,2.8276824951171875,0.04533998556974773,221,220,0.995475113122172,1.0
504,-817.122648,-241.049549,107.569757,-0.00921630859375,2.835784912109375,0.0593904662122441,218,218,1.0,1.0
505,-819.721537,-242.038303,107.591868,-0.158111572265625,2.776123046875,0.0221111031011932,219,218,0.9954337899543378,1.0
506,-822.397948,-242.976982,107.629028,-0.08587646484375,2.8349456787109375,0.03716065145791584,224,224,1.0,1.0
507,-825.167608,-243.943381,107.659034,-0.08221435546875,2.9322662353515625,0.03000591706332232,224,223,0.9955357142857143,1.0
508,-827.744818,-244.955972,107.703944,-0.183074951171875,2.762939453125,0.044909501453431956,221,219,0.9909502262443439,1.0
509,-830.471157,-245.843179,107.709628,-0.01611328125,2.8670196533203125,0.005684239018141264,216,215,0.9953703703703703,1.0
510,-833.06359,-246.798992,107.775262,-0.121917724609375,2.7603302001953125,0.06563372802233748,218,217,0.9954128440366973,1.0
511,-835.786487,-247.752458,107.767936,-0.076690673828125,2.8839874267578125,-0.007325494617033784,223,223,1.0,1.0
512,-838.415139,-248.687545,107.791874,-0.08831787109375,2.7886199951171875,0.023937816180691466,226,225,0.995575221238938,1.0
513,-841.176775,-249.627237,107.819398,-0.0509033203125,2.91668701171875,0.02752346387488665,224,223,0.9955357142857143,1.0
514,-843.867492,-250.558363,107.863082,-0.06304931640625,2.8465728759765625,0.04368481618233507,226,225,0.995575221238938,1.0
515,-846.558202,-251.52149,107.879667,-0.091339111328125,2.8564300537109375,0.016584893670090757,222,222,1.0,1.0
516,-849.26348,-252.538477,107.881874,-0.137298583984375,2.8868560791015625,0.0022070929967811887,218,218,1.0,1.0
517,-851.974698,-253.526201,107.92922,-0.107513427734375,2.8835296630859375,0.047345699456577496,222,222,1.0,1.0
518,-854.706004,-254.526649,107.928429,-0.111053466796875,2.906646728515625,-0.0007908224716316284,220,220,1.0,1.0
519,-857.432332,-255.572723,107.942181,-0.156036376953125,2.91595458984375,0.013751293863952243,220,220,1.0,1.0
520,-860.204669,-256.56758,107.94491,-0.092437744140625,2.9439849853515625,0.0027293896089940406,223,223,1.0,1.0
521,-862.896751,-257.594303,107.952471,-0.1473388671875,2.8774566650390625,0.007561399232690754,219,218,0.9954337899543378,1.0
522,-865.627697,-258.580765,107.968393,-0.0966796875,2.90203857421875,0.015922162835587794,220,220,1.0,1.0
523,-868.253628,-259.544123,107.977408,-0.106292724609375,2.7950439453125,0.0090145239284687,227,227,1.0,1.0
524,-871.039249,-260.591395,107.996956,-0.136383056640625,2.9728546142578125,0.019548391482354276,227,227,1.0,1.0
525,-873.690208,-261.629006,107.990336,-0.16778564453125,2.8418426513671875,-0.006620470632267194,222,222,1.0,1.0
526,-876.36638,-262.703015,108.000776,-0.1949462890625,2.877044677734375,0.01043998677452791,222,222,1.0,1.0
527,-879.09199,-263.736844,108.022556,-0.14093017578125,2.91168212890625,0.021780479948280657,221,221,1.0,1.0
528,-881.77758,-264.707821,108.032901,-0.092437744140625,2.8542327880859375,0.010344640179664286,222,221,0.9954954954954955,1.0
529,-884.389955,-265.712536,108.024088,-0.14666748046875,2.795074462890625,-0.008813042084811252,224,223,0.9955357142857143,1.0
530,-887.089052,-266.71424,108.033038,-0.117401123046875,2.8765869140625,0.008949658009593478,225,224,0.9955555555555555,1.0
531,-889.667004,-267.724477,108.038724,-0.162567138671875,2.7640533447265625,0.005686722475474636,222,222,1.0,1.0
532,-892.331261,-268.686273,108.045391,-0.089508056640625,2.8311309814453125,0.006666831215423537,224,224,1.0,1.0
533,-895.001786,-269.680467,108.034018,-0.1180419921875,2.847137451171875,-0.01137323426062316,222,222,1.0,1.0
534,-897.612122,-270.668368,108.022332,-0.131256103515625,2.787933349609375,-0.011686281172450717,227,227,1.0,1.0
535,-900.238405,-271.698086,108.028917,-0.166656494140625,2.816009521484375,0.006585559346467203,229,228,0.9956331877729258,1.0
536,-902.900899,-272.665249,108.032478,-0.09564208984375,2.8311004638671875,0.0035605781363953143,223,223,1.0,1.0
537,-905.467566,-273.685808,108.002914,-0.1759033203125,2.7565155029296875,-0.029564105347337083,228,228,1.0,1.0
538,-908.021813,-274.712195,107.986279,-0.18670654296875,2.7464141845703125,-0.016634781629558015,229,229,1.0,1.0
539,-910.665928,-275.731754,107.982258,-0.15325927734375,2.8297271728515625,-0.004020738779733803,226,226,1.0,1.0
540,-913.248405,-276.651913,108.001924,-0.07794189453125,2.7404022216796875,0.01966585824594196,223,223,1.0,1.0
541,-915.81743,-277.656386,107.959673,-0.161346435546875,2.753692626953125,-0.04225070699681946,225,225,1.0,1.0
542,-918.39412,-278.638689,107.947647,-0.139923095703125,2.7540283203125,-0.012025884165642728,225,224,0.9955555555555555,1.0
543,-921.153245,-279.694458,107.923535,-0.1541748046875,2.9501953125,-0.024112656401913773,219,219,1.0,1.0
544,-924.056332,-280.745642,107.918595,-0.10675048828125,3.085693359375,-0.004939568308633818,223,223,1.0,1.0
545,-926.727348,-281.756499,107.889584,-0.140045166015625,2.8524627685546875,-0.029011060424841542,216,216,1.0,1.0
546,-929.393247,-282.687768,107.869456,-0.06732177734375,2.8230743408203125,-0.020127739021974535,219,219,1.0,1.0
547,-931.761478,-283.625177,107.861697,-0.165496826171875,2.5416259765625,-0.007759280768036197,217,217,1.0,1.0
548,-934.140241,-284.477541,107.86931,-0.0816650390625,2.525543212890625,0.007613074665504982,225,225,1.0,1.0
549,-936.407,-285.299246,107.854738,-0.086517333984375,2.4095458984375,-0.014571873715324713,222,222,1.0,1.0
550,-938.581106,-286.076515,107.84471,-0.0732421875,2.307708740234375,-0.010028677723462762,219,219,1.0,1.0
551,-940.694182,-286.816593,107.851901,-0.05694580078125,2.2382049560546875,0.007191134697219704,219,219,1.0,1.0
552,-942.578742,-287.53534,107.814815,-0.106414794921875,2.01416015625,-0.03708587139545039,219,218,0.9954337899543378,1.0
553,-944.42078,-288.212673,107.810797,-0.081298828125,1.9609375,-0.004018351999541872,219,219,1.0,1.0
554,-946.141458,-288.82369,107.808806,-0.055419921875,1.825103759765625,-0.0019903653968013297,222,222,1.0,1.0
555,-947.760325,-289.529636,107.792236,-0.177001953125,1.7572021484375,-0.016570032573794607,226,226,1.0,1.0
556,-949.369834,-290.173777,107.78141,-0.12152099609375,1.7293548583984375,-0.010826691729905137,223,222,0.9955156950672646,1.0
557,-950.887571,-290.727508,107.741784,-0.06378173828125,1.6143341064453125,-0.039625722477419814,223,223,1.0,1.0
558,-952.386367,-291.358211,107.700521,-0.14398193359375,1.6197052001953125,-0.04126280708435757,219,219,1.0,1.0
559,-953.896532,-291.937373,107.696491,-0.09259033203125,1.6147613525390625,-0.004030153740827881,218,216,0.9908256880733946,1.0
560,-955.328908,-292.50585,107.685724,-0.106170654296875,1.5373992919921875,-0.010766826100896033,222,221,0.9954954954954955,1.0
561,-956.753456,-293.054743,107.695096,-0.090179443359375,1.5239715576171875,0.009372107572111174,223,222,0.9955156950672646,1.0
562,-958.211451,-293.62687,107.68012,-0.101898193359375,1.5629119873046875,-0.014975746411014484,217,216,0.9953917050691244,1.0
563,-959.687258,-294.214047,107.666578,-0.111236572265625,1.5844268798828125,-0.013542371078687714,223,223,1.0,1.0
564,-961.217773,-294.804515,107.684507,-0.09814453125,1.6375274658203125,0.017929496592980536,220,219,0.9954545454545455,1.0
565,-962.812099,-295.48041,107.651533,-0.159637451171875,1.72430419921875,-0.03297456096353041,213,213,1.0,1.0
566,-964.419452,-296.074253,107.653394,-0.0784912109375,1.7117462158203125,0.0018609881327601916,219,218,0.9954337899543378,1.0
567,-965.915343,-296.682419,107.625551,-0.125885009765625,1.6098785400390625,-0.027843347601093377,219,217,0.9908675799086758,1.0
568,-967.366028,-297.214369,107.631317,-0.067718505859375,1.5436553955078125,0.00576616062485948,212,209,0.9858490566037735,1.0
569,-968.777874,-297.771124,107.601426,-0.10296630859375,1.51416015625,-0.029891098920387438,212,212,1.0,1.0
570,-970.08506,-298.371039,107.555628,-0.176544189453125,1.427398681640625,-0.04579780997171495,215,215,1.0,1.0
571,-971.379375,-298.825393,107.589038,-0.04278564453125,1.3710784912109375,0.03341020097790931,216,214,0.9907407407407407,1.0
572,-972.713133,-299.320205,107.58573,-0.068634033203125,1.420928955078125,-0.0033079517991205605,220,220,1.0,1.0
573,-973.886902,-299.772708,107.602186,-0.07672119140625,1.2556304931640625,0.01645608488426161,217,217,1.0,1.0
574,-974.901752,-300.186503,107.572098,-0.0875244140625,1.09246826171875,-0.03008850035069641,216,216,1.0,1.0
575,-975.769673,-300.578104,107.583876,-0.111297607421875,0.945648193359375,0.011778277150717836,227,227,1.0,1.0
576,-976.495959,-300.88379,107.556375,-0.071990966796875,0.784698486328125,-0.02750128013344148,227,226,0.9955947136563876,1.0
577,-977.078072,-301.156879,107.562934,-0.08477783203125,0.6373748779296875,0.006559138841477755,225,223,0.9911111111111112,1.0
578,-977.477968,-301.305247,107.565894,-0.020782470703125,0.426025390625,0.0029605028349088294,232,231,0.9956896551724138,1.0
579,-977.815325,-301.527599,107.579755,-0.11016845703125,0.38873291015625,0.013860661365451825,227,226,0.9955947136563876,1.0
580,-978.073504,-301.695032,107.56404,-0.081634521484375,0.29669189453125,-0.015714542499676985,226,226,1.0,1.0
581,-978.281218,-301.827808,107.556137,-0.06390380859375,0.23809814453125,-0.007902935857870306,229,229,1.0,1.0
582,-978.298524,-301.8804,107.560792,-0.044921875,0.0323638916015625,0.00465461896856979,241,241,1.0,1.0
583,-978.226353,-301.879358,107.54215,-0.020782470703125,-0.069122314453125,-0.018642417720114744,242,242,1.0,1.0
584,-978.11806,-301.903153,107.538831,-0.055328369140625,-0.0960845947265625,-0.003318788862339089,237,237,1.0,1.0
585,-978.027742,-301.887251,107.526073,-0.012054443359375,-0.090911865234375,-0.012757690899366927,240,240,1.0,1.0
586,-978.033,-301.868877,107.542905,0.01910400390625,-0.000518798828125,0.016831468300383408,240,240,1.0,1.0
587,-978.081177,-301.896493,107.525252,-0.011810302734375,0.05426025390625,-0.017653132410209126,245,245,1.0,1.0
588,-978.161834,-301.969584,107.522659,-0.04541015625,0.0989227294921875,-0.00259241720525327,244,244,1.0,1.0
589,-978.295807,-302.058191,107.512807,-0.044158935546875,0.1544342041015625,-0.009851711538600968,238,237,0.9957983193277311,1.0
590,-979.259763,-301.751275,104.363056,0.582763671875,0.8269195556640625,-3.1497515951899246,210,209,0.9952380952380953,1.0
591,-980.828632,-302.200204,98.030774,-0.04571533203125,1.631195068359375,-6.33228153436458,208,208,1.0,1.0
592,-982.010674,-302.415302,90.988766,-0.0478515625,1.20050048828125,-7.042008747462337,209,208,0.9952153110047847,1.0
593,-983.002505,-302.363196,84.242401,0.0692138671875,0.99078369140625,-6.74636468361994,218,217,0.9954128440366973,1.0
594,-983.935071,-302.471389,77.473956,-0.201202392578125,0.9170074462890625,-6.7684448287574135,207,206,0.9951690821256038,1.0
595,-984.845954,-302.475031,70.538049,-0.20111083984375,0.8884124755859375,-6.935906747356376,218,218,1.0,1.0
596,-985.490067,-302.367987,64.028452,-0.113677978515625,0.642974853515625,-6.509597508180212,211,211,1.0,1.0
597,-986.002642,-302.155711,57.373508,-0.03363037109375,0.55377197265625,-6.654943298453452,217,216,0.9953917050691244,1.0
598,-986.89787,-301.929523,50.287613,-0.29217529296875,0.87591552734375,-7.085895746437298,216,216,1.0,1.0
599,-987.461505,-301.644025,43.751083,-0.1405029296875,0.615997314453125,-6.536529380560744,215,215,1.0,1.0
600,-988.063106,-301.307533,37.283397,-0.201873779296875,0.659088134765625,-6.46768588829296,211,210,0.995260663507109,1.0
601,-988.754344,-301.026375,31.726247,-0.379669189453125,0.642425537109375,-5.557150657853577,210,210,1.0,1.0
602,-989.256781,-300.682662,27.494972,-0.246612548828125,0.5565643310546875,-4.231275235018038,212,211,0.9952830188679245,1.0
603,-989.949422,-300.172487,24.56907,-0.378875732421875,0.7723236083984375,-2.9259019507698683,220,220,1.0,1.0
604,-990.591508,-299.360798,22.494745,-0.2464599609375,1.0051727294921875,-2.074324848000979,217,217,1.0,1.0
605,-991.112651,-298.587286,21.263127,-0.185546875,0.9140472412109375,-1.2316176695179235,213,212,0.9953051643192489,1.0
606,-991.670094,-297.693111,20.121205,-0.195220947265625,1.03546142578125,-1.1419224103199501,217,216,0.9953917050691244,1.0
607,-992.27467,-296.477079,19.304031,-0.14935302734375,1.34979248046875,-0.8171738268298402,213,213,1.0,1.0
608,-992.86899,-295.138531,18.718538,-0.118408203125,1.4597625732421875,-0.5854930332610563,224,220,0.9821428571428571,1.0
609,-993.591794,-293.716108,18.258385,-0.22808837890625,1.5791473388671875,-0.4601523584561494,217,216,0.9953917050691244,1.0
610,-994.229589,-292.050166,17.945649,-0.083740234375,1.781890869140625,-0.3127368540203185,214,214,1.0,1.0
611,-994.892214,-290.345724,17.719426,-0.105224609375,1.82568359375,-0.22622239208576272,216,215,0.9953703703703703,1.0
612,-995.512745,-288.344059,17.589729,0.01812744140625,2.0955657958984375,-0.1296975100698911,215,215,1.0,1.0
613,-996.280741,-286.206602,17.470204,-0.086151123046875,2.2696075439453125,-0.11952501189076069,223,222,0.9955156950672646,1.0
614,-997.067365,-283.838047,17.41617,-0.039276123046875,2.495452880859375,-0.0540339417344737,220,220,1.0,1.0
615,-997.853203,-281.205771,17.415992,0.038055419921875,2.7468109130859375,-0.00017801615060342353,224,223,0.9955357142857143,1.0
616,-998.768879,-278.357969,17.395417,-0.021331787109375,2.9913177490234375,-0.02057458652064913,214,214,1.0,1.0
617,-999.69792,-275.259048,17.355052,0.0399169921875,3.2349395751953125,-0.04036557917492482,217,217,1.0,1.0
618,-1000.634648,-272.169017,17.314526,0.02764892578125,3.2287750244140625,-0.040525239663954445,216,216,1.0,1.0
619,-1001.681657,-268.903767,17.275361,-0.02777099609375,3.42889404296875,-0.03916516190348994,208,208,1.0,1.0
620,-1002.658111,-265.636241,17.210595,0.037933349609375,3.41009521484375,-0.0647663574822068,226,225,0.995575221238938,1.0
621,-1003.596953,-262.36789,17.123226,0.07025146484375,3.3997955322265625,-0.08736854462521194,216,216,1.0,1.0
622,-1004.500866,-259.109275,17.040339,0.0955810546875,3.38031005859375,-0.08288724307957626,222,222,1.0,1.0
623,-1005.499779,-255.906315,16.980786,-0.016448974609375,3.355072021484375,-0.059553004518414616,220,219,0.9954545454545455,1.0
624,-1006.406802,-252.746671,16.903777,0.0552978515625,3.2867889404296875,-0.07700854565844069,223,223,1.0,1.0
625,-1007.247468,-249.582693,16.870071,0.115631103515625,3.2717132568359375,-0.03370616634489818,221,221,1.0,1.0
626,-1008.087352,-246.513404,16.825277,0.08697509765625,3.180938720703125,-0.0447943587249761,218,218,1.0,1.0
627,-1008.997382,-243.543574,16.829644,-0.011444091796875,3.106109619140625,0.004367382944484624,218,218,1.0,1.0
628,-1009.910896,-240.496429,16.871746,0.007843017578125,3.181121826171875,0.042102044498441384,216,216,1.0,1.0
629,-1010.73803,-237.588846,16.890171,0.052337646484375,3.022491455078125,0.018424863622280137,216,215,0.9953703703703703,1.0
630,-1011.493835,-234.725621,16.899679,0.108673095703125,2.9593048095703125,0.009507995551577457,222,221,0.9954954954954955,1.0
631,-1012.334278,-231.879975,16.932176,0.0230712890625,2.967071533203125,0.032496871314406345,219,218,0.9954337899543378,1.0
632,-1013.179558,-229.00494,16.953856,0.0286865234375,2.99658203125,0.02168015884247467,220,220,1.0,1.0
633,-1013.95407,-226.203824,17.005456,0.075958251953125,2.9052276611328125,0.051599409785811706,221,221,1.0,1.0
634,-1014.811552,-223.486795,17.040407,-0.025360107421875,2.8490142822265625,0.03495130699892774,224,224,1.0,1.0
635,-1015.627515,-220.671113,17.111083,0.04498291015625,2.931182861328125,0.07067608591972425,220,220,1.0,1.0
636,-1016.503845,-217.977093,17.164337,-0.044891357421875,2.832611083984375,0.05325397149307862,221,220,0.995475113122172,1.0
637,-1017.304302,-215.145718,17.242608,0.070770263671875,2.941497802734375,0.078270925018527,225,225,1.0,1.0
638,-1018.187635,-212.399697,17.297542,-0.0296630859375,2.8844451904296875,0.05493432192839232,226,226,1.0,1.0
639,-1019.101588,-209.63978,17.359625,-0.052001953125,2.9068450927734375,0.06208286103772382,226,226,1.0,1.0
640,-1019.925034,-206.893865,17.455777,0.033355712890625,2.8665313720703125,0.09615181720875231,224,224,1.0,1.0
641,-1020.762485,-204.116701,17.52586,0.0341796875,2.900482177734375,0.07008346849247694,225,224,0.9955555555555555,1.0
642,-1021.613434,-201.362891,17.610252,0.017822265625,2.882232666015625,0.08439173826474816,219,219,1.0,1.0
643,-1022.463118,-198.577575,17.697299,0.032806396484375,2.9118499755859375,0.0870467586617759,230,228,0.991304347826087,1.0
644,-1023.37446,-195.853009,17.777533,-0.03997802734375,2.8726654052734375,0.08023393144762754,229,229,1.0,1.0
645,-1024.215695,-193.061217,17.860563,0.05133056640625,2.9153289794921875,0.08303020464392792,227,226,0.9955947136563876,1.0
646,-1025.154238,-190.401313,17.954489,-0.0775146484375,2.8195648193359375,0.09392603576924392,221,220,0.995475113122172,1.0
647,-1025.990571,-187.654251,18.024797,0.05120849609375,2.87109375,0.0703081902893435,223,223,1.0,1.0
648,-1026.84542,-184.941757,18.131431,0.02642822265625,2.8438873291015625,0.1066338047909478,222,222,1.0,1.0
649,-1027.678207,-182.238229,18.196936,0.049896240234375,2.8284454345703125,0.06550503562982489,229,229,1.0,1.0
650,-1028.586068,-179.497078,18.299438,-0.006439208984375,2.8875732421875,0.10250183999131203,229,229,1.0,1.0
651,-1029.517365,-176.674102,18.400749,0.002166748046875,2.972625732421875,0.10131085207704585,232,232,1.0,1.0
652,-1030.355812,-173.919496,18.502851,0.073944091796875,2.8784332275390625,0.10210211472840393,226,226,1.0,1.0
653,-1031.228612,-171.160716,18.605794,0.047821044921875,2.893157958984375,0.10294279318786516,232,232,1.0,1.0
654,-1032.166188,-168.488466,18.667157,-0.035980224609375,2.83172607421875,0.06136355189158911,230,230,1.0,1.0
655,-1033.038496,-165.698616,18.7597,0.0665283203125,2.9222869873046875,0.09254264001280722,226,226,1.0,1.0
656,-1033.96438,-163.000941,18.844269,-0.009124755859375,2.8521270751953125,0.08456879234797689,226,226,1.0,1.0
657,-1034.821864,-160.254523,18.925844,0.0755615234375,2.8761749267578125,0.08157524261107339,228,228,1.0,1.0
658,-1035.759301,-157.629945,19.001217,-0.035491943359375,2.7867431640625,0.07537321928054688,226,226,1.0,1.0
659,-1036.679075,-154.921981,19.061145,0.01202392578125,2.8598785400390625,0.05992763943194157,225,225,1.0,1.0
660,-1037.575469,-152.264866,19.137645,0.0205078125,2.804168701171875,0.07649993392476485,229,229,1.0,1.0
661,-1038.563136,-149.493174,19.201429,-0.0244140625,2.9423065185546875,0.06378384748621373,225,225,1.0,1.0
662,-1039.519754,-146.767053,19.301538,-0.006805419921875,2.8890838623046875,0.10010952263408188,228,228,1.0,1.0
663,-1040.477186,-144.10069,19.35888,-0.02227783203125,2.8329620361328125,0.057341841294149355,228,228,1.0,1.0
664,-1041.36928,-141.400249,19.455229,0.053497314453125,2.843475341796875,0.09634901939792666,220,220,1.0,1.0
665,-1042.366507,-138.728155,19.520515,-0.05029296875,2.8516693115234375,0.06528570587623503,220,220,1.0,1.0
666,-1043.326058,-136.00182,19.628036,0.006591796875,2.8902587890625,0.10752109346446832,221,221,1.0,1.0
667,-1044.358032,-133.321497,19.692193,-0.0716552734375,2.8712310791015625,0.06415745618871162,222,221,0.9954954954954955,1.0
668,-1045.331184,-130.649425,19.783898,-0.015838623046875,2.843719482421875,0.0917045740415321,222,222,1.0,1.0
669,-1046.34971,-127.921732,19.85651,-0.03515625,2.91143798828125,0.07261252441541267,226,226,1.0,1.0
670,-1047.400797,-125.177808,19.953469,-0.05657958984375,2.93780517578125,0.0969582538210525,227,227,1.0,1.0
671,-1048.406245,-122.409621,20.031029,-0.00042724609375,2.94512939453125,0.07756065585018884,224,224,1.0,1.0
672,-1049.452241,-119.641906,20.142681,-0.034698486328125,2.9585723876953125,0.1116518946255207,224,224,1.0,1.0
673,-1050.462751,-116.968006,20.201276,-0.027923583984375,2.85833740234375,0.0585946897455062,225,225,1.0,1.0
674,-1051.527426,-114.218202,20.258971,-0.04962158203125,2.94830322265625,0.057694674944133294,222,222,1.0,1.0
675,-1052.532864,-111.532757,20.322329,-0.01336669921875,2.867462158203125,0.06335844958270372,226,225,0.995575221238938,1.0
676,-1053.586145,-108.824008,20.379149,-0.046966552734375,2.90594482421875,0.056819740721504676,225,224,0.9955555555555555,1.0
677,-1054.580083,-106.154369,20.42802,-0.0020751953125,2.848663330078125,0.048870852783367225,222,222,1.0,1.0
678,-1055.600952,-103.546166,20.486884,-0.04632568359375,2.8004913330078125,0.05886400515152657,226,226,1.0,1.0
679,-1056.629467,-100.746622,20.559111,0.016357421875,2.982452392578125,0.0722274717271395,225,225,1.0,1.0
680,-1057.66128,-98.135653,20.617114,-0.0491943359375,2.8070220947265625,0.05800261750611285,226,226,1.0,1.0
681,-1058.636213,-95.383381,20.709553,0.056640625,2.9192962646484375,0.09243926395988447,226,226,1.0,1.0
682,-1059.639369,-92.757644,20.79221,-0.009796142578125,2.810821533203125,0.08265753120623885,223,223,1.0,1.0
683,-1060.716961,-90.061209,20.855723,-0.05023193359375,2.903350830078125,0.06351282241444212,227,227,1.0,1.0
684,-1061.752104,-87.384598,20.937811,-0.014404296875,2.8697662353515625,0.08208776924627983,225,225,1.0,1.0
685,-1062.806799,-84.730306,21.013591,-0.036529541015625,2.855926513671875,0.07577983061095923,218,218,1.0,1.0
686,-1063.871171,-82.091058,21.089218,-0.04718017578125,2.84539794921875,0.07562695454550042,221,221,1.0,1.0
687,-1064.895702,-79.432487,21.146458,0.000701904296875,2.849151611328125,0.05724032734713849,226,226,1.0,1.0
688,-1065.913327,-76.80321,21.234093,-0.000579833984375,2.8193359375,0.0876344266732916,223,223,1.0,1.0
689,-1067.005173,-74.215081,21.28931,-0.080352783203125,2.807861328125,0.05521709558337589,220,220,1.0,1.0
690,-1068.02118,-71.66202,21.347391,-0.01971435546875,2.7477264404296875,0.058081017373968306,220,220,1.0,1.0
691,-1069.065007,-69.012398,21.415187,-0.0076904296875,2.847808837890625,0.06779599555919712,224,223,0.9955357142857143,1.0
692,-1070.008517,-66.376871,21.479871,0.08392333984375,2.798065185546875,0.06468382111763896,219,219,1.0,1.0
693,-1071.022215,-63.745624,21.559737,0.02020263671875,2.8196868896484375,0.07986694077544103,214,214,1.0,1.0
694,-1072.048162,-61.197132,21.628367,-0.017669677734375,2.7471923828125,0.0686297998579981,221,221,1.0,1.0
695,-1073.119942,-58.648368,21.707084,-0.056884765625,2.7643585205078125,0.07871689995028423,223,222,0.9955156950672646,1.0
696,-1074.077461,-56.106539,21.724684,0.050506591796875,2.715728759765625,0.017599645006123623,213,213,1.0,1.0
697,-1075.062736,-53.552955,21.806703,0.0299072265625,2.736907958984375,0.0820187164331262,219,219,1.0,1.0
698,-1076.099022,-50.908304,21.867589,0.020294189453125,2.840362548828125,0.06088676112618424,220,220,1.0,1.0
699,-1077.204905,-48.36119,21.905305,-0.077606201171875,2.7757415771484375,0.03771555079941956,222,222,1.0,1.0
700,-1078.17899,-45.69308,21.990868,0.091644287109375,2.8388824462890625,0.08556359784316343,219,219,1.0,1.0
701,-1079.331506,-43.027942,22.051541,-0.0706787109375,2.902801513671875,0.06067235289222223,220,220,1.0,1.0
702,-1080.393818,-40.382336,22.120162,0.0086669921875,2.8509063720703125,0.06862085206401154,216,216,1.0,1.0
703,-1081.468352,-37.787374,22.180596,-0.018310546875,2.8085784912109375,0.06043408508514811,214,214,1.0,1.0
704,-1082.533925,-35.136312,22.25971,0.014129638671875,2.8571624755859375,0.0791138709289829,219,219,1.0,1.0
705,-1083.62094,-32.499509,22.315434,-0.007171630859375,2.8520660400390625,0.05572474460699189,221,220,0.995475113122172,1.0
706,-1084.710776,-29.83959,22.388182,0.00177001953125,2.8745269775390625,0.07274807347185049,219,219,1.0,1.0
707,-1085.814808,-27.200383,22.445545,-0.015594482421875,2.86077880859375,0.05736302853859856,222,222,1.0,1.0
708,-1086.996179,-24.558504,22.513217,-0.08319091796875,2.892791748046875,0.06767158901384228,224,223,0.9955357142857143,1.0
709,-1088.209239,-21.881533,22.588757,-0.095611572265625,2.93743896484375,0.07553959882526007,226,226,1.0,1.0
710,-1089.43319,-19.176868,22.649099,-0.091156005859375,2.967315673828125,0.06034275763905047,222,222,1.0,1.0
711,-1090.51526,-16.567065,22.738618,0.006378173828125,2.825225830078125,0.08951907317006265,222,222,1.0,1.0
712,-1091.677844,-13.922001,22.817558,-0.049835205078125,2.88885498046875,0.07893908108561155,222,222,1.0,1.0
713,-1092.828721,-11.229803,22.912194,-0.01678466796875,2.927825927734375,0.09463620309168524,226,226,1.0,1.0
714,-1093.99483,-8.6786,22.974155,-0.08087158203125,2.8039093017578125,0.061961756963371105,230,230,1.0,1.0
715,-1095.075377,-6.081787,23.053757,0.01873779296875,2.812591552734375,0.07960140398595154,225,225,1.0,1.0
716,-1096.21747,-3.439181,23.141643,-0.01605224609375,2.8787994384765625,0.08788567075858858,224,224,1.0,1.0
717,-1097.372777,-0.818358,23.214469,-0.0323486328125,2.863983154296875,0.07282618963057015,224,224,1.0,1.0
718,-1098.546378,1.745996,23.268707,-0.067779541015625,2.8193359375,0.05423806718246833,225,225,1.0,1.0
719,-1099.753369,4.349107,23.329142,-0.080474853515625,2.868194580078125,0.06043507161727436,220,219,0.9954545454545455,1.0
720,-1100.901817,6.99509,23.418345,-0.0067138671875,2.88446044921875,0.08920360372882594,229,229,1.0,1.0
721,-1102.068936,9.602548,23.486339,-0.03466796875,2.856536865234375,0.06799301889444842,225,225,1.0,1.0
722,-1103.2231,12.209054,23.552892,-0.019775390625,2.8505401611328125,0.06655327391887443,221,220,0.995475113122172,1.0
723,-1104.381104,14.796303,23.618419,-0.027679443359375,2.834442138671875,0.06552712629984285,226,226,1.0,1.0
724,-1105.469888,17.422747,23.686402,0.0546875,2.8426513671875,0.06798270049768271,221,221,1.0,1.0
725,-1106.598226,20.066087,23.760662,0.02862548828125,2.8739471435546875,0.07426083426608883,223,223,1.0,1.0
726,-1107.756258,22.674623,23.824807,-0.00885009765625,2.8540191650390625,0.06414412728407155,225,225,1.0,1.0
727,-1108.848375,25.343933,23.919849,0.079193115234375,2.88299560546875,0.09504240827882401,227,227,1.0,1.0
728,-1109.983749,27.896204,23.974226,-0.003021240234375,2.7934112548828125,0.05437720650821894,229,229,1.0,1.0
729,-1111.183763,30.537141,24.037858,-0.023406982421875,2.90069580078125,0.06363148020230146,225,225,1.0,1.0
730,-1112.332927,33.10493,24.098798,-0.0035400390625,2.813201904296875,0.060940333052004525,226,225,0.995575221238938,1.0
731,-1113.563622,35.887133,24.184356,0.0125732421875,3.0422210693359375,0.08555828571666782,226,225,0.995575221238938,1.0
732,-1114.759699,38.481191,24.248258,-0.02838134765625,2.85638427734375,0.06390206412465459,222,222,1.0,1.0
733,-1115.938229,41.048227,24.307768,-0.020294189453125,2.8245697021484375,0.05950964069096625,222,222,1.0,1.0
734,-1117.129025,43.417406,24.369112,-0.1099853515625,2.649322509765625,0.06134391883224413,231,231,1.0,1.0
735,-1118.122806,45.890089,24.461284,0.115020751953125,2.6624298095703125,0.09217179502964122,229,229,1.0,1.0
736,-1119.150764,48.125903,24.506552,-0.0098876953125,2.460784912109375,0.04526807917155806,229,229,1.0,1.0
737,-1120.155129,50.335957,24.554554,0.002838134765625,2.4275665283203125,0.04800232648033934,229,229,1.0,1.0
738,-1121.109719,52.386049,24.56023,-0.016326904296875,2.261383056640625,0.005676198122551304,231,231,1.0,1.0
739,-1122.042399,54.46813,24.595616,0.017120361328125,2.2813720703125,0.035385459690729794,233,233,1.0,1.0
740,-1122.917588,56.397766,24.630001,0.007354736328125,2.1188201904296875,0.034385670703670025,233,233,1.0,1.0
741,-1123.811414,58.201412,24.634464,-0.060821533203125,2.012054443359375,0.0044626549575166674,226,226,1.0,1.0
742,-1124.674654,59.944428,24.653931,-0.058135986328125,1.9441986083984375,0.01946692279536458,222,222,1.0,1.0
743,-1125.368185,61.555701,24.653502,0.04180908203125,1.753692626953125,-0.00042866778208482933,228,228,1.0,1.0
744,-1126.159314,63.120736,24.65567,-0.066192626953125,1.75238037109375,0.002167878460076476,225,225,1.0,1.0
745,-1126.87345,64.651969,24.687312,-0.01025390625,1.689544677734375,0.031641683789073734,231,231,1.0,1.0
746,-1127.563315,66.101132,24.701947,-0.02154541015625,1.6048431396484375,0.014635350249916964,228,228,1.0,1.0
747,-1128.214366,67.570897,24.725381,0.022735595703125,1.6073455810546875,0.02343414466327138,226,226,1.0,1.0
748,-1128.865873,69.018993,24.758041,0.013916015625,1.5878448486328125,0.032659362486289166,223,223,1.0,1.0
749,-1129.575374,70.462282,24.808226,-0.03985595703125,1.607757568359375,0.05018529237668892,216,216,1.0,1.0
750,-1130.255954,71.951293,24.817984,0.006988525390625,1.6371612548828125,0.009758365367748935,221,221,1.0,1.0
751,-1130.885773,73.41523,24.858137,0.042816162109375,1.5930938720703125,0.04015211360040828,216,216,1.0,1.0
752,-1131.602539,74.894379,24.880827,-0.028564453125,1.6434173583984375,0.022690282259627877,214,214,1.0,1.0
753,-1132.247261,76.374836,24.939443,0.037994384765625,1.6143035888671875,0.058616026354695684,218,217,0.9954128440366973,1.0
754,-1132.978746,77.866501,24.957815,-0.0343017578125,1.6610107421875,0.018372429138207587,213,213,1.0,1.0
755,-1133.597078,79.386227,25.004606,0.080657958984375,1.6387176513671875,0.04679072732957041,224,224,1.0,1.0
756,-1134.260151,80.755043,25.03463,-0.0223388671875,1.5207977294921875,0.030023553051817226,224,224,1.0,1.0
757,-1134.886464,82.113296,25.070478,0.007293701171875,1.4956817626953125,0.035848021070791936,225,225,1.0,1.0
758,-1135.509237,83.447368,25.125565,0.001190185546875,1.4722747802734375,0.0550873189696619,220,219,0.9954545454545455,1.0
759,-1136.017961,84.648478,25.122973,0.049407958984375,1.303466796875,-0.002591660095322515,225,225,1.0,1.0
760,-1136.576009,85.707002,25.151806,-0.05584716796875,1.1953125,0.028832447584294665,225,225,1.0,1.0
761,-1137.024161,86.699079,25.147592,0.0159912109375,1.0884857177734375,-0.004213655174252691,225,225,1.0,1.0
762,-1137.378699,87.498757,25.163658,0.018890380859375,0.874542236328125,0.01606629697073654,226,225,0.995575221238938,1.0
763,-1137.734397,88.183053,25.144299,-0.030975341796875,0.770599365234375,-0.01935963146696028,225,225,1.0,1.0
764,-1137.984557,88.786112,25.106736,0.02978515625,0.6522064208984375,-0.037562551855897894,226,225,0.995575221238938,1.0
765,-1138.295662,89.325475,25.116208,-0.0528564453125,0.6204071044921875,0.009472278572429287,227,226,0.9955947136563876,1.0
766,-1138.412272,89.777556,25.100331,0.0863037109375,0.458831787109375,-0.01587696888229787,227,227,1.0,1.0
767,-1138.664954,90.126036,25.067984,-0.08099365234375,0.422760009765625,-0.03234768314296897,232,232,1.0,1.0
768,-1138.853777,90.406479,25.074225,-0.052215576171875,0.3340301513671875,0.006240878037466044,229,229,1.0,1.0
769,-1139.02482,90.654163,25.061543,-0.049957275390625,0.2968292236328125,-0.012681540329110032,228,228,1.0,1.0
770,-1139.120871,90.865405,25.061932,0.002471923828125,0.2320404052734375,0.0003890333952906832,233,233,1.0,1.0
771,-1139.085351,90.947221,25.049995,0.06683349609375,0.0590667724609375,-0.011937448437974243,233,233,1.0,1.0
772,-1139.057149,91.047177,25.022753,0.06787109375,0.07861328125,-0.027241496513178684,234,234,1.0,1.0
773,-1138.925194,91.121991,25.03228,0.151214599609375,0.0119781494140625,0.009526648089436733,232,232,1.0,1.0
774,-1138.743442,91.210253,25.042481,0.2020263671875,0.0030670166015625,0.010200814898430362,234,234,1.0,1.0
775,-1138.581143,91.220111,25.029788,0.151214599609375,-0.0597686767578125,-0.012692661585664993,234,234,1.0,1.0
776,-1138.407243,91.230482,25.024946,0.161956787109375,-0.064178466796875,-0.004842390732389143,231,231,1.0,1.0
777,-1137.682634,91.585141,23.932468,0.806610107421875,0.0148468017578125,-1.0924775668757714,211,211,1.0,1.0
778,-1137.467667,92.371632,18.146755,0.515533447265625,0.6316680908203125,-5.785712739187086,202,201,0.995049504950495,1.0
779,-1137.649262,93.074827,12.078179,0.04644775390625,0.7247772216796875,-6.068576004362268,199,197,0.9899497487437185,1.0
780,-1137.976309,93.770278,6.876242,-0.174285888671875,0.7484893798828125,-5.2019371533089425,198,198,1.0,1.0
781,-1138.338576,94.333188,3.087443,-0.292266845703125,0.60223388671875,-3.788799159456535,202,202,1.0,1.0
782,-1138.559128,94.790204,0.661585,-0.19561767578125,0.468231201171875,-2.4258584076789793,212,211,0.9952830188679245,1.0
783,-1138.783958,95.225534,-0.933351,-0.21978759765625,0.437896728515625,-1.5949352914918544,206,206,1.0,1.0
784,-1139.037521,95.739528,-2.114188,-0.26190185546875,0.509796142578125,-1.1808372008361296,215,215,1.0,1.0
785,-1139.165976,96.301733,-3.071348,-0.14910888671875,0.5570831298828125,-0.9571597802815589,205,205,1.0,1.0
786,-1139.355668,96.875923,-3.917895,-0.220184326171875,0.563201904296875,-0.8465468134476359,207,207,1.0,1.0
787,-1139.468432,97.401443,-4.611704,-0.148406982421875,0.5165863037109375,-0.6938091590962997,209,209,1.0,1.0
788,-1139.566399,98.00957,-5.138984,-0.14654541015625,0.5982818603515625,-0.5272805262072916,216,216,1.0,1.0
789,-1139.667435,98.671412,-5.497571,-0.159912109375,0.6501312255859375,-0.3585869106704836,216,216,1.0,1.0
790,-1139.715498,99.398753,-5.782046,-0.117523193359375,0.719390869140625,-0.2844744822504486,209,208,0.9952153110047847,1.0
791,-1139.764753,100.177928,-5.993244,-0.12750244140625,0.7702484130859375,-0.21119886455037615,217,216,0.9953917050691244,1.0
792,-1139.730649,101.008128,-6.140136,-0.052764892578125,0.8292236328125,-0.14689111805656255,212,211,0.9952830188679245,1.0
793,-1139.696676,102.024101,-6.268303,-0.07489013671875,1.0137786865234375,-0.12816712475484707,209,209,1.0,1.0
794,-1139.630453,103.072808,-6.372264,-0.048675537109375,1.0496673583984375,-0.10396170911700273,209,209,1.0,1.0
795,-1139.557261,104.321008,-6.442022,-0.0657958984375,1.2486114501953125,-0.0697579971281075,210,210,1.0,1.0
796,-1139.558783,105.782847,-6.526626,-0.16552734375,1.4524383544921875,-0.08460360183611056,219,219,1.0,1.0
797,-1139.399898,107.427761,-6.556907,-0.02911376953125,1.652313232421875,-0.030281264366416698,213,213,1.0,1.0
798,-1139.340475,109.204847,-6.622185,-0.143890380859375,1.772247314453125,-0.06527732673840878,212,212,1.0,1.0
799,-1139.135924,111.243028,-6.655921,-0.0318603515625,2.0481719970703125,-0.033736117799640905,216,216,1.0,1.0
800,-1139.033467,113.489104,-6.651292,-0.1585693359375,2.2428131103515625,0.00462870784925218,219,218,0.9954337899543378,1.0
801,-1138.839687,115.88175,-6.647431,-0.08465576171875,2.39898681640625,0.0038614729741794068,221,219,0.9909502262443439,1.0
802,-1138.591168,118.490822,-6.650114,-0.05517578125,2.62030029296875,-0.0026833785909228663,218,218,1.0,1.0
803,-1138.363555,121.384367,-6.637221,-0.1090087890625,2.9004364013671875,0.012893396104653225,215,215,1.0,1.0
804,-1138.051442,124.519435,-6.608891,-0.052337646484375,3.1501312255859375,0.028329495742764495,215,215,1.0,1.0
805,-1137.790557,127.847155,-6.586845,-0.12384033203125,3.33563232421875,0.022045900121895334,218,218,1.0,1.0
806,-1137.45058,131.245813,-6.56104,-0.0521240234375,3.41522216796875,0.02580560596299444,218,218,1.0,1.0
807,-1137.101889,134.692303,-6.555253,-0.047393798828125,3.4637603759765625,0.005786561720116667,221,221,1.0,1.0
808,-1136.842078,138.116625,-6.589512,-0.1328125,3.4315948486328125,-0.034258619652192734,219,219,1.0,1.0
809,-1136.634971,141.603749,-6.636807,-0.194427490234375,3.48785400390625,-0.047295064987068106,209,209,1.0,1.0
810,-1136.267775,145.131091,-6.675543,-0.042938232421875,3.546142578125,-0.03873631369730848,219,219,1.0,1.0
811,-1135.901245,148.599301,-6.708623,-0.03912353515625,3.4873046875,-0.033080088303662596,207,207,1.0,1.0
812,-1135.618922,152.01334,-6.7378,-0.118438720703125,3.42364501953125,-0.029176939611744918,204,203,0.9950980392156863,1.0
813,-1135.330474,155.37463,-6.779148,-0.10791015625,3.371917724609375,-0.04134809143915563,213,213,1.0,1.0
814,-1134.973177,158.703214,-6.788333,-0.038116455078125,3.3474884033203125,-0.009184861563697242,210,210,1.0,1.0
815,-1134.650563,162.02868,-6.821652,-0.072723388671875,3.3402862548828125,-0.033319224115446626,213,212,0.9953051643192489,1.0
816,-1134.335979,165.25191,-6.84114,-0.07049560546875,3.2377777099609375,-0.01948754030096194,209,208,0.9952153110047847,1.0
817,-1133.977799,168.457286,-6.868315,-0.02618408203125,3.2252197265625,-0.027175336161875382,211,211,1.0,1.0
818,-1133.647471,171.609517,-6.886294,-0.04901123046875,3.1691131591796875,-0.017978536076520522,212,211,0.9952830188679245,1.0
819,-1133.251698,174.718341,-6.889269,0.020172119140625,3.13385009765625,-0.0029749898007295204,209,208,0.9952153110047847,1.0
820,-1132.944714,177.813485,-6.897506,-0.066497802734375,3.109619140625,-0.008237886373816637,212,212,1.0,1.0
821,-1132.674911,180.84683,-6.884682,-0.096435546875,3.043792724609375,0.012823952682626514,209,208,0.9952153110047847,1.0
822,-1132.306599,183.903855,-6.878389,-0.00079345703125,3.079132080078125,0.006293491699016105,203,200,0.9852216748768473,1.0
823,-1131.996501,186.877868,-6.865098,-0.048309326171875,2.98974609375,0.01329051961303814,197,197,1.0,1.0
824,-1131.653465,189.933663,-6.864131,-0.024688720703125,3.07489013671875,0.0009673540707489298,209,209,1.0,1.0
825,-1131.338757,192.929225,-6.852181,-0.045562744140625,3.0117034912109375,0.011950104572035478,207,207,1.0,1.0
826,-1131.181482,196.01038,-6.871418,-0.211456298828125,3.077911376953125,-0.019236847825344176,209,209,1.0,1.0
827,-1130.814772,198.953959,-6.845786,0.01190185546875,2.96630859375,0.025632010585084273,212,212,1.0,1.0
828,-1130.583442,201.96282,-6.843982,-0.12896728515625,3.014984130859375,0.0018036553747477887,211,210,0.995260663507109,1.0
829,-1130.294961,204.988701,-6.817734,-0.07415771484375,3.0386962890625,0.026248214636563252,202,202,1.0,1.0
830,-1129.968334,208.037402,-6.787198,-0.03759765625,3.06591796875,0.030536351623169762,213,213,1.0,1.0
831,-1129.737219,211.044714,-6.784299,-0.12591552734375,3.0135498046875,0.002898185478155865,209,209,1.0,1.0
832,-1129.386546,214.137601,-6.752673,-0.01715087890625,3.1126556396484375,0.03162641569122751,208,208,1.0,1.0
833,-1129.150419,217.150527,-6.763707,-0.119781494140625,3.0197906494140625,-0.01103371342783775,210,209,0.9952380952380953,1.0
834,-1128.924305,220.176435,-6.771267,-0.1318359375,3.0314788818359375,-0.007559906869268577,211,211,1.0,1.0
835,-1128.602308,223.289794,-6.742433,-0.047332763671875,3.129608154296875,0.02883317930783138,208,207,0.9951923076923077,1.0
836,-1128.388554,226.218916,-6.745707,-0.131622314453125,2.9339599609375,-0.003273708082094812,206,205,0.9951456310679612,1.0
837,-1127.999272,229.258825,-6.718682,0.029510498046875,3.0645904541015625,0.02702552352806215,207,204,0.9855072463768116,1.0
838,-1127.681399,232.232351,-6.694814,-0.032196044921875,2.99029541015625,0.023867921024223714,211,209,0.990521327014218,1.0
839,-1127.35359,235.237069,-6.695395,-0.02471923828125,3.0224456787109375,-0.0005811712407466791,211,210,0.995260663507109,1.0
840,-1127.148699,238.263699,-6.716149,-0.149383544921875,3.029876708984375,-0.020754161040933604,215,214,0.9953488372093023,1.0
841,-1126.856518,241.363839,-6.72963,-0.0723876953125,3.113037109375,-0.013480770266298502,214,213,0.9953271028037384,1.0
842,-1126.665258,244.349086,-6.726574,-0.159881591796875,2.987091064453125,0.003055827955575135,214,214,1.0,1.0
843,-1126.379906,247.390661,-6.716957,-0.0728759765625,3.0540618896484375,0.009616822720162248,212,212,1.0,1.0
844,-1126.104754,250.364101,-6.711797,-0.07452392578125,2.9852142333984375,0.005160158096248855,214,213,0.9953271028037384,1.0
845,-1125.901234,253.43119,-6.705432,-0.156341552734375,3.069854736328125,0.006364859783432931,213,213,1.0,1.0
846,-1125.702225,256.453421,-6.72099,-0.155242919921875,3.0247955322265625,-0.015557628021752977,206,204,0.9902912621359223,1.0
847,-1125.452852,259.355726,-6.725092,-0.092010498046875,2.9115447998046875,-0.004102635657507036,209,208,0.9952153110047847,1.0
848,-1125.237759,262.376237,-6.721324,-0.140106201171875,3.0249176025390625,0.0037686570351272357,216,215,0.9953703703703703,1.0
849,-1124.930266,265.408605,-6.74106,-0.049530029296875,3.047515869140625,-0.01973592999231289,206,206,1.0,1.0
850,-1124.691023,268.486902,-6.738506,-0.123748779296875,3.0850982666015625,0.0025536465387339335,201,201,1.0,1.0
851,-1124.417634,271.408799,-6.746183,-0.07135009765625,2.9337921142578125,-0.007676485225203432,205,204,0.9951219512195122,1.0
852,-1124.263574,274.352013,-6.783279,-0.1927490234375,2.9409332275390625,-0.03709636730934233,207,206,0.9951690821256038,1.0
853,-1124.025171,277.328039,-6.78365,-0.114776611328125,2.9833526611328125,-0.0003710292385198702,207,207,1.0,1.0
854,-1123.695708,280.301823,-6.753146,-0.02410888671875,2.99188232421875,0.030503603457542296,206,206,1.0,1.0
855,-1123.384971,283.306193,-6.76637,-0.044708251953125,3.0200653076171875,-0.013223472756048928,204,204,1.0,1.0
856,-1123.126168,286.239906,-6.750511,-0.088653564453125,2.9437713623046875,0.01585847767357041,200,200,1.0,1.0
857,-1122.867463,289.246191,-6.778801,-0.096466064453125,3.0158538818359375,-0.028289829751954515,217,216,0.9953917050691244,1.0
858,-1122.607682,292.224092,-6.79623,-0.093536376953125,2.9877471923828125,-0.017429020831881813,210,209,0.9952380952380953,1.0
859,-1122.233652,295.199839,-6.812349,0.019256591796875,2.9990997314453125,-0.016118566292645957,209,209,1.0,1.0
860,-1121.863249,298.240496,-6.80044,0.007110595703125,3.0631256103515625,0.01190879906061853,198,198,1.0,1.0
861,-1121.685234,301.138656,-6.829952,-0.166412353515625,2.8988494873046875,-0.02951195016069553,211,211,1.0,1.0
862,-1121.345769,304.123266,-6.815679,-0.01788330078125,3.0037994384765625,0.014272628978859886,213,212,0.9953051643192489,1.0
863,-1121.074972,307.156817,-6.832732,-0.09112548828125,3.04425048828125,-0.017052610422626936,213,213,1.0,1.0
864,-1120.725732,310.166889,-6.831631,-0.0113525390625,3.030242919921875,0.0011013048762324436,213,213,1.0,1.0
865,-1120.429816,313.184148,-6.830437,-0.065093994140625,3.031036376953125,0.0011935927677761819,206,205,0.9951456310679612,1.0
866,-1120.15806,316.230148,-6.850061,-0.092437744140625,3.05670166015625,-0.019624065020292278,206,206,1.0,1.0
867,-1119.929648,319.209755,-6.859278,-0.12860107421875,2.9855804443359375,-0.009216457563426338,201,200,0.9950248756218906,1.0
868,-1119.700524,322.285045,-6.876874,-0.139801025390625,3.0806427001953125,-0.017596971358267096,200,199,0.995,1.0
869,-1119.477805,325.355648,-6.870219,-0.14654541015625,3.0751800537109375,0.006655641503967893,206,202,0.9805825242718447,1.0
870,-1119.226249,328.407329,-6.890765,-0.11529541015625,3.0598602294921875,-0.020545870897649074,208,206,0.9903846153846154,1.0
871,-1118.921736,331.389528,-6.906654,-0.05548095703125,2.9971923828125,-0.015888921234990683,204,202,0.9901960784313726,1.0
872,-1118.646009,334.464946,-6.897696,-0.096099853515625,3.0862579345703125,0.008957601626636079,202,201,0.995049504950495,1.0
873,-1118.330156,337.490092,-6.915042,-0.04974365234375,3.0411834716796875,-0.017346407027075197,202,200,0.9900990099009901,1.0
874,-1118.108588,340.601359,-6.945752,-0.154632568359375,3.1153106689453125,-0.030709473718063512,210,207,0.9857142857142858,1.0
875,-1117.919188,343.631608,-6.94135,-0.178436279296875,3.030914306640625,0.004402014679555258,203,200,0.9852216748768473,1.0
876,-1117.67747,346.734683,-6.974296,-0.13507080078125,3.1095428466796875,-0.03294620550185116,212,211,0.9952830188679245,1.0
877,-1117.423279,349.639742,-6.988021,-0.100433349609375,2.9144287109375,-0.013724511767552247,205,203,0.9902439024390244,1.0
878,-1117.091338,352.660155,-7.005887,-0.037994384765625,3.038360595703125,-0.01786651934014613,207,205,0.9903381642512077,1.0
879,-1116.902882,355.611352,-7.041716,-0.17291259765625,2.9521484375,-0.03582893569601895,209,207,0.9904306220095693,1.0
880,-1116.674323,358.629443,-7.062443,-0.143157958984375,3.023345947265625,-0.020726489624105657,196,193,0.9846938775510204,1.0
881,-1116.368404,361.696137,-7.068763,-0.073455810546875,3.0810394287109375,-0.006320850601178673,213,211,0.9906103286384976,1.0
882,-1116.13348,364.772304,-7.105883,-0.145416259765625,3.081695556640625,-0.03711949656679276,207,205,0.9903381642512077,1.0
883,-1115.864885,367.666766,-7.121399,-0.091522216796875,2.90545654296875,-0.015516419512118058,202,202,1.0,1.0
884,-1115.555312,370.768404,-7.116286,-0.07733154296875,3.1160888671875,0.005112929059674765,208,208,1.0,1.0
885,-1115.207477,373.851864,-7.114277,-0.036834716796875,3.1027984619140625,0.0020095675600643828,205,203,0.9902439024390244,1.0
886,-1114.859239,376.818944,-7.122026,-0.02191162109375,2.98736572265625,-0.007749207911295907,208,208,1.0,1.0
887,-1114.588783,379.790118,-7.152155,-0.100006103515625,2.981781005859375,-0.03012890303905462,202,202,1.0,1.0
888,-1114.246724,382.763663,-7.164142,-0.03082275390625,2.9929962158203125,-0.011986803495817742,205,205,1.0,1.0
889,-1113.938413,385.741426,-7.172656,-0.065460205078125,2.9929656982421875,-0.008514550773499606,202,202,1.0,1.0
890,-1113.556574,388.688138,-7.152519,0.01092529296875,2.9713287353515625,0.020137139244181403,206,204,0.9902912621359223,1.0
891,-1113.218721,391.732184,-7.167843,-0.043792724609375,3.0624237060546875,-0.015323863422859811,210,209,0.9952380952380953,1.0
892,-1112.912481,394.657938,-7.196276,-0.06121826171875,2.94110107421875,-0.02843332040077563,210,209,0.9952380952380953,1.0
893,-1112.575446,397.646615,-7.219195,-0.040008544921875,3.007354736328125,-0.022918411236924754,209,208,0.9952153110047847,1.0
894,-1112.267906,400.606099,-7.211953,-0.066802978515625,2.97467041015625,0.007242112242488485,209,206,0.9856459330143541,1.0
895,-1111.889586,403.567354,-7.244382,0.003570556640625,2.985321044921875,-0.03242960780460646,201,198,0.9850746268656716,1.0
896,-1111.519486,406.581226,-7.237529,-0.012908935546875,3.0364837646484375,0.006852888640934228,209,206,0.9856459330143541,1.0
897,-1111.15507,409.565579,-7.240925,-0.01446533203125,3.0064849853515625,-0.003395859962023122,210,210,1.0,1.0
898,-1110.830426,412.540804,-7.258251,-0.052947998046875,2.9924163818359375,-0.017325463124779398,203,203,1.0,1.0
899,-1110.543788,415.543314,-7.254056,-0.095001220703125,3.0146636962890625,0.00419517932281545,206,205,0.9951456310679612,1.0
900,-1110.129574,418.594442,-7.256181,0.025634765625,3.079010009765625,-0.0021256748106369574,207,206,0.9951690821256038,1.0
901,-1109.795787,421.506144,-7.270998,-0.036651611328125,2.9305419921875,-0.01481705465948205,209,208,0.9952153110047847,1.0
902,-1109.43022,424.505418,-7.279015,-0.0169677734375,3.02142333984375,-0.008016918475497821,219,219,1.0,1.0
903,-1109.042737,427.464824,-7.286855,0.0093994140625,2.984649658203125,-0.007839732584508347,218,217,0.9954128440366973,1.0
904,-1108.691523,430.375086,-7.270987,-0.020751953125,2.931304931640625,0.015867428141364423,215,213,0.9906976744186047,1.0
905,-1108.346989,433.416885,-7.286896,-0.043212890625,3.060943603515625,-0.015908834401282223,222,222,1.0,1.0
906,-1108.00941,436.389885,-7.294759,-0.042236328125,2.9918060302734375,-0.007862939531631795,225,225,1.0,1.0
907,-1107.682154,439.313616,-7.300217,-0.046630859375,2.941619873046875,-0.005458145058069246,221,220,0.995475113122172,1.0
908,-1107.31695,442.259258,-7.28101,-0.012054443359375,2.968170166015625,0.019207808791911293,221,221,1.0,1.0
909,-1106.969907,445.178973,-7.311537,-0.025787353515625,2.940155029296875,-0.03052728442069704,220,219,0.9954545454545455,1.0
910,-1106.676278,448.139601,-7.299829,-0.085540771484375,2.9739227294921875,0.011707507112559523,211,211,1.0,1.0
911,-1106.306533,451.154471,-7.31089,-0.016326904296875,3.03741455078125,-0.011060989531450844,215,214,0.9953488372093023,1.0
912,-1105.957994,454.059886,-7.307084,-0.024017333984375,2.9261474609375,0.0038063332590557502,216,214,0.9907407407407407,1.0
913,-1105.588896,457.047735,-7.281589,-0.013916015625,3.010528564453125,0.025495350338256267,219,217,0.9908675799086758,1.0
914,-1105.134053,460.005717,-7.275403,0.076263427734375,2.9917755126953125,0.00618588082329637,221,221,1.0,1.0
915,-1104.811618,462.957613,-7.277265,-0.053985595703125,2.968963623046875,-0.0018626525324393632,223,223,1.0,1.0
916,-1104.468621,465.864984,-7.263375,-0.028045654296875,2.927398681640625,0.013890043743319808,207,207,1.0,1.0
917,-1104.105471,468.755535,-7.260282,-0.005218505859375,2.91326904296875,0.0030937232127296503,216,215,0.9953703703703703,1.0
918,-1103.666654,471.673317,-7.246218,0.066558837890625,2.9498443603515625,0.014063987630502582,211,208,0.985781990521327,1.0
919,-1103.27987,474.624803,-7.250714,0.01141357421875,2.9766998291015625,-0.004495904082439185,216,214,0.9907407407407407,1.0
920,-1102.927413,477.573026,-7.264466,-0.0224609375,2.9691314697265625,-0.013752207821965175,215,215,1.0,1.0
921,-1102.491654,480.348784,-7.227692,0.081268310546875,2.8085784912109375,0.03677401533942386,224,224,1.0,1.0
922,-1102.200834,483.102094,-7.207225,-0.057891845703125,2.7680206298828125,0.020467130811667185,217,215,0.9907834101382489,1.0
923,-1101.832917,485.695521,-7.190081,0.039642333984375,2.6190948486328125,0.01714376227034321,212,211,0.9952830188679245,1.0
924,-1101.49037,488.202374,-7.188729,0.026092529296875,2.5300140380859375,0.0013514420042421067,214,212,0.9906542056074766,1.0
925,-1101.187298,490.590847,-7.175305,0.001800537109375,2.407623291015625,0.013424451777463877,222,221,0.9954954954954955,1.0
926,-1100.906995,492.893863,-7.160958,-0.009552001953125,2.3199920654296875,0.014346703509744384,222,222,1.0,1.0
927,-1100.602978,495.06567,-7.148824,0.030914306640625,2.1927642822265625,0.01213383703946494,220,219,0.9954545454545455,1.0
928,-1100.352791,497.042287,-7.067513,0.00225830078125,1.9923858642578125,0.08131095721350155,215,214,0.9953488372093023,1.0
929,-1100.11269,498.949862,-7.056539,0.003570556640625,1.9226226806640625,0.010974129844382018,219,218,0.9954337899543378,1.0
930,-1099.901271,500.933789,-7.046745,-0.033905029296875,1.994873046875,0.009793982576789735,220,219,0.9954545454545455,1.0
931,-1099.673144,502.774059,-7.037597,0.000640869140625,1.8543548583984375,0.009148588444126549,212,211,0.9952830188679245,1.0
932,-1099.524284,504.527115,-7.038831,-0.067047119140625,1.758087158203125,-0.0012342528516269301,212,211,0.9952830188679245,1.0
933,-1099.311675,506.289875,-7.022384,-0.0050048828125,1.7755279541015625,0.01644654321416702,214,213,0.9953271028037384,1.0
934,-1099.133159,508.0259,-7.037043,-0.035064697265625,1.7448272705078125,-0.014658332039836127,217,217,1.0,1.0
935,-1098.973402,509.780685,-7.011961,-0.056427001953125,1.761138916015625,0.025082036760204936,214,213,0.9953271028037384,1.0
936,-1098.691867,511.461187,-7.010534,0.07427978515625,1.702301025390625,0.0014264773951707826,213,212,0.9953051643192489,1.0
937,-1098.531822,513.154477,-7.025521,-0.047821044921875,1.700164794921875,-0.014986887514981555,215,215,1.0,1.0
938,-1098.33793,514.851066,-6.998053,-0.01507568359375,1.7075653076171875,0.02746794706477712,222,221,0.9954954954954955,1.0
939,-1098.087511,516.61736,-6.994066,0.033355712890625,1.7836456298828125,0.003987137250815399,215,212,0.986046511627907,1.0
940,-1097.914878,518.33206,-7.009365,-0.037445068359375,1.72296142578125,-0.015299207435275517,209,205,0.9808612440191388,1.0
941,-1097.689019,520.008756,-6.973992,0.019561767578125,1.6917266845703125,0.03537333997337276,213,210,0.9859154929577465,1.0
942,-1097.488407,521.644741,-6.972642,0.00048828125,1.6482391357421875,0.0013500786091245056,209,208,0.9952153110047847,1.0
943,-1097.294165,523.270437,-6.935012,-0.004547119140625,1.6372528076171875,0.03762973713681507,213,212,0.9953051643192489,1.0
944,-1097.031849,524.800741,-6.919162,0.07562255859375,1.55078125,0.01585030915781467,208,206,0.9903846153846154,1.0
945,-1096.895679,526.128034,-6.943548,-0.02471923828125,1.3340301513671875,-0.024386227546549726,211,209,0.990521327014218,1.0
946,-1096.796559,527.512696,-6.939214,-0.069000244140625,1.3864898681640625,0.00433428136187321,210,209,0.9952380952380953,1.0
947,-1096.550966,528.746026,-6.958762,0.09478759765625,1.25396728515625,-0.019548223065582387,212,211,0.9952830188679245,1.0
948,-1096.422883,529.803483,-6.970502,-0.0009765625,1.065185546875,-0.011739703205871392,218,217,0.9954128440366973,1.0
949,-1096.302033,530.7869,-6.977731,0.0006103515625,0.990814208984375,-0.007228942604424572,226,226,1.0,1.0
950,-1096.212849,531.705,-6.986237,-0.02301025390625,0.9221343994140625,-0.008506542983322403,225,225,1.0,1.0
951,-1096.060492,532.430457,-6.992779,0.06298828125,0.7386016845703125,-0.006542280259731582,229,228,0.9956331877729258,1.0
952,-1096.014022,533.179809,-7.016405,-0.04510498046875,0.7494354248046875,-0.023625441196193475,222,221,0.9954954954954955,1.0
953,-1095.929509,533.688354,-7.014736,0.021759033203125,0.5150604248046875,0.001669180384169816,222,222,1.0,1.0
954,-1095.929628,534.253389,-7.066782,-0.069122314453125,0.560791015625,-0.052045797155195535,224,224,1.0,1.0
955,-1095.825085,534.707493,-7.049811,0.047882080078125,0.4635162353515625,0.01697016766148129,218,218,1.0,1.0
956,-1095.813375,535.098324,-7.061214,-0.036346435546875,0.389312744140625,-0.011403035841569969,214,213,0.9953271028037384,1.0
957,-1095.69581,535.335441,-7.083198,0.0875244140625,0.2497711181640625,-0.021983914615794183,220,219,0.9954545454545455,1.0
958,-1095.63772,535.446557,-7.114546,0.0439453125,0.117431640625,-0.0313475131878637,223,222,0.9955156950672646,1.0
959,-1095.51961,535.513684,-7.142299,0.10888671875,0.08123779296875,-0.027753437645908464,226,225,0.995575221238938,1.0
960,-1095.406341,535.53769,-7.172133,0.109405517578125,0.03790283203125,-0.029833799364949638,229,229,1.0,1.0
961,-1095.277234,535.518983,-7.175773,0.13043212890625,-0.00244140625,-0.0036402198665587207,232,232,1.0,1.0
962,-1095.193331,535.48815,-7.181812,0.08709716796875,-0.020111083984375,-0.006038573975796765,234,234,1.0,1.0
963,-1095.108519,535.419882,-7.185268,0.092681884765625,-0.05712890625,-0.0034557364001593614,228,228,1.0,1.0
964,-1094.575831,535.273984,-7.32105,0.5467529296875,-0.078125,-0.13578213698111508,215,214,0.9953488372093023,1.0
965,-1093.586855,535.654664,-11.959609,0.932403564453125,0.50360107421875,-4.638559034833116,195,195,1.0,1.0
966,-1093.324962,536.620083,-18.401656,0.05615234375,0.9987335205078125,-6.44204749980265,188,187,0.9946808510638298,1.0
967,-1093.124655,537.689683,-25.054087,-0.1475830078125,1.0781402587890625,-6.6524303411911845,189,188,0.9947089947089947,1.0
968,-1092.871371,538.776833,-31.462518,-0.230926513671875,1.0921173095703125,-6.408430964610824,187,187,1.0,1.0
969,-1092.618263,539.871468,-37.126843,-0.355438232421875,1.0658111572265625,-5.664325719892026,188,188,1.0,1.0
970,-1092.449786,540.962197,-41.515166,-0.524017333984375,0.9713287353515625,-4.388322922131597,204,203,0.9950980392156863,1.0
971,-1092.2314,541.669557,-44.277443,-0.305328369140625,0.674407958984375,-2.762276609174617,211,209,0.990521327014218,1.0
972,-1092.021425,542.156923,-46.160137,-0.189910888671875,0.4955291748046875,-1.8826939687367044,215,214,0.9953488372093023,1.0
973,-1091.74453,542.702032,-47.610754,-0.201385498046875,0.5772857666015625,-1.450617123288692,215,215,1.0,1.0
974,-1091.381501,542.936835,-48.80942,0.071319580078125,0.426422119140625,-1.1986663540501714,205,204,0.9951219512195122,1.0
975,-1091.007143,543.301519,-49.795912,-0.02789306640625,0.521881103515625,-0.9864917926002572,211,211,1.0,1.0
976,-1090.569685,543.694668,-50.57078,-0.01788330078125,0.587890625,-0.7748675911401904,214,214,1.0,1.0
977,-1090.097706,544.057157,-51.143129,0.019775390625,0.59478759765625,-0.5723494717929989,209,209,1.0,1.0
978,-1089.559442,544.471336,-51.619514,0.015167236328125,0.6790008544921875,-0.476385069997548,210,208,0.9904761904761905,1.0
979,-1088.928131,545.02329,-52.008222,-0.04071044921875,0.83758544921875,-0.38870819351547503,212,211,0.9952830188679245,1.0
980,-1088.221926,545.638534,-52.313513,-0.0501708984375,0.935272216796875,-0.3052901106151893,213,213,1.0,1.0
981,-1087.416287,546.248598,-52.542312,0.009735107421875,1.0105133056640625,-0.22879931129608796,214,214,1.0,1.0
982,-1086.536333,546.943462,-52.755623,-0.01641845703125,1.1211090087890625,-0.2133113267880114,218,215,0.9862385321100917,1.0
983,-1085.408245,547.811916,-52.882174,-0.00860595703125,1.4236297607421875,-0.1265506988176654,212,212,1.0,1.0
984,-1084.190436,548.733036,-52.995619,0.000396728515625,1.5269317626953125,-0.11344546780346183,219,219,1.0,1.0
985,-1082.853786,549.731339,-53.092805,0.00726318359375,1.6682891845703125,-0.09718543119351136,216,215,0.9953703703703703,1.0
986,-1081.266044,550.926547,-53.122761,-0.002227783203125,1.9873199462890625,-0.029956199149445813,216,214,0.9907407407407407,1.0
987,-1079.617538,552.154825,-53.18826,0.006744384765625,2.0557708740234375,-0.06549906019918043,217,214,0.9861751152073732,1.0
988,-1077.808773,553.525305,-53.212112,-0.013427734375,2.269287109375,-0.023851691711733198,220,219,0.9954545454545455,1.0
989,-1075.838514,555.08567,-53.23317,-0.069732666015625,2.5123291015625,-0.021058204442443183,221,219,0.9909502262443439,1.0
990,-1073.685981,556.736238,-53.259137,-0.0338134765625,2.712310791015625,-0.025967486821393045,224,224,1.0,1.0
991,-1071.43216,558.487044,-53.309719,-0.054779052734375,2.853424072265625,-0.05058168592557717,219,219,1.0,1.0
992,-1068.959383,560.373347,-53.29734,-0.035125732421875,3.1099090576171875,0.012378670728459475,214,214,1.0,1.0
993,-1066.387927,562.373559,-53.276098,-0.066802978515625,3.257110595703125,0.02124283233445228,215,213,0.9906976744186047,1.0
994,-1063.756597,564.353924,-53.294142,-0.013885498046875,3.2932586669921875,-0.01804482832947757,218,217,0.9954128440366973,1.0
995,-1061.15679,566.371883,-53.27647,-0.06390380859375,3.2904510498046875,0.01767249761618127,217,217,1.0,1.0
996,-1058.491862,568.441821,-53.236114,-0.06561279296875,3.373748779296875,0.04035544898669657,222,222,1.0,1.0
997,-1055.848162,570.494028,-53.2341,-0.061737060546875,3.3461761474609375,0.002013982243426945,224,223,0.9955357142857143,1.0
998,-1053.23153,572.462234,-53.186144,-0.010528564453125,3.2742156982421875,0.04795652070741036,219,218,0.9954337899543378,1.0
999,-1050.699021,574.421865,-53.163204,-0.05133056640625,3.2017364501953125,0.02294038357953712,221,221,1.0,1.0
1000,-1048.12413,576.409202,-53.124549,-0.04681396484375,3.252288818359375,0.038654962700162214,221,220,0.995475113122172,1.0
1001,-1045.680044,578.301501,-53.098626,-0.047088623046875,3.0906524658203125,0.025923078501766807,224,223,0.9955357142857143,1.0
1002,-1044.368586,579.287747,-53.078807,-0.001220703125,1.6409149169921875,0.019818608892842638,213,213,1.0,1.0
1003,-1041.964834,581.104271,-53.045825,-0.008270263671875,3.0129241943359375,0.03298165241752225,216,216,1.0,1.0
1004,-1039.532068,582.975802,-53.019698,-0.033050537109375,3.069183349609375,0.02612740267751362,221,221,1.0,1.0
1005,-1037.156556,584.768151,-52.974855,-0.002838134765625,2.975830078125,0.04484282770387454,215,215,1.0,1.0
1006,-1034.777078,586.616713,-52.927944,-0.042999267578125,3.012847900390625,0.04691062763283696,220,220,1.0,1.0
1007,-1032.542883,588.329035,-52.913432,-0.0194091796875,2.8148345947265625,0.014511969767781715,225,225,1.0,1.0
1008,-1030.208302,590.107615,-52.842392,-0.011016845703125,2.93487548828125,0.07104084268386235,224,223,0.9955357142857143,1.0
1009,-1028.012964,591.885058,-52.814545,-0.090576171875,2.8232269287109375,0.02784653048497096,220,218,0.990909090909091,1.0
1010,-1025.675647,593.58596,-52.767693,0.057586669921875,2.8901214599609375,0.046851955023695005,224,223,0.9955357142857143,1.0
1011,-1023.403293,595.360397,-52.720937,-0.03790283203125,2.882843017578125,0.04675610540043675,211,210,0.995260663507109,1.0
1012,-1021.128783,597.026096,-52.656113,0.052276611328125,2.8187255859375,0.06482353591464268,218,217,0.9954128440366973,1.0
1013,-1018.887869,598.763721,-52.619949,-0.0220947265625,2.8355865478515625,0.03616439811862292,217,217,1.0,1.0
1014,-1016.642057,600.462868,-52.549858,0.01324462890625,2.816131591796875,0.07009113353914102,216,215,0.9953703703703703,1.0
1015,-1014.362799,602.187513,-52.50031,0.01678466796875,2.8581695556640625,0.049547703299492776,214,212,0.9906542056074766,1.0
1016,-1012.120536,603.914351,-52.450453,-0.0050048828125,2.83013916015625,0.049857221402379234,218,215,0.9862385321100917,1.0
1017,-1009.885433,605.701649,-52.399998,-0.054840087890625,2.8613128662109375,0.050454951278951436,218,217,0.9954128440366973,1.0
1018,-1007.656833,607.515969,-52.350764,-0.07769775390625,2.8726959228515625,0.049234273968542325,217,217,1.0,1.0
1019,-1005.40721,609.231913,-52.274761,0.0155029296875,2.829315185546875,0.07600312199657563,218,218,1.0,1.0
1020,-1003.184647,610.985069,-52.217936,-0.0267333984375,2.830657958984375,0.056824604565686956,223,223,1.0,1.0
1021,-1001.027577,612.722747,-52.161267,-0.05181884765625,2.769439697265625,0.056669405095536404,219,218,0.9954337899543378,1.0
1022,-998.841721,614.401124,-52.097831,0.015411376953125,2.7558441162109375,0.06343547515687542,222,221,0.9954954954954955,1.0
1023,-996.692052,616.201274,-52.060594,-0.099853515625,2.8020782470703125,0.037237489009200646,219,217,0.9908675799086758,1.0
1024,-994.524148,617.870093,-52.002854,0.016754150390625,2.73577880859375,0.05774012700062463,220,218,0.990909090909091,1.0
1025,-992.305384,619.625478,-51.927554,-0.01739501953125,2.829132080078125,0.07529959444411326,220,220,1.0,1.0
1026,-990.150251,621.344502,-51.896341,-0.0242919921875,2.7566375732421875,0.0312133277422154,219,218,0.9954337899543378,1.0
1027,-987.973527,623.135771,-51.850223,-0.066314697265625,2.8182220458984375,0.046117407060157094,218,218,1.0,1.0
1028,-985.736123,624.896985,-51.779571,-0.0029296875,2.8474273681640625,0.07065246140712486,219,218,0.9954337899543378,1.0
1029,-983.597125,626.641072,-51.724877,-0.046844482421875,2.759521484375,0.05469402727431368,215,214,0.9953488372093023,1.0
1030,-981.36428,628.450902,-51.66748,-0.037689208984375,2.87396240234375,0.05739703880255772,214,212,0.9906542056074766,1.0
1031,-979.1936,630.243028,-51.587308,-0.059478759765625,2.8142547607421875,0.08017143840308442,217,215,0.9907834101382489,1.0
1032,-977.025531,632.014741,-51.551022,-0.041168212890625,2.7996063232421875,0.03628622835421043,219,218,0.9954337899543378,1.0
1033,-974.85817,633.792286,-51.486104,-0.044403076171875,2.802703857421875,0.06491824082410312,223,223,1.0,1.0
1034,-972.673733,635.574492,-51.432004,-0.03424072265625,2.8190155029296875,0.05410003003941202,220,220,1.0,1.0
1035,-970.469735,637.335028,-51.3577,-0.00244140625,2.820831298828125,0.0743042371577241,219,218,0.9954337899543378,1.0
1036,-968.308572,639.089445,-51.292903,-0.020751953125,2.7835540771484375,0.06479635756419913,217,216,0.9953917050691244,1.0
1037,-966.148418,640.939615,-51.230759,-0.09295654296875,2.8426666259765625,0.06214454345637036,220,218,0.990909090909091,1.0
1038,-963.964494,642.685659,-51.156885,0.006195068359375,2.7960968017578125,0.07387352507471638,211,210,0.995260663507109,1.0
1039,-961.795112,644.536487,-51.114673,-0.0809326171875,2.8504791259765625,0.04221215252677929,217,217,1.0,1.0
1040,-959.615873,646.381222,-51.050429,-0.067901611328125,2.8543853759765625,0.06424420901122288,218,217,0.9954128440366973,1.0
1041,-957.477263,648.245929,-51.004155,-0.10577392578125,2.835418701171875,0.046273436293121695,214,213,0.9953271028037384,1.0
1042,-955.283357,649.978748,-50.928273,0.0338134765625,2.7954864501953125,0.07588244699640935,216,216,1.0,1.0
1043,-953.127482,651.745681,-50.867127,-0.012939453125,2.78741455078125,0.06114565417042693,216,216,1.0,1.0
1044,-951.010891,653.572143,-50.831602,-0.0809326171875,2.794525146484375,0.03552487436527752,215,214,0.9953488372093023,1.0
1045,-948.939802,655.386639,-50.777585,-0.098663330078125,2.751739501953125,0.054017347093240506,215,215,1.0,1.0
1046,-946.864303,657.205288,-50.751834,-0.09649658203125,2.75787353515625,0.02575095808542693,216,216,1.0,1.0
1047,-944.695905,658.978917,-50.677127,-0.001617431640625,2.8013763427734375,0.0747070459710929,219,218,0.9954337899543378,1.0
1048,-942.640639,660.720414,-50.643129,-0.0447998046875,2.6934967041015625,0.033998077533729854,214,214,1.0,1.0
1049,-940.538893,662.509915,-50.582651,-0.05084228515625,2.7599029541015625,0.06047775784286234,222,222,1.0,1.0
1050,-938.432983,664.357686,-50.535455,-0.090301513671875,2.8001708984375,0.04719653575202122,220,219,0.9954545454545455,1.0
1051,-936.275892,666.151481,-50.470532,-0.0137939453125,2.805450439453125,0.06492285032636841,223,223,1.0,1.0
1052,-934.204961,668.000758,-50.414933,-0.108245849609375,2.774322509765625,0.0555989015803237,224,222,0.9910714285714286,1.0
1053,-932.145711,669.786728,-50.352546,-0.064208984375,2.7250823974609375,0.06238641694995284,221,219,0.9909502262443439,1.0
1054,-930.129597,671.57299,-50.338968,-0.0889892578125,2.6921234130859375,0.013578022454549633,216,215,0.9953703703703703,1.0
1055,-928.039627,673.355031,-50.242475,-0.0379638671875,2.746307373046875,0.09649352462052295,219,217,0.9908675799086758,1.0
1056,-925.92132,675.178572,-50.200828,-0.047119140625,2.7946929931640625,0.04164667426306678,221,220,0.995475113122172,1.0
1057,-923.84418,676.948969,-50.132619,-0.030609130859375,2.7290802001953125,0.06820879038483345,221,221,1.0,1.0
1058,-921.821083,678.71906,-50.094726,-0.061767578125,2.68743896484375,0.037893086393700454,220,220,1.0,1.0
1059,-919.665975,680.555839,-50.010074,-0.026458740234375,2.8315277099609375,0.08465255499634605,216,216,1.0,1.0
1060,-917.587321,682.375653,-49.95501,-0.05841064453125,2.7620849609375,0.055063668221700286,223,222,0.9955156950672646,1.0
1061,-915.447095,684.21006,-49.881847,-0.027313232421875,2.81866455078125,0.07316296091746209,221,220,0.995475113122172,1.0
1062,-913.45061,686.031293,-49.821483,-0.10626220703125,2.700286865234375,0.0603639827157161,222,219,0.9864864864864865,1.0
1063,-911.370107,687.832134,-49.780846,-0.03363037109375,2.751434326171875,0.040637039033788354,218,213,0.9770642201834863,1.0
1064,-909.359318,689.635649,-49.734242,-0.0787353515625,2.699951171875,0.04660457008205085,214,212,0.9906542056074766,1.0
1065,-907.258381,691.45429,-49.684906,-0.029815673828125,2.7785797119140625,0.04933535640415524,220,218,0.990909090909091,1.0
1066,-905.194744,693.261548,-49.632934,-0.042877197265625,2.7427978515625,0.05197208227773844,220,217,0.9863636363636363,1.0
1067,-903.104538,695.023522,-49.581675,0.011322021484375,2.7337493896484375,0.051259250452582644,217,214,0.9861751152073732,1.0
1068,-901.122982,696.734021,-49.525854,-0.017486572265625,2.617645263671875,0.05582059469816672,217,215,0.9907834101382489,1.0
1069,-899.074591,698.533826,-49.453352,-0.03948974609375,2.726470947265625,0.07250213169585443,218,217,0.9954128440366973,1.0
1070,-897.02572,700.284807,-49.40479,0.001373291015625,2.6951446533203125,0.0485619276315827,213,212,0.9953051643192489,1.0
1071,-895.060891,702.097796,-49.365813,-0.098114013671875,2.6716766357421875,0.03897737798017581,219,218,0.9954337899543378,1.0
1072,-893.064482,703.849398,-49.278616,-0.029144287109375,2.655731201171875,0.08719643496571128,219,218,0.9954337899543378,1.0
1073,-891.08081,705.651378,-49.263888,-0.07159423828125,2.678985595703125,0.014727967565143489,213,210,0.9859154929577465,1.0
1074,-889.057467,707.377152,-49.206733,0.012725830078125,2.659332275390625,0.05715509648143943,216,212,0.9814814814814815,1.0
1075,-887.057229,709.18888,-49.162175,-0.064788818359375,2.6979827880859375,0.04455869104533034,218,216,0.9908256880733946,1.0
1076,-884.983582,711.028187,-49.100386,-0.035552978515625,2.7716064453125,0.0617884928590407,215,211,0.9813953488372092,1.0
1077,-882.989792,712.848908,-49.074106,-0.07080078125,2.6991119384765625,0.026279766564353876,217,211,0.9723502304147466,1.0
1078,-880.891493,714.682834,-48.991856,-0.011077880859375,2.7867584228515625,0.08225044467100341,213,212,0.9953051643192489,1.0
1079,-878.934795,716.520945,-48.951155,-0.1031494140625,2.6826629638671875,0.040700673866957575,216,216,1.0,1.0
1080,-876.880132,718.390318,-48.908536,-0.06048583984375,2.7771453857421875,0.04261897692015931,220,220,1.0,1.0
1081,-874.841569,720.186801,-48.846991,-0.014068603515625,2.7171478271484375,0.06154578082734557,218,217,0.9954128440366973,1.0
1082,-872.75898,722.0776,-48.778596,-0.053192138671875,2.8123779296875,0.06839497680291251,214,212,0.9906542056074766,1.0
1083,-870.763149,723.974713,-48.724326,-0.11175537109375,2.7513427734375,0.0542696722632411,216,214,0.9907407407407407,1.0
1084,-868.707072,725.844527,-48.647002,-0.04888916015625,2.778717041015625,0.07732357638030118,217,214,0.9861751152073732,1.0
1085,-866.689634,727.751147,-48.632745,-0.098297119140625,2.7740936279296875,0.014256863646710844,217,216,0.9953917050691244,1.0
1086,-864.597669,729.619322,-48.556114,-0.019500732421875,2.8046417236328125,0.07663118577158426,222,220,0.990990990990991,1.0
1087,-862.55705,731.488324,-48.518635,-0.05035400390625,2.7667236328125,0.03747879953073462,223,221,0.9910313901345291,1.0
1088,-860.738184,733.216676,-48.450652,-0.090057373046875,2.5074615478515625,0.06798369464489604,215,214,0.9953488372093023,1.0
1089,-858.933725,734.913113,-48.405735,-0.07275390625,2.475616455078125,0.04491691776839162,218,217,0.9954128440366973,1.0
1090,-857.12536,736.637934,-48.370583,-0.089447021484375,2.4974365234375,0.03515157994613146,214,213,0.9953271028037384,1.0
1091,-855.303543,738.212753,-48.313113,0.03314208984375,2.40789794921875,0.05747074833483939,213,213,1.0,1.0
1092,-853.719376,739.775439,-48.251558,-0.113433837890625,2.222320556640625,0.061554874589367245,220,219,0.9954545454545455,1.0
1093,-852.174923,741.213806,-48.231439,-0.04473876953125,2.1100311279296875,0.020118981616039817,220,220,1.0,1.0
1094,-850.817612,742.497033,-48.223531,-0.052947998046875,1.86712646484375,0.007908108832334405,213,213,1.0,1.0
1095,-849.436966,743.848514,-48.204441,-0.088043212890625,1.9300079345703125,0.01908957197489153,219,218,0.9954337899543378,1.0
1096,-848.12893,744.967788,-48.183319,0.037322998046875,1.7211456298828125,0.02112226673386584,216,215,0.9953703703703703,1.0
1097,-846.900651,746.211227,-48.212213,-0.107757568359375,1.744476318359375,-0.028894082505129978,214,213,0.9953271028037384,1.0
1098,-845.662553,747.353061,-48.223559,-0.026336669921875,1.6840362548828125,-0.011346680227621992,217,216,0.9953917050691244,1.0
1099,-844.351202,748.374841,-48.158939,0.111663818359375,1.6586761474609375,0.06462068620285454,210,210,1.0,1.0
1100,-843.20765,749.495484,-48.155707,-0.072052001953125,1.5994873046875,0.003231485074926108,217,217,1.0,1.0
1101,-841.987131,750.594147,-48.137903,-0.004241943359375,1.6421661376953125,0.01780429657966768,216,216,1.0,1.0
1102,-840.776838,751.587586,-48.074396,0.06781005859375,1.5643310546875,0.06350711793998957,210,207,0.9857142857142858,1.0
1103,-839.619907,752.686871,-48.054607,-0.04486083984375,1.59527587890625,0.019788438774146724,218,214,0.981651376146789,1.0
1104,-838.453171,753.747989,-48.007112,-0.009368896484375,1.5770721435546875,0.04749543037339392,216,214,0.9907407407407407,1.0
1105,-837.326665,754.771408,-47.985151,-0.0069580078125,1.5219573974609375,0.02196099223590217,210,208,0.9904761904761905,1.0
1106,-836.258416,755.784944,-47.926921,-0.03802490234375,1.4720611572265625,0.05823024151848113,212,212,1.0,1.0
1107,-835.145706,756.838207,-47.87955,-0.036224365234375,1.5317230224609375,0.04737073308261196,215,215,1.0,1.0
1108,-834.05753,757.915921,-47.833666,-0.069549560546875,1.5299530029296875,0.04588380392908181,213,213,1.0,1.0
1109,-832.95013,758.911248,-47.778352,0.005645751953125,1.48895263671875,0.05531473415155888,212,212,1.0,1.0
1110,-831.981777,759.9241,-47.762727,-0.099334716796875,1.3977508544921875,0.015624974827923382,214,214,1.0,1.0
1111,-830.953408,760.916979,-47.749805,-0.0438232421875,1.4287872314453125,0.012921487650240234,217,217,1.0,1.0
1112,-830.021426,761.867267,-47.721819,-0.0767822265625,1.3288116455078125,0.027985962019181836,226,224,0.9911504424778761,1.0
1113,-829.160196,762.702585,-47.683431,-0.038665771484375,1.19915771484375,0.03838778140630954,218,218,1.0,1.0
1114,-828.325642,763.553045,-47.678249,-0.0670166015625,1.1896514892578125,0.005181815459539992,220,219,0.9954545454545455,1.0
1115,-827.651447,764.183287,-47.673199,-0.012054443359375,0.922821044921875,0.005050609848667909,222,222,1.0,1.0
1116,-827.091011,764.818713,-47.690756,-0.0924072265625,0.8422088623046875,-0.01755666822995614,226,226,1.0,1.0
1117,-826.560204,765.330547,-47.698385,-0.021209716796875,0.7370758056640625,-0.00762899542906421,221,219,0.9909502262443439,1.0
1118,-826.126132,765.838643,-47.727598,-0.083648681640625,0.6630096435546875,-0.02921336483988118,221,221,1.0,1.0
1119,-825.694225,766.127419,-47.691524,0.07684326171875,0.5138397216796875,0.036074342047196464,225,224,0.9955555555555555,1.0
1120,-825.450572,766.424586,-47.77159,-0.055755615234375,0.380218505859375,-0.08006607504269503,221,221,1.0,1.0
1121,-825.162852,766.666076,-47.785609,0.014556884765625,0.3753509521484375,-0.014018946991350907,225,225,1.0,1.0
1122,-824.962546,766.905356,-47.77578,-0.042633056640625,0.3091278076171875,0.009828814594999078,221,221,1.0,1.0
1123,-824.733474,767.017633,-47.749296,0.07080078125,0.245086669921875,0.02648356925904182,230,230,1.0,1.0
1124,-824.615379,767.032389,-47.759348,0.0684814453125,0.0973358154296875,-0.01005180634982739,230,230,1.0,1.0
1125,-824.569471,766.96558,-47.744609,0.080322265625,-0.01092529296875,0.014739142835438977,237,237,1.0,1.0
1126,-824.537162,766.803578,-47.748967,0.141632080078125,-0.08502197265625,-0.004357964535376558,229,229,1.0,1.0
1127,-824.539267,766.668416,-47.727845,0.0986328125,-0.092437744140625,0.021121342193321135,228,228,1.0,1.0
1128,-824.581271,766.57373,-47.715199,0.04180908203125,-0.0947723388671875,0.012646600506093605,233,233,1.0,1.0
1129,-824.634938,766.400553,-47.704901,0.092010498046875,-0.156219482421875,0.010297894018888145,231,229,0.9913419913419913,1.0
1130,-824.628876,766.100392,-47.754826,0.226104736328125,-0.197509765625,-0.04992489331733207,223,223,1.0,1.0
1131,-824.069795,765.684378,-50.641138,0.683837890625,0.134185791015625,-2.8863123656023246,209,208,0.9952153110047847,1.0
1132,-823.740653,766.03044,-54.88104,-0.058837890625,0.4739532470703125,-4.239902108670325,199,199,1.0,1.0
1133,-823.557089,766.619119,-57.973668,-0.37591552734375,0.488800048828125,-3.092627336633654,205,204,0.9951219512195122,1.0
1134,-823.445312,767.007457,-60.007434,-0.26995849609375,0.3007049560546875,-2.0337667612555324,204,202,0.9901960784313726,1.0
1135,-823.249634,767.330933,-61.407806,-0.182342529296875,0.3311767578125,-1.4003719061497717,204,203,0.9950980392156863,1.0
1136,-822.943016,767.573126,-62.56774,-0.06591796875,0.3851318359375,-1.1599334584261956,207,207,1.0,1.0
1137,-822.696151,767.848118,-63.580916,-0.130340576171875,0.345794677734375,-1.0131761126379253,211,210,0.995260663507109,1.0
1138,-822.36841,768.169708,-64.386955,-0.142181396484375,0.4365997314453125,-0.8060391291685038,210,209,0.9952380952380953,1.0
1139,-822.093545,768.452284,-65.024907,-0.135986328125,0.3700103759765625,-0.6379519309092206,212,212,1.0,1.0
1140,-821.663008,768.688336,-65.499781,-0.032196044921875,0.4899444580078125,-0.47487354539606713,209,207,0.9904306220095693,1.0
1141,-821.331188,768.978166,-65.918329,-0.126129150390625,0.4221343994140625,-0.41854817904941105,209,209,1.0,1.0
1142,-820.786269,769.196307,-66.178478,0.023193359375,0.5865020751953125,-0.2601489640756795,216,215,0.9953703703703703,1.0
1143,-820.243143,769.51109,-66.433771,-0.068603515625,0.623992919921875,-0.2552935441260008,219,219,1.0,1.0
1144,-819.61768,769.7915,-66.626283,-0.0069580078125,0.6854095458984375,-0.1925116915951366,215,214,0.9953488372093023,1.0
1145,-818.861394,770.177673,-66.83792,-0.054443359375,0.8474273681640625,-0.2116374114804299,211,210,0.995260663507109,1.0
1146,-817.978932,770.508138,-66.947143,0.04327392578125,0.941314697265625,-0.10922291378946439,209,207,0.9904306220095693,1.0
1147,-817.135967,770.92236,-67.088284,-0.051055908203125,0.9378509521484375,-0.14114055260265748,217,215,0.9907834101382489,1.0
1148,-816.067528,771.373646,-67.15872,0.000274658203125,1.1598358154296875,-0.0704359087711268,217,215,0.9907834101382489,1.0
1149,-814.903608,771.853204,-67.218375,0.009857177734375,1.2588043212890625,-0.05965517045143908,218,217,0.9954128440366973,1.0
1150,-813.475868,772.480238,-67.268431,-0.0252685546875,1.5591583251953125,-0.05005591702637806,210,210,1.0,1.0
1151,-811.918687,773.046039,-67.277044,0.079864501953125,1.6548614501953125,-0.00861289696809555,212,212,1.0,1.0
1152,-810.307068,773.750829,-67.326064,-0.027557373046875,1.7587738037109375,-0.04902021664251809,212,212,1.0,1.0
1153,-808.427321,774.569842,-67.338669,-0.031097412109375,2.0501861572265625,-0.012605339384633207,213,212,0.9953051643192489,1.0
1154,-806.43764,775.402518,-67.378476,-0.001800537109375,2.156890869140625,-0.03980647590377003,223,221,0.9910313901345291,1.0
1155,-804.259458,776.329607,-67.410735,-0.0179443359375,2.3672027587890625,-0.03225894871705163,219,218,0.9954337899543378,1.0
1156,-801.837807,777.281317,-67.367603,0.051513671875,2.6014404296875,0.043131246318276265,213,211,0.9906103286384976,1.0
1157,-799.359129,778.408967,-67.413255,-0.08697509765625,2.72174072265625,-0.045651890978038845,219,218,0.9954337899543378,1.0
1158,-796.702143,779.597172,-67.417086,-0.076568603515625,2.9095611572265625,-0.0038306197795319147,216,215,0.9953703703703703,1.0
1159,-793.853744,780.794905,-67.406502,-0.012054443359375,3.0899505615234375,0.010584248361655432,212,210,0.9905660377358491,1.0
1160,-791.07154,782.035257,-67.406692,-0.076263427734375,3.0452117919921875,-0.00019029049183203972,224,224,1.0,1.0
1161,-788.217308,783.235331,-67.349751,-0.01141357421875,3.0962371826171875,0.0569406871444703,220,220,1.0,1.0
1162,-785.350262,784.481221,-67.358162,-0.045684814453125,3.1257171630859375,-0.0084109181976551,219,219,1.0,1.0
1163,-782.402025,785.71227,-67.33381,-0.001190185546875,3.1949310302734375,0.0243523387644243,217,216,0.9953917050691244,1.0
1164,-779.635064,786.915188,-67.295048,-0.043731689453125,3.016815185546875,0.038761833284654656,217,217,1.0,1.0
1165,-776.800558,788.10283,-67.24053,-0.00152587890625,3.0732574462890625,0.054518090507508,216,214,0.9907407407407407,1.0
1166,-774.097464,789.352853,-67.246351,-0.106964111328125,2.9762115478515625,-0.005820823083225709,225,225,1.0,1.0
1167,-771.325337,790.580967,-67.188333,-0.06036376953125,3.0313873291015625,0.05801786747076981,216,215,0.9953703703703703,1.0
1168,-768.651775,791.765923,-67.099908,-0.05572509765625,2.923858642578125,0.08842478031302568,225,224,0.9955555555555555,1.0
1169,-766.017657,792.923347,-67.113384,-0.04119873046875,2.87689208984375,-0.01347553571743125,216,214,0.9907407407407407,1.0
1170,-763.41155,794.141617,-67.058333,-0.10882568359375,2.8747406005859375,0.05505027700219994,219,218,0.9954337899543378,1.0
1171,-760.849437,795.207038,-67.027773,0.017547607421875,2.774749755859375,0.030560714524789392,216,215,0.9953703703703703,1.0
1172,-758.268058,796.332947,-67.01076,-0.029144287109375,2.8160858154296875,0.017012414486574035,217,217,1.0,1.0
1173,-755.864953,797.395402,-66.949452,-0.039520263671875,2.627197265625,0.06130824387746323,220,220,1.0,1.0
1174,-753.359725,798.45548,-66.922905,0.005462646484375,2.72027587890625,0.026546597518228483,217,216,0.9953917050691244,1.0
1175,-750.873976,799.511649,-66.843491,0.002685546875,2.7008209228515625,0.07941428379756627,214,213,0.9953271028037384,1.0
1176,-748.398703,800.604317,-66.822088,-0.03125,2.705535888671875,0.021403551114513038,217,217,1.0,1.0
1177,-745.936829,801.659516,-66.809318,-0.001068115234375,2.6784820556640625,0.012769766283711266,221,221,1.0,1.0
1178,-743.513861,802.776352,-66.779335,-0.07244873046875,2.6669921875,0.029983003907827047,219,219,1.0,1.0
1179,-740.972354,803.776902,-66.711569,0.082550048828125,2.7301177978515625,0.06776609045036625,217,217,1.0,1.0
1180,-738.423193,804.922443,-66.657435,-0.04437255859375,2.79437255859375,0.05413400206306138,215,215,1.0,1.0
1181,-735.96293,806.004808,-66.608526,-0.018951416015625,2.6877593994140625,0.048908248476157296,215,214,0.9953488372093023,1.0
1182,-733.497967,807.142146,-66.568314,-0.06524658203125,2.7139129638671875,0.04021208789430287,214,214,1.0,1.0
1183,-731.048182,808.250004,-66.493069,-0.042327880859375,2.6883087158203125,0.07524577827483288,218,215,0.9862385321100917,1.0
1184,-728.60294,809.366491,-66.42874,-0.04852294921875,2.6876373291015625,0.06432846248017794,213,211,0.9906103286384976,1.0
1185,-726.109408,810.522655,-66.394816,-0.06256103515625,2.7478179931640625,0.03392431435033471,213,212,0.9953051643192489,1.0
1186,-723.697962,811.730949,-66.367858,-0.141571044921875,2.693511962890625,0.02695781772895312,213,210,0.9859154929577465,1.0
1187,-721.337133,812.894393,-66.32655,-0.1195068359375,2.6292266845703125,0.041308444081831125,218,215,0.9862385321100917,1.0
1188,-718.951236,814.102787,-66.313557,-0.148712158203125,2.670318603515625,0.012992578673769347,223,221,0.9910313901345291,1.0
1189,-716.433717,815.28947,-66.261073,-0.075347900390625,2.78216552734375,0.052483760125590376,219,215,0.9817351598173516,1.0
1190,-713.987218,816.465205,-66.218669,-0.09136962890625,2.7128143310546875,0.04240380206644485,219,218,0.9954337899543378,1.0
1191,-711.474825,817.604307,-66.161988,-0.029266357421875,2.7584075927734375,0.05668168709290284,219,219,1.0,1.0
1192,-709.037072,818.727492,-66.096779,-0.042144775390625,2.6837310791015625,0.0652088444118012,223,222,0.9955156950672646,1.0
1193,-706.643667,819.905964,-66.075657,-0.10760498046875,2.6656341552734375,0.021122303518084626,225,222,0.9866666666666667,1.0
1194,-704.1813,821.003361,-66.039536,-0.004547119140625,2.695831298828125,0.03612018728936659,206,205,0.9951456310679612,1.0
1195,-701.754854,822.189847,-66.016895,-0.098846435546875,2.699188232421875,0.022641692974356028,219,218,0.9954337899543378,1.0
1196,-699.264475,823.312786,-65.958403,-0.01373291015625,2.7318115234375,0.058491642323895435,217,216,0.9953917050691244,1.0
1197,-696.771459,824.445402,-65.883151,-0.018707275390625,2.7381744384765625,0.0752519755470513,214,214,1.0,1.0
1198,-694.320954,825.593755,-65.864766,-0.046844482421875,2.7058258056640625,0.018385533347876244,214,214,1.0,1.0
1199,-691.918607,826.697036,-65.803237,-0.0245361328125,2.643463134765625,0.06152892787016719,217,217,1.0,1.0
1200,-689.386364,827.828141,-65.773327,0.00616455078125,2.77337646484375,0.029909492704587155,219,219,1.0,1.0
1201,-686.941357,829.002933,-65.730053,-0.068023681640625,2.7117462158203125,0.043274090121875136,217,216,0.9953917050691244,1.0
1202,-684.480777,830.168714,-65.686079,-0.051361083984375,2.7222900390625,0.04397426798026327,222,222,1.0,1.0
1203,-682.049526,831.315266,-65.615149,-0.0438232421875,2.68768310546875,0.07092964583437812,220,219,0.9954545454545455,1.0
1204,-679.523107,832.491422,-65.556635,-0.028167724609375,2.7866363525390625,0.05851383378414213,215,214,0.9953488372093023,1.0
1205,-677.081745,833.650647,-65.515311,-0.04510498046875,2.7022247314453125,0.04132426316691857,217,217,1.0,1.0
1206,-674.693251,834.851148,-65.503233,-0.102630615234375,2.6712493896484375,0.012078387000963588,220,219,0.9954545454545455,1.0
1207,-672.198056,836.057658,-65.478367,-0.06329345703125,2.7708587646484375,0.024865314954512746,218,215,0.9862385321100917,1.0
1208,-669.739123,837.176092,-65.410017,0.00299072265625,2.7013397216796875,0.0683505493645394,213,211,0.9906103286384976,1.0
1209,-667.278374,838.370253,-65.355029,-0.0618896484375,2.7344970703125,0.054987643626174976,215,214,0.9953488372093023,1.0
1210,-664.854633,839.531319,-65.321424,-0.04461669921875,2.6871185302734375,0.033605173512263754,217,216,0.9953917050691244,1.0
1211,-662.393626,840.736062,-65.25194,-0.067169189453125,2.7392425537109375,0.0694843472001848,217,217,1.0,1.0
1212,-660.046869,841.911523,-65.224705,-0.0850830078125,2.6233062744140625,0.027235016621898707,215,214,0.9953488372093023,1.0
1213,-657.581162,843.064204,-65.169465,-0.0133056640625,2.7218017578125,0.05523959362634416,215,214,0.9953488372093023,1.0
1214,-655.186896,844.25683,-65.143256,-0.076934814453125,2.6737518310546875,0.02620948583934967,214,213,0.9953271028037384,1.0
1215,-652.739871,845.472085,-65.111972,-0.074066162109375,2.731170654296875,0.03128341371708595,222,222,1.0,1.0
1216,-650.35147,846.627538,-65.079041,-0.042999267578125,2.652862548828125,0.032931291429328186,219,219,1.0,1.0
1217,-647.934804,847.820958,-65.077556,-0.063995361328125,2.69451904296875,0.0014844271358320713,217,216,0.9953917050691244,1.0
1218,-645.510155,849.020116,-65.06402,-0.065765380859375,2.7041778564453125,0.013535926385801752,212,212,1.0,1.0
1219,-643.085961,850.256046,-65.039087,-0.098663330078125,2.7192840576171875,0.024933617685032567,215,215,1.0,1.0
1220,-640.693225,851.404954,-65.016286,-0.0318603515625,2.654083251953125,0.022800749814395168,223,223,1.0,1.0
1221,-638.264229,852.570306,-64.98132,-0.0303955078125,2.69390869140625,0.03496629102565643,219,219,1.0,1.0
1222,-635.875327,853.791975,-64.955935,-0.09674072265625,2.6814117431640625,0.025384741413330147,219,217,0.9908675799086758,1.0
1223,-633.460616,854.970021,-64.94023,-0.04510498046875,2.686370849609375,0.01570547345854049,217,216,0.9953917050691244,1.0
1224,-631.101967,856.128629,-64.904324,-0.050506591796875,2.6273651123046875,0.03590597084628653,219,219,1.0,1.0
1225,-628.588964,857.35747,-64.87813,-0.0469970703125,2.796966552734375,0.02619390043899409,221,221,1.0,1.0
1226,-626.190376,858.541692,-64.85735,-0.05389404296875,2.6744537353515625,0.020779399157442247,224,222,0.9910714285714286,1.0
1227,-623.694404,859.831115,-64.834293,-0.106781005859375,2.8073272705078125,0.02305687244473115,222,220,0.990990990990991,1.0
1228,-621.240756,861.031429,-64.853554,-0.042999267578125,2.731170654296875,-0.019260521613664438,220,219,0.9954545454545455,1.0
1229,-618.812232,862.258009,-64.85519,-0.078369140625,2.719573974609375,-0.001636525083034842,228,228,1.0,1.0
1230,-616.402397,863.385685,-64.789571,0.003143310546875,2.6606292724609375,0.06561921900671365,223,223,1.0,1.0
1231,-613.999251,864.621045,-64.801706,-0.094085693359375,2.700439453125,-0.012134476980072828,221,221,1.0,1.0
1232,-611.485969,865.765705,-64.744155,0.0343017578125,2.7614593505859375,0.05755109869436281,225,224,0.9955555555555555,1.0
1233,-609.046047,867.051757,-64.781206,-0.122100830078125,2.755401611328125,-0.037051845481293685,225,223,0.9911111111111112,1.0
1234,-606.58924,868.26769,-64.724975,-0.053253173828125,2.74072265625,0.0562312180109253,221,221,1.0,1.0
1235,-604.103846,869.554262,-64.69911,-0.10223388671875,2.796783447265625,0.02586535425035629,212,212,1.0,1.0
1236,-601.66844,870.779985,-64.705601,-0.06732177734375,2.7256317138671875,-0.006491468985523933,219,218,0.9954337899543378,1.0
1237,-599.19674,872.059849,-64.682533,-0.10107421875,2.7815704345703125,0.023068616286235518,221,218,0.9864253393665159,1.0
1238,-596.635134,873.273493,-64.640599,-0.00164794921875,2.834564208984375,0.041933822397709486,224,222,0.9910714285714286,1.0
1239,-594.199086,874.563221,-64.639903,-0.122100830078125,2.753692626953125,0.0006955462146000349,225,225,1.0,1.0
1240,-591.787042,875.757312,-64.582674,-0.045928955078125,2.6910400390625,0.057229526148449145,226,226,1.0,1.0
1241,-589.328225,877.052596,-64.588821,-0.11456298828125,2.776763916015625,-0.006147614934602209,223,223,1.0,1.0
1242,-586.971813,878.294069,-64.605343,-0.110198974609375,2.661163330078125,-0.016521973503969258,220,219,0.9954545454545455,1.0
1243,-584.468574,879.505954,-64.553171,-0.021270751953125,2.7810821533203125,0.05217291821431089,222,222,1.0,1.0
1244,-582.080894,880.781881,-64.567777,-0.126220703125,2.7042694091796875,-0.014606678154093665,224,224,1.0,1.0
1245,-579.646966,882.022842,-64.557374,-0.075469970703125,2.730987548828125,0.01040346524095898,220,218,0.990909090909091,1.0
1246,-577.115393,883.303066,-64.568516,-0.0684814453125,2.8360443115234375,-0.011142474615023013,222,220,0.990990990990991,1.0
1247,-574.665036,884.603569,-64.570902,-0.122222900390625,2.771392822265625,-0.002385724139766699,223,221,0.9910313901345291,1.0
1248,-572.086712,885.883012,-64.574072,-0.048370361328125,2.8779144287109375,-0.0031695551617919497,214,213,0.9953271028037384,1.0
1249,-569.767514,887.049027,-64.599446,-0.057342529296875,2.595184326171875,-0.025374401612739714,218,218,1.0,1.0
1250,-567.450115,888.224333,-64.590344,-0.067657470703125,2.5975189208984375,0.009102051454230101,223,223,1.0,1.0
1251,-565.377813,889.267854,-64.587382,-0.053375244140625,2.3195953369140625,0.002962325763113178,223,222,0.9955156950672646,1.0
1252,-563.264954,890.299288,-64.576981,-0.024932861328125,2.351043701171875,0.010400885761031224,223,222,0.9955156950672646,1.0
1253,-561.387857,891.261603,-64.616818,-0.06329345703125,2.1084442138671875,-0.039836896855032194,226,224,0.9911504424778761,1.0
1254,-559.456763,892.21049,-64.618274,-0.02947998046875,2.15142822265625,-0.0014567243429128498,229,228,0.9956331877729258,1.0
1255,-557.735422,893.094929,-64.631091,-0.06121826171875,1.934295654296875,-0.01281634385339544,227,225,0.9911894273127754,1.0
1256,-556.059205,893.932499,-64.685755,-0.03863525390625,1.8734283447265625,-0.054664597501459286,228,228,1.0,1.0
1257,-554.351223,894.790646,-64.666837,-0.045440673828125,1.9109039306640625,0.01891783705321796,221,221,1.0,1.0
1258,-552.686626,895.549436,-64.66673,0.02642822265625,1.829193115234375,0.000107644969029159,225,225,1.0,1.0
1259,-551.10665,896.386447,-64.631093,-0.080474853515625,1.7861785888671875,0.035637037756774015,220,220,1.0,1.0
1260,-549.560961,897.077655,-64.645767,0.037689208984375,1.692779541015625,-0.014674262398156996,223,222,0.9955156950672646,1.0
1261,-548.017138,897.824909,-64.659257,-0.014190673828125,1.7151031494140625,-0.01349033506950469,221,220,0.995475113122172,1.0
1262,-546.498982,898.558243,-64.69246,-0.01300048828125,1.685943603515625,-0.03320285060109106,227,227,1.0,1.0
1263,-544.968039,899.284256,-64.656381,-0.00189208984375,1.694366455078125,0.03607887946168485,221,221,1.0,1.0
1264,-543.457193,899.934599,-64.669601,0.0589599609375,1.6438140869140625,-0.01321964103414483,226,226,1.0,1.0
1265,-542.06448,900.611359,-64.688773,-0.015838623046875,1.5483551025390625,-0.019172080398292834,216,216,1.0,1.0
1266,-540.533411,901.285497,-64.676384,0.045166015625,1.67230224609375,0.012388529602164225,219,217,0.9908675799086758,1.0
1267,-539.1601,901.997877,-64.702973,-0.0565185546875,1.546051025390625,-0.026588320376992842,217,216,0.9953917050691244,1.0
1268,-537.672667,902.634191,-64.69025,0.060302734375,1.61669921875,0.012723147531864362,216,215,0.9953703703703703,1.0
1269,-536.255182,903.269791,-64.693157,0.031402587890625,1.5531463623046875,-0.0029070548569328186,221,219,0.9909502262443439,1.0
1270,-534.733657,903.877971,-64.655144,0.1005859375,1.6354827880859375,0.03801254604904261,213,211,0.9906103286384976,1.0
1271,-533.30259,904.49043,-64.615486,0.05908203125,1.5554962158203125,0.03965828526485578,220,219,0.9954545454545455,1.0
1272,-531.884056,905.044898,-64.605561,0.107177734375,1.5192718505859375,0.00992490522896544,221,220,0.995475113122172,1.0
1273,-530.556595,905.640608,-64.640403,0.0311279296875,1.4546661376953125,-0.03484224573917179,219,219,1.0,1.0
1274,-529.325384,906.130854,-64.596937,0.084320068359375,1.322540283203125,0.043466616724187376,219,219,1.0,1.0
1275,-528.228346,906.613426,-64.555739,0.034698486328125,1.1979827880859375,0.04119775722978096,225,225,1.0,1.0
1276,-527.306912,907.032733,-64.596185,0.017242431640625,1.01220703125,-0.040445710210828066,221,221,1.0,1.0
1277,-526.439423,907.46313,-64.565234,-0.016632080078125,0.9682464599609375,0.03095052715316942,226,226,1.0,1.0
1278,-525.690844,907.799268,-64.544328,0.0179443359375,0.8203887939453125,0.02090600201177578,227,227,1.0,1.0
1279,-524.978962,908.066354,-64.535974,0.0648193359375,0.757568359375,0.008353565386933453,223,223,1.0,1.0
1280,-524.546684,908.351031,-64.530691,-0.0711669921875,0.5126800537109375,0.005283388494337922,221,221,1.0,1.0
1281,-524.22732,908.54226,-64.505833,-0.035308837890625,0.3705596923828125,0.024857682660432884,229,229,1.0,1.0
1282,-523.836149,908.806383,-64.512166,-0.070037841796875,0.466766357421875,-0.0063321694721940915,223,222,0.9955156950672646,1.0
1283,-523.399244,908.961719,-64.485467,0.04779052734375,0.4612274169921875,0.026699025025126787,224,224,1.0,1.0
1284,-523.165796,909.063131,-64.49738,0.009033203125,0.254364013671875,-0.011913678267014106,233,232,0.9957081545064378,1.0
1285,-523.108031,909.132174,-64.506175,-0.037445068359375,0.0818634033203125,-0.008795152934680714,239,239,1.0,1.0
1286,-523.188573,909.177887,-64.510251,-0.075927734375,-0.0530242919921875,-0.004075980134013483,238,238,1.0,1.0
1287,-523.298692,909.125421,-64.499383,-3.0517578125e-05,-0.121978759765625,0.010868241935856962,233,233,1.0,1.0
1288,-523.465505,909.069183,-64.490738,-0.02105712890625,-0.174774169921875,0.008644737191261995,233,233,1.0,1.0
1289,-523.683752,908.99172,-64.486246,-0.024078369140625,-0.2303314208984375,0.004492579865647015,235,235,1.0,1.0
1290,-523.855158,908.940381,-64.493639,-0.027496337890625,-0.1768035888671875,-0.007393471468826622,232,231,0.9956896551724138,1.0
1291,-523.977998,908.850901,-64.484984,0.027862548828125,-0.1493988037109375,0.008655714188548517,225,225,1.0,1.0
1292,-524.192829,908.427588,-65.87833,0.28948974609375,-0.376220703125,-1.3933464931712591,214,212,0.9906542056074766,1.0
1293,-523.733934,908.575291,-71.922281,0.052734375,0.47918701171875,-6.043951376737451,213,213,1.0,1.0
1294,-523.019174,908.830047,-78.609391,-0.0203857421875,0.7585296630859375,-6.687110026607855,204,202,0.9901960784313726,1.0
1295,-522.005794,909.161283,-85.343723,-0.12457275390625,1.058837890625,-6.734331426486221,205,202,0.9853658536585366,1.0
1296,-520.957147,909.414421,-91.492596,-0.16717529296875,1.06573486328125,-6.148873595498432,200,200,1.0,1.0
1297,-520.081616,909.619071,-96.542922,-0.227386474609375,0.869903564453125,-5.050325165825714,204,203,0.9950980392156863,1.0
1298,-519.249992,909.578274,-99.993909,-0.054229736328125,0.8308563232421875,-3.45098730089797,207,205,0.9903381642512077,1.0
1299,-518.857225,909.502027,-102.362741,0.006927490234375,0.4000396728515625,-2.368832478686202,213,211,0.9906103286384976,1.0
1300,-518.436882,909.269462,-104.077573,0.137176513671875,0.46038818359375,-1.7148311781064849,216,215,0.9953703703703703,1.0
1301,-518.036786,909.005998,-105.451451,0.158233642578125,0.4521636962890625,-1.3738782307656148,213,212,0.9953051643192489,1.0
1302,-517.723818,908.740442,-106.568519,0.172576904296875,0.372406005859375,-1.1170684104923356,210,210,1.0,1.0
1303,-517.307086,908.442073,-107.456765,0.167144775390625,0.4845123291015625,-0.8882461498935514,211,210,0.995260663507109,1.0
1304,-516.872625,908.074345,-108.16745,0.220458984375,0.5247650146484375,-0.7106848846116967,208,207,0.9951923076923077,1.0
1305,-516.352333,907.722235,-108.699978,0.172332763671875,0.6041412353515625,-0.5325279292414455,206,203,0.9854368932038835,1.0
1306,-515.729533,907.38262,-109.133137,0.12200927734375,0.6988067626953125,-0.43315861473346207,218,218,1.0,1.0
1307,-515.057449,907.012915,-109.464563,0.128997802734375,0.756134033203125,-0.33142656604904347,218,216,0.9908256880733946,1.0
1308,-514.288105,906.676308,-109.752592,0.061004638671875,0.8375396728515625,-0.28802821092934183,208,207,0.9951923076923077,1.0
1309,-513.419075,906.237078,-110.02268,0.11968994140625,0.966339111328125,-0.2700882355813219,210,210,1.0,1.0
1310,-512.14906,905.759157,-110.200471,0.014190673828125,1.3568878173828125,-0.1777913239480386,217,217,1.0,1.0
1311,-510.768231,905.351545,-110.378215,-0.094268798828125,1.4366455078125,-0.17774373028715212,222,222,1.0,1.0
1312,-509.186202,904.809097,-110.515059,-0.042388916015625,1.671905517578125,-0.13684392728270497,224,224,1.0,1.0
1313,-507.458359,904.245362,-110.610721,-0.077545166015625,1.815826416015625,-0.09566178410627166,228,227,0.9956140350877193,1.0
1314,-505.473085,903.503711,-110.619527,-0.004669189453125,2.1192779541015625,-0.008806079418028176,218,217,0.9954128440366973,1.0
1315,-503.411398,902.762143,-110.698146,-0.031982421875,2.190765380859375,-0.0786192545401636,224,222,0.9910714285714286,1.0
1316,-501.162935,901.94552,-110.74725,-0.030792236328125,2.3919677734375,-0.049104369501411775,226,225,0.995575221238938,1.0
1317,-498.728566,900.951592,-110.771528,0.067108154296875,2.62860107421875,-0.024277331822907807,225,224,0.9955555555555555,1.0
1318,-496.134021,899.978524,-110.808093,-0.01031494140625,2.77099609375,-0.03656535359272646,223,222,0.9955156950672646,1.0
1319,-493.340553,898.894113,-110.834905,0.021331787109375,2.996490478515625,-0.02681188786593682,224,224,1.0,1.0
1320,-490.407369,897.770933,-110.860695,0.0064697265625,3.140869140625,-0.025790274746062124,222,221,0.9954954954954955,1.0
1321,-487.366394,896.547195,-110.870153,0.060638427734375,3.27740478515625,-0.00945788633781723,223,222,0.9955156950672646,1.0
1322,-484.504675,895.472286,-110.874741,-0.015106201171875,3.0569000244140625,-0.0045877499613090995,223,223,1.0,1.0
1323,-481.42147,894.260064,-110.856134,0.034027099609375,3.312774658203125,0.018606382668496884,224,224,1.0,1.0
1324,-478.321706,893.034488,-110.871585,0.04168701171875,3.3329925537109375,-0.015450183956606673,218,217,0.9954128440366973,1.0
1325,-475.286287,891.920374,-110.852808,-0.040435791015625,3.2331695556640625,0.018776832128433434,218,217,0.9954128440366973,1.0
1326,-472.297183,890.814847,-110.826841,-0.030914306640625,3.1868438720703125,0.025966424162800403,225,224,0.9955555555555555,1.0
1327,-469.208646,889.686429,-110.795745,-0.043426513671875,3.287933349609375,0.03109591888401933,217,216,0.9953917050691244,1.0
1328,-466.246141,888.674606,-110.807779,-0.10589599609375,3.1287384033203125,-0.012033345955425365,221,219,0.9909502262443439,1.0
1329,-463.261692,887.507842,-110.720456,0.030487060546875,3.2042694091796875,0.08732245147628782,225,223,0.9911111111111112,1.0
1330,-460.33757,886.513238,-110.729387,-0.10430908203125,3.086883544921875,-0.008930803946057126,226,226,1.0,1.0
1331,-457.48243,885.392268,-110.654596,0.037811279296875,3.06707763671875,0.07479099761526672,225,225,1.0,1.0
1332,-454.649504,884.299997,-110.632912,0.022796630859375,3.0361175537109375,0.02168417567638694,222,222,1.0,1.0
1333,-452.01655,883.358272,-110.606089,-0.046478271484375,2.7959136962890625,0.026823146137512358,217,217,1.0,1.0
1334,-449.311934,882.314545,-110.58239,0.02508544921875,2.8989105224609375,0.023698488233313535,219,219,1.0,1.0
1335,-446.747157,881.384789,-110.574051,-0.03125,2.7279205322265625,0.008339118708384923,215,214,0.9953488372093023,1.0
1336,-444.236075,880.445428,-110.559262,-0.00299072265625,2.6810302734375,0.014788683805354285,219,218,0.9954337899543378,1.0
1337,-441.789199,879.462147,-110.513627,0.061370849609375,2.6363372802734375,0.045635241475119714,227,225,0.9911894273127754,1.0
1338,-439.277206,878.500016,-110.486916,0.020843505859375,2.6898651123046875,0.026711571646724126,225,225,1.0,1.0
1339,-436.685015,877.525972,-110.43768,0.00518798828125,2.7691497802734375,0.04923546156173278,228,227,0.9956140350877193,1.0
1340,-434.195992,876.625252,-110.443772,-0.025115966796875,2.6468658447265625,-0.006091940654349118,221,221,1.0,1.0
1341,-431.593222,875.681277,-110.459123,-0.02459716796875,2.7685546875,-0.01535124899002562,221,221,1.0,1.0
1342,-429.030514,874.737157,-110.435881,-0.011199951171875,2.7310638427734375,0.023242160340972658,228,226,0.9912280701754386,1.0
1343,-426.385241,873.818591,-110.436766,-0.0628662109375,2.7995147705078125,-0.0008845247977369515,224,223,0.9955357142857143,1.0
1344,-423.795313,872.929656,-110.451396,-0.07135009765625,2.7373046875,-0.014629768089291671,221,221,1.0,1.0
1345,-421.129281,871.934956,-110.442801,0.000457763671875,2.845550537109375,0.00859462714142597,221,219,0.9909502262443439,1.0
1346,-418.546816,871.013092,-110.454035,-0.038177490234375,2.7418060302734375,-0.011233917125387845,219,218,0.9954337899543378,1.0
1347,-415.932554,870.040883,-110.421438,-0.002655029296875,2.7891845703125,0.03259711609462117,218,218,1.0,1.0
1348,-413.375226,869.16376,-110.458125,-0.0703125,2.7026519775390625,-0.036686991144273935,222,222,1.0,1.0
1349,-410.73366,868.169394,-110.42587,0.00836181640625,2.822509765625,0.03225445300309505,222,221,0.9954954954954955,1.0
1350,-408.129678,867.15415,-110.350893,0.042633056640625,2.7945709228515625,0.07497673431524753,227,227,1.0,1.0
1351,-405.529316,866.279912,-110.404384,-0.08465576171875,2.7420806884765625,-0.05349082756069895,225,223,0.9911111111111112,1.0
1352,-402.889138,865.215528,-110.384317,0.077117919921875,2.845611572265625,0.02006725693723421,213,213,1.0,1.0
1353,-400.147435,864.158596,-110.375209,0.0357666015625,2.9381561279296875,0.009108192783550203,220,220,1.0,1.0
1354,-397.602141,863.212026,-110.376667,0.00115966796875,2.715606689453125,-0.0014579475568327301,222,221,0.9954954954954955,1.0
1355,-394.920899,862.294288,-110.362576,-0.073272705078125,2.8330078125,0.014091187278401668,216,215,0.9953703703703703,1.0
1356,-392.304701,861.244371,-110.320703,0.073974609375,2.8180389404296875,0.04187285587772617,223,223,1.0,1.0
1357,-389.691249,860.254326,-110.319871,0.020843505859375,2.79461669921875,0.0008315721960529618,228,227,0.9956140350877193,1.0
1358,-387.119469,859.29684,-110.346878,0.00482177734375,2.744232177734375,-0.027006933490560273,221,221,1.0,1.0
1359,-384.482896,858.218253,-110.279102,0.09454345703125,2.8470916748046875,0.0677760908608571,219,219,1.0,1.0
1360,-381.882282,857.264167,-110.328073,-0.00640869140625,2.7700958251953125,-0.04897050075616268,220,220,1.0,1.0
1361,-379.311362,856.331022,-110.336256,-0.018096923828125,2.7349700927734375,-0.008183628330332468,215,215,1.0,1.0
1362,-376.697568,855.456295,-110.370454,-0.088165283203125,2.7548675537109375,-0.03419758565779614,226,225,0.995575221238938,1.0
1363,-374.131436,854.500438,-110.363253,0.002838134765625,2.738372802734375,0.007201014089781275,220,219,0.9954545454545455,1.0
1364,-371.541117,853.594531,-110.378821,-0.05206298828125,2.7436676025390625,-0.015568018722690315,219,219,1.0,1.0
1365,-368.871484,852.627829,-110.334743,-0.0234375,2.83917236328125,0.044078181096323076,222,222,1.0,1.0
1366,-366.244443,851.605883,-110.316119,0.04534912109375,2.818450927734375,0.018623813397496053,220,220,1.0,1.0
1367,-363.637702,850.701249,-110.328466,-0.05670166015625,2.7586669921875,-0.012346936563064487,219,219,1.0,1.0
1368,-361.01955,849.771381,-110.305984,-0.03759765625,2.7781219482421875,0.022482057340486604,218,218,1.0,1.0
1369,-358.441806,848.860524,-110.307543,-0.040313720703125,2.733642578125,-0.0015589920890521163,215,215,1.0,1.0
1370,-355.800472,847.852514,-110.279638,0.028656005859375,2.826995849609375,0.027904861394126353,221,221,1.0,1.0
1371,-353.218597,846.914499,-110.27092,-0.0150146484375,2.7469482421875,0.008717667493349906,220,220,1.0,1.0
1372,-350.581767,845.973518,-110.24656,-0.030853271484375,2.799530029296875,0.024360086673231005,226,226,1.0,1.0
1373,-347.99564,844.966277,-110.204753,0.050048828125,2.77490234375,0.04180709377866636,224,224,1.0,1.0
1374,-345.415685,844.04642,-110.230213,-0.027801513671875,2.7388916015625,-0.025460373751941056,219,219,1.0,1.0
1375,-342.815844,843.102651,-110.224064,-0.013458251953125,2.76580810546875,0.006149183057670604,223,223,1.0,1.0
1376,-340.175688,842.243377,-110.231757,-0.10638427734375,2.7744293212890625,-0.007693129533411165,226,226,1.0,1.0
1377,-337.585122,841.275984,-110.220666,0.0118408203125,2.7652740478515625,0.011090857503392936,223,223,1.0,1.0
1378,-334.98804,840.358017,-110.246735,-0.0362548828125,2.754302978515625,-0.026068123342174388,225,225,1.0,1.0
1379,-332.431424,839.414509,-110.227972,0.000457763671875,2.72515869140625,0.018762285022369117,225,224,0.9955555555555555,1.0
1380,-329.805637,838.441065,-110.202368,0.005523681640625,2.8004150390625,0.025604498035837742,218,217,0.9954128440366973,1.0
1381,-327.316713,837.545038,-110.242955,-0.01861572265625,2.645233154296875,-0.04058767866370424,220,219,0.9954545454545455,1.0
1382,-324.680717,836.555795,-110.191663,0.016082763671875,2.815460205078125,0.051292066303479954,220,220,1.0,1.0
1383,-322.163565,835.710101,-110.238015,-0.075103759765625,2.65435791015625,-0.04635187830116212,216,215,0.9953703703703703,1.0
1384,-319.55124,834.711434,-110.229343,0.033355712890625,2.7965087890625,0.008671785564474784,219,218,0.9954337899543378,1.0
1385,-316.926464,833.760179,-110.220509,-0.0150146484375,2.7917938232421875,0.008834039974029609,216,215,0.9953703703703703,1.0
1386,-314.396612,832.888545,-110.240334,-0.056488037109375,2.675201416015625,-0.019824509042000758,214,212,0.9906542056074766,1.0
1387,-311.931347,832.086836,-110.266218,-0.100677490234375,2.59039306640625,-0.025884387309953415,213,212,0.9953051643192489,1.0
1388,-309.392827,831.107447,-110.262141,0.039459228515625,2.720611572265625,0.0040768013486786134,209,208,0.9952153110047847,1.0
1389,-306.820937,830.196329,-110.269598,-0.03594970703125,2.728271484375,-0.007456210717652665,219,218,0.9954337899543378,1.0
1390,-304.128312,829.320891,-110.262775,-0.111602783203125,2.82916259765625,0.006822204254186072,213,213,1.0,1.0
1391,-301.60369,828.3376,-110.23514,0.048095703125,2.70892333984375,0.027635520804791723,216,215,0.9953703703703703,1.0
1392,-299.019359,827.489747,-110.247532,-0.09832763671875,2.71807861328125,-0.012392083877217356,214,214,1.0,1.0
1393,-296.451076,826.583954,-110.252914,-0.03900146484375,2.723052978515625,-0.005381449851641615,213,213,1.0,1.0
1394,-293.887701,825.681422,-110.290859,-0.040618896484375,2.717315673828125,-0.03794534248285838,216,214,0.9907407407407407,1.0
1395,-291.204136,824.795135,-110.268429,-0.099334716796875,2.8243865966796875,0.022429576015925712,207,206,0.9951690821256038,1.0
1396,-288.481355,823.704972,-110.190144,0.079437255859375,2.9318389892578125,0.07828535700474655,212,211,0.9952830188679245,1.0
1397,-285.859426,822.813735,-110.198125,-0.068450927734375,2.7684173583984375,-0.00798114742854537,219,216,0.9863013698630136,1.0
1398,-283.265801,821.917964,-110.209623,-0.0548095703125,2.743408203125,-0.011497566083933953,209,207,0.9904306220095693,1.0
1399,-280.586623,820.84423,-110.194129,0.08209228515625,2.885162353515625,0.015493255504790046,210,210,1.0,1.0
1400,-277.940432,820.004441,-110.192456,-0.12530517578125,2.7734222412109375,0.0016737644659343888,210,210,1.0,1.0
1401,-275.364742,819.082909,-110.22675,-0.024169921875,2.7354736328125,-0.03429388789707696,214,214,1.0,1.0
1402,-272.736415,818.242491,-110.221365,-0.1201171875,2.756805419921875,0.005384294191278362,212,212,1.0,1.0
1403,-269.979927,817.325579,-110.128546,-0.092376708984375,2.9035186767578125,0.09281960410489676,211,211,1.0,1.0
1404,-267.335933,816.365101,-110.112554,-0.008056640625,2.8130340576171875,0.0159913663596117,212,210,0.9905660377358491,1.0
1405,-264.681655,815.447485,-110.045896,-0.051055908203125,2.807952880859375,0.06665814772311345,210,208,0.9904761904761905,1.0
1406,-262.178276,814.54205,-110.129177,-0.00750732421875,2.662078857421875,-0.08328076890811463,218,217,0.9954128440366973,1.0
1407,-259.630398,813.635164,-110.144139,-0.02532958984375,2.704345703125,-0.014962491452445364,219,217,0.9908675799086758,1.0
1408,-257.01832,812.659184,-110.177226,0.0167236328125,2.7884063720703125,-0.03308699264489792,214,213,0.9953271028037384,1.0
1409,-254.410097,811.706801,-110.121434,-0.005706787109375,2.7766571044921875,0.05579199901135247,218,217,0.9954128440366973,1.0
1410,-251.616448,810.584124,-110.058363,0.093109130859375,3.0093536376953125,0.06307150257567377,216,216,1.0,1.0
1411,-249.017506,809.669918,-110.062768,-0.032623291015625,2.754852294921875,-0.004405138219496648,214,213,0.9953271028037384,1.0
1412,-246.324427,808.696186,-110.054598,-0.00921630859375,2.8636932373046875,0.008169735135217012,208,206,0.9903846153846154,1.0
1413,-243.715084,807.800954,-110.071374,-0.0538330078125,2.75811767578125,-0.016776013190129516,209,209,1.0,1.0
1414,-241.256509,806.876838,-110.104441,0.02423095703125,2.62640380859375,-0.03306658347983449,218,214,0.981651376146789,1.0
1415,-238.588656,806.022922,-110.128594,-0.115142822265625,2.7988128662109375,-0.024152971249822165,215,215,1.0,1.0
1416,-235.974494,805.197341,-110.080774,-0.12445068359375,2.7386016845703125,0.047820145456322134,217,217,1.0,1.0
1417,-233.372081,804.314901,-110.067292,-0.064727783203125,2.7471923828125,0.013481996608361666,209,209,1.0,1.0
1418,-230.810421,803.48228,-110.109704,-0.096893310546875,2.69183349609375,-0.04241201926641274,210,208,0.9904761904761905,1.0
1419,-228.209372,802.587942,-110.16576,-0.054473876953125,2.749969482421875,-0.05605654026604056,218,216,0.9908256880733946,1.0
1420,-225.459549,801.585547,-110.179134,-0.00701904296875,2.92681884765625,-0.013373959003942624,212,210,0.9905660377358491,1.0
1421,-222.821036,800.603629,-110.208419,0.011474609375,2.815277099609375,-0.029284554010289083,208,207,0.9951923076923077,1.0
1422,-220.218503,799.673811,-110.230936,-0.02642822265625,2.763519287109375,-0.02251723169726184,201,200,0.9950248756218906,1.0
1423,-217.471474,798.732027,-110.231409,-0.066253662109375,2.903228759765625,-0.0004733841480397914,206,205,0.9951456310679612,1.0
1424,-215.032768,797.738236,-110.257919,0.089141845703125,2.6319122314453125,-0.026510040134539056,206,205,0.9951456310679612,1.0
1425,-212.591724,796.924354,-110.264976,-0.0816650390625,2.5718536376953125,-0.007056581272536512,216,214,0.9907407407407407,1.0
1426,-210.334651,796.130954,-110.262181,-0.0374755859375,2.3921661376953125,0.0027952890001301327,205,204,0.9951219512195122,1.0
1427,-208.168941,795.541378,-110.307087,-0.196929931640625,2.235870361328125,-0.04490633468661236,215,215,1.0,1.0
1428,-206.222516,794.783191,-110.352041,0.035552978515625,2.0885772705078125,-0.044954294436569654,217,215,0.9907834101382489,1.0
1429,-204.246831,794.133226,-110.36319,-0.077728271484375,2.078399658203125,-0.011148587640142007,217,216,0.9953917050691244,1.0
1430,-202.368239,793.510078,-110.367476,-0.069488525390625,1.97802734375,-0.004285679057206047,206,205,0.9951456310679612,1.0
1431,-200.655457,792.899272,-110.358904,-0.02349853515625,1.8182830810546875,0.00857154406975448,208,208,1.0,1.0
1432,-198.930574,792.346569,-110.391877,-0.0819091796875,1.809417724609375,-0.032972621770294044,207,207,1.0,1.0
1433,-197.348161,791.789227,-110.418902,-0.028961181640625,1.6774444580078125,-0.027024841931314214,210,210,1.0,1.0
1434,-195.647133,791.190174,-110.397172,-0.03204345703125,1.8031463623046875,0.021729514949640007,213,211,0.9906103286384976,1.0
1435,-194.095643,790.742038,-110.421557,-0.120697021484375,1.6103973388671875,-0.024385428977158608,205,204,0.9951219512195122,1.0
1436,-192.62605,790.228511,-110.43554,-0.031524658203125,1.5564117431640625,-0.01398267715220143,211,210,0.995260663507109,1.0
1437,-191.188653,789.635418,-110.472994,0.05389404296875,1.55401611328125,-0.03745397615012285,213,213,1.0,1.0
1438,-189.59964,789.136991,-110.479925,-0.088836669921875,1.6629791259765625,-0.0069313498790392475,212,211,0.9952830188679245,1.0
1439,-188.19645,788.621944,-110.48394,-0.008453369140625,1.4947052001953125,-0.004015032536020313,212,211,0.9952830188679245,1.0
1440,-186.77229,788.023762,-110.494829,0.061981201171875,1.5434417724609375,-0.010889028188633184,207,206,0.9951690821256038,1.0
1441,-185.334809,787.488184,-110.535508,-0.001617431640625,1.5340118408203125,-0.040678193876366245,210,210,1.0,1.0
1442,-183.840332,786.995792,-110.538878,-0.063140869140625,1.572235107421875,-0.003370102400539523,207,206,0.9951690821256038,1.0
1443,-182.505026,786.487329,-110.601761,0.007659912109375,1.4288177490234375,-0.06288295094362654,209,208,0.9952153110047847,1.0
1444,-181.04233,785.881344,-110.603194,0.05255126953125,1.5823822021484375,-0.001433518572573877,209,208,0.9952153110047847,1.0
1445,-179.689146,785.341494,-110.607927,0.029144287109375,1.45660400390625,-0.0047332253293094935,210,209,0.9952380952380953,1.0
1446,-178.280526,784.822011,-110.605104,-0.009552001953125,1.5013275146484375,0.002823570978155011,210,209,0.9952380952380953,1.0
1447,-176.952132,784.355365,-110.617879,-0.03070068359375,1.4076385498046875,-0.012775194157122909,211,210,0.995260663507109,1.0
1448,-175.759879,783.874717,-110.647428,0.030029296875,1.2851409912109375,-0.029549197033590012,210,210,1.0,1.0
1449,-174.633523,783.411801,-110.647777,0.0360107421875,1.2172393798828125,-0.0003484189975781209,213,213,1.0,1.0
1450,-173.663158,783.043206,-110.636394,0.00274658203125,1.0380096435546875,0.011383196313222666,217,217,1.0,1.0
1451,-172.810603,782.79443,-110.660861,-0.067657470703125,0.885528564453125,-0.024467904509052618,216,216,1.0,1.0
1452,-172.028404,782.54435,-110.656517,-0.0419921875,0.82012939453125,0.004344617391603311,220,220,1.0,1.0
1453,-171.365651,782.325475,-110.59155,-0.02899169921875,0.697357177734375,0.06496730282326682,210,209,0.9952380952380953,1.0
1454,-170.857976,782.15733,-110.625106,-0.021148681640625,0.5343780517578125,-0.03355623899980085,211,211,1.0,1.0
1455,-170.398288,781.975706,-110.599179,0.008056640625,0.49420166015625,0.025927160824133207,222,222,1.0,1.0
1456,-169.937679,781.755146,-110.597107,0.044403076171875,0.508758544921875,0.0020716006186223064,218,217,0.9954128440366973,1.0
1457,-169.592485,781.690065,-110.554728,-0.060516357421875,0.3460235595703125,0.042378665010104066,226,226,1.0,1.0
1458,-169.559139,781.693075,-110.557379,-0.0145263671875,0.0301666259765625,-0.0026506886656107544,232,232,1.0,1.0
1459,-169.628205,781.762424,-110.552485,-0.040679931640625,-0.089019775390625,0.004894266321952354,232,232,1.0,1.0
1460,-169.77478,781.96199,-110.541979,-0.135406494140625,-0.207305908203125,0.010506166775059759,227,227,1.0,1.0
1461,-169.997084,782.141692,-110.566947,-0.09027099609375,-0.2712249755859375,-0.024968638905095264,223,222,0.9955156950672646,1.0
1462,-170.139632,782.304372,-110.545801,-0.10223388671875,-0.19061279296875,0.021146295927687585,229,229,1.0,1.0
1463,-170.341972,782.366064,-110.540915,0.01324462890625,-0.21112060546875,0.004886040309648233,221,220,0.995475113122172,1.0
1464,-170.517409,782.513339,-110.529536,-0.07635498046875,-0.2159576416015625,0.011379071252729247,226,226,1.0,1.0
1465,-170.859693,782.254478,-111.316153,0.362457275390625,-0.229766845703125,-0.7866172596979162,205,204,0.9951219512195122,1.0
1466,-170.464892,782.279481,-115.531942,-0.16680908203125,0.35870361328125,-4.215789338899529,204,204,1.0,1.0
1467,-169.941331,782.323498,-119.888357,-0.265380859375,0.453460693359375,-4.356414941508202,202,202,1.0,1.0
1468,-169.407447,782.269516,-123.08033,-0.21923828125,0.489776611328125,-3.191972364507216,204,201,0.9852941176470589,1.0
1469,-169.06706,782.051393,-125.18118,-0.003021240234375,0.404266357421875,-2.1008500031480835,198,196,0.98989898989899,1.0
1470,-168.776928,781.906499,-126.653916,-0.048736572265625,0.32061767578125,-1.4727361552912785,201,200,0.9950248756218906,1.0
1471,-168.574182,781.508753,-127.905019,0.19805908203125,0.4001007080078125,-1.251103300328026,195,195,1.0,1.0
1472,-168.341488,781.222718,-128.903311,0.082733154296875,0.3593292236328125,-0.9982914116331509,202,202,1.0,1.0
1473,-168.272226,780.845102,-129.748868,0.2503662109375,0.291046142578125,-0.8455577659318252,205,202,0.9853658536585366,1.0
1474,-168.064661,780.524229,-130.340313,0.113983154296875,0.3647613525390625,-0.5914445531974909,198,197,0.9949494949494949,1.0
1475,-167.933922,780.191385,-130.8689,0.1690673828125,0.3151092529296875,-0.5285873184607565,209,208,0.9952153110047847,1.0
1476,-167.757677,779.888195,-131.275915,0.11395263671875,0.3316650390625,-0.40701453996447295,203,201,0.9901477832512315,1.0
1477,-167.439084,779.482133,-131.666781,0.095001220703125,0.5073089599609375,-0.3908666537948089,204,202,0.9901960784313726,1.0
1478,-167.105758,778.83764,-131.952939,0.259857177734375,0.677459716796875,-0.28615727287873705,198,197,0.9949494949494949,1.0
1479,-166.575308,778.337173,-132.241777,0.017578125,0.72906494140625,-0.28883808975497377,207,207,1.0,1.0
1480,-166.04431,777.77889,-132.426904,0.05633544921875,0.7684173583984375,-0.18512740374973943,204,204,1.0,1.0
1481,-165.514298,777.0937,-132.6459,0.148193359375,0.853485107421875,-0.2189961243873306,207,207,1.0,1.0
1482,-164.820659,776.258761,-132.826459,0.14422607421875,1.0758514404296875,-0.18055824673781098,205,204,0.9951219512195122,1.0
1483,-163.944899,775.494442,-133.036864,-0.034759521484375,1.161865234375,-0.2104050048435885,207,205,0.9903381642512077,1.0
1484,-162.913758,774.447807,-133.163566,0.061279296875,1.4679718017578125,-0.12670225420873382,206,205,0.9951456310679612,1.0
1485,-161.732486,773.321146,-133.290702,0.013702392578125,1.632354736328125,-0.1271365191544719,203,203,1.0,1.0
1486,-160.502574,772.119202,-133.447381,0.031524658203125,1.7194061279296875,-0.15667879862208595,205,205,1.0,1.0
1487,-159.095623,770.807862,-133.596908,-0.0155029296875,1.923248291015625,-0.14952732054697332,208,208,1.0,1.0
1488,-157.645287,769.359663,-133.733673,0.048675537109375,2.0489959716796875,-0.1367646379022965,209,208,0.9952153110047847,1.0
1489,-156.050186,767.886267,-133.876256,-0.0380859375,2.1711273193359375,-0.14258324907008493,215,214,0.9953488372093023,1.0
1490,-154.241668,766.18315,-134.016848,-0.02581787109375,2.4840850830078125,-0.1405914041821389,206,205,0.9951456310679612,1.0
1491,-152.208585,764.39024,-134.150022,-0.123382568359375,2.7079010009765625,-0.13317446936097943,206,206,1.0,1.0
1492,-150.122665,762.452031,-134.277289,-0.062225341796875,2.8467254638671875,-0.1272666687513768,205,204,0.9951219512195122,1.0
1493,-147.900027,760.401687,-134.417574,-0.083709716796875,3.0227508544921875,-0.1402848939029802,205,205,1.0,1.0
1494,-145.597305,758.308996,-134.570349,-0.116912841796875,3.109375,-0.15277529479705632,204,203,0.9950980392156863,1.0
1495,-143.250724,756.236299,-134.721884,-0.17022705078125,3.1262664794921875,-0.15153489790307711,209,209,1.0,1.0
1496,-140.838976,754.102977,-134.820103,-0.1812744140625,3.2147674560546875,-0.09821861642075297,211,211,1.0,1.0
1497,-138.662122,751.955324,-134.893348,-0.01104736328125,3.0579376220703125,-0.07324557916488796,211,210,0.995260663507109,1.0
1498,-136.332049,749.826771,-134.957816,-0.136627197265625,3.152984619140625,-0.06446748813998751,208,208,1.0,1.0
1499,-134.218259,747.628458,-134.992151,0.06201171875,3.049072265625,-0.03433552732769028,207,206,0.9951690821256038,1.0
1500,-132.047063,745.532985,-135.049552,-0.053131103515625,3.016998291015625,-0.05740033481660122,208,206,0.9903846153846154,1.0
1501,-129.886608,743.411554,-135.117615,-0.03021240234375,3.0277252197265625,-0.06806349441858763,207,207,1.0,1.0
1502,-128.819903,742.434264,-135.191173,-0.066192626953125,1.4451904296875,-0.0735580914743413,210,208,0.9904761904761905,1.0
1503,-126.818369,740.322502,-135.239116,0.0682373046875,2.908782958984375,-0.04794309727446228,218,216,0.9908256880733946,1.0
1504,-124.746716,738.331996,-135.302337,-0.069366455078125,2.8721160888671875,-0.06322113835196388,210,209,0.9952380952380953,1.0
1505,-122.673924,736.257779,-135.331746,-0.01446533203125,2.932342529296875,-0.029408521764166883,215,212,0.986046511627907,1.0
1506,-120.671749,734.288586,-135.367675,-0.039581298828125,2.8079986572265625,-0.035929634095455625,208,207,0.9951923076923077,1.0
1507,-118.749482,732.356128,-135.455131,-0.010284423828125,2.7256927490234375,-0.08745541135020019,212,211,0.9952830188679245,1.0
1508,-116.711351,730.352529,-135.476943,-0.047119140625,2.8576507568359375,-0.021812578510493112,211,210,0.995260663507109,1.0
1509,-114.758357,728.349817,-135.548295,0.011871337890625,2.79730224609375,-0.07135125428826214,205,201,0.9804878048780488,1.0
1510,-112.821695,726.401789,-135.563007,-0.01824951171875,2.7468414306640625,-0.014711944066232134,204,202,0.9901960784313726,1.0
1511,-110.872928,724.443677,-135.633303,-0.020538330078125,2.76251220703125,-0.07029606775943857,206,205,0.9951456310679612,1.0
1512,-109.113407,722.479371,-135.686003,0.115692138671875,2.63458251953125,-0.0526998551730808,210,210,1.0,1.0
1513,-107.149508,720.542617,-135.764247,-0.052215576171875,2.75775146484375,-0.07824479743781287,208,207,0.9951923076923077,1.0
1514,-105.171156,718.593231,-135.780051,-0.057525634765625,2.7768096923828125,-0.015803478319434683,203,203,1.0,1.0
1515,-103.199303,716.696773,-135.840414,-0.090545654296875,2.7343292236328125,-0.06036352911914316,207,205,0.9903381642512077,1.0
1516,-101.30828,714.778882,-135.8663,-0.0205078125,2.69329833984375,-0.02588515868643996,212,211,0.9952830188679245,1.0
1517,-99.340188,712.800407,-135.88401,-0.03485107421875,2.790435791015625,-0.01771058930836803,214,214,1.0,1.0
1518,-97.3826,710.940468,-135.950315,-0.110687255859375,2.6980133056640625,-0.06630464302229436,212,211,0.9952830188679245,1.0
1519,-95.596181,709.141012,-136.08763,-0.0328369140625,2.535400390625,-0.1373152932481663,205,204,0.9951219512195122,1.0
1520,-93.636247,707.119477,-136.135067,-0.0098876953125,2.815643310546875,-0.047436590689117625,201,200,0.9950248756218906,1.0
1521,-91.79096,705.269347,-136.150462,-0.04833984375,2.61260986328125,-0.015394866822753846,205,202,0.9853658536585366,1.0
1522,-89.853909,703.297307,-136.222625,-0.03076171875,2.7640838623046875,-0.07216334630608953,204,202,0.9901960784313726,1.0
1523,-88.025095,701.384582,-136.299831,0.00286865234375,2.646331787109375,-0.07720650169684033,207,206,0.9951690821256038,1.0
1524,-86.088855,699.334185,-136.333286,0.016754150390625,2.8200836181640625,-0.03345425696499967,201,201,1.0,1.0
1525,-84.207385,697.51876,-136.398457,-0.107513427734375,2.6123046875,-0.06517127415514401,204,203,0.9950980392156863,1.0
1526,-82.336056,695.5482,-136.470014,0.00384521484375,2.717529296875,-0.07155742351304127,204,204,1.0,1.0
1527,-80.468942,693.655846,-136.50878,-0.05035400390625,2.657928466796875,-0.03876563171435652,200,198,0.99,1.0
1528,-78.469328,691.666259,-136.601324,-0.08135986328125,2.8196258544921875,-0.09254441234761507,205,205,1.0,1.0
1529,-76.615452,689.786188,-136.675967,-0.055267333984375,2.6397857666015625,-0.07464267228801899,206,205,0.9951456310679612,1.0
1530,-74.645914,687.796796,-136.706183,-0.067840576171875,2.7985992431640625,-0.030215801831317897,216,215,0.9953703703703703,1.0
1531,-72.837753,685.909338,-136.796634,-0.021759033203125,2.61370849609375,-0.09045068841299718,205,205,1.0,1.0
1532,-70.902046,683.830297,-136.797637,0.012298583984375,2.84063720703125,-0.0010039432911725134,204,204,1.0,1.0
1533,-68.840718,681.930231,-136.887527,-0.20184326171875,2.796173095703125,-0.08988948636847391,206,205,0.9951456310679612,1.0
1534,-66.94507,679.974906,-136.911465,-0.047515869140625,2.72296142578125,-0.023937684106644177,209,209,1.0,1.0
1535,-65.062902,678.033355,-136.990491,-0.0482177734375,2.70367431640625,-0.0790263626365462,212,212,1.0,1.0
1536,-63.167211,676.032916,-137.007822,-0.02166748046875,2.755889892578125,-0.01733125731365102,201,200,0.9950248756218906,1.0
1537,-61.323125,674.116327,-137.081291,-0.04193115234375,2.65936279296875,-0.07346907774879442,206,205,0.9951456310679612,1.0
1538,-59.498472,672.068096,-137.06949,0.05853271484375,2.7424774169921875,0.011801469594151218,205,205,1.0,1.0
1539,-57.700738,670.086192,-137.098416,0.03363037109375,2.675567626953125,-0.028926589647484357,195,194,0.9948717948717949,1.0
1540,-55.867019,668.0838,-137.143916,0.019866943359375,2.715087890625,-0.045499044157182165,206,205,0.9951456310679612,1.0
1541,-53.944694,666.104379,-137.19217,-0.0628662109375,2.7585296630859375,-0.04825495758689829,201,201,1.0,1.0
1542,-52.120653,664.149594,-137.261384,-0.00982666015625,2.673614501953125,-0.0692136527772688,207,207,1.0,1.0
1543,-50.302658,662.127209,-137.283539,0.037261962890625,2.719146728515625,-0.02215480432683645,198,198,1.0,1.0
1544,-48.395205,660.096808,-137.28931,-0.024078369140625,2.785736083984375,-0.005771508603208272,202,201,0.995049504950495,1.0
1545,-46.647542,658.230496,-137.396776,-0.01824951171875,2.5567779541015625,-0.10746538795819743,204,199,0.9754901960784313,1.0
1546,-44.735382,656.162725,-137.400386,-0.00775146484375,2.816375732421875,-0.0036102771502450667,199,199,1.0,1.0
1547,-43.036693,654.283829,-137.506126,0.0213623046875,2.5328521728515625,-0.10574035593164376,201,201,1.0,1.0
1548,-41.050628,652.199802,-137.476567,-0.056640625,2.878265380859375,0.02955904574849638,199,199,1.0,1.0
1549,-39.31856,650.300207,-137.562409,0.00738525390625,2.5706939697265625,-0.08584113822340185,200,200,1.0,1.0
1550,-37.337527,648.224322,-137.564595,-0.061248779296875,2.868804931640625,-0.0021864474693498274,204,204,1.0,1.0
1551,-35.543552,646.254145,-137.581332,0.00537109375,2.6645660400390625,-0.016736959822120465,206,205,0.9951456310679612,1.0
1552,-33.777198,644.253958,-137.618367,0.04522705078125,2.6680908203125,-0.03703459329618801,204,204,1.0,1.0
1553,-31.975557,642.147484,-137.591549,0.089080810546875,2.770416259765625,0.0268180218136781,207,207,1.0,1.0
1554,-30.238997,640.130159,-137.607343,0.07830810546875,2.6606597900390625,-0.015794167368803864,200,199,0.995,1.0
1555,-28.576107,638.23635,-137.707517,0.0487060546875,2.5197906494140625,-0.1001744025945302,196,195,0.9948979591836735,1.0
1556,-26.932903,636.158317,-137.691383,0.182830810546875,2.6428985595703125,0.016134450223338176,197,196,0.9949238578680203,1.0
1557,-25.127454,634.223537,-137.759986,-0.0328369140625,2.6461181640625,-0.06860350158661073,201,200,0.9950248756218906,1.0
1558,-23.303744,632.237103,-137.766103,-0.014801025390625,2.69659423828125,-0.006117148466332496,203,201,0.9901477832512315,1.0
1559,-21.456638,630.237818,-137.772732,-0.023773193359375,2.721832275390625,-0.006628437631965879,205,204,0.9951219512195122,1.0
1560,-19.795459,628.208566,-137.810983,0.13372802734375,2.6190643310546875,-0.03825085905954184,197,195,0.9898477157360406,1.0
1561,-17.909036,626.17786,-137.81835,-0.033935546875,2.7714996337890625,-0.00736733174928089,202,201,0.995049504950495,1.0
1562,-16.465358,624.522643,-138.089331,0.041656494140625,2.195953369140625,-0.2709812307965295,206,204,0.9902912621359223,1.0
1563,-14.773439,622.546896,-138.12051,0.060638427734375,2.6004791259765625,-0.03117894803056051,198,196,0.98989898989899,1.0
1564,-13.000756,620.632825,-138.176844,-0.042083740234375,2.6085052490234375,-0.05633394293816624,205,204,0.9951219512195122,1.0
1565,-11.250254,618.662034,-138.21386,0.00970458984375,2.6359405517578125,-0.03701564337785769,204,204,1.0,1.0
1566,-9.611886,616.68057,-138.226442,0.098724365234375,2.569183349609375,-0.012582712789403786,206,206,1.0,1.0
1567,-7.880969,614.703771,-138.246233,0.026031494140625,2.62738037109375,-0.0197907567271526,197,197,1.0,1.0
1568,-6.189277,612.873211,-138.277322,-0.042999267578125,2.4921722412109375,-0.031088896014098144,198,198,1.0,1.0
1569,-4.447374,610.854127,-138.302138,0.04364013671875,2.6662750244140625,-0.02481550082016876,204,204,1.0,1.0
1570,-2.768893,608.919083,-138.33367,0.033935546875,2.5613555908203125,-0.03153238149712222,195,195,1.0,1.0
1571,-1.030437,606.859669,-138.313295,0.070404052734375,2.69415283203125,0.020374922288987515,194,193,0.9948453608247423,1.0
1572,0.803992,604.787124,-138.294249,0.0084228515625,2.76776123046875,0.019046406430608127,197,196,0.9949238578680203,1.0
1573,2.556379,602.834034,-138.355647,-0.008880615234375,2.623992919921875,-0.06139806380551588,199,199,1.0,1.0
1574,4.236513,600.903176,-138.377062,0.02752685546875,2.559356689453125,-0.021415378166427957,203,203,1.0,1.0
1575,5.71516,599.063617,-138.415496,0.116546630859375,2.3572845458984375,-0.03843376189643323,200,200,1.0,1.0
1576,7.298075,597.236636,-138.374233,0.02862548828125,2.4171600341796875,0.0412626356066091,204,203,0.9950980392156863,1.0
1577,8.815976,595.56478,-138.353891,-0.024078369140625,2.25799560546875,0.020342308460879237,201,200,0.9950248756218906,1.0
1578,10.079867,594.099352,-138.384328,0.02935791015625,1.9349517822265625,-0.03043721081181771,198,198,1.0,1.0
1579,11.472595,592.531641,-138.393833,-6.103515625e-05,2.0970001220703125,-0.009505146205322291,208,208,1.0,1.0
1580,12.732163,591.02024,-138.344052,0.061767578125,1.9664764404296875,0.049781322964491545,204,204,1.0,1.0
1581,14.014601,589.690205,-138.346908,-0.07415771484375,1.8461151123046875,-0.0028561879192060945,204,203,0.9950980392156863,1.0
1582,15.170467,588.388224,-138.326625,0.001678466796875,1.74102783203125,0.020283134554517745,203,203,1.0,1.0
1583,16.252385,586.999316,-138.321357,0.115325927734375,1.7567901611328125,0.005267957699974261,201,200,0.9950248756218906,1.0
1584,17.404149,585.886642,-138.345982,-0.120361328125,1.5969085693359375,-0.024624542719868928,197,197,1.0,1.0
1585,18.596172,584.565728,-138.311402,-0.012725830078125,1.779205322265625,0.03457932092846495,197,197,1.0,1.0
1586,19.53849,583.456553,-138.312023,0.03399658203125,1.45501708984375,-0.0006208039266357811,198,198,1.0,1.0
1587,20.556013,582.368771,-138.347358,-0.036407470703125,1.4890594482421875,-0.035334818771968,202,200,0.9900990099009901,1.0
1588,21.642394,581.134233,-138.302203,0.008758544921875,1.6444549560546875,0.04515512757020178,197,197,1.0,1.0
1589,22.557252,580.017099,-138.317291,0.060028076171875,1.44268798828125,-0.015088468842031858,194,194,1.0,1.0
1590,23.536169,578.907624,-138.339738,0.0067138671875,1.479583740234375,-0.02244646981772333,199,199,1.0,1.0
1591,24.498331,577.81574,-138.359885,0.0069580078125,1.4553070068359375,-0.020147754907764548,193,192,0.9948186528497409,1.0
1592,25.605237,576.665096,-138.364146,-0.06268310546875,1.59539794921875,-0.004260953545808725,186,185,0.9946236559139785,1.0
1593,26.449079,575.59243,-138.411029,0.082000732421875,1.362335205078125,-0.04688281053584311,195,195,1.0,1.0
1594,27.437977,574.469302,-138.404763,0.005889892578125,1.496429443359375,0.006266359131759143,195,194,0.9948717948717949,1.0
1595,28.506546,573.343138,-138.407056,-0.051513671875,1.5515899658203125,-0.0022933237241463,196,196,1.0,1.0
1596,29.340793,572.40304,-138.406064,0.000152587890625,1.2568817138671875,0.0009918349901419565,197,194,0.9847715736040609,1.0
1597,30.291118,571.387738,-138.399498,-0.036712646484375,1.3901824951171875,0.006565831064629782,203,200,0.9852216748768473,1.0
1598,31.123649,570.351274,-138.372111,0.065582275390625,1.3278045654296875,0.02738734342904245,193,192,0.9948186528497409,1.0
1599,32.10146,569.444105,-138.375539,-0.128265380859375,1.32763671875,-0.0034279450876220727,199,197,0.9899497487437185,1.0
1600,32.836299,568.611266,-138.432372,0.00390625,1.1106719970703125,-0.05683337481781773,200,200,1.0,1.0
1601,33.527374,567.828094,-138.377218,0.002593994140625,1.0444793701171875,0.05515402774928931,209,209,1.0,1.0
1602,34.107896,567.244642,-138.403454,-0.046417236328125,0.821746826171875,-0.02623600696267302,198,196,0.98989898989899,1.0
1603,34.557491,566.725548,-138.413899,0.008392333984375,0.686676025390625,-0.010444459561292023,200,200,1.0,1.0
1604,35.07419,566.117222,-138.407447,0.017303466796875,0.7979583740234375,0.006451643212693348,197,197,1.0,1.0
1605,35.478494,565.748795,-138.401757,-0.05780029296875,0.5439300537109375,0.005690009433245222,187,186,0.9946524064171123,1.0
1606,35.677464,565.35846,-138.335791,0.1103515625,0.4239959716796875,0.06596639350918444,195,195,1.0,1.0
1607,35.918721,565.164187,-138.34793,-0.05108642578125,0.305511474609375,-0.01213899895946641,196,196,1.0,1.0
1608,36.111885,564.853115,-138.329703,0.062408447265625,0.360809326171875,0.01822661061892692,199,199,1.0,1.0
1609,36.16308,564.760756,-138.310608,0.023162841796875,0.10302734375,0.019095321386354936,205,204,0.9951219512195122,1.0
1610,36.263499,564.721422,-138.313075,-0.048828125,0.096160888671875,-0.0024668007928289036,220,219,0.9954545454545455,1.0
1611,36.25856,564.729079,-138.260328,-0.00140380859375,-0.009002685546875,0.052746519229251776,214,214,1.0,1.0
1612,36.27055,564.818322,-138.233805,-0.068359375,-0.0586090087890625,0.026522946866986686,220,220,1.0,1.0
1613,36.311175,564.843432,-138.171165,-0.047027587890625,0.008331298828125,0.06264017217096686,213,213,1.0,1.0
1614,36.198805,565.042612,-138.184871,-0.049102783203125,-0.223358154296875,-0.013706016478393672,215,214,0.9953488372093023,1.0
1615,36.237838,565.181106,-138.17557,-0.121429443359375,-0.0771942138671875,0.009300740646047134,214,213,0.9953271028037384,1.0
1616,36.16387,565.318817,-138.130645,-0.036712646484375,-0.151947021484375,0.044924865509202355,203,203,1.0,1.0
1617,36.191767,565.624768,-137.874859,-0.2249755859375,-0.2092132568359375,0.25578628327716507,186,184,0.989247311827957,1.0
1618,36.194561,565.744522,-137.349175,-0.0823974609375,-0.086944580078125,0.5256844966779638,185,185,1.0,1.0
1619,36.05064,565.780943,-136.908106,0.0811767578125,-0.124298095703125,0.44106847423611567,179,177,0.9888268156424581,1.0
1620,36.121862,565.751225,-136.595069,-0.031707763671875,0.0703582763671875,0.31303735188852594,176,175,0.9943181818181818,1.0
1621,36.1956,565.684765,-136.445784,-0.007904052734375,0.0989532470703125,0.14928445492684855,189,186,0.9841269841269841,1.0
1622,36.219049,565.470364,-136.229276,0.1307373046875,0.171539306640625,0.2165084553278723,203,202,0.9950738916256158,1.0
1623,36.370417,565.365648,-136.147034,-0.036865234375,0.180328369140625,0.08224175863786266,201,201,1.0,1.0
1624,36.53582,565.233483,-136.027553,-0.0277099609375,0.20989990234375,0.11948113791997925,200,198,0.99,1.0
1625,36.721084,564.968093,-135.94339,0.050933837890625,0.3196258544921875,0.08416295882286047,201,201,1.0,1.0
1626,36.983865,564.766732,-135.927878,-0.048828125,0.3274383544921875,0.015511669411179506,198,198,1.0,1.0
1627,37.18223,564.364575,-135.867173,0.13720703125,0.426910400390625,0.06070572048442539,198,198,1.0,1.0
1628,37.365093,563.976899,-135.877829,0.138702392578125,0.40557861328125,-0.010656742493935778,201,201,1.0,1.0
1629,37.764384,563.457611,-135.780479,0.07489013671875,0.6507568359375,0.09735020583877545,201,199,0.9900497512437811,1.0
1630,38.17701,563.007287,-135.797587,0.018341064453125,0.610504150390625,-0.01710805617164952,204,204,1.0,1.0
1631,38.752163,562.422111,-135.746792,-0.00433349609375,0.82049560546875,0.050794859631541754,202,200,0.9900990099009901,1.0
1632,39.229719,561.821998,-135.719763,0.07672119140625,0.763092041015625,0.02702955532002823,204,204,1.0,1.0
1633,39.908363,561.077391,-135.682382,0.03399658203125,1.00689697265625,0.03738075210740602,203,203,1.0,1.0
1634,40.625048,560.279217,-135.681376,0.04486083984375,1.07177734375,0.0010066220022245864,205,205,1.0,1.0
1635,41.436553,559.437737,-135.684618,0.007293701171875,1.16900634765625,-0.0032428411533694055,199,198,0.9949748743718593,1.0
1636,42.456077,558.341177,-135.698649,0.036590576171875,1.4968414306640625,-0.014030330356116396,204,204,1.0,1.0
1637,43.585916,557.227006,-135.708143,-0.030426025390625,1.5865020751953125,-0.009494241914762287,197,197,1.0,1.0
1638,44.743255,555.869607,-135.681049,0.119476318359375,1.7798004150390625,0.027093880773872474,195,194,0.9948717948717949,1.0
1639,46.109665,554.514831,-135.692599,-0.031097412109375,1.9239349365234375,-0.011549823793982261,197,196,0.9949238578680203,1.0
1640,47.555364,553.027197,-135.720089,0.00457763671875,2.0743865966796875,-0.027490189991354826,192,192,1.0,1.0
1641,49.117464,551.404525,-135.721005,0.0145263671875,2.2523345947265625,-0.0009162141049601711,195,195,1.0,1.0
1642,50.910767,549.644716,-135.776482,-0.0552978515625,2.511932373046875,-0.05547697930196502,190,190,1.0,1.0
1643,52.658705,547.693548,-135.757325,0.108245849609375,2.61737060546875,0.01915701552471617,192,192,1.0,1.0
1644,54.533975,545.812258,-135.833913,-0.030853271484375,2.6561126708984375,-0.07658771596508468,192,191,0.9947916666666666,1.0
1645,56.675073,543.639359,-135.846541,-0.02191162109375,3.0504608154296875,-0.012627743628971748,192,192,1.0,1.0
1646,58.686633,541.502447,-135.823733,0.0452880859375,2.9344024658203125,0.02280739868164345,199,198,0.9949748743718593,1.0
1647,60.837379,539.339183,-135.839259,-0.035003662109375,3.0502777099609375,-0.015525946282413714,197,196,0.9949238578680203,1.0
1648,62.840008,537.172447,-135.837915,0.072845458984375,2.9495697021484375,0.0013445411436770116,198,198,1.0,1.0
1649,65.000376,535.081199,-135.849909,-0.09283447265625,3.00531005859375,-0.011993875869329726,204,204,1.0,1.0
1650,66.992294,533.089929,-135.834974,-0.042236328125,2.81622314453125,0.014934890910994593,195,194,0.9948717948717949,1.0
1651,68.983878,530.994714,-135.813062,0.031158447265625,2.89056396484375,0.021911786912085007,201,201,1.0,1.0
1652,71.0435,528.940592,-135.775499,-0.045166015625,2.90850830078125,0.0375625660866342,194,194,1.0,1.0
1653,72.964104,526.911626,-135.791808,0.038818359375,2.793548583984375,-0.016308783900771177,197,197,1.0,1.0
1654,74.990285,524.935052,-135.762241,-0.074188232421875,2.829620361328125,0.02956754934122696,193,193,1.0,1.0
1655,76.987865,522.83614,-135.7306,0.033111572265625,2.8973541259765625,0.031640997665711476,197,197,1.0,1.0
1656,79.032191,520.851535,-135.741771,-0.07855224609375,2.848114013671875,-0.011171435825072795,188,187,0.9946808510638298,1.0
1657,80.9618,518.918706,-135.747617,-0.0330810546875,2.73095703125,-0.005845877525703037,191,191,1.0,1.0
1658,82.724826,516.942132,-135.707792,0.116485595703125,2.6460418701171875,0.03982519422667327,190,190,1.0,1.0
1659,84.636386,514.946741,-135.697315,0.025146484375,2.763153076171875,0.010477203590402343,187,187,1.0,1.0
1660,86.384673,513.175865,-135.682592,-0.014312744140625,2.488433837890625,0.014722128422572343,190,189,0.9947368421052631,1.0
1661,88.308866,511.319367,-135.704163,-0.0797119140625,2.6725921630859375,-0.02157049248462585,192,191,0.9947916666666666,1.0
1662,89.963434,509.415048,-135.651721,0.145660400390625,2.51849365234375,0.05244231647494433,185,185,1.0,1.0
1663,91.867291,507.678857,-135.739611,-0.1478271484375,2.5723876953125,-0.08789040792795584,190,189,0.9947368421052631,1.0
1664,93.566061,505.818292,-135.661689,0.0819091796875,2.518096923828125,0.07792190241615313,184,184,1.0,1.0
1665,95.380715,503.996776,-135.641304,-0.02484130859375,2.571044921875,0.0203847013453468,184,184,1.0,1.0
1666,97.166794,502.172791,-135.659024,-0.00177001953125,2.5528411865234375,-0.017720052101337112,184,184,1.0,1.0
1667,99.058294,500.37564,-135.649477,-0.096710205078125,2.607330322265625,0.009546954617146339,192,190,0.9895833333333334,1.0
1668,100.790278,498.557837,-135.674151,0.0322265625,2.5106048583984375,-0.024673231491764116,190,190,1.0,1.0
1669,102.59848,496.721032,-135.668648,-0.010101318359375,2.5774688720703125,0.0055028529283027644,191,189,0.9895287958115183,1.0
1670,104.376975,494.928353,-135.658497,-0.019439697265625,2.525146484375,0.010150394074761145,190,189,0.9947368421052631,1.0
1671,106.239973,493.04203,-135.667518,-0.01397705078125,2.65118408203125,-0.009020289701324381,184,184,1.0,1.0
1672,108.048784,491.252454,-135.669032,-0.043243408203125,2.5441131591796875,-0.0015138382293834421,192,192,1.0,1.0
1673,109.807956,489.39721,-135.7121,0.0380859375,2.556396484375,-0.043068903063268216,183,183,1.0,1.0
1674,111.594252,487.676131,-135.720094,-0.076934814453125,2.4793243408203125,-0.007993227289353273,181,181,1.0,1.0
1675,113.356136,485.83106,-135.765644,0.026763916015625,2.5510406494140625,-0.045550264079009466,185,184,0.9945945945945946,1.0
1676,115.175358,484.128881,-135.770461,-0.11602783203125,2.488677978515625,-0.004816734033203906,183,181,0.9890710382513661,1.0
1677,116.843396,482.333861,-135.772005,0.056854248046875,2.449737548828125,-0.001544515109549796,179,179,1.0,1.0
1678,118.605054,480.46637,-135.792789,0.040252685546875,2.5669708251953125,-0.020783946461410834,182,179,0.9835164835164835,1.0
1679,120.346075,478.711635,-135.795306,-0.024505615234375,2.471771240234375,-0.002516757637723543,182,181,0.9945054945054945,1.0
1680,122.268657,476.928695,-135.819703,-0.135101318359375,2.6185760498046875,-0.024397572896842107,185,182,0.9837837837837838,1.0
1681,123.953021,475.092309,-135.820146,0.071868896484375,2.4908294677734375,-0.0004421028540145729,185,183,0.9891891891891892,1.0
1682,125.81956,473.292721,-135.850785,-0.084442138671875,2.591400146484375,-0.030639862797447553,179,175,0.9776536312849162,1.0
1683,127.614215,471.492594,-135.872051,-0.03387451171875,2.5416717529296875,-0.021265376171470052,179,177,0.9888268156424581,1.0
1684,129.397501,469.621878,-135.894182,0.022491455078125,2.58441162109375,-0.0221306809968067,175,173,0.9885714285714285,1.0
1685,131.229573,467.741488,-135.882852,-0.006805419921875,2.6253204345703125,0.01132915446893861,183,183,1.0,1.0
1686,133.057619,465.898833,-135.893084,-0.0296630859375,2.595428466796875,-0.010232061792863748,186,186,1.0,1.0
1687,134.92568,464.032863,-135.941622,-0.042633056640625,2.6400146484375,-0.04853785319818372,183,180,0.9836065573770492,1.0
1688,136.718529,462.222883,-135.957513,-0.029754638671875,2.5474395751953125,-0.015890340299924022,182,178,0.978021978021978,1.0
1689,138.547483,460.437197,-135.978028,-0.07330322265625,2.5550689697265625,-0.020515314117056076,182,178,0.978021978021978,1.0
1690,140.472362,458.572062,-136.027171,-0.087982177734375,2.6788330078125,-0.04914280723942425,171,170,0.9941520467836257,1.0
1691,142.13538,456.762172,-136.047616,0.059814453125,2.457183837890625,-0.020444801180195777,176,176,1.0,1.0
1692,143.947494,454.924584,-136.060498,-0.0291748046875,2.58062744140625,-0.012882750461996986,190,190,1.0,1.0
1693,145.651929,453.209028,-136.091528,-0.036895751953125,2.41802978515625,-0.031029833587709735,190,189,0.9947368421052631,1.0
1694,147.480163,451.293756,-136.1126,0.0111083984375,2.6477508544921875,-0.02107166111566116,196,194,0.9897959183673469,1.0
1695,149.31743,449.588016,-136.160421,-0.141632080078125,2.5030059814453125,-0.047821501101132285,190,189,0.9947368421052631,1.0
1696,151.007881,447.663676,-136.155963,0.11358642578125,2.558868408203125,0.004458203650177574,190,190,1.0,1.0
1697,152.745802,445.897173,-136.189285,-0.02978515625,2.4779052734375,-0.033322162144952504,192,192,1.0,1.0
1698,154.572149,443.968968,-136.17788,0.01690673828125,2.655792236328125,0.0114054450998115,194,194,1.0,1.0
1699,156.224721,442.251641,-136.226623,-0.003204345703125,2.3833160400390625,-0.04874335931623734,180,179,0.9944444444444445,1.0
1700,158.056782,440.336363,-136.228204,0.002105712890625,2.650421142578125,-0.0015806074991901562,191,190,0.9947643979057592,1.0
1701,159.781705,438.598896,-136.23489,-0.043609619140625,2.447906494140625,-0.00668596735428393,199,199,1.0,1.0
1702,161.634162,436.721685,-136.235134,-0.039337158203125,2.6370391845703125,-0.0002443374104716656,194,194,1.0,1.0
1703,163.332282,434.804279,-136.231153,0.09991455078125,2.5593109130859375,0.003980591431647669,191,190,0.9947643979057592,1.0
1704,165.115409,432.93943,-136.238427,0.002349853515625,2.5801544189453125,-0.00727322700194936,187,187,1.0,1.0
1705,166.882629,431.107836,-136.269918,-0.009490966796875,2.545135498046875,-0.031490827246226226,196,194,0.9897959183673469,1.0
1706,168.718216,429.201296,-136.30329,-0.00848388671875,2.64654541015625,-0.03337231583383517,192,191,0.9947916666666666,1.0
1707,170.507297,427.373795,-136.331798,-0.031005859375,2.5572662353515625,-0.02850815312627833,201,200,0.9950248756218906,1.0
1708,172.33101,425.550557,-136.317052,-0.060272216796875,2.5780792236328125,0.014745924259236438,206,205,0.9951456310679612,1.0
1709,174.075661,423.7249,-136.3504,-0.000762939453125,2.525238037109375,-0.03334780376017253,195,195,1.0,1.0
1710,175.969601,421.868038,-136.368716,-0.088714599609375,2.6508636474609375,-0.01831629131105141,202,202,1.0,1.0
1711,177.755996,419.964644,-136.37784,0.0203857421875,2.6103057861328125,-0.009124162587763576,199,199,1.0,1.0
1712,179.55564,418.063555,-136.368002,0.0087890625,2.6177825927734375,0.009838224733447733,199,199,1.0,1.0
1713,181.260417,416.126496,-136.373944,0.10272216796875,2.5783538818359375,-0.005941461291574673,198,198,1.0,1.0
1714,183.066865,414.306681,-136.3616,-0.052032470703125,2.5636444091796875,0.012343693901082687,204,201,0.9852941176470589,1.0
1715,184.872413,412.290363,-136.380438,0.08477783203125,2.7052459716796875,-0.018838132424883507,200,200,1.0,1.0
1716,186.731523,410.473256,-136.366108,-0.092315673828125,2.5980072021484375,0.014329993438594051,199,199,1.0,1.0
1717,188.616008,408.354334,-136.356303,0.098236083984375,2.833984375,0.009804903788542265,203,203,1.0,1.0
1718,190.477889,406.451363,-136.367704,-0.033966064453125,2.6620941162109375,-0.011400399430689375,199,199,1.0,1.0
1719,192.157964,404.685341,-136.362433,0.002593994140625,2.4375152587890625,0.005270155252713757,198,197,0.9949494949494949,1.0
1720,193.855709,402.876879,-136.321544,0.019317626953125,2.4804229736328125,0.040889804124196495,196,195,0.9948979591836735,1.0
1721,195.467154,401.133297,-136.331685,0.0386962890625,2.3738861083984375,-0.01014102248824013,200,199,0.995,1.0
1722,197.095229,399.416147,-136.287432,0.00799560546875,2.3662567138671875,0.04425247743608226,203,202,0.9950738916256158,1.0
1723,198.559178,397.842621,-136.285043,0.029205322265625,2.149017333984375,0.0023892491254410646,201,201,1.0,1.0
1724,200.059101,396.265912,-136.253736,0.0054931640625,2.176177978515625,0.03130660264848528,208,207,0.9951923076923077,1.0
1725,201.421397,394.746573,-136.234735,0.066436767578125,2.0395660400390625,0.019000755239888617,209,209,1.0,1.0
1726,202.819337,393.271294,-136.184348,0.010894775390625,2.032379150390625,0.0503872234569,210,208,0.9904761904761905,1.0
1727,204.233061,391.899792,-136.167427,-0.070556640625,1.968414306640625,0.016921380726787925,204,200,0.9803921568627451,1.0
1728,205.494763,390.530649,-136.149189,0.038055419921875,1.8614501953125,0.018238012517519463,209,209,1.0,1.0
1729,206.735385,389.278792,-136.129931,-0.02740478515625,1.7622528076171875,0.01925746906265934,201,200,0.9950248756218906,1.0
1730,207.942394,388.012247,-136.103324,0.007598876953125,1.7495574951171875,0.02660772732216558,207,206,0.9951690821256038,1.0
1731,209.106222,386.638186,-136.104766,0.11407470703125,1.797088623046875,-0.001441977014880023,206,206,1.0,1.0
1732,210.304175,385.549155,-136.077197,-0.108184814453125,1.6153564453125,0.02756888938883875,206,204,0.9902912621359223,1.0
1733,211.460329,384.349394,-136.062191,-0.00048828125,1.666168212890625,0.015005665354852985,204,201,0.9852941176470589,1.0
1734,212.552567,383.19658,-136.051309,0.013397216796875,1.5880126953125,0.01088166102594826,206,204,0.9902912621359223,1.0
1735,213.77412,382.092627,-136.068918,-0.113311767578125,1.642578125,-0.017608690858438494,203,203,1.0,1.0
1736,214.955986,380.922298,-136.033037,-0.0391845703125,1.662811279296875,0.035881611854573246,207,207,1.0,1.0
1737,216.004245,379.783934,-136.007586,0.03582763671875,1.5470733642578125,0.025450926490803907,205,204,0.9951219512195122,1.0
1738,217.197167,378.68086,-136.001714,-0.092071533203125,1.6221466064453125,0.005871126395382921,203,202,0.9950738916256158,1.0
1739,218.284829,377.571269,-135.983741,-0.01165771484375,1.5537261962890625,0.017973836915606486,210,210,1.0,1.0
1740,219.407899,376.453884,-135.962877,-0.031219482421875,1.5839385986328125,0.0208634756996872,203,203,1.0,1.0
1741,220.523406,375.412893,-135.980271,-0.07830810546875,1.523773193359375,-0.01739357290509272,201,201,1.0,1.0
1742,222.135541,374.472494,-135.969925,-0.50579833984375,1.7965240478515625,0.010345236009927074,206,204,0.9902912621359223,1.0
1743,223.248097,373.422695,-135.988646,-0.07025146484375,1.528045654296875,-0.01872089532214038,210,208,0.9904761904761905,1.0
1744,224.190799,372.403665,-135.966755,0.030029296875,1.38787841796875,0.02189142662214597,210,209,0.9952380952380953,1.0
1745,225.091766,371.458817,-135.946657,0.009002685546875,1.3055267333984375,0.020097716945768365,207,207,1.0,1.0
1746,225.956465,370.6183,-135.928659,-0.037017822265625,1.205322265625,0.017998501848583152,202,201,0.995049504950495,1.0
1747,226.66439,369.862212,-135.961723,0.01727294921875,1.0356292724609375,-0.033064582095855416,217,217,1.0,1.0
1748,227.306432,369.167472,-135.953177,0.021392822265625,0.94573974609375,0.008545923727777068,213,213,1.0,1.0
1749,227.864689,368.493669,-135.915257,0.06719970703125,0.8724365234375,0.03792003613759567,217,217,1.0,1.0
1750,228.291801,368.115766,-135.902019,-0.04388427734375,0.568603515625,0.013238076099758946,208,208,1.0,1.0
1751,228.725792,367.529179,-135.857495,0.096527099609375,0.7232666015625,0.04452422325876706,209,207,0.9904306220095693,1.0
1752,229.113885,367.222145,-135.765421,-0.064666748046875,0.4906158447265625,0.09207447314018154,210,208,0.9904761904761905,1.0
1753,229.434028,366.761611,-135.725812,0.091888427734375,0.5532989501953125,0.039608357365842166,210,207,0.9857142857142858,1.0
1754,229.786192,366.384016,-135.679124,0.011444091796875,0.516204833984375,0.046687815226629105,209,208,0.9952153110047847,1.0
1755,229.952975,366.187068,-135.677203,0.018280029296875,0.2574310302734375,0.0019213853185024799,223,221,0.9910313901345291,1.0
1756,229.96463,366.164346,-135.665272,0.007537841796875,0.0243988037109375,0.011930963901043541,225,225,1.0,1.0
1757,230.069255,366.176651,-135.649166,-0.08343505859375,0.0643157958984375,0.016105854024036192,223,223,1.0,1.0
1758,230.106211,366.299415,-135.592713,-0.11224365234375,-0.06195068359375,0.056453369200446135,216,216,1.0,1.0
1759,230.084762,366.493579,-135.556562,-0.12054443359375,-0.153717041015625,0.03615114076463405,222,222,1.0,1.0
1760,229.970717,366.664167,-135.532055,-0.03802490234375,-0.2016448974609375,0.024506616146059347,223,222,0.9955156950672646,1.0
1761,229.924216,366.867938,-135.493426,-0.10955810546875,-0.1779937744140625,0.038628666648905775,217,215,0.9907834101382489,1.0
1762,229.912553,367.127473,-135.494603,-0.173614501953125,-0.193267822265625,-0.001176357699067636,214,212,0.9906542056074766,1.0
1763,229.644866,367.501348,-135.300038,-0.0711669921875,-0.45428466796875,0.19456522929939607,212,212,1.0,1.0
1764,229.582575,367.822572,-134.43736,-0.181671142578125,-0.2721405029296875,0.8626775363146267,203,202,0.9950738916256158,1.0
1765,229.540313,367.823451,-133.579283,0.028961181640625,-0.030792236328125,0.8580768885142053,187,187,1.0,1.0
1766,229.487873,367.84378,-133.057309,0.02142333984375,-0.052001953125,0.5219742104389317,195,195,1.0,1.0
1767,229.464419,367.808934,-132.723207,0.041473388671875,0.00665283203125,0.3341022203182879,199,198,0.9949748743718593,1.0
1768,229.444694,367.702652,-132.466649,0.091461181640625,0.0576171875,0.25655757523582745,194,194,1.0,1.0
1769,229.637977,367.507794,-132.258228,0.01324462890625,0.274139404296875,0.2084213911093276,199,199,1.0,1.0
1770,229.858341,367.350042,-132.077466,-0.03143310546875,0.2691802978515625,0.1807614267706658,192,192,1.0,1.0
1771,229.987749,367.081037,-131.917605,0.112945556640625,0.2763214111328125,0.1598614927507538,207,207,1.0,1.0
1772,230.244978,366.810354,-131.824189,0.029571533203125,0.3722381591796875,0.09341537878437636,213,213,1.0,1.0
1773,230.471756,366.428047,-131.778314,0.1336669921875,0.4239349365234375,0.04587563737405456,219,217,0.9908675799086758,1.0
1774,230.880111,366.192818,-131.737421,-0.096649169921875,0.46124267578125,0.04089318580940767,212,211,0.9952830188679245,1.0
1775,231.073497,365.674423,-131.671071,0.258087158203125,0.489410400390625,0.06634958561995558,210,208,0.9904761904761905,1.0
1776,231.503517,365.258995,-131.60363,0.0244140625,0.597412109375,0.06744106706204238,212,211,0.9952830188679245,1.0
1777,232.038996,364.633937,-131.538949,0.111846923828125,0.8154296875,0.06468139626202257,215,214,0.9953488372093023,1.0
1778,232.593545,364.055594,-131.494594,0.065155029296875,0.7985992431640625,0.044354508198986044,210,210,1.0,1.0
1779,233.231136,363.441576,-131.44398,0.0374755859375,0.8843841552734375,0.05061376092107231,209,209,1.0,1.0
1780,234.054436,362.609172,-131.398673,0.07904052734375,1.1681060791015625,0.04530725871823444,210,208,0.9904761904761905,1.0
1781,235.045211,361.821324,-131.371478,-0.064208984375,1.2642059326171875,0.02719493777670137,205,204,0.9951219512195122,1.0
1782,236.031347,360.919332,-131.338509,0.025115966796875,1.3361968994140625,0.032969371096777805,201,200,0.9950248756218906,1.0
1783,237.201837,359.832327,-131.314109,0.04302978515625,1.5968017578125,0.02439976981205255,200,198,0.99,1.0
1784,238.477717,358.656234,-131.316465,0.041046142578125,1.7347564697265625,-0.002356382145286914,207,206,0.9951690821256038,1.0
1785,239.933991,357.380634,-131.311832,-0.003387451171875,1.935943603515625,0.004633032509838046,214,214,1.0,1.0
1786,241.569792,355.981384,-131.288842,-0.02886962890625,2.1524200439453125,0.022990129929665103,211,211,1.0,1.0
1787,243.211127,354.504789,-131.302137,0.026458740234375,2.2076263427734375,-0.013295104056648703,202,202,1.0,1.0
1788,245.045515,352.81821,-131.270919,0.0562744140625,2.4912567138671875,0.031217890732638177,207,206,0.9951690821256038,1.0
1789,247.120882,351.177223,-131.26541,-0.135589599609375,2.64227294921875,0.00550986696318403,217,216,0.9953917050691244,1.0
1790,249.217538,349.067435,-131.266423,0.2030029296875,2.9674835205078125,-0.0010130284687512826,210,210,1.0,1.0
1791,251.575139,347.193887,-131.246909,-0.146728515625,3.0078125,0.019513917084101266,206,206,1.0,1.0
1792,253.937623,345.139398,-131.213478,-0.01287841796875,3.130828857421875,0.03343089150748446,213,213,1.0,1.0
1793,256.254661,343.106006,-131.19265,0.003021240234375,3.0827484130859375,0.020827795902217578,215,215,1.0,1.0
1794,258.719864,341.048004,-131.162141,-0.074920654296875,3.21044921875,0.030508498280221705,214,213,0.9953271028037384,1.0
1795,261.140964,338.997714,-131.128701,-0.04998779296875,3.172210693359375,0.03344041637640639,204,204,1.0,1.0
1796,263.682844,337.016926,-131.094096,-0.179931640625,3.217498779296875,0.03460531477763762,215,215,1.0,1.0
1797,266.172639,335.008016,-131.064625,-0.12255859375,3.19683837890625,0.029470652942052176,210,210,1.0,1.0
1798,268.52582,333.034059,-131.051471,-0.057525634765625,3.0709381103515625,0.013154259792397838,206,206,1.0,1.0
1799,270.966733,331.08463,-131.001602,-0.1329345703125,3.121002197265625,0.049868412185987906,212,211,0.9952830188679245,1.0
1800,273.136569,328.985777,-130.95996,0.160400390625,3.0145721435546875,0.041642608168240516,214,214,1.0,1.0
1801,275.603796,327.044192,-130.930265,-0.151123046875,3.1359405517578125,0.029694671710085517,223,221,0.9910313901345291,1.0
1802,277.890921,325.087042,-130.896888,-0.019744873046875,3.0101470947265625,0.03337672118395354,210,209,0.9952380952380953,1.0
1803,280.099074,323.165729,-130.858315,0.006622314453125,2.927001953125,0.03857370894140666,215,215,1.0,1.0
1804,282.310242,321.33879,-130.832751,-0.06475830078125,2.8675384521484375,0.02556414403808822,219,218,0.9954337899543378,1.0
1805,284.419374,319.446516,-130.801486,0.05267333984375,2.8330841064453125,0.031264923881258996,210,210,1.0,1.0
1806,286.581135,317.64377,-130.779829,-0.047943115234375,2.81439208984375,0.021656876158491628,220,219,0.9954545454545455,1.0
1807,288.745764,315.790224,-130.777153,-0.010284423828125,2.849761962890625,0.0026761584275657173,217,216,0.9953917050691244,1.0
1808,290.837303,313.958705,-130.767857,0.020904541015625,2.780029296875,0.00929601889779675,216,215,0.9953703703703703,1.0
1809,292.982142,312.151658,-130.732922,-0.031982421875,2.804412841796875,0.034934536264972935,219,217,0.9908675799086758,1.0
1810,295.0269,310.371109,-130.715712,0.01495361328125,2.7113037109375,0.01721045964570452,214,214,1.0,1.0
1811,297.252426,308.556853,-130.731288,-0.07659912109375,2.87030029296875,-0.015576938986044496,218,218,1.0,1.0
1812,299.419038,306.756857,-130.716814,-0.04974365234375,2.8163299560546875,0.01447485972145574,215,215,1.0,1.0
1813,301.469821,304.920753,-130.680841,0.05389404296875,2.752105712890625,0.03597284120013753,216,216,1.0,1.0
1814,303.693782,303.271113,-130.667462,-0.19866943359375,2.7618560791015625,0.01337870793525127,221,220,0.995475113122172,1.0
1815,305.800079,301.491144,-130.706472,-0.022491455078125,2.7575836181640625,-0.039010175428822264,223,223,1.0,1.0
1816,308.04527,299.731513,-130.692678,-0.13037109375,2.8495941162109375,0.013793803939153032,212,212,1.0,1.0
1817,310.120118,297.947043,-130.679216,0.000213623046875,2.736663818359375,0.013462119710142816,220,219,0.9954545454545455,1.0
1818,312.248968,296.295231,-130.68893,-0.13494873046875,2.6911468505859375,-0.009713705289786826,216,216,1.0,1.0
1819,314.309521,294.489922,-130.659484,0.0255126953125,2.739410400390625,0.029445875479495443,213,212,0.9953051643192489,1.0
1820,316.522905,292.824334,-130.666263,-0.17864990234375,2.7642974853515625,-0.006778378933107603,218,217,0.9954128440366973,1.0
1821,318.573703,291.089023,-130.664651,-0.0201416015625,2.6863861083984375,0.0016120202559819045,222,221,0.9954954954954955,1.0
1822,320.643479,289.347728,-130.653902,-0.02789306640625,2.704681396484375,0.010748592122013125,216,215,0.9953703703703703,1.0
1823,322.73602,287.559314,-130.653757,-0.0064697265625,2.752655029296875,0.0001452792204200045,218,218,1.0,1.0
1824,324.874688,285.850567,-130.641558,-0.096954345703125,2.735748291015625,0.01219837431205014,219,219,1.0,1.0
1825,326.980736,284.118303,-130.62417,-0.057281494140625,2.7263336181640625,0.017387976593901847,220,219,0.9954545454545455,1.0
1826,329.071473,282.383216,-130.631984,-0.044342041015625,2.7165679931640625,-0.007814184658674492,219,219,1.0,1.0
1827,331.216631,280.674051,-130.629917,-0.099822998046875,2.7409820556640625,0.0020678941700986823,220,220,1.0,1.0
1828,333.242822,278.963506,-130.603024,-0.021209716796875,2.6515960693359375,0.026892966844223522,219,219,1.0,1.0
1829,335.363751,277.156027,-130.604364,-0.008026123046875,2.78662109375,-0.0013400325413137557,216,216,1.0,1.0
1830,337.446423,275.437813,-130.596406,-0.05096435546875,2.6994781494140625,0.007957556510916815,216,216,1.0,1.0
1831,339.531351,273.708714,-130.562043,-0.043792724609375,2.708282470703125,0.03436294784923259,220,220,1.0,1.0
1832,341.642098,271.977811,-130.579176,-0.057586669921875,2.729095458984375,-0.017133052125878043,221,221,1.0,1.0
1833,343.725487,270.239732,-130.569299,-0.03515625,2.7129669189453125,0.009876800680673923,224,224,1.0,1.0
1834,345.900323,268.467162,-130.577831,-0.067962646484375,2.80487060546875,-0.008531311376012384,217,217,1.0,1.0
1835,347.941654,266.628535,-130.567076,0.068634033203125,2.746429443359375,0.010754514166707124,217,217,1.0,1.0
1836,350.053905,264.855012,-130.582834,-0.02642822265625,2.7579498291015625,-0.015757434743235384,225,225,1.0,1.0
1837,352.18964,263.166617,-130.582241,-0.10711669921875,2.72039794921875,0.0005926409555294448,219,218,0.9954337899543378,1.0
1838,354.213301,261.346985,-130.573375,0.06549072265625,2.7206573486328125,0.0088662964928604,217,215,0.9907834101382489,1.0
1839,356.268241,259.691886,-130.570196,-0.07940673828125,2.63739013671875,0.003178465008261795,220,220,1.0,1.0
1840,358.276121,257.902389,-130.556539,0.053436279296875,2.689056396484375,0.013657554565874827,221,221,1.0,1.0
1841,360.315958,256.220384,-130.575131,-0.048370361328125,2.6434326171875,-0.018592505550176594,213,212,0.9953051643192489,1.0
1842,362.360449,254.43989,-130.569914,0.022552490234375,2.7110137939453125,0.0052169787349727395,214,214,1.0,1.0
1843,364.405281,252.739137,-130.568792,-0.037994384765625,2.6594085693359375,0.001122030872906307,218,218,1.0,1.0
1844,366.426228,250.94585,-130.572026,0.047882080078125,2.701446533203125,-0.0032342603515045074,223,223,1.0,1.0
1845,368.539673,249.145519,-130.582051,-0.007080078125,2.7762908935546875,-0.010024179519542592,228,227,0.9956140350877193,1.0
1846,370.518429,247.331655,-130.580598,0.09033203125,2.68280029296875,0.0014525392306682376,225,224,0.9955555555555555,1.0
1847,372.61327,245.599229,-130.58545,-0.046966552734375,2.717987060546875,-0.0048519095480317465,226,226,1.0,1.0
1848,374.622477,243.84639,-130.571944,0.024017333984375,2.666229248046875,0.013505835080993213,225,225,1.0,1.0
1849,376.749458,242.168543,-130.57849,-0.108917236328125,2.7069091796875,-0.006545988965996715,218,218,1.0,1.0
1850,378.740127,240.461941,-130.583077,0.00128173828125,2.6220703125,-0.004586677328349291,221,221,1.0,1.0
1851,380.847308,238.773518,-130.584613,-0.088531494140625,2.69873046875,-0.00153584009726051,226,226,1.0,1.0
1852,382.892269,237.101774,-130.589168,-0.060791015625,2.640625,-0.00455549511322152,221,221,1.0,1.0
1853,384.923873,235.385819,-130.590749,-0.01873779296875,2.65924072265625,-0.0015807604928598157,220,220,1.0,1.0
1854,386.980713,233.698661,-130.605415,-0.057098388671875,2.65966796875,-0.014666128219374165,216,215,0.9953703703703703,1.0
1855,389.013484,231.980191,-130.607605,-0.018341064453125,2.6617584228515625,-0.0021901205956827777,221,221,1.0,1.0
1856,391.151395,230.175828,-130.630467,-0.02166748046875,2.7974853515625,-0.022862117552942568,223,222,0.9955156950672646,1.0
1857,393.209869,228.369834,-130.621541,0.030181884765625,2.738250732421875,0.00892582862393464,220,220,1.0,1.0
1858,395.272639,226.737704,-130.649717,-0.104156494140625,2.6283111572265625,-0.02817521401506921,219,219,1.0,1.0
1859,397.246122,224.975435,-130.64245,0.05145263671875,2.645294189453125,0.007267061762197767,220,220,1.0,1.0
1860,399.097003,223.424705,-130.677577,-0.02886962890625,2.4144744873046875,-0.035127375821969835,218,218,1.0,1.0
1861,400.898482,221.931342,-130.676404,-0.041656494140625,2.339599609375,0.0011732352539493656,216,216,1.0,1.0
1862,402.584568,220.485144,-130.688246,-0.002166748046875,2.221343994140625,-0.011841983652625052,219,219,1.0,1.0
1863,404.224828,219.136702,-130.67477,-0.046875,2.12286376953125,0.013476133098495463,219,219,1.0,1.0
1864,405.840156,217.781694,-130.676432,-0.025146484375,2.108245849609375,-0.0016619206043445268,225,225,1.0,1.0
1865,407.41319,216.507097,-130.663153,-0.058624267578125,2.0237579345703125,0.013278602530167495,222,222,1.0,1.0
1866,408.853521,215.31907,-130.664831,-0.037353515625,1.86669921875,-0.001678312949752439,224,224,1.0,1.0
1867,410.250047,214.119601,-130.656527,-0.00018310546875,1.8409271240234375,0.008304577629645192,224,224,1.0,1.0
1868,411.633615,213.028116,-130.660024,-0.073394775390625,1.7607421875,-0.0034974435088923773,216,216,1.0,1.0
1869,413.019696,211.922384,-130.67,-0.0643310546875,1.7719268798828125,-0.009975485728125968,223,223,1.0,1.0
1870,414.34578,210.80539,-130.65648,-0.016998291015625,1.7337493896484375,0.013519623092338373,219,219,1.0,1.0
1871,415.594408,209.780678,-130.663642,-0.0361328125,1.6148681640625,-0.007161891322842669,221,221,1.0,1.0
1872,416.80454,208.721825,-130.660549,0.0146484375,1.60791015625,0.00309259535098303,222,222,1.0,1.0
1873,418.005918,207.652099,-130.64719,0.0286865234375,1.6083526611328125,0.013359736566917193,217,217,1.0,1.0
1874,419.208449,206.685932,-130.670305,-0.050262451171875,1.5417633056640625,-0.023115318080692077,224,222,0.9910714285714286,1.0
1875,420.385655,205.658744,-130.655927,0.01190185546875,1.5623016357421875,0.01437778256867063,222,222,1.0,1.0
1876,421.616048,204.655988,-130.665647,-0.0408935546875,1.58673095703125,-0.00971980610943777,217,217,1.0,1.0
1877,422.8613,203.649326,-130.68547,-0.047882080078125,1.6005401611328125,-0.019823037165917275,217,217,1.0,1.0
1878,424.054379,202.600301,-130.690438,0.0177001953125,1.5885772705078125,-0.00496810938341539,220,220,1.0,1.0
1879,425.208571,201.601354,-130.670327,0.00494384765625,1.5264434814453125,0.020110999678618686,220,219,0.9954545454545455,1.0
1880,426.317848,200.641585,-130.677376,0.005035400390625,1.4668426513671875,-0.007049046817869498,220,220,1.0,1.0
1881,427.476035,199.717327,-130.678815,-0.053955078125,1.4807891845703125,-0.0014387370176819029,224,224,1.0,1.0
1882,428.519639,198.740681,-130.666223,0.0604248046875,1.42803955078125,0.012592099029668331,218,218,1.0,1.0
1883,429.538844,197.82862,-130.66443,0.02764892578125,1.367431640625,0.001793057539668829,218,218,1.0,1.0
1884,430.537227,197.010339,-130.657927,-0.029876708984375,1.29052734375,0.0065021896409704,210,210,1.0,1.0
1885,431.366657,196.245559,-130.648069,0.039764404296875,1.12750244140625,0.009858443570586989,212,212,1.0,1.0
1886,432.116313,195.649477,-130.647207,-0.03607177734375,0.9570770263671875,0.000861540937751566,225,225,1.0,1.0
1887,432.775773,195.082021,-130.630927,0.0009765625,0.8699951171875,0.01628082627957365,220,220,1.0,1.0
1888,433.351879,194.530437,-130.602981,0.04345703125,0.7964019775390625,0.027946023476506602,225,224,0.9955555555555555,1.0
1889,433.803621,194.132997,-130.591432,0.00775146484375,0.6016387939453125,0.011548808859060894,223,223,1.0,1.0
1890,434.248978,193.781899,-130.578285,-0.023162841796875,0.5666351318359375,0.01314709101780033,222,221,0.9954954954954955,1.0
1891,434.54929,193.520518,-130.512202,0.003173828125,0.3981170654296875,0.06608223213809594,224,223,0.9955357142857143,1.0
1892,434.844614,193.199057,-130.475684,0.05255126953125,0.433349609375,0.036518268058635804,227,227,1.0,1.0
1893,435.053553,193.036486,-130.47759,-0.011962890625,0.26446533203125,-0.001905605821169092,228,227,0.9956140350877193,1.0
1894,435.169251,192.952914,-130.469069,-0.01153564453125,0.1422576904296875,0.008521206529513832,239,239,1.0,1.0
1895,435.21768,192.952715,-130.454099,-0.031280517578125,0.0369720458984375,0.01497010700505283,245,245,1.0,1.0
1896,435.165727,193.0672,-130.447712,-0.05340576171875,-0.1138153076171875,0.0063860075867068315,236,236,1.0,1.0
1897,435.096588,193.16885,-130.440781,-0.032501220703125,-0.118560791015625,0.006931864224725498,235,235,1.0,1.0
1898,435.015378,193.259638,-130.41841,-0.01641845703125,-0.120697021484375,0.022371115402946087,236,236,1.0,1.0
1899,434.914951,193.413628,-130.410079,-0.0521240234375,-0.176300048828125,0.00833023901931617,233,233,1.0,1.0
1900,434.820053,193.538629,-130.40373,-0.033660888671875,-0.153289794921875,0.006349229672029858,236,236,1.0,1.0
1901,434.561379,193.63373,-130.911768,0.095245361328125,-0.2586212158203125,-0.5080374612804948,216,216,1.0,1.0
1902,434.986713,193.638959,-134.779516,-0.282501220703125,0.3180084228515625,-3.8677483639842527,208,208,1.0,1.0
1903,435.459829,193.400774,-138.930574,-0.1641845703125,0.50360107421875,-4.151058024308975,205,205,1.0,1.0
1904,435.715275,193.102432,-142.108933,0.00341796875,0.3927459716796875,-3.1783590368460977,202,201,0.995049504950495,1.0
1905,435.977639,192.826272,-144.426007,-0.037445068359375,0.3790740966796875,-2.317073914875891,208,207,0.9951923076923077,1.0
1906,436.22752,192.543162,-145.991956,-0.038543701171875,0.375640869140625,-1.5659488620588824,206,205,0.9951456310679612,1.0
1907,436.342843,192.230648,-147.190927,0.079193115234375,0.3235626220703125,-1.1989709341929635,212,211,0.9952830188679245,1.0
1908,436.428243,191.89621,-148.149861,0.10943603515625,0.327362060546875,-0.9589345653181963,211,211,1.0,1.0
1909,436.414111,191.543806,-148.875594,0.197967529296875,0.2918853759765625,-0.7257330649450033,210,210,1.0,1.0
1910,436.38339,191.139191,-149.494905,0.235443115234375,0.3304901123046875,-0.6193107313456551,216,216,1.0,1.0
1911,436.449946,190.74709,-149.99824,0.141693115234375,0.371612548828125,-0.5033351983179525,214,212,0.9906542056074766,1.0
1912,436.518641,190.346086,-150.386617,0.141021728515625,0.381622314453125,-0.3883765266387975,216,214,0.9907407407407407,1.0
1913,436.660818,189.846071,-150.691223,0.12347412109375,0.5049591064453125,-0.3046062441100846,212,210,0.9905660377358491,1.0
1914,436.787407,189.278064,-150.948868,0.16766357421875,0.5572662353515625,-0.25764533287560587,218,218,1.0,1.0
1915,436.989065,188.681868,-151.183109,0.11322021484375,0.619110107421875,-0.23424043342877574,220,220,1.0,1.0
1916,437.156046,187.990488,-151.392926,0.18695068359375,0.686248779296875,-0.20981755191221038,221,221,1.0,1.0
1917,437.416786,187.305568,-151.608039,0.099029541015625,0.7261505126953125,-0.215112839429566,217,217,1.0,1.0
1918,437.817822,186.486604,-151.741725,0.03662109375,0.9111480712890625,-0.1336860076738239,213,213,1.0,1.0
1919,438.267249,185.437047,-151.887687,0.101043701171875,1.1372528076171875,-0.1459616904882956,221,221,1.0,1.0
1920,438.769078,184.23416,-151.993863,0.124176025390625,1.2974395751953125,-0.10617639115646996,215,215,1.0,1.0
1921,439.472217,182.931327,-152.131463,-0.009033203125,1.480438232421875,-0.13760009220006286,217,216,0.9953917050691244,1.0
1922,440.21905,181.495688,-152.247842,0.0108642578125,1.6182403564453125,-0.11637878473247124,217,217,1.0,1.0
1923,441.070568,179.825001,-152.331788,0.024383544921875,1.8750152587890625,-0.08394609012791664,219,218,0.9954337899543378,1.0
1924,441.923214,178.083944,-152.402867,0.053314208984375,1.937896728515625,-0.07107899743799902,219,218,0.9954337899543378,1.0
1925,442.949445,176.165634,-152.467787,-0.02081298828125,2.1754608154296875,-0.06491993441319112,218,217,0.9954128440366973,1.0
1926,444.017744,174.11785,-152.553588,-0.000732421875,2.3096923828125,-0.08580127155108201,218,216,0.9908256880733946,1.0
1927,445.217599,171.803638,-152.615557,0.001861572265625,2.6067657470703125,-0.0619683974228825,218,217,0.9954128440366973,1.0
1928,446.510047,169.372488,-152.675051,-0.029388427734375,2.7531890869140625,-0.059493977602481096,218,217,0.9954128440366973,1.0
1929,447.85693,166.755166,-152.78256,0.004852294921875,2.94354248046875,-0.10750943304345967,211,211,1.0,1.0
1930,449.280679,164.127245,-152.888659,-0.064178466796875,2.988128662109375,-0.10609892907482557,219,217,0.9908675799086758,1.0
1931,450.678189,161.494099,-152.954186,-0.043975830078125,2.9806976318359375,-0.06552736514613244,219,219,1.0,1.0
1932,452.075952,158.758263,-152.969755,-0.00091552734375,3.0722198486328125,-0.015568284206146407,216,216,1.0,1.0
1933,453.481797,156.059475,-152.975813,-0.025787353515625,3.0428924560546875,-0.0060577429773890365,216,214,0.9907407407407407,1.0
1934,454.925198,153.294143,-152.961989,-0.029327392578125,3.119232177734375,0.013823415088740782,216,216,1.0,1.0
1935,456.242527,150.682829,-152.948488,0.013702392578125,2.92474365234375,0.013501154347695759,215,214,0.9953488372093023,1.0
1936,457.661602,148.046644,-152.940572,-0.064910888671875,2.9931640625,0.007915886597462238,213,213,1.0,1.0
1937,458.977459,145.47208,-152.917068,-0.0006103515625,2.8913421630859375,0.023504141457651322,213,213,1.0,1.0
1938,460.311886,142.875067,-152.890366,-0.0057373046875,2.9197845458984375,0.026702423067500806,216,216,1.0,1.0
1939,461.646005,140.327782,-152.861778,-0.026763916015625,2.8753814697265625,0.02858776822123003,220,220,1.0,1.0
1940,462.994976,137.80906,-152.818828,-0.05157470703125,2.85675048828125,0.04294985650126007,221,221,1.0,1.0
1941,464.274695,135.372832,-152.807362,-0.0255126953125,2.75177001953125,0.011466122710371491,216,216,1.0,1.0
1942,465.533503,132.902381,-152.78248,0.00927734375,2.7726593017578125,0.024881760412586433,217,217,1.0,1.0
1943,466.82499,130.501804,-152.773546,-0.050537109375,2.7254638671875,0.008933789475609738,218,218,1.0,1.0
1944,468.008389,128.128129,-152.744672,0.03369140625,2.652099609375,0.028874640421982435,215,215,1.0,1.0
1945,469.218829,125.701817,-152.719208,0.03509521484375,2.7112579345703125,0.025463572823977126,215,215,1.0,1.0
1946,470.397735,123.264376,-152.684123,0.069427490234375,2.7066802978515625,0.03508546617340173,211,211,1.0,1.0
1947,471.657537,120.887526,-152.65724,-0.028594970703125,2.6899261474609375,0.026882433069551376,212,212,1.0,1.0
1948,472.823811,118.504276,-152.639662,0.058685302734375,2.6526641845703125,0.017578056136724522,212,212,1.0,1.0
1949,474.074161,116.10634,-152.6312,-0.0084228515625,2.7043304443359375,0.008461666167436193,211,211,1.0,1.0
1950,475.262417,113.76822,-152.616916,0.019622802734375,2.6226654052734375,0.014284505658148539,212,212,1.0,1.0
1951,476.435845,111.338657,-152.569737,0.07550048828125,2.6970367431640625,0.047178472214847444,208,208,1.0,1.0
1952,477.590396,109.073239,-152.547987,0.01885986328125,2.5425872802734375,0.021749920508562524,205,205,1.0,1.0
1953,478.760428,106.815993,-152.552371,0.0023193359375,2.5424652099609375,-0.0043831702667750825,209,209,1.0,1.0
1954,479.913499,104.475383,-152.513804,0.05560302734375,2.6086273193359375,0.038566685806816166,217,216,0.9953917050691244,1.0
1955,481.048662,102.206719,-152.493847,0.0400390625,2.5364990234375,0.019957290705692594,214,214,1.0,1.0
1956,482.236861,99.849877,-152.474104,0.03460693359375,2.639190673828125,0.019742288792088794,214,214,1.0,1.0
1957,483.426112,97.542245,-152.474183,0.0118408203125,2.5960235595703125,-7.89445392750543e-05,215,215,1.0,1.0
1958,484.660823,95.170484,-152.460182,0.00115966796875,2.6739044189453125,0.014001309164039966,213,213,1.0,1.0
1959,485.837652,92.836358,-152.45314,0.035736083984375,2.61376953125,0.007041832872813467,209,209,1.0,1.0
1960,487.065058,90.503293,-152.435795,-0.00927734375,2.6362152099609375,0.01734522913308486,216,216,1.0,1.0
1961,488.302108,88.141477,-152.443629,-0.00372314453125,2.666168212890625,-0.007833751909897572,214,214,1.0,1.0
1962,489.523631,85.773796,-152.428655,0.01239013671875,2.6641845703125,0.014973973461511575,214,214,1.0,1.0
1963,490.817581,83.337549,-152.425714,-0.019378662109375,2.75848388671875,0.0029404715715395545,215,214,0.9953488372093023,1.0
1964,492.17027,80.812201,-152.406741,-0.030059814453125,2.864654541015625,0.018973258902293535,212,212,1.0,1.0
1965,493.439264,78.406478,-152.39406,-0.010345458984375,2.719879150390625,0.012680811836214724,212,212,1.0,1.0
1966,494.653031,76.153901,-152.368713,-0.031768798828125,2.5585784912109375,0.025347068731096947,216,216,1.0,1.0
1967,495.815109,74.004608,-152.351273,-0.032745361328125,2.443115234375,0.017439989644458434,215,214,0.9953488372093023,1.0
1968,496.942452,71.915266,-152.316896,-0.029052734375,2.3739013671875,0.03437696778993737,209,209,1.0,1.0
1969,498.02959,69.929536,-152.301116,-0.0401611328125,2.26348876953125,0.015780019048334534,206,206,1.0,1.0
1970,499.142328,68.02664,-152.282735,-0.1007080078125,2.202056884765625,0.018380754401679873,211,211,1.0,1.0
1971,500.158763,66.139735,-152.246813,-0.022186279296875,2.1431427001953125,0.035922418202234574,216,216,1.0,1.0
1972,501.085498,64.40331,-152.236329,-0.01153564453125,1.9682159423828125,0.010484058919635702,213,213,1.0,1.0
1973,502.082075,62.713381,-152.196139,-0.094635009765625,1.9596099853515625,0.04018981739062662,216,216,1.0,1.0
1974,502.901791,61.084843,-152.16892,0.0345458984375,1.8228759765625,0.027218896949696186,212,212,1.0,1.0
1975,503.725751,59.537778,-152.155414,-0.006378173828125,1.7527923583984375,0.013506270123088101,217,217,1.0,1.0
1976,504.604078,58.036862,-152.136408,-0.075592041015625,1.7373809814453125,0.01900642166603107,216,216,1.0,1.0
1977,505.335085,56.604938,-152.133305,0.022979736328125,1.6075592041015625,0.003102174508009872,221,221,1.0,1.0
1978,506.122548,55.147251,-152.131063,-0.014801025390625,1.6567230224609375,0.002242649565251008,217,217,1.0,1.0
1979,506.948629,53.746198,-152.131278,-0.075347900390625,1.6247100830078125,-0.00021489583490616088,216,216,1.0,1.0
1980,507.651242,52.340598,-152.116421,0.035919189453125,1.571014404296875,0.014856577399876676,214,214,1.0,1.0
1981,508.388314,50.924511,-152.107147,0.010772705078125,1.5963897705078125,0.009273889972240988,215,215,1.0,1.0
1982,509.109323,49.518514,-152.09818,0.0205078125,1.5799560546875,0.008966896116995254,216,216,1.0,1.0
1983,509.878829,48.180581,-152.105105,-0.053955078125,1.5424957275390625,-0.006924654508729842,214,214,1.0,1.0
1984,510.593398,46.821312,-152.088008,0.00439453125,1.53564453125,0.017097069648020918,208,208,1.0,1.0
1985,511.322726,45.441419,-152.07965,0.00146484375,1.5607757568359375,0.008357305312360033,211,211,1.0,1.0
1986,512.08629,44.028104,-152.08213,-0.012908935546875,1.6063385009765625,-0.002479831722940163,216,215,0.9953703703703703,1.0
1987,512.78917,42.679889,-152.081444,0.010162353515625,1.5204010009765625,0.0006865230309801626,207,207,1.0,1.0
1988,513.561455,41.250921,-152.050952,-0.013336181640625,1.6242523193359375,0.030492188017641933,209,208,0.9952153110047847,1.0
1989,514.166716,40.024782,-152.058573,0.040008544921875,1.3668060302734375,-0.007621833508892923,216,215,0.9953703703703703,1.0
1990,514.761641,38.772802,-151.998809,0.061065673828125,1.384796142578125,0.05976462255921561,217,217,1.0,1.0
1991,515.395498,37.662458,-152.002674,-0.038360595703125,1.2779541015625,-0.0038647637008861328,217,217,1.0,1.0
1992,515.92982,36.615565,-152.002196,0.0196533203125,1.175201416015625,0.00047745152190020566,212,212,1.0,1.0
1993,516.444948,35.71882,-151.984996,-0.03387451171875,1.0336151123046875,0.017199776162830152,214,214,1.0,1.0
1994,516.859215,34.87944,-151.963859,0.028533935546875,0.93560791015625,0.02113781029822906,218,218,1.0,1.0
1995,517.243021,34.179673,-151.954724,-0.009857177734375,0.7980499267578125,0.009134851783412733,221,221,1.0,1.0
1996,517.650172,33.529239,-151.926514,-0.05352783203125,0.7654876708984375,0.028209506735798338,219,219,1.0,1.0
1997,517.880379,32.942246,-151.891767,0.0731201171875,0.6262664794921875,0.0347467581940538,224,224,1.0,1.0
1998,518.156051,32.464287,-151.853555,-0.017974853515625,0.5514678955078125,0.038212290802177536,220,220,1.0,1.0
1999,518.322335,32.152632,-151.782789,0.000396728515625,0.353240966796875,0.07076621567030808,225,225,1.0,1.0
2000,518.491704,31.800326,-151.782177,0.017333984375,0.3905181884765625,0.0006116416614145543,220,220,1.0,1.0
2001,518.684689,31.526133,-151.76542,-0.0404052734375,0.332855224609375,0.016756959455392476,225,225,1.0,1.0
2002,518.772391,31.39319,-151.751773,-0.014373779296875,0.1586151123046875,0.013647436060136008,235,233,0.9914893617021276,1.0
2003,518.846971,31.366832,-151.74256,-0.05322265625,0.0585174560546875,0.009212659306261787,237,237,1.0,1.0
2004,518.860063,31.417506,-151.720299,-0.0355224609375,-0.0384368896484375,0.022261085144828215,232,232,1.0,1.0
2005,518.918555,31.494873,-151.698275,-0.088165283203125,-0.0404205322265625,0.02202386546784684,234,234,1.0,1.0
2006,518.935628,31.63271,-151.688252,-0.08038330078125,-0.1132659912109375,0.010022932376650452,230,230,1.0,1.0
2007,518.941299,31.757956,-151.68425,-0.06439208984375,-0.107574462890625,0.004001893079507615,229,229,1.0,1.0
2008,518.980968,31.889184,-151.681238,-0.09716796875,-0.096710205078125,0.0030124817553766467,231,231,1.0,1.0
2009,518.985519,32.007665,-151.673263,-0.060211181640625,-0.102142333984375,0.007974472884264663,231,231,1.0,1.0
2010,518.710221,31.490683,-153.870484,0.487640380859375,0.3244476318359375,-2.1972209737673687,200,200,1.0,1.0
2011,519.186113,30.964296,-160.022038,-0.1954345703125,0.6821746826171875,-6.151553593458485,202,201,0.995049504950495,1.0
2012,519.635036,30.060706,-166.623131,-0.113189697265625,1.002593994140625,-6.601092844206305,189,186,0.9841269841269841,1.0
2013,519.920192,29.044293,-173.334053,-0.042266845703125,1.0548095703125,-6.710922375605936,194,193,0.9948453608247423,1.0
2014,520.109983,27.950885,-180.068513,-0.06158447265625,1.1080474853515625,-6.734459355950581,201,201,1.0,1.0
2015,520.269411,26.755335,-186.778856,-0.160858154296875,1.1953582763671875,-6.710342899953725,199,198,0.9949748743718593,1.0
2016,520.180959,25.714155,-193.501744,-0.035064697265625,1.044342041015625,-6.722888465003691,203,202,0.9950738916256158,1.0
2017,519.993905,24.70298,-200.238235,-0.05419921875,1.0269012451171875,-6.736490746014852,196,193,0.9846938775510204,1.0
2018,519.662193,23.862991,-207.024338,0.020660400390625,0.9028778076171875,-6.78610292562352,201,201,1.0,1.0
2019,519.228195,22.932324,-213.791962,-0.0362548828125,1.0262451171875,-6.767624230926952,203,202,0.9950738916256158,1.0
2020,518.759089,22.207555,-220.515033,-0.01324462890625,0.8632354736328125,-6.7230714399643,201,199,0.9900497512437811,1.0
2021,518.365509,21.729878,-227.279273,-0.0111083984375,0.61883544921875,-6.764239271225512,201,200,0.9950248756218906,1.0
2022,517.740972,21.384943,-233.992891,0.1702880859375,0.692840576171875,-6.713618007927606,198,198,1.0,1.0
2023,517.167826,20.980982,-240.669669,0.010162353515625,0.7011260986328125,-6.67677808662589,202,202,1.0,1.0
2024,516.662111,20.609078,-246.857485,-0.076507568359375,0.6230621337890625,-6.187816078875626,205,205,1.0,1.0
2025,515.992944,20.209597,-251.957416,-0.104339599609375,0.7723236083984375,-5.099931069042518,197,196,0.9949238578680203,1.0
2026,515.266323,19.77725,-255.733194,-0.18603515625,0.824798583984375,-3.775778475678443,200,199,0.995,1.0
2027,514.095386,19.39143,-257.888953,-0.085357666015625,1.2299041748046875,-2.1557582838057465,198,197,0.9949494949494949,1.0
2028,512.994254,19.084856,-259.275686,-0.0687255859375,1.1409454345703125,-1.386733059920805,195,194,0.9948717948717949,1.0
2029,511.680427,18.758502,-260.437572,-0.076171875,1.3516082763671875,-1.1618865757291321,196,194,0.9897959183673469,1.0
2030,510.083748,18.498836,-261.380197,0.009185791015625,1.6176300048828125,-0.9426249991484668,200,197,0.985,1.0
2031,508.404848,18.159667,-262.167625,-0.083709716796875,1.7107696533203125,-0.7874280299477884,189,189,1.0,1.0
2032,506.575125,17.867772,-262.806558,-0.039825439453125,1.8524322509765625,-0.6389331806884065,196,193,0.9846938775510204,1.0
2033,504.536877,17.589356,-263.227494,-0.02099609375,2.05706787109375,-0.4209358623546275,202,199,0.9851485148514851,1.0
2034,502.35976,17.267164,-263.580315,-0.063201904296875,2.199920654296875,-0.3528205274155237,191,191,1.0,1.0
2035,499.924625,17.040804,-263.829189,0.047332763671875,2.4451751708984375,-0.24887409030633556,189,188,0.9947089947089947,1.0
2036,497.296246,16.669082,-264.028222,-0.0870361328125,2.653106689453125,-0.19903260683654983,191,191,1.0,1.0
2037,494.516876,16.292642,-264.158447,-0.085235595703125,2.8034515380859375,-0.1302251741280329,196,194,0.9897959183673469,1.0
2038,491.424409,15.903519,-264.252891,-0.072357177734375,3.1160125732421875,-0.0944438902637843,190,189,0.9947368421052631,1.0
2039,488.282399,15.673238,-264.332887,0.08551025390625,3.1492767333984375,-0.07999593446147693,199,197,0.9899497487437185,1.0
2040,485.083222,15.350681,-264.42217,-0.00506591796875,3.21539306640625,-0.08928323518775946,191,189,0.9895287958115183,1.0
2041,481.789893,15.029115,-264.549979,6.103515625e-05,3.308990478515625,-0.12780913792871457,203,203,1.0,1.0
2042,478.553479,14.641424,-264.690467,-0.07855224609375,3.25860595703125,-0.1404876643381946,196,192,0.9795918367346939,1.0
2043,475.249557,14.337317,-264.762967,0.0029296875,3.3178863525390625,-0.07250059500731325,194,192,0.9896907216494846,1.0
2044,471.964658,14.034817,-264.792613,-0.00140380859375,3.298797607421875,-0.02964625995142775,196,196,1.0,1.0
2045,468.711092,13.764252,-264.807788,0.025848388671875,3.2646942138671875,-0.015174605702250519,194,193,0.9948453608247423,1.0
2046,465.616106,13.433398,-264.820398,-0.049407958984375,3.1122283935546875,-0.012609463800756912,205,205,1.0,1.0
2047,462.402433,13.182104,-264.826038,0.03985595703125,3.223236083984375,-0.005640277570535026,200,199,0.995,1.0
2048,459.059551,12.848859,-264.763529,-0.030426025390625,3.35931396484375,0.06250872284245354,194,189,0.9742268041237113,1.0
2049,455.877292,12.626345,-264.72618,0.06884765625,3.1892852783203125,0.03734893569662499,195,194,0.9948717948717949,1.0
2050,452.843998,12.333419,-264.717735,-0.01287841796875,3.0473785400390625,0.008445429374740236,202,200,0.9900990099009901,1.0
2051,449.811686,12.140597,-264.698859,0.087158203125,3.0371856689453125,0.018875219668011787,207,207,1.0,1.0
2052,446.959253,11.880065,-264.692381,0.004119873046875,2.8643035888671875,0.0064787493346781435,212,211,0.9952830188679245,1.0
2053,444.072959,11.669115,-264.674122,0.05694580078125,2.8934326171875,0.018259077257591513,213,211,0.9906103286384976,1.0
2054,441.102511,11.43171,-264.645723,0.039337158203125,2.9796600341796875,0.02839838150822747,206,205,0.9951456310679612,1.0
2055,438.215683,11.199125,-264.607785,0.037811279296875,2.89593505859375,0.03793852179896005,208,207,0.9951923076923077,1.0
2056,435.423286,10.887484,-264.605512,-0.0478515625,2.809326171875,0.0022725175797155654,208,208,1.0,1.0
2057,432.536002,10.720467,-264.602328,0.10516357421875,2.89019775390625,0.003183895308200589,204,203,0.9950980392156863,1.0
2058,429.64753,10.490214,-264.576547,0.04248046875,2.8973236083984375,0.025781421089544225,206,203,0.9854368932038835,1.0
2059,426.818385,10.242857,-264.553708,0.021148681640625,2.8398590087890625,0.02283924670259054,204,204,1.0,1.0
2060,423.990792,10.032186,-264.543011,0.05865478515625,2.8348236083984375,0.010696423476484912,212,211,0.9952830188679245,1.0
2061,421.170978,9.86014,-264.53996,0.096893310546875,2.823394775390625,0.003051674021795886,210,210,1.0,1.0
2062,418.301215,9.551038,-264.501204,-0.034637451171875,2.8861541748046875,0.03875567728023654,212,212,1.0,1.0
2063,415.469482,9.334232,-264.506368,0.0555419921875,2.8394775390625,-0.0051639234474935,206,206,1.0,1.0
2064,412.595393,9.029666,-264.500806,-0.02801513671875,2.890045166015625,0.005561500196468792,213,212,0.9953051643192489,1.0
2065,409.763036,8.765045,-264.514294,0.008026123046875,2.8446807861328125,-0.013487664746735661,210,209,0.9952380952380953,1.0
2066,406.815538,8.529372,-264.500747,0.04718017578125,2.9565277099609375,0.013546974493759033,212,210,0.9905660377358491,1.0
2067,404.041372,8.248184,-264.530697,-0.0140380859375,2.7883453369140625,-0.02994967071655276,212,211,0.9952830188679245,1.0
2068,401.218675,7.916969,-264.56073,-0.0606689453125,2.8414154052734375,-0.03003324295633417,211,210,0.995260663507109,1.0
2069,398.435774,7.675986,-264.571704,0.023895263671875,2.793212890625,-0.010974391744165195,211,210,0.995260663507109,1.0
2070,395.617516,7.397112,-264.58041,-0.011016845703125,2.832000732421875,-0.008705739714455702,209,208,0.9952153110047847,1.0
2071,392.746559,7.169798,-264.553779,0.04486083984375,2.8795928955078125,0.026631499191614616,210,208,0.9904761904761905,1.0
2072,390.015649,6.901304,-264.572195,-0.008087158203125,2.7440643310546875,-0.018416000775687325,212,210,0.9905660377358491,1.0
2073,387.143929,6.63307,-264.562253,0.004608154296875,2.88421630859375,0.00994141804967275,209,208,0.9952153110047847,1.0
2074,384.22983,6.355792,-264.544217,0.0001220703125,2.9272613525390625,0.01803660998085576,208,208,1.0,1.0
2075,381.47793,6.071651,-264.576694,-0.021209716796875,2.766448974609375,-0.03247733609833286,208,208,1.0,1.0
2076,378.546977,5.7788,-264.546305,-0.0145263671875,2.9455108642578125,0.03038909808955436,218,218,1.0,1.0
2077,375.632877,5.596412,-264.51868,0.09539794921875,2.918243408203125,0.027624675959651363,212,212,1.0,1.0
2078,372.905554,5.29794,-264.529983,-0.036590576171875,2.7433624267578125,-0.011303050410916025,207,206,0.9951690821256038,1.0
2079,370.132355,5.005612,-264.566817,-0.026641845703125,2.7884368896484375,-0.03683388116894403,217,216,0.9953917050691244,1.0
2080,367.391371,4.765021,-264.529832,0.02001953125,2.7514495849609375,0.036985190957949526,217,214,0.9861751152073732,1.0
2081,364.566737,4.502219,-264.548696,0.007659912109375,2.836822509765625,-0.018864405669713136,219,218,0.9954337899543378,1.0
2082,361.772868,4.236056,-264.542712,0.000457763671875,2.8065185546875,0.005984035463580543,215,215,1.0,1.0
2083,359.043178,4.020918,-264.565823,0.045440673828125,2.7377777099609375,-0.023111135268814885,220,220,1.0,1.0
2084,356.180728,3.751587,-264.583604,0.002960205078125,2.875091552734375,-0.017780722240061646,217,217,1.0,1.0
2085,353.407026,3.457174,-264.60228,-0.031280517578125,2.7891082763671875,-0.0186762300081113,216,216,1.0,1.0
2086,350.543224,3.23023,-264.608692,0.04345703125,2.8724517822265625,-0.0064116821153962465,215,215,1.0,1.0
2087,347.594693,2.927196,-264.617174,-0.024658203125,2.963958740234375,-0.00848250715740668,215,214,0.9953488372093023,1.0
2088,344.853659,2.749782,-264.631931,0.08050537109375,2.7455902099609375,-0.014756977839479438,213,211,0.9906103286384976,1.0
2089,342.231123,2.46317,-264.628713,-0.040008544921875,2.637847900390625,0.0032180934923762726,217,215,0.9907834101382489,1.0
2090,339.688459,2.264196,-264.637289,0.0399169921875,2.5501251220703125,-0.008575347140497647,211,210,0.995260663507109,1.0
2091,337.242913,2.063503,-264.643633,0.02874755859375,2.4535980224609375,-0.006343880078546276,209,209,1.0,1.0
2092,334.971674,1.858522,-264.631961,0.0079345703125,2.28045654296875,0.011671481898529602,213,213,1.0,1.0
2093,332.801152,1.631396,-264.586491,-0.0230712890625,2.1822509765625,0.04547033917408346,217,216,0.9953917050691244,1.0
2094,330.76486,1.425704,-264.600981,-0.012664794921875,2.0466156005859375,-0.014490384882544113,223,222,0.9955156950672646,1.0
2095,328.741954,1.208554,-264.593063,-0.025848388671875,2.03436279296875,0.007918207895640524,224,222,0.9910714285714286,1.0
2096,326.799133,1.067061,-264.574857,0.042205810546875,1.947509765625,0.018205656535853557,223,221,0.9910313901345291,1.0
2097,324.951946,0.908247,-264.562017,0.01654052734375,1.8539276123046875,0.012840320529852255,220,219,0.9954545454545455,1.0
2098,323.189028,0.693398,-264.551485,-0.04681396484375,1.7753448486328125,0.010531659780555244,220,219,0.9954545454545455,1.0
2099,321.525728,0.536312,-264.554996,0.001556396484375,1.6707000732421875,-0.0035108121090360114,212,212,1.0,1.0
2100,319.78975,0.26483,-264.507113,-0.10552978515625,1.75390625,0.04788310063653552,214,214,1.0,1.0
2101,318.180061,0.053962,-264.506159,-0.055816650390625,1.6224822998046875,0.0009543848858533833,213,211,0.9906103286384976,1.0
2102,316.627336,0.090931,-264.523769,0.185455322265625,1.54205322265625,-0.01761078500861368,211,208,0.985781990521327,1.0
2103,315.042369,-0.123439,-264.526183,-0.0621337890625,1.5981903076171875,-0.002413673601298497,213,212,0.9953051643192489,1.0
2104,313.548672,-0.281231,-264.540516,-0.01458740234375,1.5019378662109375,-0.014333379351751458,214,213,0.9953271028037384,1.0
2105,311.970077,-0.489158,-264.521532,-0.056793212890625,1.591217041015625,0.018984046467973442,217,216,0.9953917050691244,1.0
2106,310.440014,-0.66638,-264.545969,-0.03033447265625,1.5399932861328125,-0.024436133846164883,224,223,0.9955357142857143,1.0
2107,308.853854,-0.793699,-264.538996,0.024017333984375,1.5910797119140625,0.0069724546193274395,220,220,1.0,1.0
2108,307.140725,-1.005486,-264.545633,-0.04779052734375,1.7255096435546875,-0.006637154840125851,218,217,0.9954128440366973,1.0
2109,305.655021,-1.119911,-264.552294,0.027313232421875,1.4898529052734375,-0.006660291631405386,217,216,0.9953917050691244,1.0
2110,304.198742,-1.243404,-264.582346,0.01531982421875,1.46142578125,-0.030052878585457216,218,218,1.0,1.0
2111,302.844074,-1.421509,-264.565355,-0.049407958984375,1.3654327392578125,0.01699102756568262,223,223,1.0,1.0
2112,301.490071,-1.571018,-264.556448,-0.020599365234375,1.3620758056640625,0.008907133591228146,223,222,0.9955156950672646,1.0
2113,300.141878,-1.697808,-264.556009,0.001678466796875,1.3541412353515625,0.0004393577930053491,223,222,0.9955156950672646,1.0
2114,298.988035,-1.819207,-264.589634,-0.011383056640625,1.16015625,-0.03362542311977772,219,219,1.0,1.0
2115,297.772545,-1.95232,-264.56208,-0.017913818359375,1.222625732421875,0.02755404831955061,222,222,1.0,1.0
2116,296.658518,-2.045342,-264.555636,0.012969970703125,1.117828369140625,0.006443881463820406,224,224,1.0,1.0
2117,295.766007,-2.144937,-264.557754,-0.01446533203125,0.8979339599609375,-0.002117890715373693,223,223,1.0,1.0
2118,294.88115,-2.268724,-264.542031,-0.039306640625,0.892608642578125,0.01572285508580071,224,223,0.9955357142857143,1.0
2119,294.202664,-2.322516,-264.549732,0.010986328125,0.6805267333984375,-0.0077004335167497094,218,217,0.9954128440366973,1.0
2120,293.587607,-2.377277,-264.527923,0.00390625,0.6174774169921875,0.02180886819508581,220,220,1.0,1.0
2121,293.058002,-2.403516,-264.513571,0.024383544921875,0.529693603515625,0.014352473696908742,223,223,1.0,1.0
2122,292.709115,-2.379911,-264.509602,0.056854248046875,0.34503173828125,0.00396874420362866,228,228,1.0,1.0
2123,292.521814,-2.309159,-264.513077,0.088348388671875,0.1796722412109375,-0.0034756527508087226,228,228,1.0,1.0
2124,292.389285,-2.311772,-264.522752,0.01007080078125,0.132171630859375,-0.009674270298062839,233,233,1.0,1.0
2125,292.328111,-2.370951,-264.509253,-0.053070068359375,0.0665435791015625,0.013498700094680025,237,237,1.0,1.0
2126,292.358663,-2.413542,-264.490695,-0.045318603515625,-0.026336669921875,0.018558421277738373,234,234,1.0,1.0
2127,292.391374,-2.473913,-264.472368,-0.063232421875,-0.026763916015625,0.01832650234924486,230,230,1.0,1.0
2128,292.451566,-2.646162,-264.446277,-0.17724609375,-0.0433197021484375,0.026091190120303955,234,233,0.9957264957264957,1.0
2129,292.502602,-2.726101,-264.44105,-0.084503173828125,-0.043060302734375,0.005227300048757137,226,224,0.9911504424778761,1.0
2130,292.561924,-2.861157,-264.442182,-0.140167236328125,-0.04595947265625,-0.0011323934171577701,230,230,1.0,1.0
2131,292.619412,-3.005131,-264.439521,-0.14886474609375,-0.04327392578125,0.0026612526663343443,234,234,1.0,1.0
2132,292.579411,-3.26778,-264.4429,-0.257537841796875,0.0652618408203125,-0.003378992702363677,230,230,1.0,1.0
2133,292.51385,-3.459478,-264.526491,-0.1844482421875,0.0838165283203125,-0.08359122922497883,221,220,0.995475113122172,1.0
2134,292.512769,-3.521939,-264.803817,-0.06207275390625,0.0070343017578125,-0.2773261077541672,221,221,1.0,1.0
2135,292.392871,-3.56131,-265.035621,-0.028350830078125,0.1229705810546875,-0.23180427197587541,224,224,1.0,1.0
2136,292.406365,-3.556554,-265.25008,0.003570556640625,-0.01385498046875,-0.21445896324839198,221,219,0.9909502262443439,1.0
2137,292.362796,-3.497122,-265.383011,0.062835693359375,0.0384979248046875,-0.1329303411839754,224,223,0.9955357142857143,1.0
2138,292.377831,-3.437246,-265.530268,0.0584716796875,-0.019805908203125,-0.1472575332177416,223,222,0.9955156950672646,1.0
2139,292.407339,-3.313293,-265.631195,0.12127685546875,-0.0390777587890625,-0.1009265198306737,227,226,0.9955947136563876,1.0
2140,292.257693,-3.228223,-265.700014,0.096221923828125,0.142730712890625,-0.06881886469718103,224,223,0.9955357142857143,1.0
2141,292.129787,-3.107774,-265.776196,0.12969970703125,0.1185150146484375,-0.07618209262327695,221,221,1.0,1.0
2142,291.883028,-3.02621,-265.899706,0.099517822265625,0.240081787109375,-0.12351073804767936,218,218,1.0,1.0
2143,291.630395,-2.899846,-265.978604,0.14410400390625,0.242950439453125,-0.07889724507866773,216,215,0.9953703703703703,1.0
2144,291.194349,-2.834929,-266.09245,0.0953369140625,0.430419921875,-0.11384646732609256,223,223,1.0,1.0
2145,290.786868,-2.721717,-266.215296,0.140716552734375,0.3988189697265625,-0.12284539858146039,220,220,1.0,1.0
2146,290.16338,-2.702803,-266.332219,0.060028076171875,0.620880126953125,-0.11692387637585364,226,226,1.0,1.0
2147,289.414207,-2.626671,-266.40585,0.1239013671875,0.742767333984375,-0.07363103016429315,220,219,0.9954545454545455,1.0
2148,288.591087,-2.613059,-266.549166,0.065185546875,0.820648193359375,-0.14331509400824338,219,219,1.0,1.0
2149,287.436211,-2.584988,-266.626747,0.0975341796875,1.151092529296875,-0.07758192884322565,210,210,1.0,1.0
2150,286.185741,-2.615895,-266.710939,0.042724609375,1.2501220703125,-0.08419184192416752,217,217,1.0,1.0
2151,284.708351,-2.568898,-266.786983,0.131683349609375,1.472259521484375,-0.07604412304051503,220,220,1.0,1.0
2152,283.051642,-2.66407,-266.814319,-0.002166748046875,1.6594390869140625,-0.027335711427058894,219,219,1.0,1.0
2153,281.279849,-2.757213,-266.866893,0.005462646484375,1.77423095703125,-0.0525737746693144,216,216,1.0,1.0
2154,279.300801,-2.784274,-266.955392,0.081146240234375,1.977569580078125,-0.08849934993474996,216,215,0.9953703703703703,1.0
2155,277.172416,-2.959242,-267.032945,-0.061676025390625,2.134674072265625,-0.07755289008866008,216,216,1.0,1.0
2156,274.772869,-3.039457,-267.075236,0.044097900390625,2.400482177734375,-0.04229097075662284,215,214,0.9953488372093023,1.0
2157,272.231069,-3.183774,-267.155767,-0.014434814453125,2.5458526611328125,-0.08053092482615982,220,220,1.0,1.0
2158,269.455201,-3.271971,-267.212796,0.049652099609375,2.776824951171875,-0.057028895145354065,223,222,0.9955156950672646,1.0
2159,266.583219,-3.445645,-267.265252,-0.0338134765625,2.8770294189453125,-0.052455811002332264,224,224,1.0,1.0
2160,263.367044,-3.5671,-267.272073,0.032135009765625,3.2183074951171875,-0.006820921988107857,220,220,1.0,1.0
2161,260.232431,-3.658101,-267.306477,0.05828857421875,3.1353912353515625,-0.03440462075036205,220,219,0.9954545454545455,1.0
2162,256.887911,-3.725869,-267.33995,0.0894775390625,3.3440093994140625,-0.03347295972072336,220,220,1.0,1.0
2163,253.562381,-3.827429,-267.368778,0.052886962890625,3.32666015625,-0.028827532402546617,215,215,1.0,1.0
2164,250.14096,-3.969724,-267.337544,0.014923095703125,3.424346923828125,0.03123347210299805,213,213,1.0,1.0
2165,246.899858,-4.031296,-267.310283,0.08905029296875,3.2404632568359375,0.027261693160435602,219,218,0.9954337899543378,1.0
2166,243.509655,-4.204434,-267.240179,-0.01385498046875,3.39459228515625,0.07010351706195193,219,219,1.0,1.0
2167,240.256747,-4.362769,-267.162729,-0.00152587890625,3.2567596435546875,0.07744958741592578,223,223,1.0,1.0
2168,236.958507,-4.472362,-267.046109,0.053802490234375,3.29962158203125,0.1166199983497737,224,222,0.9910714285714286,1.0
2169,233.72934,-4.552755,-266.955032,0.08612060546875,3.2290191650390625,0.09107783459417218,223,222,0.9955156950672646,1.0
2170,230.50649,-4.686757,-266.851099,0.037384033203125,3.2254180908203125,0.10393259042276194,219,219,1.0,1.0
2171,227.323943,-4.902461,-266.796827,-0.040557861328125,3.1895904541015625,0.054272309013942435,221,221,1.0,1.0
2172,224.227406,-5.032017,-266.717952,0.043670654296875,3.09893798828125,0.07887518801896459,221,220,0.995475113122172,1.0
2173,221.215919,-5.183895,-266.667251,0.020782470703125,3.0152435302734375,0.05070072620188587,226,225,0.995575221238938,1.0
2174,218.251264,-5.282314,-266.604097,0.0740966796875,2.965362548828125,0.06315386914652833,223,222,0.9955156950672646,1.0
2175,215.234339,-5.462895,-266.535899,-0.001556396484375,3.0223236083984375,0.06819772534960915,220,218,0.990909090909091,1.0
2176,212.369869,-5.565943,-266.478124,0.070220947265625,2.8654632568359375,0.057775118043357214,229,229,1.0,1.0
2177,209.448203,-5.70115,-266.407077,0.044525146484375,2.9244537353515625,0.07104679056897507,228,228,1.0,1.0
2178,206.6001,-5.842526,-266.37052,0.037384033203125,2.8513641357421875,0.036557311343192844,225,224,0.9955555555555555,1.0
2179,203.800992,-6.009711,-266.298223,0.010345458984375,2.8040771484375,0.07229685740096455,226,226,1.0,1.0
2180,200.967876,-6.213254,-266.239067,-0.02020263671875,2.8403472900390625,0.05915571461804025,228,228,1.0,1.0
2181,198.172053,-6.300149,-266.180821,0.0966796875,2.795501708984375,0.058246761988415975,229,229,1.0,1.0
2182,195.470435,-6.426821,-266.183033,0.053558349609375,2.7040557861328125,-0.002212612743152885,228,228,1.0,1.0
2183,192.748483,-6.583342,-266.155294,0.0250244140625,2.7263336181640625,0.027739128740223627,223,223,1.0,1.0
2184,190.027486,-6.820708,-266.144051,-0.05438232421875,2.7307891845703125,0.01124363475166913,228,228,1.0,1.0
2185,187.249878,-6.978803,-266.089614,0.029052734375,2.781951904296875,0.054436527711010214,227,227,1.0,1.0
2186,184.495262,-7.161559,-266.069693,0.005523681640625,2.7606658935546875,0.01992070247147688,225,225,1.0,1.0
2187,181.696416,-7.313872,-266.002909,0.039886474609375,2.802703857421875,0.0667843085514276,219,218,0.9954337899543378,1.0
2188,178.86968,-7.583712,-265.989239,-0.0721435546875,2.8386688232421875,0.013670078621747319,227,226,0.9955947136563876,1.0
2189,176.051278,-7.756821,-265.934935,0.024444580078125,2.8236083984375,0.05430378696436559,228,228,1.0,1.0
2190,173.339005,-7.984271,-265.927272,-0.03460693359375,2.7215728759765625,0.007662901055234302,224,223,0.9955357142857143,1.0
2191,170.580708,-8.206582,-265.895062,-0.025848388671875,2.767120361328125,0.032210248165507174,225,224,0.9955555555555555,1.0
2192,167.694028,-8.416934,-265.854109,-0.003173828125,2.8943328857421875,0.04095290517945393,226,226,1.0,1.0
2193,164.972461,-8.521224,-265.812788,0.092742919921875,2.72198486328125,0.04132061365550962,223,223,1.0,1.0
2194,162.260926,-8.861688,-265.79423,-0.141571044921875,2.729156494140625,0.01855843725794365,229,229,1.0,1.0
2195,159.556379,-9.105767,-265.772787,-0.045074462890625,2.7151641845703125,0.02144275025400976,224,222,0.9910714285714286,1.0
2196,156.767953,-9.265967,-265.730853,0.0457763671875,2.7926483154296875,0.0419347058689093,221,220,0.995475113122172,1.0
2197,154.072711,-9.484607,-265.672051,-0.01739501953125,2.70404052734375,0.058801506192672874,223,223,1.0,1.0
2198,151.298945,-9.681521,-265.629938,0.012969970703125,2.7807159423828125,0.04211341147156462,223,223,1.0,1.0
2199,148.549492,-9.925363,-265.576586,-0.03363037109375,2.760040283203125,0.05335139754649874,220,219,0.9954545454545455,1.0
2200,145.767867,-10.133777,-265.523154,0.006744384765625,2.7894134521484375,0.05343222666051792,216,215,0.9953703703703703,1.0
2201,142.969382,-10.415484,-265.490642,-0.062408447265625,2.8119354248046875,0.032511767597718975,224,223,0.9955357142857143,1.0
2202,140.192557,-10.55994,-265.451227,0.074310302734375,2.7795867919921875,0.03941558633492432,225,225,1.0,1.0
2203,137.507848,-10.794685,-265.435542,-0.021087646484375,2.6948699951171875,0.015684352212608877,228,227,0.9956140350877193,1.0
2204,134.860539,-11.019439,-265.433548,-0.01336669921875,2.65679931640625,0.0019946254822445233,218,218,1.0,1.0
2205,132.166712,-11.261655,-265.409805,-0.0269775390625,2.704559326171875,0.0237429813755815,223,223,1.0,1.0
2206,129.492259,-11.405072,-265.428752,0.071075439453125,2.6773529052734375,-0.01894756658327091,219,219,1.0,1.0
2207,126.762742,-11.568841,-265.431295,0.054290771484375,2.73388671875,-0.002542355269105971,216,216,1.0,1.0
2208,124.029266,-11.819628,-265.404725,-0.032257080078125,2.7447662353515625,0.026569203856566404,221,221,1.0,1.0
2209,121.264028,-12.044732,-265.38371,-0.002838134765625,2.774383544921875,0.02101514820836436,228,227,0.9956140350877193,1.0
2210,118.493719,-12.249865,-265.332352,0.01849365234375,2.77783203125,0.05135792162190668,227,226,0.9955947136563876,1.0
2211,115.687377,-12.47985,-265.316162,-0.0008544921875,2.8157501220703125,0.01619014179791432,226,226,1.0,1.0
2212,113.084139,-12.77434,-265.336024,-0.0809326171875,2.61859130859375,-0.01986153243895439,225,225,1.0,1.0
2213,110.288476,-12.921857,-265.317637,0.080291748046875,2.79840087890625,0.01838649023022844,218,218,1.0,1.0
2214,107.431958,-13.084109,-265.273151,0.07147216796875,2.8602294921875,0.044486356851788006,222,222,1.0,1.0
2215,104.661874,-13.355416,-265.271406,-0.0421142578125,2.78302001953125,0.0017449640120658163,219,218,0.9954337899543378,1.0
2216,101.921843,-13.596518,-265.229497,-0.014404296875,2.750579833984375,0.04190906335262661,218,218,1.0,1.0
2217,99.205547,-13.845957,-265.193674,-0.022674560546875,2.727630615234375,0.0358230527552847,220,218,0.990909090909091,1.0
2218,96.476705,-14.139782,-265.145346,-0.06414794921875,2.743865966796875,0.048327530894773076,226,225,0.995575221238938,1.0
2219,93.884152,-14.335228,-265.188832,0.024658203125,2.59979248046875,-0.04348590222622159,219,218,0.9954337899543378,1.0
2220,91.314773,-14.575102,-265.208572,-0.023529052734375,2.5804443359375,-0.019739747463578615,217,216,0.9953917050691244,1.0
2221,88.550363,-14.736536,-265.182428,0.070037841796875,2.7682342529296875,0.026143793961662873,220,218,0.990909090909091,1.0
2222,85.808116,-15.04814,-265.128569,-0.0802001953125,2.75872802734375,0.053858831426703745,213,213,1.0,1.0
2223,83.12661,-15.244642,-265.107746,0.03192138671875,2.688507080078125,0.02082368263268206,218,218,1.0,1.0
2224,80.437622,-15.581822,-265.106878,-0.10662841796875,2.70794677734375,0.0008679689256255698,213,212,0.9953051643192489,1.0
2225,77.698422,-15.779323,-265.054678,0.036865234375,2.746063232421875,0.05220008903439808,215,215,1.0,1.0
2226,74.922269,-16.044347,-265.064763,-0.02471923828125,2.788665771484375,-0.010085879053719934,217,217,1.0,1.0
2227,72.213739,-16.314985,-265.04822,-0.03662109375,2.721771240234375,0.01654308438997388,215,214,0.9953488372093023,1.0
2228,69.523502,-16.562773,-265.007427,-0.0146484375,2.7015838623046875,0.04079324632236459,217,217,1.0,1.0
2229,66.696601,-16.748641,-264.916801,0.06085205078125,2.8323516845703125,0.09062578482937206,221,221,1.0,1.0
2230,64.07086,-17.012691,-264.880443,-0.030364990234375,2.6388092041015625,0.03635848817081085,220,220,1.0,1.0
2231,61.360255,-17.357325,-264.878547,-0.10137939453125,2.7305450439453125,0.0018955610103192368,220,220,1.0,1.0
2232,58.587917,-17.651571,-264.850954,-0.04559326171875,2.78753662109375,0.027593523634227384,220,219,0.9954545454545455,1.0
2233,55.695927,-17.978079,-264.819326,-0.065643310546875,2.9096221923828125,0.03162807597090749,213,212,0.9953051643192489,1.0
2234,52.911535,-18.224373,-264.791411,0.006134033203125,2.795257568359375,0.02791455606259642,211,210,0.995260663507109,1.0
2235,50.224625,-18.493945,-264.765796,-0.0245361328125,2.700286865234375,0.025615234973512275,217,216,0.9953917050691244,1.0
2236,47.694524,-18.774727,-264.731048,-0.048797607421875,2.545166015625,0.03474805092445718,213,213,1.0,1.0
2237,45.361686,-18.985113,-264.713438,0.004730224609375,2.3423004150390625,0.01760981560261601,218,218,1.0,1.0
2238,43.051531,-19.125992,-264.612962,0.07257080078125,2.3133087158203125,0.10047631433917163,217,215,0.9907834101382489,1.0
2239,40.939565,-19.308106,-264.57397,0.0169677734375,2.1197357177734375,0.0389917772456875,220,220,1.0,1.0
2240,38.882999,-19.612737,-264.567431,-0.108795166015625,2.0761566162109375,0.006538902484935277,222,222,1.0,1.0
2241,37.02149,-19.813251,-264.549131,-0.02337646484375,1.87213134765625,0.018300491990255494,214,213,0.9953271028037384,1.0
2242,35.162625,-19.945014,-264.483959,0.04541015625,1.86297607421875,0.0651712103300996,217,217,1.0,1.0
2243,33.391911,-20.272317,-264.468984,-0.15557861328125,1.793975830078125,0.014975241265619697,218,218,1.0,1.0
2244,31.612853,-20.477246,-264.428781,-0.032501220703125,1.79052734375,0.04020355114454837,221,220,0.995475113122172,1.0
2245,29.880818,-20.617066,-264.37443,0.02899169921875,1.7374267578125,0.054350908792073674,220,220,1.0,1.0
2246,28.283318,-20.805639,-264.364785,-0.03106689453125,1.6082916259765625,0.009644990172805987,214,214,1.0,1.0
2247,26.562661,-20.998173,-264.309984,-0.02264404296875,1.7312469482421875,0.054801133588419045,221,221,1.0,1.0
2248,24.911371,-21.13872,-264.287969,0.02386474609375,1.6570892333984375,0.022014548511930517,223,222,0.9955156950672646,1.0
2249,23.34018,-21.303792,-264.24422,-0.00787353515625,1.5798187255859375,0.04374872431493819,218,218,1.0,1.0
2250,21.834597,-21.512631,-264.253805,-0.056793212890625,1.5189361572265625,-0.009584943276902963,213,213,1.0,1.0
2251,20.278717,-21.705296,-264.224437,-0.035919189453125,1.567352294921875,0.029367852379884048,217,217,1.0,1.0
2252,18.707508,-21.915901,-264.230315,-0.051422119140625,1.5844268798828125,-0.005877357362452891,215,215,1.0,1.0
2253,17.17489,-22.067109,-264.190234,0.003631591796875,1.5400543212890625,0.04008109275482596,222,222,1.0,1.0
2254,15.536938,-22.287726,-264.179084,-0.053680419921875,1.6518707275390625,0.011149400870367265,222,222,1.0,1.0
2255,13.972522,-22.470831,-264.152624,-0.02349853515625,1.574920654296875,0.026459912001656243,220,220,1.0,1.0
2256,12.551129,-22.664684,-264.163313,-0.04803466796875,1.433746337890625,-0.010688966982372886,212,212,1.0,1.0
2257,11.07975,-22.806872,-264.15416,0.0081787109375,1.47821044921875,0.009153136783498314,208,208,1.0,1.0
2258,9.665292,-22.873863,-264.078742,0.077423095703125,1.4139251708984375,0.07541853080121362,209,209,1.0,1.0
2259,8.352869,-23.025904,-264.081894,-0.015838623046875,1.32110595703125,-0.0031520386536996667,219,219,1.0,1.0
2260,7.017019,-23.164623,-264.049513,-0.000244140625,1.3430328369140625,0.03238047705671343,224,224,1.0,1.0
2261,5.854576,-23.310577,-264.024861,-0.024658203125,1.1713104248046875,0.02465191943461837,220,219,0.9954545454545455,1.0
2262,4.763841,-23.386936,-263.997809,0.03759765625,1.0927581787109375,0.027052475457339877,220,218,0.990909090909091,1.0
2263,3.875468,-23.603454,-263.965762,-0.1224365234375,0.9061431884765625,0.03204724654782185,221,220,0.995475113122172,1.0
2264,3.224039,-23.727921,-263.956615,-0.0552978515625,0.6609039306640625,0.009146039827041725,218,218,1.0,1.0
2265,2.713001,-23.889188,-263.932194,-0.1065673828125,0.525177001953125,0.024421548958216962,216,216,1.0,1.0
2266,2.305494,-23.948987,-263.885164,-0.016387939453125,0.4115447998046875,0.04702995915063434,221,221,1.0,1.0
2267,1.849975,-23.981643,-263.842434,0.01605224609375,0.4564056396484375,0.042729613976324625,219,219,1.0,1.0
2268,1.591719,-24.046308,-263.807076,-0.036590576171875,0.263702392578125,0.0353584482227249,228,228,1.0,1.0
2269,1.416739,-24.029257,-263.792383,0.03582763671875,0.172119140625,0.014693066865256286,232,232,1.0,1.0
2270,1.35528,-24.012581,-263.770948,0.023223876953125,0.059295654296875,0.021435036200780147,238,238,1.0,1.0
2271,1.357562,-24.063445,-263.755026,-0.050811767578125,0.0032501220703125,0.015922260038886218,233,233,1.0,1.0
2272,1.463163,-24.152462,-263.737797,-0.0999755859375,-0.0952911376953125,0.017228776068491568,232,232,1.0,1.0
2273,1.528008,-24.250987,-263.740829,-0.105010986328125,-0.0537109375,-0.0030323754851362406,235,235,1.0,1.0
2274,1.560972,-24.323264,-263.7399,-0.075439453125,-0.0248870849609375,0.0009294538056645135,228,228,1.0,1.0
2275,1.594736,-24.393733,-263.736809,-0.07373046875,-0.02587890625,0.0030910465916683004,235,235,1.0,1.0
2276,1.550292,-24.475792,-263.726118,-0.07672119140625,0.053131103515625,0.010691118299251061,227,227,1.0,1.0
2277,1.600696,-24.629592,-263.746589,-0.15838623046875,-0.033294677734375,-0.02047181327823093,230,230,1.0,1.0
2278,1.536142,-24.862066,-263.463417,-0.22406005859375,0.0894927978515625,0.2831719061435708,210,209,0.9952380952380953,1.0
2279,1.594127,-25.166527,-262.538349,-0.30908203125,-0.02294921875,0.9250687311644755,204,202,0.9901960784313726,1.0
2280,1.714828,-25.130251,-261.592528,0.020294189453125,-0.1243896484375,0.9458204552245153,210,210,1.0,1.0
2281,1.789617,-25.040995,-260.922312,0.077362060546875,-0.0870361328125,0.6702164860735916,213,212,0.9953051643192489,1.0
2282,1.917745,-24.920763,-260.405465,0.0985107421875,-0.1454925537109375,0.516846364539782,208,208,1.0,1.0
2283,2.12018,-24.805886,-260.021858,0.07952880859375,-0.21875,0.38360779252003113,213,213,1.0,1.0
2284,2.162893,-24.56802,-259.679891,0.22686767578125,-0.083282470703125,0.34196610795812277,208,207,0.9951923076923077,1.0
2285,2.154163,-24.364974,-259.430056,0.201324462890625,-0.0277862548828125,0.24983507111172293,215,215,1.0,1.0
2286,2.349939,-24.320277,-259.259423,0.008026123046875,-0.200653076171875,0.1706329523022967,219,219,1.0,1.0
2287,2.366685,-24.201986,-259.17551,0.11309814453125,-0.0384979248046875,0.08391334866821433,220,220,1.0,1.0
2288,2.227992,-24.094684,-259.114651,0.131439208984375,0.1160736083984375,0.060858958203547246,224,224,1.0,1.0
2289,2.039715,-24.082007,-259.069527,0.048004150390625,0.1824951171875,0.04512370862373124,229,228,0.9956331877729258,1.0
2290,1.681591,-24.112565,-259.029115,0.03790283203125,0.357421875,0.040412138597125995,229,229,1.0,1.0
2291,1.271349,-24.097312,-258.966842,0.093048095703125,0.39984130859375,0.06227369148800247,219,219,1.0,1.0
2292,0.772922,-24.210757,-258.950482,-0.015960693359375,0.51092529296875,0.01636010665511229,222,222,1.0,1.0
2293,0.13381,-24.235407,-258.926851,0.098297119140625,0.631988525390625,0.023630623049201757,216,216,1.0,1.0
2294,-0.793918,-24.320445,-258.888129,0.0947265625,0.926788330078125,0.0387223018846729,220,220,1.0,1.0
2295,-1.811971,-24.49191,-258.859969,0.0279541015625,1.032012939453125,0.028159760834329046,228,228,1.0,1.0
2296,-2.954178,-24.723052,-258.866739,-0.006103515625,1.16534423828125,-0.006770403375920058,224,224,1.0,1.0
2297,-4.330284,-24.974641,-258.835208,0.01885986328125,1.3987884521484375,0.03153119113964611,213,212,0.9953051643192489,1.0
2298,-5.884129,-25.210303,-258.766016,0.069671630859375,1.570068359375,0.06919192104425322,205,205,1.0,1.0
2299,-7.677177,-25.576335,-258.771254,-0.00970458984375,1.8300018310546875,-0.005238174819763077,213,211,0.9906103286384976,1.0
2300,-9.540257,-25.858467,-258.764783,0.0860595703125,1.882354736328125,0.0064714530756229465,215,215,1.0,1.0
2301,-11.71971,-26.268659,-258.724649,0.022308349609375,2.2176055908203125,0.04013394339818254,211,211,1.0,1.0
2302,-14.013018,-26.656332,-258.669255,0.068206787109375,2.3248443603515625,0.0553934125329972,215,215,1.0,1.0
2303,-16.48202,-27.209548,-258.678137,-0.057342529296875,2.529571533203125,-0.008881762461026274,213,212,0.9953051643192489,1.0
2304,-19.195776,-27.671406,-258.629472,0.07989501953125,2.751617431640625,0.048664938895666705,214,214,1.0,1.0
2305,-22.15935,-28.307692,-258.616057,-0.039520263671875,3.030853271484375,0.013415727551758155,215,215,1.0,1.0
2306,-25.155268,-28.914482,-258.605644,-0.003509521484375,3.0567474365234375,0.010412455996263913,218,218,1.0,1.0
2307,-28.316286,-29.541755,-258.559298,0.00958251953125,3.2226409912109375,0.046346130018960735,210,210,1.0,1.0
2308,-31.489204,-30.126428,-258.547396,0.056304931640625,3.2258453369140625,0.011902321984631042,212,212,1.0,1.0
2309,-34.75171,-30.844768,-258.524019,-0.056243896484375,3.340179443359375,0.02337666638089785,215,215,1.0,1.0
2310,-37.828861,-31.515722,-258.54488,-0.045318603515625,3.1491241455078125,-0.020861188619539953,212,210,0.9905660377358491,1.0
2311,-40.934509,-32.16391,-258.495984,-0.01849365234375,3.172515869140625,0.0488962717042886,214,213,0.9953271028037384,1.0
2312,-44.093899,-32.899608,-258.442144,-0.0908203125,3.242645263671875,0.05384041236435963,218,218,1.0,1.0
2313,-47.206261,-33.58413,-258.350581,-0.04705810546875,3.1864013671875,0.09156210536328277,213,213,1.0,1.0
2314,-50.2292,-34.324652,-258.289154,-0.1148681640625,3.110198974609375,0.06142733052829489,212,212,1.0,1.0
2315,-53.346936,-34.944273,-258.17517,0.026092529296875,3.1786041259765625,0.1139844406418822,210,209,0.9952380952380953,1.0
2316,-56.269407,-35.608356,-258.132909,-0.051116943359375,2.9965362548828125,0.04226105452738045,216,216,1.0,1.0
2317,-59.295171,-36.248161,-258.075203,-0.00390625,3.0926666259765625,0.0577059194174029,205,205,1.0,1.0
2318,-62.113427,-36.942365,-258.032686,-0.096893310546875,2.90087890625,0.04251637374410956,216,216,1.0,1.0
2319,-64.881745,-37.546421,-257.983255,-0.01690673828125,2.833404541015625,0.0494313741763619,217,217,1.0,1.0
2320,-67.715493,-38.20706,-257.929437,-0.056182861328125,2.9091949462890625,0.053817611528479845,210,210,1.0,1.0
2321,-70.590183,-38.810405,-257.859833,0.011138916015625,2.9373016357421875,0.06960436626751319,210,210,1.0,1.0
2322,-73.363464,-39.443158,-257.802727,-0.035369873046875,2.844329833984375,0.05710630883079838,213,212,0.9953051643192489,1.0
2323,-76.18284,-40.074256,-257.759372,-0.02117919921875,2.889068603515625,0.04335495373519995,216,216,1.0,1.0
2324,-78.913499,-40.721977,-257.674269,-0.054046630859375,2.805908203125,0.08510232750927829,210,210,1.0,1.0
2325,-81.6275,-41.36823,-257.62563,-0.052001953125,2.789398193359375,0.048639318586143274,204,204,1.0,1.0
2326,-84.450152,-41.94008,-257.49485,0.04632568359375,2.8796234130859375,0.1307804878125206,205,205,1.0,1.0
2327,-86.919854,-42.466732,-257.568103,0.020599365234375,2.525146484375,-0.07325368981682925,202,201,0.995049504950495,1.0
2328,-89.574167,-43.135027,-257.557812,-0.081207275390625,2.7359466552734375,0.010290892121166757,208,208,1.0,1.0
2329,-92.260831,-43.724834,-257.513962,0.002899169921875,2.750640869140625,0.043850294596741696,212,212,1.0,1.0
2330,-94.895293,-44.299424,-257.48345,0.008575439453125,2.696380615234375,0.030512438016179887,213,213,1.0,1.0
2331,-97.520753,-44.898463,-257.438347,-0.01580810546875,2.6928863525390625,0.04510222528064605,206,206,1.0,1.0
2332,-100.081648,-45.55154,-257.468055,-0.080474853515625,2.641632080078125,-0.029707165734403893,206,206,1.0,1.0
2333,-102.733704,-46.157138,-257.400929,-0.015716552734375,2.72027587890625,0.06712571590072003,213,212,0.9953051643192489,1.0
2334,-105.388028,-46.776296,-257.372042,-0.0252685546875,2.7254638671875,0.02888707224532811,209,209,1.0,1.0
2335,-107.961911,-47.374056,-257.34385,-0.020599365234375,2.642303466796875,0.02819152949058637,205,204,0.9951219512195122,1.0
2336,-110.750972,-48.091749,-257.322712,-0.08917236328125,2.8785400390625,0.021137878943000652,205,205,1.0,1.0
2337,-113.383477,-48.630111,-257.321896,0.052490234375,2.6864776611328125,0.0008165775372509504,208,207,0.9951923076923077,1.0
2338,-116.07074,-49.244111,-257.305538,-0.009246826171875,2.756500244140625,0.016357805419293034,209,208,0.9952153110047847,1.0
2339,-118.659107,-49.841145,-257.322697,-0.013641357421875,2.6562957763671875,-0.017158978049407386,205,205,1.0,1.0
2340,-121.198767,-50.506078,-257.295956,-0.09136962890625,2.6236724853515625,0.0267413808433351,212,212,1.0,1.0
2341,-123.878925,-51.000596,-257.275502,0.10699462890625,2.723297119140625,0.020453402814077936,207,205,0.9903381642512077,1.0
2342,-126.508655,-51.707731,-257.280501,-0.11053466796875,2.7209014892578125,-0.0049989437587506826,206,206,1.0,1.0
2343,-129.161588,-52.323,-257.220666,-0.01605224609375,2.723297119140625,0.05983531992027599,215,215,1.0,1.0
2344,-131.752466,-52.875634,-257.225272,0.034149169921875,2.6489410400390625,-0.00460637426386753,203,203,1.0,1.0
2345,-134.416795,-53.530694,-257.21173,-0.049713134765625,2.74322509765625,0.013542122543561432,208,208,1.0,1.0
2346,-137.026411,-54.127091,-257.181037,-0.00396728515625,2.6768951416015625,0.0306935111835491,213,212,0.9953051643192489,1.0
2347,-139.611196,-54.664662,-257.165397,0.04931640625,2.6396331787109375,0.01563978813237568,207,205,0.9903381642512077,1.0
2348,-142.057055,-55.272231,-257.15271,-0.049072265625,2.51971435546875,0.01268687985452227,207,205,0.9903381642512077,1.0
2349,-144.772571,-55.879081,-257.138155,0.01214599609375,2.782470703125,0.014555090842769321,208,207,0.9951923076923077,1.0
2350,-147.386436,-56.457404,-257.105746,0.018035888671875,2.6770172119140625,0.03240897186351145,210,209,0.9952380952380953,1.0
2351,-150.071143,-57.1199,-257.086213,-0.04669189453125,2.7648468017578125,0.019532333034503316,212,210,0.9905660377358491,1.0
2352,-152.792417,-57.745472,-257.048556,-0.0015869140625,2.7922515869140625,0.03765780202448855,210,209,0.9952380952380953,1.0
2353,-155.434468,-58.458452,-257.03764,-0.102691650390625,2.7346343994140625,0.010915200055357616,214,213,0.9953271028037384,1.0
2354,-157.956407,-59.148015,-257.031232,-0.106292724609375,2.6123504638671875,0.006408726139160466,214,214,1.0,1.0
2355,-160.434848,-59.651017,-256.994754,0.0660400390625,2.528106689453125,0.03647819995018166,210,210,1.0,1.0
2356,-162.755785,-60.171599,-256.957793,0.01507568359375,2.3785552978515625,0.03696079228810417,211,209,0.990521327014218,1.0
2357,-164.880479,-60.710698,-256.967623,-0.04571533203125,2.1915435791015625,-0.009830122220643351,211,209,0.990521327014218,1.0
2358,-166.96545,-61.186651,-256.946146,0.0064697265625,2.1385955810546875,0.021477266080949516,214,214,1.0,1.0
2359,-169.025946,-61.610763,-256.947475,0.05224609375,2.1030426025390625,-0.0013293970865722725,220,218,0.990909090909091,1.0
2360,-170.999779,-62.103169,-256.931159,-0.033905029296875,2.0340423583984375,0.016316205429813078,217,216,0.9953917050691244,1.0
2361,-172.869418,-62.433414,-256.89686,0.10107421875,1.8958892822265625,0.034298687620204195,216,215,0.9953703703703703,1.0
2362,-174.687106,-62.887842,-256.860438,-0.030517578125,1.873382568359375,0.03642195558669341,208,207,0.9951923076923077,1.0
2363,-176.483092,-63.254722,-256.831791,0.050994873046875,1.832366943359375,0.028647109679594177,213,212,0.9953051643192489,1.0
2364,-178.23528,-63.677707,-256.793844,-0.0126953125,1.8024749755859375,0.03794747955003502,214,213,0.9953271028037384,1.0
2365,-179.951467,-64.057703,-256.761591,0.022125244140625,1.7576141357421875,0.03225230315058518,208,207,0.9951923076923077,1.0
2366,-181.547612,-64.418971,-256.735201,0.01385498046875,1.6364593505859375,0.02639005074654654,204,204,1.0,1.0
2367,-183.046831,-64.827457,-256.717293,-0.0535888671875,1.552947998046875,0.01790817829283359,217,217,1.0,1.0
2368,-184.575889,-65.107148,-256.785839,0.0791015625,1.5524139404296875,-0.06854555718754661,211,211,1.0,1.0
2369,-186.205269,-65.423503,-256.677924,0.064483642578125,1.6585540771484375,0.10791455824587882,204,204,1.0,1.0
2370,-187.616511,-65.773456,-256.668588,-0.015350341796875,1.4539031982421875,0.009336283111314982,210,210,1.0,1.0
2371,-189.046582,-66.163585,-256.70029,-0.04986572265625,1.4814910888671875,-0.03170220319340439,208,208,1.0,1.0
2372,-190.702809,-66.522071,-256.662117,0.032135009765625,1.69427490234375,0.038172609410375556,207,207,1.0,1.0
2373,-192.20169,-66.948162,-256.667361,-0.068817138671875,1.5567474365234375,-0.0052434494952204305,211,210,0.995260663507109,1.0
2374,-193.68525,-67.307845,-256.655533,-0.00787353515625,1.526519775390625,0.011827703616087802,211,211,1.0,1.0
2375,-195.302726,-67.531975,-256.588742,0.155242919921875,1.6255340576171875,0.06679122426433927,214,213,0.9953271028037384,1.0
2376,-196.651434,-68.011464,-256.627102,-0.153594970703125,1.4231414794921875,-0.03836019809601178,210,210,1.0,1.0
2377,-197.88533,-68.325694,-256.626828,-0.02032470703125,1.2731170654296875,0.00027439401467656055,210,208,0.9904761904761905,1.0
2378,-199.17065,-68.608209,-256.615665,0.022430419921875,1.3158111572265625,0.011163069437433481,213,213,1.0,1.0
2379,-200.493178,-68.820789,-256.551648,0.099334716796875,1.3358154296875,0.0640165531650418,214,214,1.0,1.0
2380,-201.581802,-69.249105,-256.56661,-0.16339111328125,1.15838623046875,-0.014962160411106176,214,214,1.0,1.0
2381,-202.50452,-69.42764,-256.564211,0.04071044921875,0.9389495849609375,0.0023991526793562695,223,222,0.9955156950672646,1.0
2382,-203.41996,-69.667449,-256.552475,-0.020538330078125,0.94610595703125,0.011735870061495972,220,219,0.9954545454545455,1.0
2383,-204.240194,-69.841517,-256.559828,0.021453857421875,0.838226318359375,-0.007353179155045234,220,218,0.990909090909091,1.0
2384,-204.933218,-70.013376,-256.531837,-0.006072998046875,0.7139892578125,0.027991565524645576,222,222,1.0,1.0
2385,-205.754552,-70.222913,-256.474832,-0.012481689453125,0.8475494384765625,0.05700457843528964,219,218,0.9954337899543378,1.0
2386,-206.023607,-70.391778,-256.558937,-0.10125732421875,0.30108642578125,-0.08410463769218886,213,212,0.9953051643192489,1.0
2387,-206.431943,-70.40788,-256.490791,0.079254150390625,0.4008941650390625,0.06814611466608664,216,216,1.0,1.0
2388,-206.657351,-70.343301,-256.466078,0.115447998046875,0.2040863037109375,0.02471277816790086,216,216,1.0,1.0
2389,-206.80813,-70.361232,-256.479422,0.017852783203125,0.150787353515625,-0.013343966082619757,226,226,1.0,1.0
2390,-206.869498,-70.455775,-256.508974,-0.07757568359375,0.0817718505859375,-0.0295518585963309,228,228,1.0,1.0
2391,-206.966214,-70.525991,-256.516292,-0.04571533203125,0.1104278564453125,-0.007318316076483048,235,235,1.0,1.0
2392,-206.960537,-70.574403,-256.505866,-0.04840087890625,0.005767822265625,0.010426549047829569,233,233,1.0,1.0
2393,-207.102085,-70.632379,-256.468029,-0.023345947265625,0.1511688232421875,0.0378368819746565,233,233,1.0,1.0
2394,-207.070227,-70.767751,-256.473331,-0.139068603515625,0.000701904296875,-0.005301910141829306,231,230,0.9956709956709957,1.0
2395,-207.034185,-70.911502,-256.484816,-0.148193359375,-0.0014190673828125,-0.01148532149605191,223,223,1.0,1.0
2396,-207.048583,-70.988062,-256.488992,-0.071075439453125,0.031890869140625,-0.004176277863674004,226,226,1.0,1.0
2397,-206.98635,-71.446978,-255.723357,-0.46075439453125,0.0467071533203125,0.76563524193323,205,205,1.0,1.0
2398,-206.307969,-71.583619,-250.22888,-0.299713134765625,-0.6237335205078125,5.494476484083447,198,198,1.0,1.0
2399,-205.475975,-71.395756,-243.850362,-0.104644775390625,-0.84649658203125,6.378518901510964,191,190,0.9947643979057592,1.0
2400,-204.643114,-70.578165,-237.458651,0.366851806640625,-1.107940673828125,6.391710225546302,180,179,0.9944444444444445,1.0
2401,-204.110276,-70.039896,-230.875718,0.167144775390625,-0.7387237548828125,6.582933357711491,193,191,0.9896373056994818,1.0
2402,-203.668708,-69.480305,-224.264404,0.155487060546875,-0.6956634521484375,6.611313715805518,190,189,0.9947368421052631,1.0
2403,-203.286037,-68.73046,-217.745008,0.24932861328125,-0.8040771484375,6.519396655920753,183,181,0.9890710382513661,1.0
2404,-203.104515,-67.896844,-211.875042,0.36676025390625,-0.770294189453125,5.869965210001132,183,182,0.994535519125683,1.0
2405,-203.077507,-67.251576,-207.174227,0.31781005859375,-0.562225341796875,4.700814952017166,187,185,0.9893048128342246,1.0
2406,-203.240691,-66.928156,-203.76454,0.292877197265625,-0.21319580078125,3.4096879232778687,189,187,0.9894179894179894,1.0
2407,-203.317831,-66.505688,-201.530784,0.2408447265625,-0.355560302734375,2.2337554479286017,202,200,0.9900990099009901,1.0
2408,-203.507812,-66.554909,-200.067975,0.158660888671875,0.115509033203125,1.462809440792439,196,195,0.9948979591836735,1.0
2409,-203.754549,-66.583118,-198.828862,0.222076416015625,0.1111602783203125,1.2391129131225522,197,196,0.9949238578680203,1.0
2410,-203.912257,-66.879484,-197.794493,0.053619384765625,0.3314056396484375,1.0343685446747053,200,199,0.995,1.0
2411,-204.091506,-67.173134,-197.015383,0.0809326171875,0.334381103515625,0.7791101700448348,204,202,0.9901960784313726,1.0
2412,-204.302249,-67.661339,-196.431776,0.05865478515625,0.52850341796875,0.5836070842925313,205,204,0.9951219512195122,1.0
2413,-204.538924,-68.514664,-195.932177,-0.014373779296875,0.8854217529296875,0.49959890639357063,207,203,0.9806763285024155,1.0
2414,-204.869152,-69.341949,-195.529192,0.0904541015625,0.8861541748046875,0.4029849687026115,210,208,0.9904761904761905,1.0
2415,-205.188302,-70.334674,-195.254467,0.041717529296875,1.04193115234375,0.2747247315570071,202,200,0.9900990099009901,1.0
2416,-205.539453,-71.577279,-195.040927,0.0118408203125,1.2912139892578125,0.2135406213685981,203,201,0.9901477832512315,1.0
2417,-205.981756,-72.901764,-194.853835,0.08343505859375,1.393890380859375,0.18709128924487678,207,205,0.9903381642512077,1.0
2418,-206.423578,-74.39599,-194.670555,0.04400634765625,1.55755615234375,0.18328043937553673,211,210,0.995260663507109,1.0
2419,-206.845125,-76.111279,-194.645231,-0.026611328125,1.7661285400390625,0.025323951454326664,212,210,0.9905660377358491,1.0
2420,-207.380211,-77.943179,-194.584805,0.054534912109375,1.9076690673828125,0.060426133883519535,213,211,0.9906103286384976,1.0
2421,-207.84874,-80.013257,-194.562332,-0.067840576171875,2.1213531494140625,0.022472745197910867,214,213,0.9953271028037384,1.0
2422,-208.475822,-82.287221,-194.512042,0.035186767578125,2.35858154296875,0.05029044806329049,211,210,0.995260663507109,1.0
2423,-209.157321,-84.786867,-194.488731,0.03338623046875,2.590667724609375,0.02331048400071601,211,208,0.985781990521327,1.0
2424,-209.953116,-87.437603,-194.43505,0.1072998046875,2.765533447265625,0.05368151525105021,204,203,0.9950980392156863,1.0
2425,-210.61418,-90.193303,-194.377951,-0.0467529296875,2.83349609375,0.0570982339430376,206,205,0.9951456310679612,1.0
2426,-211.478787,-93.23085,-194.306545,0.083251953125,3.1571044921875,0.07140606752545131,216,215,0.9953703703703703,1.0
2427,-212.32602,-96.164566,-194.229484,0.09600830078125,3.052093505859375,0.077061801865078,207,207,1.0,1.0
2428,-213.108967,-99.1474,-194.134625,0.025726318359375,3.083770751953125,0.09485894187821636,215,212,0.986046511627907,1.0
2429,-213.736284,-102.205963,-194.031658,-0.138580322265625,3.1191558837890625,0.10296709659337393,212,211,0.9952830188679245,1.0
2430,-214.477231,-105.136523,-193.914751,0.00830078125,3.02276611328125,0.11690686214309522,200,200,1.0,1.0
2431,-215.089423,-108.116817,-193.802056,-0.122467041015625,3.0400543212890625,0.11269515298532667,203,203,1.0,1.0
2432,-215.737702,-111.038556,-193.673889,-0.067474365234375,2.992034912109375,0.12816694312739535,200,200,1.0,1.0
2433,-216.405862,-114.031082,-193.551412,-0.058197021484375,3.0656585693359375,0.12247679491719074,216,216,1.0,1.0
2434,-217.019704,-116.945387,-193.444485,-0.08612060546875,2.9770050048828125,0.10692632826121429,211,210,0.995260663507109,1.0
2435,-217.580378,-119.819998,-193.397588,-0.123046875,2.9261932373046875,0.046897628145523666,213,212,0.9953051643192489,1.0
2436,-218.302393,-122.639875,-193.323606,0.048980712890625,2.910430908203125,0.0739821735304691,213,213,1.0,1.0
2437,-218.836412,-125.282127,-193.325857,-0.089263916015625,2.6941986083984375,-0.002251475846825335,215,215,1.0,1.0
2438,-219.470912,-128.130858,-193.254151,-0.0391845703125,2.91827392578125,0.07170574047022105,214,214,1.0,1.0
2439,-219.970651,-130.77573,-193.23174,-0.119964599609375,2.688995361328125,0.022411414879616214,210,209,0.9952380952380953,1.0
2440,-220.649853,-133.323401,-193.169119,0.078033447265625,2.635498046875,0.06262094930328857,213,213,1.0,1.0
2441,-221.190439,-135.988906,-193.150416,-0.080902099609375,2.71856689453125,0.0187031867129353,208,208,1.0,1.0
2442,-221.804186,-138.497141,-193.120519,0.027008056640625,2.58209228515625,0.029896638078837596,214,214,1.0,1.0
2443,-222.414951,-141.117766,-193.061482,-6.103515625e-05,2.69085693359375,0.05903706010061422,214,214,1.0,1.0
2444,-222.981944,-143.536598,-193.052016,0.00567626953125,2.4843902587890625,0.00946608444946219,211,211,1.0,1.0
2445,-223.561836,-146.206533,-193.014035,-0.038055419921875,2.7319183349609375,0.03798138137516668,216,216,1.0,1.0
2446,-224.166408,-148.6777,-192.972926,0.032562255859375,2.5438385009765625,0.04110858882425898,215,215,1.0,1.0
2447,-224.741691,-151.252393,-192.9748,-0.01739501953125,2.63812255859375,-0.001874358608795068,216,216,1.0,1.0
2448,-225.304081,-153.725348,-192.956036,-0.0072021484375,2.5360870361328125,0.018764663665826745,217,217,1.0,1.0
2449,-225.867974,-156.273736,-192.950695,-0.021820068359375,2.6099395751953125,0.005341021624801679,215,214,0.9953488372093023,1.0
2450,-226.448441,-158.861243,-192.934684,-0.014190673828125,2.6517791748046875,0.016010621342670464,213,211,0.9906103286384976,1.0
2451,-227.059971,-161.397806,-192.938779,0.028228759765625,2.6090850830078125,-0.004095075233864044,211,211,1.0,1.0
2452,-227.600307,-163.869249,-192.920924,-0.026763916015625,2.5296783447265625,0.01785559404051674,211,210,0.995260663507109,1.0
2453,-228.212921,-166.441045,-192.930158,0.02203369140625,2.6436614990234375,-0.009234045356945475,216,213,0.9861111111111112,1.0
2454,-228.803685,-168.973313,-192.899064,0.0091552734375,2.600250244140625,0.031093609529344653,216,215,0.9953703703703703,1.0
2455,-229.367993,-171.534735,-192.917309,-0.021728515625,2.6227569580078125,-0.018244744721518644,216,215,0.9953703703703703,1.0
2456,-229.951185,-174.063357,-192.884255,0.003173828125,2.595001220703125,0.033054224457505214,215,214,0.9953488372093023,1.0
2457,-230.53437,-176.538168,-192.927171,0.01666259765625,2.54254150390625,-0.042916667657173356,218,216,0.9908256880733946,1.0
2458,-231.224585,-179.188119,-192.888737,0.07989501953125,2.7371978759765625,0.03843403157805037,218,216,0.9908256880733946,1.0
2459,-231.672172,-181.694692,-192.922018,-0.122802734375,2.5432586669921875,-0.03328088582390771,210,209,0.9952380952380953,1.0
2460,-232.406704,-184.378552,-192.867418,0.115753173828125,2.7801513671875,0.054600249244999274,218,216,0.9908256880733946,1.0
2461,-232.95784,-186.864008,-192.902279,-0.016204833984375,2.5457763671875,-0.03486156584778015,219,217,0.9908675799086758,1.0
2462,-233.539501,-189.544121,-192.888574,-0.031463623046875,2.7423248291015625,0.01370500979573016,220,219,0.9954545454545455,1.0
2463,-234.116437,-192.02825,-192.92824,0.00830078125,2.55023193359375,-0.03966605682040781,215,211,0.9813953488372092,1.0
2464,-234.712605,-194.462917,-192.853715,0.036346435546875,2.5063323974609375,0.07452536934257345,217,215,0.9907834101382489,1.0
2465,-235.277768,-196.736165,-192.889823,0.0452880859375,2.342010498046875,-0.03610760107693641,218,216,0.9908256880733946,1.0
2466,-235.820114,-199.027034,-192.851434,0.01763916015625,2.3541259765625,0.03838837286430951,217,216,0.9953917050691244,1.0
2467,-236.240941,-201.095977,-192.84433,-0.049896240234375,2.1107177734375,0.007104667483810149,220,218,0.990909090909091,1.0
2468,-236.811521,-203.1023,-192.801578,0.11029052734375,2.0829620361328125,0.04275137164589227,224,222,0.9910714285714286,1.0
2469,-237.300447,-205.170027,-192.761899,0.01861572265625,2.124664306640625,0.039679725210869515,220,217,0.9863636363636363,1.0
2470,-237.726773,-207.039453,-192.761593,0.002838134765625,1.91741943359375,0.0003058657734562311,218,218,1.0,1.0
2471,-238.146061,-208.896642,-192.721636,-0.001312255859375,1.9039306640625,0.039956434531399514,223,222,0.9955156950672646,1.0
2472,-238.529097,-210.627268,-192.675501,-0.007476806640625,1.772491455078125,0.04613537549037849,219,219,1.0,1.0
2473,-238.952402,-212.245685,-192.648696,0.057861328125,1.6718597412109375,0.026804675570911214,227,226,0.9955947136563876,1.0
2474,-239.432335,-213.940358,-192.615814,0.097198486328125,1.758636474609375,0.032882245541561606,220,217,0.9863636363636363,1.0
2475,-239.659219,-215.507231,-192.619317,-0.120819091796875,1.5785980224609375,-0.003502559411322721,217,216,0.9953917050691244,1.0
2476,-240.006899,-217.018438,-192.611656,0.009124755859375,1.5506591796875,0.007660820165197138,209,209,1.0,1.0
2477,-240.434958,-218.605275,-192.577733,0.071258544921875,1.6420135498046875,0.03392236199257782,218,218,1.0,1.0
2478,-240.757536,-220.119713,-192.561798,-0.01495361328125,1.54833984375,0.015935188370506927,217,216,0.9953917050691244,1.0
2479,-241.106008,-221.443923,-192.571238,0.0521240234375,1.3683013916015625,-0.00944012992288432,213,212,0.9953051643192489,1.0
2480,-241.405472,-222.994328,-192.525814,-0.045166015625,1.5784149169921875,0.04542401602747187,216,215,0.9953703703703703,1.0
2481,-241.695295,-224.548198,-192.537117,-0.0540771484375,1.579742431640625,-0.011302397877674182,220,217,0.9863636363636363,1.0
2482,-242.063983,-225.954926,-192.521185,0.054534912109375,1.453216552734375,0.01593118146887897,207,207,1.0,1.0
2483,-242.351031,-227.423972,-192.531107,-0.03826904296875,1.496337890625,-0.009921912108662523,207,206,0.9951690821256038,1.0
2484,-242.737185,-228.963157,-192.514353,0.042999267578125,1.5863037109375,0.016754268373961278,216,214,0.9907407407407407,1.0
2485,-243.036579,-230.384146,-192.499855,-0.015625,1.4521026611328125,0.01449771673185941,219,217,0.9908675799086758,1.0
2486,-243.305995,-231.791178,-192.515994,-0.04150390625,1.4319915771484375,-0.016138780724842774,219,219,1.0,1.0
2487,-243.593944,-233.139011,-192.504206,-0.010986328125,1.378204345703125,0.011788004349978566,221,221,1.0,1.0
2488,-243.866622,-234.335292,-192.497996,0.0072021484375,1.2269439697265625,0.006209798545501765,225,225,1.0,1.0
2489,-244.072632,-235.494839,-192.467746,-0.0498046875,1.1766510009765625,0.030250610763830243,223,222,0.9955156950672646,1.0
2490,-244.225885,-236.455133,-192.453966,-0.05767822265625,0.970733642578125,0.013780102361922793,224,224,1.0,1.0
2491,-244.493819,-237.409493,-192.394551,0.055816650390625,0.98968505859375,0.05941458021186705,226,226,1.0,1.0
2492,-244.59797,-238.195637,-192.377458,-0.0670166015625,0.7901763916015625,0.017093129884627155,218,218,1.0,1.0
2493,-244.683807,-238.948974,-192.351479,-0.07763671875,0.7542266845703125,0.02597888540028312,214,213,0.9953271028037384,1.0
2494,-244.80657,-239.512307,-192.334794,-0.000579833984375,0.5765533447265625,0.016684851955929204,220,219,0.9954545454545455,1.0
2495,-244.84092,-240.034104,-192.303515,-0.077911376953125,0.51708984375,0.0312790195491189,218,217,0.9954128440366973,1.0
2496,-244.914125,-240.417446,-192.216798,-0.010162353515625,0.39013671875,0.08671721833246969,225,225,1.0,1.0
2497,-244.978923,-240.725951,-192.199012,-0.001953125,0.3152313232421875,0.017785808558426944,220,220,1.0,1.0
2498,-244.906718,-240.903653,-192.178822,-0.108123779296875,0.1584320068359375,0.020190408546411718,229,229,1.0,1.0
2499,-244.828805,-240.980958,-192.176168,-0.09246826171875,0.0591278076171875,0.002653370928985564,237,237,1.0,1.0
2500,-244.814954,-241.088799,-192.153201,-0.036285400390625,0.1024932861328125,0.022967238666885856,231,231,1.0,1.0
2501,-244.718642,-241.145158,-192.14075,-0.10601806640625,0.034820556640625,0.012451260910471537,229,229,1.0,1.0
2502,-244.644815,-241.208848,-192.117107,-0.0855712890625,0.0467376708984375,0.023643167186483276,231,231,1.0,1.0
2503,-244.571466,-241.152009,-192.126593,-0.059783935546875,-0.0709686279296875,-0.009486192919016992,239,239,1.0,1.0
2504,-244.453841,-241.16678,-192.12095,-0.11810302734375,-0.0102691650390625,0.00564282883352394,232,231,0.9956896551724138,1.0
2505,-244.41418,-241.160877,-192.105775,-0.03753662109375,-0.01409912109375,0.015175107206744158,229,228,0.9956331877729258,1.0
2506,-244.211327,-241.176405,-192.099642,-0.20159912109375,-0.0273590087890625,0.006133154102032171,230,230,1.0,1.0
2507,-243.26325,-240.295958,-188.227897,-0.742462158203125,-1.0596160888671875,3.871744533317836,200,200,1.0,1.0
2508,-243.052779,-239.424916,-181.931764,-0.083648681640625,-0.8921966552734375,6.296133406551299,195,194,0.9948717948717949,1.0
2509,-243.363044,-238.623703,-175.711301,0.33709716796875,-0.7902984619140625,6.22046296873256,204,202,0.9901960784313726,1.0
2510,-243.807761,-238.005173,-170.416756,0.397216796875,-0.650054931640625,5.294545404002347,199,196,0.9849246231155779,1.0
2511,-244.290731,-237.593443,-166.377439,0.407684326171875,-0.48638916015625,4.0393167253023705,202,201,0.995049504950495,1.0
2512,-244.722089,-237.410473,-163.724467,0.376129150390625,-0.2794189453125,2.6529716750189447,202,202,1.0,1.0
2513,-245.015066,-237.41564,-161.988728,0.282684326171875,-0.0771484375,1.7357392765616346,204,204,1.0,1.0
2514,-245.150686,-237.477304,-160.647603,0.148040771484375,0.0167083740234375,1.341124910441999,203,202,0.9950738916256158,1.0
2515,-245.212052,-237.569192,-159.556425,0.088348388671875,0.0663604736328125,1.0911784068265984,207,205,0.9903381642512077,1.0
2516,-245.428101,-237.698711,-158.630129,0.2476806640625,0.0458984375,0.9262955800822587,215,215,1.0,1.0
2517,-245.490491,-237.913963,-157.972792,0.13653564453125,0.1777191162109375,0.6573368189702183,212,211,0.9952830188679245,1.0
2518,-245.441169,-238.163299,-157.411336,0.04779052734375,0.2496337890625,0.5614556562904088,217,217,1.0,1.0
2519,-245.386152,-238.644802,-156.986585,0.1341552734375,0.4656982421875,0.4247512059345562,210,209,0.9952380952380953,1.0
2520,-245.37528,-239.147427,-156.652791,0.186492919921875,0.4668731689453125,0.33379377702816204,213,212,0.9953051643192489,1.0
2521,-245.204582,-239.77737,-156.381711,0.092926025390625,0.6460113525390625,0.27108029896845753,213,212,0.9953051643192489,1.0
2522,-245.035345,-240.433287,-156.183535,0.10772705078125,0.6687774658203125,0.19817648253876538,216,215,0.9953703703703703,1.0
2523,-244.711644,-241.184858,-156.011203,0.007354736328125,0.8182830810546875,0.17233212021264768,218,218,1.0,1.0
2524,-244.32138,-242.149241,-155.893392,0.0355224609375,1.0397491455078125,0.11781078746264484,221,221,1.0,1.0
2525,-243.896514,-243.306463,-155.851633,0.0848388671875,1.229827880859375,0.04175864620132915,220,219,0.9954545454545455,1.0
2526,-243.343222,-244.604869,-155.805135,0.02630615234375,1.4111328125,0.046497837590654796,211,210,0.995260663507109,1.0
2527,-242.741584,-246.040845,-155.743552,0.03973388671875,1.5564117431640625,0.06158376756952009,211,211,1.0,1.0
2528,-242.118294,-247.587731,-155.698311,0.067230224609375,1.6663818359375,0.04524013348015192,211,209,0.990521327014218,1.0
2529,-241.378747,-249.342607,-155.663951,0.048187255859375,1.9037322998046875,0.03436089694862876,219,219,1.0,1.0
2530,-240.632052,-251.186942,-155.613607,0.079681396484375,1.9881591796875,0.05034378259340925,222,220,0.990990990990991,1.0
2531,-239.714483,-253.268272,-155.605495,0.023651123046875,2.2744903564453125,0.008111585333345142,219,218,0.9954337899543378,1.0
2532,-238.693091,-255.528842,-155.604936,0.003448486328125,2.4806060791015625,0.0005589963922590799,215,215,1.0,1.0
2533,-237.662381,-257.974078,-155.583117,0.071258544921875,2.6526336669921875,0.021818653739850886,216,216,1.0,1.0
2534,-236.473232,-260.595261,-155.586458,0.000732421875,2.8783111572265625,-0.0033402818106209606,219,218,0.9954337899543378,1.0
2535,-235.241938,-263.300102,-155.594182,-0.00323486328125,2.9719085693359375,-0.007723765662342513,220,218,0.990909090909091,1.0
2536,-233.974573,-266.056607,-155.58137,-0.01513671875,3.0338592529296875,0.012811297202933829,217,216,0.9953917050691244,1.0
2537,-232.719935,-268.8766,-155.551695,0.02337646484375,3.0864105224609375,0.02967520434055394,221,221,1.0,1.0
2538,-231.40271,-271.650401,-155.488071,-0.051116943359375,3.07025146484375,0.06362356224150431,218,218,1.0,1.0
2539,-230.108824,-274.557962,-155.425755,0.029022216796875,3.1823272705078125,0.06231673814746621,217,217,1.0,1.0
2540,-228.772973,-277.356486,-155.340595,-0.051025390625,3.1005859375,0.08516006344619813,219,217,0.9908675799086758,1.0
2541,-227.494378,-280.163856,-155.226308,0.009307861328125,3.084808349609375,0.11428637553676974,224,222,0.9910714285714286,1.0
2542,-226.213408,-282.914934,-155.092434,-0.010284423828125,3.03466796875,0.13387396678172325,216,212,0.9814814814814815,1.0
2543,-224.954075,-285.606779,-154.943225,-0.008514404296875,2.9718475341796875,0.1492092517618877,211,211,1.0,1.0
2544,-223.616768,-288.254021,-154.85096,-0.090301513671875,2.9644775390625,0.09226523453414547,211,211,1.0,1.0
2545,-222.386621,-290.838072,-154.745785,-0.015380859375,2.86187744140625,0.10517526972742017,217,216,0.9953917050691244,1.0
2546,-221.121864,-293.425881,-154.707847,-0.039825439453125,2.88006591796875,0.0379375414926033,215,214,0.9953488372093023,1.0
2547,-219.867513,-295.943917,-154.665665,-0.058319091796875,2.81256103515625,0.04218220314476045,215,214,0.9953488372093023,1.0
2548,-218.599181,-298.395287,-154.614671,-0.097412109375,2.758331298828125,0.05099380503670557,213,212,0.9953051643192489,1.0
2549,-217.499872,-300.905013,-154.558337,0.082763671875,2.738677978515625,0.05633420343706188,214,212,0.9906542056074766,1.0
2550,-216.311083,-303.303812,-154.5135,-0.042999267578125,2.6768646240234375,0.04483668387878882,211,208,0.985781990521327,1.0
2551,-215.042869,-305.688902,-154.501781,-0.118499755859375,2.698699951171875,0.011719489666040087,207,205,0.9903381642512077,1.0
2552,-214.035896,-307.965267,-154.452908,0.071044921875,2.488128662109375,0.048872274668971045,211,211,1.0,1.0
2553,-212.820369,-310.360961,-154.440694,-0.06353759765625,2.6856689453125,0.01221393747852451,216,216,1.0,1.0
2554,-211.646986,-312.649449,-154.409512,-0.071197509765625,2.5707855224609375,0.031182672228661053,211,211,1.0,1.0
2555,-210.370185,-315.07073,-154.410214,-0.105712890625,2.735260009765625,-0.0007020046976335496,203,203,1.0,1.0
2556,-209.230436,-317.473411,-154.376656,0.00982666015625,2.6592864990234375,0.033557916364882374,218,218,1.0,1.0
2557,-208.010273,-319.961254,-154.367271,-0.0242919921875,2.770843505859375,0.009384837450086345,215,214,0.9953488372093023,1.0
2558,-206.671982,-322.386101,-154.372195,-0.1575927734375,2.7651519775390625,-0.004923566386288363,222,222,1.0,1.0
2559,-205.615324,-324.770669,-154.346516,0.07867431640625,2.6070098876953125,0.02567814683079987,222,221,0.9954954954954955,1.0
2560,-204.424749,-326.88944,-154.348982,-0.15594482421875,2.42535400390625,-0.002465585133643308,219,218,0.9954337899543378,1.0
2561,-203.264567,-329.071563,-154.359283,-0.101226806640625,2.46929931640625,-0.010301315579364003,221,221,1.0,1.0
2562,-202.222281,-331.19852,-154.329325,-0.019256591796875,2.3685302734375,0.02995792980714966,219,218,0.9954337899543378,1.0
2563,-201.255874,-333.126071,-154.296866,-0.0360107421875,2.15594482421875,0.032458976630475984,221,220,0.995475113122172,1.0
2564,-200.295036,-334.990473,-154.278952,-0.057159423828125,2.096649169921875,0.017914351095703055,221,221,1.0,1.0
2565,-199.404687,-336.798521,-154.251768,-0.0174560546875,2.0153045654296875,0.027183633216835725,223,223,1.0,1.0
2566,-198.539747,-338.486354,-154.222978,-0.04583740234375,1.89599609375,0.028790775000825785,222,221,0.9954954954954955,1.0
2567,-197.757716,-340.055613,-154.194393,-0.02178955078125,1.7531890869140625,0.028585147528458168,229,229,1.0,1.0
2568,-196.968791,-341.719984,-154.174985,0.0142822265625,1.841827392578125,0.0194075763075818,224,223,0.9955357142857143,1.0
2569,-196.137513,-343.170392,-154.208877,-0.116424560546875,1.6676788330078125,-0.033892007913187444,216,216,1.0,1.0
2570,-195.392627,-344.723515,-154.165993,0.00506591796875,1.722503662109375,0.04288374741295527,213,212,0.9953051643192489,1.0
2571,-194.746896,-346.253835,-154.11734,0.085662841796875,1.6587677001953125,0.04865364198540136,220,219,0.9954545454545455,1.0
2572,-193.970986,-347.579084,-154.141936,-0.11956787109375,1.5310211181640625,-0.024596579882576745,216,214,0.9907407407407407,1.0
2573,-193.277683,-348.994365,-154.102798,-0.006622314453125,1.575958251953125,0.03913795875767796,222,222,1.0,1.0
2574,-192.469388,-350.369077,-154.111045,-0.126708984375,1.589691162109375,-0.008246684089905731,221,220,0.995475113122172,1.0
2575,-191.881464,-351.823473,-154.076956,0.106109619140625,1.5651397705078125,0.03408868803179083,219,219,1.0,1.0
2576,-191.096134,-353.127169,-154.090109,-0.136383056640625,1.515838623046875,-0.013153166170952265,221,221,1.0,1.0
2577,-190.353504,-354.559992,-154.099902,-0.041900634765625,1.6132965087890625,-0.009792891256627417,225,225,1.0,1.0
2578,-189.632985,-355.926532,-154.08944,-0.051239013671875,1.54400634765625,0.010462570665628801,223,222,0.9955156950672646,1.0
2579,-188.923101,-357.296584,-154.082617,-0.03985595703125,1.5425262451171875,0.006822912816984138,226,224,0.9911504424778761,1.0
2580,-188.233366,-358.631107,-154.079228,-0.037078857421875,1.50177001953125,0.0033884488744677695,224,224,1.0,1.0
2581,-187.61047,-359.94966,-154.077472,0.016143798828125,1.45819091796875,0.0017563431461391007,226,226,1.0,1.0
2582,-186.986195,-361.184174,-154.062897,-0.02178955078125,1.383209228515625,0.014574869035342658,221,221,1.0,1.0
2583,-186.400201,-362.376436,-154.058872,-0.0054931640625,1.3284759521484375,0.00402508452216892,221,220,0.995475113122172,1.0
2584,-185.849237,-363.462989,-154.055381,-0.0201416015625,1.2180938720703125,0.003490513744524662,223,222,0.9955156950672646,1.0
2585,-185.384924,-364.512454,-154.016142,0.0416259765625,1.1468353271484375,0.03923919769537559,227,227,1.0,1.0
2586,-184.9075,-365.448485,-153.9998,-0.019073486328125,1.0505828857421875,0.01634251437737719,225,225,1.0,1.0
2587,-184.50873,-366.299841,-153.990205,0.014801025390625,0.94000244140625,0.009594910077027294,227,227,1.0,1.0
2588,-184.169037,-366.980563,-153.96665,-0.00677490234375,0.7607421875,0.023554412602484105,223,223,1.0,1.0
2589,-183.794695,-367.655787,-153.958789,-0.040008544921875,0.7710113525390625,0.007861557590506977,222,222,1.0,1.0
2590,-183.54854,-368.223234,-153.892879,0.0279541015625,0.6179046630859375,0.06590982665623168,227,227,1.0,1.0
2591,-183.403322,-368.66458,-153.794726,0.063812255859375,0.4602203369140625,0.0981528244907818,230,230,1.0,1.0
2592,-183.143844,-369.091854,-153.731684,-0.04412841796875,0.4979400634765625,0.06304225141914926,226,226,1.0,1.0
2593,-182.956008,-369.436171,-153.710891,-0.01605224609375,0.3918914794921875,0.020793127480674044,224,224,1.0,1.0
2594,-182.813325,-369.725214,-153.698133,9.1552734375e-05,0.3223419189453125,0.012758181509793751,227,227,1.0,1.0
2595,-182.686281,-369.848288,-153.676281,-0.059356689453125,0.1666259765625,0.021851272216346803,233,232,0.9957081545064378,1.0
2596,-182.622307,-369.892259,-153.651938,-0.037841796875,0.067779541015625,0.024343271443024544,238,238,1.0,1.0
2597,-182.475791,-369.858584,-153.636773,-0.146240234375,0.03485107421875,0.015164697856315709,228,227,0.9956140350877193,1.0
2598,-182.38949,-369.802768,-153.618108,-0.10211181640625,-0.011688232421875,0.018665936935497607,226,226,1.0,1.0
2599,-182.204732,-369.713528,-153.616962,-0.205169677734375,0.0021514892578125,0.001145327665958371,226,226,1.0,1.0
2600,-182.070244,-369.605563,-153.616515,-0.16845703125,-0.036956787109375,0.0004467769466003887,227,227,1.0,1.0
2601,-181.913028,-369.511413,-153.626487,-0.18267822265625,-0.0144805908203125,-0.009971621745847058,223,223,1.0,1.0
2602,-181.812013,-369.321703,-153.636527,-0.174774169921875,-0.125091552734375,-0.0100395011307875,225,225,1.0,1.0
2603,-181.521473,-368.950477,-153.121123,-0.4251708984375,-0.2035980224609375,0.5154036722191851,212,211,0.9952830188679245,1.0
2604,-181.562673,-368.767941,-152.076241,-0.0457763671875,-0.1814422607421875,1.0448816712313371,206,206,1.0,1.0
2605,-181.658919,-368.649038,-151.267174,0.02935791015625,-0.1501312255859375,0.8090667279227985,212,212,1.0,1.0
2606,-181.685151,-368.698379,-150.753451,0.046722412109375,0.0306549072265625,0.5137230606659108,216,216,1.0,1.0
2607,-181.701587,-368.783585,-150.414466,0.05596923828125,0.066314697265625,0.33898530030676577,219,219,1.0,1.0
2608,-181.688296,-368.982105,-150.1892,0.086456298828125,0.17919921875,0.22526606892571568,216,215,0.9953703703703703,1.0
2609,-181.711138,-369.158443,-149.956841,0.10748291015625,0.1416473388671875,0.2323592637498167,217,216,0.9953917050691244,1.0
2610,-181.712608,-369.39375,-149.794794,0.11907958984375,0.2029571533203125,0.16204664268985067,218,217,0.9954128440366973,1.0
2611,-181.728671,-369.701239,-149.629867,0.1685791015625,0.257659912109375,0.16492750341306264,217,217,1.0,1.0
2612,-181.737717,-370.063118,-149.510279,0.190765380859375,0.307647705078125,0.1195873735418514,229,229,1.0,1.0
2613,-181.60667,-370.391721,-149.45961,0.053802490234375,0.3496551513671875,0.05066930742295531,225,225,1.0,1.0
2614,-181.510373,-370.824894,-149.390511,0.137176513671875,0.4220123291015625,0.0690986009944797,224,223,0.9955357142857143,1.0
2615,-181.344323,-371.292377,-149.331133,0.095123291015625,0.4868927001953125,0.059378444193009146,219,219,1.0,1.0
2616,-181.211119,-371.883872,-149.271724,0.1871337890625,0.5767059326171875,0.05940851860901595,221,221,1.0,1.0
2617,-180.941261,-372.504666,-149.228689,0.085235595703125,0.6715240478515625,0.04303529696667983,223,222,0.9955156950672646,1.0
2618,-180.764434,-373.263084,-149.166466,0.236083984375,0.7421112060546875,0.0622227065882588,226,224,0.9911504424778761,1.0
2619,-180.37573,-374.079501,-149.152611,0.084686279296875,0.9002532958984375,0.013855519110978619,221,220,0.995475113122172,1.0
2620,-179.779893,-375.073699,-149.12944,-0.00177001953125,1.1590728759765625,0.0231704456800707,222,220,0.990990990990991,1.0
2621,-179.218246,-376.296526,-149.087908,0.145355224609375,1.3377685546875,0.04153222929039323,214,212,0.9906542056074766,1.0
2622,-178.454329,-377.49819,-149.126383,-0.0380859375,1.4234161376953125,-0.038475106070973444,212,212,1.0,1.0
2623,-177.729705,-378.884407,-149.097961,0.089385986328125,1.5616302490234375,0.028421902845957057,220,220,1.0,1.0
2624,-176.876107,-380.406755,-149.09444,0.049407958984375,1.74462890625,0.003521595740645048,215,214,0.9953488372093023,1.0
2625,-176.017354,-382.062991,-149.102007,0.113861083984375,1.862152099609375,-0.007567311023304888,218,217,0.9954128440366973,1.0
2626,-174.977802,-383.808415,-149.102734,0.0042724609375,2.0315399169921875,-0.0007269718450662757,226,226,1.0,1.0
2627,-173.819615,-385.788504,-149.119828,0.02294921875,2.2938232421875,-0.017094244124607465,226,226,1.0,1.0
2628,-172.532763,-387.842675,-149.148089,-0.050140380859375,2.4234466552734375,-0.028260458582692407,221,220,0.995475113122172,1.0
2629,-171.177866,-390.105028,-149.17889,-0.00299072265625,2.6370391845703125,-0.030801400917913186,219,218,0.9954337899543378,1.0
2630,-169.725563,-392.543062,-149.240367,0.001953125,2.8378143310546875,-0.061477094240213435,219,219,1.0,1.0
2631,-168.213128,-395.11231,-149.294567,0.01434326171875,2.9813232421875,-0.054199630853062127,221,220,0.995475113122172,1.0
2632,-166.731801,-397.635597,-149.310822,0.014801025390625,2.925933837890625,-0.01625487165661328,219,218,0.9954337899543378,1.0
2633,-165.146355,-400.225621,-149.35899,-0.04150390625,3.036468505859375,-0.048168596885721796,225,225,1.0,1.0
2634,-163.593443,-402.905668,-149.371846,0.029815673828125,3.0973052978515625,-0.012856104684696478,222,222,1.0,1.0
2635,-161.976375,-405.559285,-149.349203,-0.03955078125,3.1072540283203125,0.022643516555807992,220,220,1.0,1.0
2636,-160.331317,-408.180565,-149.325011,-0.078887939453125,3.093719482421875,0.024192025465347957,217,215,0.9907834101382489,1.0
2637,-158.670648,-410.746881,-149.298818,-0.119049072265625,3.054443359375,0.02619265779863841,217,217,1.0,1.0
2638,-157.148497,-413.197444,-149.212516,-0.057647705078125,2.884246826171875,0.08630253334439401,221,221,1.0,1.0
2639,-155.64728,-415.687736,-149.117655,-0.014984130859375,2.907745361328125,0.0948604329001469,225,224,0.9955555555555555,1.0
2640,-154.140226,-418.144697,-149.006897,-0.03228759765625,2.8821563720703125,0.11075803344046523,216,216,1.0,1.0
2641,-152.618056,-420.550396,-148.965472,-0.066070556640625,2.8460540771484375,0.04142527188480595,220,220,1.0,1.0
2642,-151.158221,-422.98222,-148.928107,0.00286865234375,2.8363494873046875,0.037365453781788155,224,224,1.0,1.0
2643,-149.761719,-425.263728,-148.902106,-0.01861572265625,2.6749114990234375,0.026000689850395556,218,218,1.0,1.0
2644,-148.269551,-427.629581,-148.880519,-0.055755615234375,2.7965545654296875,0.02158726010647489,224,223,0.9955357142857143,1.0
2645,-146.827113,-429.942551,-148.83953,-0.039459228515625,2.7256011962890625,0.040989013533987956,223,222,0.9955156950672646,1.0
2646,-145.462015,-432.203647,-148.790716,0.0018310546875,2.6412200927734375,0.04881385577476715,223,222,0.9955156950672646,1.0
2647,-143.975876,-434.535157,-148.768678,-0.062957763671875,2.76416015625,0.022038125680669495,222,221,0.9954954954954955,1.0
2648,-142.711799,-436.74725,-148.722965,0.066070556640625,2.54693603515625,0.04571222576705451,217,216,0.9953917050691244,1.0
2649,-141.265096,-439.037876,-148.723886,-0.047210693359375,2.7088165283203125,-0.0009209175487865318,221,219,0.9909502262443439,1.0
2650,-139.797706,-441.26659,-148.719504,-0.097076416015625,2.6666412353515625,0.004382079694347288,223,221,0.9910313901345291,1.0
2651,-138.317515,-443.468432,-148.717283,-0.12176513671875,2.65032958984375,0.002221275992013558,217,217,1.0,1.0
2652,-137.004911,-445.735188,-148.69219,0.055267333984375,2.6187896728515625,0.025093145054223737,216,216,1.0,1.0
2653,-135.534741,-447.984545,-148.685676,-0.087249755859375,2.6857757568359375,0.006513673570494882,219,218,0.9954337899543378,1.0
2654,-134.135736,-450.167126,-148.709681,-0.06085205078125,2.5917510986328125,-0.024005222568276953,221,221,1.0,1.0
2655,-132.734459,-452.465706,-148.679697,-0.003631591796875,2.6920318603515625,0.029984481568271413,218,218,1.0,1.0
2656,-131.355661,-454.631819,-148.700205,-0.0518798828125,2.5671844482421875,-0.02050778558705976,217,217,1.0,1.0
2657,-129.936916,-456.949815,-148.685874,-0.008026123046875,2.7176971435546875,0.014330913121898499,221,221,1.0,1.0
2658,-128.598044,-459.128453,-148.689766,-0.01153564453125,2.55712890625,-0.0038918948775946826,218,218,1.0,1.0
2659,-127.206835,-461.418136,-148.662113,0.00128173828125,2.67919921875,0.027652793515888847,215,213,0.9906976744186047,1.0
2660,-125.800446,-463.596477,-148.704492,-0.06829833984375,2.5919952392578125,-0.042379608187354596,219,217,0.9908675799086758,1.0
2661,-124.480352,-465.860445,-148.680833,0.048004150390625,2.6202850341796875,0.023659760194575264,211,210,0.995260663507109,1.0
2662,-123.030991,-468.038708,-148.710271,-0.10589599609375,2.6142425537109375,-0.029438574300140838,212,212,1.0,1.0
2663,-121.73365,-470.25911,-148.685237,0.0445556640625,2.5712432861328125,0.025033866370372474,213,213,1.0,1.0
2664,-120.286686,-472.477152,-148.708535,-0.0833740234375,2.64697265625,-0.02329712165641513,214,213,0.9953271028037384,1.0
2665,-118.887428,-474.697981,-148.686461,-0.042236328125,2.624542236328125,0.022073625778623703,212,212,1.0,1.0
2666,-117.504959,-476.886212,-148.694431,-0.0438232421875,2.587982177734375,-0.007970119155938959,212,212,1.0,1.0
2667,-116.172993,-479.074141,-148.67582,-0.001190185546875,2.5614776611328125,0.018610725789411968,222,222,1.0,1.0
2668,-114.815835,-481.235003,-148.658278,-0.03594970703125,2.55145263671875,0.01754257068743294,216,216,1.0,1.0
2669,-113.394209,-483.487137,-148.654962,-0.042755126953125,2.6629486083984375,0.0033159096643936414,209,209,1.0,1.0
2670,-111.978178,-485.712248,-148.647967,-0.0518798828125,2.636962890625,0.006995136377549234,216,215,0.9953703703703703,1.0
2671,-110.545931,-487.996084,-148.62439,-0.03485107421875,2.695556640625,0.023577098027245304,214,213,0.9953271028037384,1.0
2672,-109.100731,-490.326229,-148.628586,-0.02069091796875,2.741851806640625,-0.004196069903975525,213,213,1.0,1.0
2673,-107.709324,-492.547723,-148.614652,-0.031524658203125,2.6210784912109375,0.01393328536734744,213,213,1.0,1.0
2674,-106.3389,-494.70254,-148.604728,-0.047698974609375,2.5532379150390625,0.009924840722015245,213,213,1.0,1.0
2675,-104.980816,-496.804244,-148.595999,-0.06439208984375,2.5014801025390625,0.00872893999163139,218,218,1.0,1.0
2676,-103.771166,-498.70261,-148.600487,-0.04327392578125,2.2505950927734375,-0.004488623752467501,224,223,0.9955357142857143,1.0
2677,-102.643615,-500.621741,-148.566533,0.037445068359375,2.2255401611328125,0.033954477198281624,219,219,1.0,1.0
2678,-101.530472,-502.489901,-148.531745,0.02447509765625,2.1745147705078125,0.0347877179121598,218,218,1.0,1.0
2679,-100.45373,-504.207722,-148.507963,-0.021636962890625,2.0272674560546875,0.02378166743683361,224,224,1.0,1.0
2680,-99.413851,-505.905473,-148.484408,0.000152587890625,1.99090576171875,0.02355537897003299,224,224,1.0,1.0
2681,-98.349188,-507.504296,-148.435634,-0.071868896484375,1.919525146484375,0.048773893057563224,226,225,0.995575221238938,1.0
2682,-97.354109,-509.085553,-148.391589,-0.0201416015625,1.868194580078125,0.04404497282495198,223,223,1.0,1.0
2683,-96.454904,-510.556374,-148.37952,0.00506591796875,1.723907470703125,0.012068874133584801,222,222,1.0,1.0
2684,-95.505852,-511.986219,-148.352904,-0.058502197265625,1.71514892578125,0.026616529066570783,215,215,1.0,1.0
2685,-94.623464,-513.436203,-148.309592,0.009613037109375,1.6973419189453125,0.04331127101451576,218,218,1.0,1.0
2686,-93.775633,-514.757131,-148.290288,-0.027496337890625,1.569366455078125,0.019304006305398573,218,217,0.9954128440366973,1.0
2687,-92.831861,-516.124344,-148.278042,-0.084259033203125,1.6591796875,0.012246681510820877,217,217,1.0,1.0
2688,-91.973455,-517.478613,-148.246679,-0.018096923828125,1.603302001953125,0.03136289192688202,213,213,1.0,1.0
2689,-91.070782,-518.783455,-148.2735,-0.08087158203125,1.5845794677734375,-0.026820979948267498,214,214,1.0,1.0
2690,-90.277547,-520.120572,-148.271291,0.0284423828125,1.554443359375,0.002208331939714023,212,212,1.0,1.0
2691,-89.314192,-521.381692,-148.279905,-0.156158447265625,1.5792694091796875,-0.008613612872477517,215,214,0.9953488372093023,1.0
2692,-88.461084,-522.753551,-148.275355,-0.00439453125,1.615478515625,0.004550473553381843,216,216,1.0,1.0
2693,-87.567819,-524.095292,-148.26766,-0.05426025390625,1.6109771728515625,0.007694621180643089,213,213,1.0,1.0
2694,-86.73495,-525.338491,-148.310099,-0.05450439453125,1.4954071044921875,-0.0424387446602281,214,214,1.0,1.0
2695,-85.898419,-526.645324,-148.300614,-0.025299072265625,1.5514373779296875,0.00948523876402525,214,213,0.9953271028037384,1.0
2696,-85.085157,-527.905224,-148.296879,-0.0299072265625,1.4992828369140625,0.003734611606352165,211,211,1.0,1.0
2697,-84.308451,-529.071609,-148.314656,-0.0478515625,1.4005126953125,-0.017777289199183442,214,214,1.0,1.0
2698,-83.543405,-530.174845,-148.317719,-0.071533203125,1.34063720703125,-0.003062337103413192,221,221,1.0,1.0
2699,-82.927899,-531.24185,-148.300272,0.03662109375,1.23126220703125,0.017446443587701223,216,216,1.0,1.0
2700,-82.334339,-532.177943,-148.262154,-0.01312255859375,1.10833740234375,0.03811785573094299,221,221,1.0,1.0
2701,-81.815802,-533.00039,-148.2682,-0.00836181640625,0.97222900390625,-0.006045381801088191,223,222,0.9955156950672646,1.0
2702,-81.30246,-533.74216,-148.251934,-0.046478271484375,0.90087890625,0.01626607597830999,227,227,1.0,1.0
2703,-80.822558,-534.40423,-148.246698,-0.059722900390625,0.815521240234375,0.005235061225428902,224,224,1.0,1.0
2704,-80.523721,-534.941071,-148.209558,0.028411865234375,0.6137542724609375,0.03714092219873833,218,218,1.0,1.0
2705,-80.28759,-535.337925,-148.159146,0.00836181640625,0.4617156982421875,0.050411279386893264,217,216,0.9953917050691244,1.0
2706,-80.110184,-535.752074,-148.037898,0.067779541015625,0.4454193115234375,0.12124846215233977,215,215,1.0,1.0
2707,-79.782227,-536.140136,-148.04494,-0.07281494140625,0.502838134765625,-0.0070423339810473514,219,218,0.9954337899543378,1.0
2708,-79.586802,-536.425519,-148.042355,-0.0147705078125,0.3455657958984375,0.0025853795359238175,222,222,1.0,1.0
2709,-79.461184,-536.58802,-148.025147,-0.02056884765625,0.2043609619140625,0.01720729706502283,227,227,1.0,1.0
2710,-79.385513,-536.649302,-148.005578,-0.03173828125,0.0920562744140625,0.01956922356634228,240,240,1.0,1.0
2711,-79.304509,-536.598912,-147.981143,-0.09539794921875,0.00018310546875,0.024435105851713445,236,236,1.0,1.0
2712,-79.25365,-536.476083,-147.944871,-0.108245849609375,-0.077178955078125,0.03627256121676348,226,226,1.0,1.0
2713,-79.155205,-536.356139,-147.932605,-0.1470947265625,-0.049407958984375,0.01226512461299571,229,229,1.0,1.0
2714,-79.057342,-536.23494,-147.917469,-0.14727783203125,-0.050750732421875,0.015136037276280866,220,220,1.0,1.0
2715,-78.95274,-536.070335,-147.914365,-0.176055908203125,-0.0839080810546875,0.0031039929548096804,231,231,1.0,1.0
2716,-78.855418,-535.961575,-147.915259,-0.140228271484375,-0.0404510498046875,-0.0008938728071085503,230,230,1.0,1.0
2717,-79.069058,-536.275481,-149.355592,0.347747802734375,0.1524810791015625,-1.440333080557335,215,214,0.9953488372093023,1.0
2718,-78.233606,-536.724163,-155.051979,-0.490081787109375,0.811859130859375,-5.696386499821553,201,201,1.0,1.0
2719,-77.473875,-537.39088,-161.079965,-0.407623291015625,0.924957275390625,-6.027985814575639,206,206,1.0,1.0
2720,-76.956736,-538.150323,-166.421604,-0.242950439453125,0.8860931396484375,-5.341639080433399,205,205,1.0,1.0
2721,-76.625266,-538.734223,-170.503832,-0.18511962890625,0.6454010009765625,-4.082228579564262,206,206,1.0,1.0
2722,-76.558836,-539.009831,-173.281209,-0.020050048828125,0.2827911376953125,-2.777377118367637,209,208,0.9952153110047847,1.0
2723,-76.631204,-539.180404,-174.961396,0.091827392578125,0.1609344482421875,-1.680186212621403,211,210,0.995260663507109,1.0
2724,-76.829365,-539.271693,-176.107848,0.205413818359375,0.0735321044921875,-1.146451918587685,204,204,1.0,1.0
2725,-77.00481,-539.343307,-177.065439,0.179901123046875,0.059539794921875,-0.957591796259104,214,214,1.0,1.0
2726,-77.261512,-539.548627,-177.867206,0.266876220703125,0.1919097900390625,-0.8017663064096626,210,210,1.0,1.0
2727,-77.544337,-539.617337,-178.513375,0.285186767578125,0.058135986328125,-0.6461696923242564,218,217,0.9954128440366973,1.0
2728,-77.849368,-539.829194,-179.060311,0.3104248046875,0.2038726806640625,-0.5469354329534655,206,206,1.0,1.0
2729,-78.103245,-540.184754,-179.513268,0.259674072265625,0.351348876953125,-0.45295687470853635,202,202,1.0,1.0
2730,-78.260378,-540.476688,-179.935693,0.15960693359375,0.29058837890625,-0.42242509846099036,208,207,0.9951923076923077,1.0
2731,-78.483409,-540.931483,-180.269133,0.223541259765625,0.4545440673828125,-0.333439825999159,207,207,1.0,1.0
2732,-78.76346,-541.52661,-180.605877,0.277252197265625,0.596435546875,-0.3367440411320587,209,209,1.0,1.0
2733,-78.846416,-542.22264,-180.879952,0.075592041015625,0.696868896484375,-0.2740756193920474,220,220,1.0,1.0
2734,-78.970793,-543.246226,-181.117734,0.108642578125,1.0253753662109375,-0.2377814329298132,210,210,1.0,1.0
2735,-79.026353,-544.484071,-181.31563,0.031402587890625,1.2386932373046875,-0.19789640836866002,208,207,0.9951923076923077,1.0
2736,-79.023675,-545.759081,-181.481072,-0.031951904296875,1.2746124267578125,-0.1654416342087427,210,210,1.0,1.0
2737,-79.030666,-547.230248,-181.613672,-0.031036376953125,1.470855712890625,-0.1325998252494773,215,215,1.0,1.0
2738,-79.075667,-548.917623,-181.707496,-0.002532958984375,1.6879730224609375,-0.0938244795014957,217,217,1.0,1.0
2739,-79.117274,-550.682044,-181.831889,-0.010986328125,1.7648773193359375,-0.12439310305236047,214,213,0.9953271028037384,1.0
2740,-79.205725,-552.649475,-181.945765,0.0255126953125,1.9692535400390625,-0.11387589915000632,215,214,0.9953488372093023,1.0
2741,-79.249152,-554.866106,-182.042657,-0.0318603515625,2.216827392578125,-0.0968923639778081,217,217,1.0,1.0
2742,-79.244378,-557.287981,-182.144656,-0.091094970703125,2.420166015625,-0.10199846088745,212,211,0.9952830188679245,1.0
2743,-79.347447,-559.884499,-182.207071,0.005828857421875,2.5985565185546875,-0.06241471975138176,210,209,0.9952380952380953,1.0
2744,-79.486987,-562.734924,-182.358205,0.0296630859375,2.8536834716796875,-0.15113451541097836,205,205,1.0,1.0
2745,-79.487691,-565.715752,-182.516812,-0.1219482421875,2.97833251953125,-0.15860706239016514,204,204,1.0,1.0
2746,-79.635635,-568.784114,-182.636793,0.0130615234375,3.0718994140625,-0.1199805434496581,211,210,0.995260663507109,1.0
2747,-79.796069,-571.914875,-182.6854,0.0162353515625,3.13482666015625,-0.04860739705529032,218,218,1.0,1.0
2748,-79.884925,-575.078172,-182.698076,-0.0594482421875,3.1639862060546875,-0.012675982478840175,216,216,1.0,1.0
2749,-79.941225,-578.325398,-182.705075,-0.09661865234375,3.24627685546875,-0.006999116703811052,217,217,1.0,1.0
2750,-80.085006,-581.508851,-182.669178,-0.006622314453125,3.1866912841796875,0.035896722532838106,215,214,0.9953488372093023,1.0
2751,-80.164252,-584.658923,-182.603321,-0.067535400390625,3.1503448486328125,0.0658570194352176,221,221,1.0,1.0
2752,-80.285272,-587.800299,-182.539197,-0.02178955078125,3.1436309814453125,0.06412451529206985,208,208,1.0,1.0
2753,-80.341471,-590.83031,-182.451058,-0.078094482421875,3.0295257568359375,0.08813876419523622,221,220,0.995475113122172,1.0
2754,-80.480994,-593.856455,-182.341314,0.009979248046875,3.0293426513671875,0.10974410096110601,211,211,1.0,1.0
2755,-80.537945,-596.922713,-182.281895,-0.068359375,3.0660247802734375,0.05941879863339221,206,205,0.9951456310679612,1.0
2756,-80.682215,-599.823535,-182.213482,0.028656005859375,2.904266357421875,0.06841286488931497,218,218,1.0,1.0
2757,-80.780824,-602.78246,-182.202315,-0.0157470703125,2.9605255126953125,0.011167151441749786,211,208,0.985781990521327,1.0
2758,-80.887883,-605.574292,-182.198972,-0.00030517578125,2.79388427734375,0.0033428550277560774,216,216,1.0,1.0
2759,-80.994107,-608.320804,-182.178209,0.000762939453125,2.748565673828125,0.020763843537116956,214,214,1.0,1.0
2760,-81.143375,-611.102694,-182.157238,0.043426513671875,2.785552978515625,0.020970165344455848,217,216,0.9953917050691244,1.0
2761,-81.224345,-613.770284,-182.136694,-0.019500732421875,2.6687469482421875,0.020544756854190462,215,214,0.9953488372093023,1.0
2762,-81.349895,-616.533744,-182.133645,0.022430419921875,2.7662200927734375,0.003048738375033536,213,213,1.0,1.0
2763,-81.463237,-619.148082,-182.116167,0.01593017578125,2.6167449951171875,0.017477967818011007,217,215,0.9907834101382489,1.0
2764,-81.598145,-621.895768,-182.101851,0.033355712890625,2.75079345703125,0.014316331830856918,219,218,0.9954337899543378,1.0
2765,-81.727862,-624.564864,-182.088609,0.03173828125,2.67205810546875,0.013241997349512868,216,216,1.0,1.0
2766,-81.814968,-627.204556,-182.108593,-0.0091552734375,2.64111328125,-0.019984090852234057,216,216,1.0,1.0
2767,-81.910176,-629.899075,-182.121958,-0.003997802734375,2.696197509765625,-0.013365128840062274,217,216,0.9953917050691244,1.0
2768,-81.947867,-632.620783,-182.146288,-0.0631103515625,2.7212371826171875,-0.024330414605874002,212,212,1.0,1.0
2769,-81.994361,-635.523682,-182.140513,-0.062255859375,2.9026031494140625,0.005774892713773364,222,222,1.0,1.0
2770,-82.10822,-638.207184,-182.129123,0.0135498046875,2.685882568359375,0.011390290727875589,218,217,0.9954128440366973,1.0
2771,-82.126922,-640.925651,-182.149458,-0.082305908203125,2.71728515625,-0.020335333819673666,216,216,1.0,1.0
2772,-82.18923,-643.447427,-182.151301,-0.032318115234375,2.5223388671875,-0.0018421013571977758,222,222,1.0,1.0
2773,-82.19274,-645.865122,-182.136133,-0.087249755859375,2.4161224365234375,0.015167063355310515,219,219,1.0,1.0
2774,-82.188307,-648.205766,-182.156055,-0.0916748046875,2.3388519287109375,-0.019921768205245216,219,218,0.9954337899543378,1.0
2775,-82.249245,-650.432772,-182.122548,-0.02288818359375,2.22772216796875,0.03350770323239078,223,223,1.0,1.0
2776,-82.307014,-652.559182,-182.107296,-0.021026611328125,2.1270904541015625,0.015251120867583179,214,214,1.0,1.0
2777,-82.317388,-654.588982,-182.1023,-0.06427001953125,2.02880859375,0.004996561160835648,214,214,1.0,1.0
2778,-82.366819,-656.463827,-182.097046,-0.019378662109375,1.875396728515625,0.005253578365730561,212,212,1.0,1.0
2779,-82.350034,-658.308908,-182.093894,-0.08428955078125,1.843231201171875,0.0031520628011822292,216,216,1.0,1.0
2780,-82.284864,-660.076233,-182.122397,-0.12969970703125,1.763763427734375,-0.028502376405120523,220,219,0.9954545454545455,1.0
2781,-82.363842,-661.830737,-182.108554,0.013946533203125,1.7562255859375,0.013842727621073705,215,214,0.9953488372093023,1.0
2782,-82.404157,-663.573521,-182.11273,-0.023834228515625,1.7430877685546875,-0.004176031140153295,218,218,1.0,1.0
2783,-82.406668,-665.230989,-182.118178,-0.05859375,1.65643310546875,-0.005447698481810705,213,213,1.0,1.0
2784,-82.478108,-666.7695,-182.120701,0.0145263671875,1.54010009765625,-0.002523447424458893,211,211,1.0,1.0
2785,-82.470386,-668.343113,-182.15821,-0.065948486328125,1.5722503662109375,-0.037508532674964054,212,210,0.9905660377358491,1.0
2786,-82.540837,-669.847097,-182.137764,0.013763427734375,1.5055694580078125,0.02044517330588284,208,207,0.9951923076923077,1.0
2787,-82.499023,-671.44877,-182.161367,-0.101531982421875,1.5989990234375,-0.023602446976159014,214,212,0.9906542056074766,1.0
2788,-82.48104,-673.013871,-182.191187,-0.076995849609375,1.5633087158203125,-0.029820315272133698,218,218,1.0,1.0
2789,-82.5437,-674.40649,-182.181605,0.009368896484375,1.3939971923828125,0.009581766351586444,218,218,1.0,1.0
2790,-82.52886,-676.059605,-182.229076,-0.0777587890625,1.6513519287109375,-0.04747036372069727,213,213,1.0,1.0
2791,-82.548666,-677.491147,-182.253659,-0.035888671875,1.4312286376953125,-0.02458363217829395,212,211,0.9952830188679245,1.0
2792,-82.517304,-679.016983,-182.29672,-0.091339111328125,1.5234222412109375,-0.04306072073429802,218,218,1.0,1.0
2793,-82.518913,-680.503983,-182.305351,-0.0579833984375,1.485870361328125,-0.008630478463014209,215,215,1.0,1.0
2794,-82.513845,-681.965239,-182.329981,-0.0638427734375,1.459869384765625,-0.024630796340043924,217,217,1.0,1.0
2795,-82.500581,-683.347735,-182.37932,-0.0694580078125,1.3808135986328125,-0.0493389785924626,222,221,0.9954954954954955,1.0
2796,-82.492129,-684.633633,-182.413169,-0.06182861328125,1.2844390869140625,-0.033848608796518846,222,222,1.0,1.0
2797,-82.520504,-685.804864,-182.410857,-0.020965576171875,1.17138671875,0.002311703793923891,228,228,1.0,1.0
2798,-82.599528,-686.922952,-182.433722,0.03192138671875,1.12042236328125,-0.022864568196068386,228,228,1.0,1.0
2799,-82.572037,-687.875922,-182.478209,-0.06793212890625,0.9509429931640625,-0.04448705409009519,228,228,1.0,1.0
2800,-82.561828,-688.717055,-182.484893,-0.04656982421875,0.83990478515625,-0.00668458528391849,228,228,1.0,1.0
2801,-82.606535,-689.42556,-182.477734,0.013946533203125,0.70977783203125,0.007159694268975285,224,224,1.0,1.0
2802,-82.634846,-690.07984,-182.48484,0.0,0.6548919677734375,-0.007106162155195237,225,225,1.0,1.0
2803,-82.635622,-690.619315,-182.464502,-0.022613525390625,0.53900146484375,0.020338277259437154,222,221,0.9954954954954955,1.0
2804,-82.65017,-690.890593,-182.447724,0.00286865234375,0.2716522216796875,0.016777719692018325,224,223,0.9955357142857143,1.0
2805,-82.715237,-691.255869,-182.413414,0.049407958984375,0.3677215576171875,0.03431031132411092,220,220,1.0,1.0
2806,-82.746478,-691.561556,-182.436174,0.018341064453125,0.306732177734375,-0.022760635681292513,227,227,1.0,1.0
2807,-82.777269,-691.830098,-182.431588,0.01934814453125,0.2696075439453125,0.004586383556738842,223,223,1.0,1.0
2808,-82.750977,-692.0806,-182.447684,-0.036895751953125,0.2491607666015625,-0.01609616518314533,232,232,1.0,1.0
2809,-82.69137,-692.105293,-182.43355,-0.06060791015625,0.022125244140625,0.014133567882375403,235,235,1.0,1.0
2810,-82.570946,-692.117161,-182.428014,-0.120819091796875,0.006744384765625,0.005536655128465152,233,233,1.0,1.0
2811,-82.400277,-692.145642,-182.437297,-0.171722412109375,0.0212249755859375,-0.009282820139188526,233,233,1.0,1.0
2812,-82.231829,-692.130789,-182.422198,-0.16766357421875,-0.022003173828125,0.015098319318937651,234,234,1.0,1.0
2813,-82.085943,-692.08088,-182.407328,-0.143646240234375,-0.0560302734375,0.014870746661754343,230,230,1.0,1.0
2814,-81.942259,-692.058285,-182.389477,-0.142608642578125,-0.0286102294921875,0.017851054966238206,233,232,0.9957081545064378,1.0
2815,-82.042955,-691.993682,-182.767356,0.103302001953125,-0.0603485107421875,-0.37787970992888426,213,212,0.9953051643192489,1.0
2816,-81.649938,-692.398627,-187.692613,-0.412109375,0.385498046875,-4.925256535907225,208,208,1.0,1.0
2817,-81.402906,-693.450114,-193.950616,-0.38555908203125,1.0089569091796875,-6.258002763791775,201,199,0.9900497512437811,1.0
2818,-81.43716,-694.476369,-199.876808,-0.21417236328125,1.004241943359375,-5.92619255394992,206,206,1.0,1.0
2819,-81.612635,-695.35074,-204.839018,-0.13226318359375,0.8819427490234375,-4.962209437880623,216,216,1.0,1.0
2820,-81.705661,-695.879498,-208.500819,-0.1376953125,0.5189208984375,-3.6618019675030187,215,213,0.9906976744186047,1.0
2821,-81.872456,-696.117614,-210.737643,0.032958984375,0.288848876953125,-2.2368239464764956,210,209,0.9952380952380953,1.0
2822,-82.029587,-696.111556,-211.984454,0.138153076171875,0.075103759765625,-1.2468103453025452,218,218,1.0,1.0
2823,-82.267516,-696.14197,-212.977667,0.185699462890625,0.151824951171875,-0.9932137058973379,217,216,0.9953917050691244,1.0
2824,-82.449307,-696.177806,-213.845216,0.13299560546875,0.1290130615234375,-0.8675482941784611,214,212,0.9906542056074766,1.0
2825,-82.765677,-696.290029,-214.584775,0.20025634765625,0.2694091796875,-0.7395590956432613,211,210,0.995260663507109,1.0
2826,-83.105635,-696.387084,-215.230736,0.22479248046875,0.2728729248046875,-0.6459608309940896,210,209,0.9952380952380953,1.0
2827,-83.3874,-696.507211,-215.813394,0.160858154296875,0.2606658935546875,-0.5826579659914622,211,210,0.995260663507109,1.0
2828,-83.726476,-696.616216,-216.293334,0.211181640625,0.28680419921875,-0.47994069863418287,212,211,0.9952830188679245,1.0
2829,-84.082133,-696.809154,-216.741837,0.172454833984375,0.36602783203125,-0.44850283831890586,213,213,1.0,1.0
2830,-84.549333,-697.096106,-217.109147,0.202728271484375,0.509429931640625,-0.36731008292114636,208,208,1.0,1.0
2831,-85.092219,-697.65527,-217.448776,0.0955810546875,0.773468017578125,-0.33962833630472467,208,208,1.0,1.0
2832,-85.795495,-698.425437,-217.704748,0.09002685546875,1.0390625,-0.25597192773245686,214,214,1.0,1.0
2833,-86.509666,-699.270718,-217.934089,0.048065185546875,1.1055450439453125,-0.2293418656088732,216,216,1.0,1.0
2834,-87.370444,-700.327771,-218.154558,0.029083251953125,1.362884521484375,-0.22046850338918964,212,212,1.0,1.0
2835,-88.342583,-701.481181,-218.320896,0.0518798828125,1.5075531005859375,-0.16633850517756735,218,217,0.9954128440366973,1.0
2836,-89.371424,-702.809717,-218.479367,-0.0166015625,1.6802520751953125,-0.15847049780053865,216,216,1.0,1.0
2837,-90.506587,-704.35798,-218.629144,-0.074737548828125,1.918365478515625,-0.1497769650587204,213,213,1.0,1.0
2838,-91.808606,-706.009485,-218.770817,-0.01385498046875,2.1029815673828125,-0.1416728192194461,215,214,0.9953488372093023,1.0
2839,-93.280865,-707.69495,-218.877582,0.0924072265625,2.23602294921875,-0.1067651142892073,217,217,1.0,1.0
2840,-94.810209,-709.644802,-219.006421,-0.03326416015625,2.47784423828125,-0.12883936359285375,210,210,1.0,1.0
2841,-96.482933,-711.744638,-219.111473,-0.021820068359375,2.6845550537109375,-0.10505169635700533,215,215,1.0,1.0
2842,-98.408338,-713.987922,-219.21434,0.078826904296875,2.9552154541015625,-0.10286696549665292,218,218,1.0,1.0
2843,-100.36294,-716.456889,-219.318187,-0.046539306640625,3.1486663818359375,-0.10384727970052979,216,216,1.0,1.0
2844,-102.396392,-718.966596,-219.483739,-0.017059326171875,3.2300567626953125,-0.16555201133331834,219,218,0.9954337899543378,1.0
2845,-104.510238,-721.623809,-219.674707,-0.058135986328125,3.39495849609375,-0.19096802357463077,213,213,1.0,1.0
2846,-106.595188,-724.191273,-219.776005,-0.034393310546875,3.307220458984375,-0.10129774954679807,223,222,0.9955156950672646,1.0
2847,-108.689698,-726.780924,-219.830545,-0.047088623046875,3.330322265625,-0.05453966550113026,216,216,1.0,1.0
2848,-110.797007,-729.373491,-219.869532,-0.04229736328125,3.3407135009765625,-0.03898717739128018,220,218,0.990909090909091,1.0
2849,-112.892808,-732.002528,-219.868175,-0.0767822265625,3.361297607421875,0.0013570489366543693,221,221,1.0,1.0
2850,-114.941497,-734.498347,-219.815824,-0.0274658203125,3.228851318359375,0.052350775086904215,220,219,0.9954545454545455,1.0
2851,-116.946827,-737.065481,-219.784755,-0.103485107421875,3.255889892578125,0.031068663730465858,215,215,1.0,1.0
2852,-118.965942,-739.574719,-219.723331,-0.0540771484375,3.22027587890625,0.06142465244038566,210,209,0.9952380952380953,1.0
2853,-120.939667,-742.035876,-219.642003,-0.0548095703125,3.1543426513671875,0.08132769907149594,208,207,0.9951923076923077,1.0
2854,-122.883075,-744.420677,-219.586236,-0.02496337890625,3.0762786865234375,0.05576707661369336,216,216,1.0,1.0
2855,-124.725668,-746.685668,-219.499026,-0.0233154296875,2.9197235107421875,0.08720953602365299,213,213,1.0,1.0
2856,-126.597387,-748.945432,-219.50105,0.006927490234375,2.9342498779296875,-0.002023920849908598,221,221,1.0,1.0
2857,-128.472023,-751.179498,-219.471038,0.025421142578125,2.9162750244140625,0.030012158507389506,221,221,1.0,1.0
2858,-130.296125,-753.425604,-219.491343,-0.01971435546875,2.8934326171875,-0.020304736014724104,212,212,1.0,1.0
2859,-132.055245,-755.515089,-219.468949,0.028717041015625,2.731231689453125,0.022393871208593243,222,222,1.0,1.0
2860,-133.931661,-757.697284,-219.466516,0.0614013671875,2.877349853515625,0.0024328778577588175,214,214,1.0,1.0
2861,-135.668179,-759.909776,-219.491423,-0.06573486328125,2.8118133544921875,-0.024906743274292358,217,217,1.0,1.0
2862,-137.450022,-762.051637,-219.491707,0.012939453125,2.786102294921875,-0.0002842679269201519,219,219,1.0,1.0
2863,-139.20873,-764.257585,-219.508384,-0.045684814453125,2.8208465576171875,-0.016676989975020557,212,212,1.0,1.0
2864,-140.966647,-766.383334,-219.520408,0.00390625,2.758453369140625,-0.012024030723578402,211,210,0.995260663507109,1.0
2865,-142.720694,-768.53518,-219.530853,-0.016265869140625,2.776123046875,-0.010444680205503305,215,214,0.9953488372093023,1.0
2866,-144.39654,-770.693836,-219.557231,-0.0814208984375,2.731597900390625,-0.02637872934719379,219,218,0.9954337899543378,1.0
2867,-146.131614,-772.821925,-219.573147,-0.017547607421875,2.7457122802734375,-0.01591501995122645,217,217,1.0,1.0
2868,-147.833298,-774.987792,-219.622081,-0.068115234375,2.7535552978515625,-0.048934865999602235,221,221,1.0,1.0
2869,-149.572815,-777.1258,-219.642729,-0.0235595703125,2.75616455078125,-0.020647870856463867,223,223,1.0,1.0
2870,-151.372605,-779.171793,-219.652128,0.08056640625,2.7237548828125,-0.009398511234329157,216,216,1.0,1.0
2871,-153.018574,-781.279123,-219.712985,-0.07745361328125,2.6728363037109375,-0.0608571310637467,217,215,0.9907834101382489,1.0
2872,-154.834645,-783.444328,-219.765657,0.013580322265625,2.825958251953125,-0.05267168335618981,221,220,0.995475113122172,1.0
2873,-156.585331,-785.544266,-219.783114,0.002471923828125,2.733978271484375,-0.01745694694761007,220,220,1.0,1.0
2874,-158.255234,-787.599442,-219.819728,-0.03179931640625,2.64788818359375,-0.03661399364920624,213,213,1.0,1.0
2875,-160.041956,-789.655507,-219.843381,0.0556640625,2.723358154296875,-0.023653837273816855,211,211,1.0,1.0
2876,-161.737625,-791.650096,-219.887837,0.024017333984375,2.6178436279296875,-0.044455527543739694,217,217,1.0,1.0
2877,-163.469166,-793.781707,-219.943321,-0.038360595703125,2.746002197265625,-0.05548414846417564,214,214,1.0,1.0
2878,-165.243009,-795.818993,-219.961274,0.051971435546875,2.7008056640625,-0.01795262241875481,215,215,1.0,1.0
2879,-166.98572,-797.904621,-219.991482,-0.0037841796875,2.7178802490234375,-0.030208483227460607,223,223,1.0,1.0
2880,-168.65917,-799.911387,-220.021212,-0.007598876953125,2.612945556640625,-0.029729459678370075,214,212,0.9906542056074766,1.0
2881,-170.40819,-802.042294,-220.066084,-0.030914306640625,2.7566070556640625,-0.044872336513005415,209,209,1.0,1.0
2882,-172.072282,-804.113012,-220.117184,-0.059326171875,2.655853271484375,-0.05110011725419094,214,214,1.0,1.0
2883,-173.844204,-806.207337,-220.158022,0.00555419921875,2.7433319091796875,-0.040837702022823934,210,210,1.0,1.0
2884,-175.58399,-808.258416,-220.180523,0.006927490234375,2.6895599365234375,-0.022501005526918815,212,212,1.0,1.0
2885,-177.294104,-810.353982,-220.232576,-0.045501708984375,2.70440673828125,-0.05205307420962057,217,217,1.0,1.0
2886,-179.069255,-812.39358,-220.241569,0.037841796875,2.703643798828125,-0.008993545467422088,218,217,0.9954128440366973,1.0
2887,-180.770537,-814.3904,-220.294212,0.0086669921875,2.6232757568359375,-0.05264273780373076,217,217,1.0,1.0
2888,-182.473271,-816.405165,-220.307199,-0.004241943359375,2.637908935546875,-0.012987001652127496,216,216,1.0,1.0
2889,-184.171013,-818.445436,-220.360965,-0.025146484375,2.6541290283203125,-0.05376570460475897,216,215,0.9953703703703703,1.0
2890,-185.884213,-820.450193,-220.384654,0.00714111328125,2.637054443359375,-0.023689315794592065,214,214,1.0,1.0
2891,-187.609862,-822.50728,-220.397345,-0.01837158203125,2.6849822998046875,-0.01269132708731483,211,211,1.0,1.0
2892,-189.318249,-824.51783,-220.43613,-0.001953125,2.6383514404296875,-0.038784535368980744,209,207,0.9904306220095693,1.0
2893,-191.128955,-826.574649,-220.459497,0.04412841796875,2.73992919921875,-0.023367068025785226,209,209,1.0,1.0
2894,-192.821671,-828.632723,-220.491916,-0.047576904296875,2.664337158203125,-0.032418789300311675,216,215,0.9953703703703703,1.0
2895,-194.596105,-830.647183,-220.516392,0.0413818359375,2.6842041015625,-0.02447602634753462,219,219,1.0,1.0
2896,-196.250591,-832.663165,-220.57212,-0.05194091796875,2.607452392578125,-0.05572849616733841,224,224,1.0,1.0
2897,-197.973788,-834.677793,-220.599422,-0.00140380859375,2.65106201171875,-0.027301694811652233,223,223,1.0,1.0
2898,-199.715454,-836.722954,-220.640877,-0.008514404296875,2.6862640380859375,-0.04145540361070482,216,216,1.0,1.0
2899,-201.432838,-838.659063,-220.63162,0.042144775390625,2.5876922607421875,0.009256983350095461,213,213,1.0,1.0
2900,-203.187943,-840.695495,-220.672198,0.005859375,2.688385009765625,-0.04057701619003438,214,214,1.0,1.0
2901,-205.011776,-842.703586,-220.698881,0.074554443359375,2.7116851806640625,-0.02668342146359856,210,209,0.9952380952380953,1.0
2902,-206.72551,-844.737575,-220.761634,-0.027069091796875,2.6595611572265625,-0.0627527300496276,208,208,1.0,1.0
2903,-208.484666,-846.713556,-220.743468,0.04229736328125,2.6452484130859375,0.01816534387238108,210,209,0.9952380952380953,1.0
2904,-210.16984,-848.708556,-220.784653,-0.02532958984375,2.611358642578125,-0.04118466252580496,218,217,0.9954128440366973,1.0
2905,-211.906616,-850.683084,-220.781974,0.025238037109375,2.629547119140625,0.0026792786482238143,217,217,1.0,1.0
2906,-213.623138,-852.665857,-220.791726,0.004638671875,2.62255859375,-0.009752490589914705,221,219,0.9909502262443439,1.0
2907,-215.322312,-854.734301,-220.773535,-0.064910888671875,2.67608642578125,0.018190688744885622,218,216,0.9908256880733946,1.0
2908,-217.076831,-856.736634,-220.773101,0.021026611328125,2.6621856689453125,0.0004348575811279295,218,217,0.9954128440366973,1.0
2909,-218.788462,-858.704404,-220.8026,0.011138916015625,2.608001708984375,-0.029499670862920418,217,217,1.0,1.0
2910,-220.479491,-860.634859,-220.798391,0.018585205078125,2.5662994384765625,0.004209582524308727,218,217,0.9954128440366973,1.0
2911,-222.039044,-862.429017,-220.784588,0.00830078125,2.3772125244140625,0.013802859845602023,223,223,1.0,1.0
2912,-223.55691,-864.221375,-220.790804,-0.021514892578125,2.3486175537109375,-0.006215779613789518,223,223,1.0,1.0
2913,-224.984547,-865.790874,-220.71106,0.055511474609375,2.120941162109375,0.07974331990736927,213,213,1.0,1.0
2914,-226.338333,-867.3151,-220.702794,0.032012939453125,2.0383758544921875,0.008266191213423186,217,217,1.0,1.0
2915,-227.616998,-868.792506,-220.698148,0.005889892578125,1.953887939453125,0.004646489126075241,213,213,1.0,1.0
2916,-228.882691,-870.175045,-220.665618,0.058074951171875,1.873504638671875,0.032529687510013824,215,214,0.9953488372093023,1.0
2917,-230.068471,-871.514151,-220.648354,0.026824951171875,1.7884521484375,0.01726358652667689,221,221,1.0,1.0
2918,-231.220254,-872.753163,-220.581271,0.0667724609375,1.6903533935546875,0.06708307088963794,215,214,0.9953488372093023,1.0
2919,-232.381734,-874.011417,-220.576588,0.0635986328125,1.7111968994140625,0.004683641288628689,213,211,0.9906103286384976,1.0
2920,-233.419868,-875.183516,-220.559318,0.026092529296875,1.565521240234375,0.017269242823015257,215,215,1.0,1.0
2921,-234.477358,-876.361734,-220.507983,0.03729248046875,1.5827484130859375,0.05133497657933804,212,212,1.0,1.0
2922,-235.404184,-877.519612,-220.529751,-0.04742431640625,1.4823760986328125,-0.021767322542471483,217,215,0.9907834101382489,1.0
2923,-236.457686,-878.585048,-220.515467,0.108367919921875,1.494415283203125,0.014283684505796123,210,210,1.0,1.0
2924,-237.366459,-879.680445,-220.508909,-0.020751953125,1.4231414794921875,0.006558516395696938,210,210,1.0,1.0
2925,-238.291969,-880.834069,-220.518912,-0.045684814453125,1.4782867431640625,-0.010003666428453474,216,216,1.0,1.0
2926,-239.273179,-881.911317,-220.501281,0.0460205078125,1.4564056396484375,0.017631436034125394,214,214,1.0,1.0
2927,-240.128958,-883.027348,-220.536784,-0.0740966796875,1.4044189453125,-0.035503457056830647,212,212,1.0,1.0
2928,-241.028282,-884.15258,-220.5196,-0.0478515625,1.439666748046875,0.017184059246479772,211,211,1.0,1.0
2929,-242.034641,-885.367447,-220.544266,-0.0242919921875,1.577362060546875,-0.024665395036269723,210,210,1.0,1.0
2930,-242.930191,-886.458025,-220.574078,-0.02838134765625,1.4108734130859375,-0.029812535897770828,208,208,1.0,1.0
2931,-243.79677,-887.589039,-220.561217,-0.077423095703125,1.4227294921875,0.012860778707981201,217,217,1.0,1.0
2932,-244.592124,-888.596736,-220.592906,-0.051025390625,1.282745361328125,-0.0316887112339097,214,214,1.0,1.0
2933,-245.409141,-889.622479,-220.625715,-0.047027587890625,1.310516357421875,-0.032808796205668886,224,223,0.9955357142857143,1.0
2934,-246.135174,-890.547763,-220.614534,-0.051422119140625,1.1750030517578125,0.011180621916964277,219,218,0.9954337899543378,1.0
2935,-246.851342,-891.430438,-220.553512,-0.03094482421875,1.1362457275390625,0.061022307376642375,221,220,0.995475113122172,1.0
2936,-247.544579,-892.264332,-220.548721,-0.01544189453125,1.0843048095703125,0.004790949484910125,223,221,0.9910313901345291,1.0
2937,-248.160096,-893.092726,-220.562053,-0.070831298828125,1.02960205078125,-0.01333245862419311,223,223,1.0,1.0
2938,-248.607819,-893.703131,-220.557543,-0.056793212890625,0.7548675537109375,0.004510453972100604,227,227,1.0,1.0
2939,-249.060958,-894.232095,-220.539567,0.000335693359375,0.6965179443359375,0.017975707178734326,220,220,1.0,1.0
2940,-249.408637,-894.689925,-220.509642,-0.033355712890625,0.57391357421875,0.02992565316085759,217,217,1.0,1.0
2941,-249.745633,-895.067872,-220.46588,0.010711669921875,0.506256103515625,0.04376134756310135,220,220,1.0,1.0
2942,-249.933772,-895.349644,-220.420962,-0.03973388671875,0.3364715576171875,0.044918430844512185,216,216,1.0,1.0
2943,-250.153434,-895.634852,-220.43162,-0.0177001953125,0.35955810546875,-0.010658389348521856,220,220,1.0,1.0
2944,-250.31264,-895.83065,-220.385542,-0.00579833984375,0.252288818359375,0.0460778359534426,226,226,1.0,1.0
2945,-250.439584,-895.886533,-220.353409,0.06048583984375,0.12481689453125,0.03213383703162927,230,228,0.991304347826087,1.0
2946,-250.45257,-895.964501,-220.362906,-0.04058837890625,0.0678253173828125,-0.009497341149391325,232,232,1.0,1.0
2947,-250.489027,-896.078361,-220.335623,-0.04595947265625,0.1103668212890625,0.02728300804816079,231,231,1.0,1.0
2948,-250.407929,-896.169704,-220.34972,-0.120941162109375,0.0171356201171875,-0.014097414508114777,231,231,1.0,1.0
2949,-250.331499,-896.268372,-220.339152,-0.12213134765625,0.0257110595703125,0.010568636811463663,229,229,1.0,1.0
2950,-250.234952,-896.450097,-220.351705,-0.19122314453125,0.076019287109375,-0.012553206381060488,225,225,1.0,1.0
2951,-250.134603,-896.622232,-220.325286,-0.18792724609375,0.0662078857421875,0.02641838563717054,223,222,0.9955156950672646,1.0
2952,-250.011337,-896.798255,-220.326749,-0.2078857421875,0.0544281005859375,-0.001462135673813022,222,222,1.0,1.0
2953,-249.341619,-897.576992,-218.265388,-1.0145263671875,0.1602783203125,2.061360751912011,212,211,0.9952830188679245,1.0
2954,-248.356536,-897.347753,-212.24126,-0.6314697265625,-0.7900543212890625,6.024127912539233,196,196,1.0,1.0
2955,-247.73225,-896.615231,-205.656647,-0.137237548828125,-0.9526214599609375,6.58461259323545,195,194,0.9948717948717949,1.0
2956,-247.250633,-895.811892,-199.060936,-0.0863037109375,-0.9326629638671875,6.595710895836821,195,194,0.9948717948717949,1.0
2957,-247.10023,-895.058777,-192.422263,0.103790283203125,-0.7609405517578125,6.638673576047368,186,185,0.9946236559139785,1.0
2958,-247.314944,-894.376405,-185.759612,0.356475830078125,-0.620208740234375,6.662651246344876,190,190,1.0,1.0
2959,-247.605347,-893.841463,-179.132859,0.342620849609375,-0.5030975341796875,6.62675273729052,190,190,1.0,1.0
2960,-248.031565,-893.422573,-172.451072,0.419830322265625,-0.42529296875,6.681787325459054,193,193,1.0,1.0
2961,-248.501791,-893.123417,-165.904561,0.426849365234375,-0.35833740234375,6.546510189162166,194,194,1.0,1.0
2962,-249.042643,-892.863647,-160.165135,0.4613037109375,-0.3836669921875,5.73942591021321,200,200,1.0,1.0
2963,-249.453473,-892.833389,-155.77729,0.376190185546875,-0.1678619384765625,4.387845582204803,204,204,1.0,1.0
2964,-249.595872,-893.075849,-152.701986,0.229339599609375,0.162689208984375,3.075303865655454,209,209,1.0,1.0
2965,-249.626074,-893.504418,-150.523101,0.223388671875,0.3669891357421875,2.178885228477736,215,214,0.9953488372093023,1.0
2966,-249.422892,-893.946425,-149.063503,0.040618896484375,0.484771728515625,1.459597479353894,213,212,0.9953051643192489,1.0
2967,-249.225469,-894.414728,-147.935587,0.0714111328125,0.503173828125,1.127916453364011,221,219,0.9909502262443439,1.0
2968,-248.871781,-894.998822,-146.983227,0.010345458984375,0.6827545166015625,0.952359819924037,222,219,0.9864864864864865,1.0
2969,-248.511386,-895.753989,-146.251188,0.109283447265625,0.82958984375,0.7320389483965709,219,218,0.9954337899543378,1.0
2970,-247.981261,-896.566968,-145.709186,0.0108642578125,0.970489501953125,0.542002404704539,215,214,0.9953488372093023,1.0
2971,-247.412089,-897.48001,-145.287342,0.044158935546875,1.07501220703125,0.42184395746519143,219,217,0.9908675799086758,1.0
2972,-246.796878,-898.52841,-144.948133,0.09130859375,1.2121429443359375,0.33920855442605014,219,218,0.9954337899543378,1.0
2973,-245.893923,-899.794175,-144.708214,-0.012237548828125,1.554779052734375,0.2399187606328229,219,219,1.0,1.0
2974,-244.967887,-901.201449,-144.542616,0.05718994140625,1.68365478515625,0.1655988155204909,217,217,1.0,1.0
2975,-243.964747,-902.785618,-144.408584,0.10186767578125,1.8722991943359375,0.13403197738568523,221,221,1.0,1.0
2976,-242.801583,-904.50998,-144.345631,0.057708740234375,2.079193115234375,0.06295281334381508,225,224,0.9955555555555555,1.0
2977,-241.449682,-906.438702,-144.335504,0.0257568359375,2.355194091796875,0.010126493398423806,223,223,1.0,1.0
2978,-240.07156,-908.395659,-144.314126,0.021331787109375,2.3934173583984375,0.021378025832135626,223,223,1.0,1.0
2979,-238.544825,-910.596671,-144.294181,0.04388427734375,2.6783294677734375,0.019945371208561394,221,220,0.995475113122172,1.0
2980,-236.822865,-912.963288,-144.270058,-0.017059326171875,2.926727294921875,0.024122959944263344,218,215,0.9862385321100917,1.0
2981,-235.105841,-915.407056,-144.228784,0.033233642578125,2.986480712890625,0.04127403910042435,222,221,0.9954954954954955,1.0
2982,-233.392767,-917.918093,-144.175894,0.077911376953125,3.038726806640625,0.0528899764714761,216,215,0.9953703703703703,1.0
2983,-231.590252,-920.397816,-144.156413,-0.0101318359375,3.06561279296875,0.01948121936150055,221,221,1.0,1.0
2984,-229.82603,-922.971644,-144.082479,0.077056884765625,3.119476318359375,0.07393332253135246,216,215,0.9953703703703703,1.0
2985,-228.023589,-925.495964,-144.033268,0.021087646484375,3.1016998291015625,0.04921170901982367,219,218,0.9954337899543378,1.0
2986,-226.131312,-927.975819,-143.98538,-0.0750732421875,3.1184539794921875,0.04788748468004833,221,221,1.0,1.0
2987,-224.339854,-930.402909,-143.916012,-0.021942138671875,3.0165557861328125,0.06936802100072062,222,222,1.0,1.0
2988,-222.560164,-932.884804,-143.864367,0.02349853515625,3.0539398193359375,0.05164547494113425,218,217,0.9954128440366973,1.0
2989,-220.790508,-935.270404,-143.822144,-0.022430419921875,2.9702301025390625,0.042222946225634016,221,221,1.0,1.0
2990,-219.073068,-937.68884,-143.778825,0.041290283203125,2.9659271240234375,0.04331921640110629,219,219,1.0,1.0
2991,-217.338714,-940.012025,-143.790012,-0.026397705078125,2.8990478515625,-0.011187500791021642,221,221,1.0,1.0
2992,-215.655279,-942.315594,-143.779409,0.002532958984375,2.8531341552734375,0.010602815587814864,225,225,1.0,1.0
2993,-213.998235,-944.54154,-143.768624,-0.021514892578125,2.7749176025390625,0.010785292454946159,217,217,1.0,1.0
2994,-212.33444,-946.736316,-143.790253,-0.04486083984375,2.7537689208984375,-0.021628842340526873,222,222,1.0,1.0
2995,-210.720556,-948.994453,-143.804641,0.03179931640625,2.775390625,-0.01438777363251466,227,227,1.0,1.0
2996,-209.019712,-951.208062,-143.832115,-0.06536865234375,2.7908172607421875,-0.02747490781334113,223,223,1.0,1.0
2997,-207.435237,-953.523261,-143.80191,0.087188720703125,2.8041229248046875,0.0302055289808925,217,217,1.0,1.0
2998,-205.674347,-955.757305,-143.838738,-0.10162353515625,2.8427734375,-0.036828145796951574,217,217,1.0,1.0
2999,-204.021108,-958.076062,-143.859583,0.033447265625,2.8475799560546875,-0.020845159867361983,220,220,1.0,1.0
3000,-202.241666,-960.440852,-143.879293,-0.0423583984375,2.959197998046875,-0.019709381915394703,227,227,1.0,1.0
3001,-200.557993,-962.818087,-143.895777,0.04132080078125,2.91278076171875,-0.016484702449640447,227,226,0.9955947136563876,1.0
3002,-198.83485,-965.140759,-143.884115,-0.0235595703125,2.8919677734375,0.011662596440024466,228,228,1.0,1.0
3003,-197.257842,-967.424723,-143.878465,0.072265625,2.774566650390625,0.005649358270532506,224,224,1.0,1.0
3004,-196.481236,-968.485872,-143.866468,-0.00177001953125,1.314971923828125,0.01199707682437399,220,220,1.0,1.0
3005,-195.026,-970.619869,-143.85584,0.083038330078125,2.5816192626953125,0.010628254810130742,222,222,1.0,1.0
3006,-193.569601,-972.51395,-143.852887,-0.058929443359375,2.3885498046875,0.002953153028667288,227,227,1.0,1.0
3007,-192.231629,-974.392061,-143.855639,0.02740478515625,2.3058013916015625,-0.002751801670317584,227,227,1.0,1.0
3008,-190.95327,-976.060531,-143.808005,-0.0482177734375,2.101348876953125,0.0476339883919616,225,225,1.0,1.0
3009,-189.719104,-977.776034,-143.808767,0.0169677734375,2.113250732421875,-0.0007622073319536136,225,225,1.0,1.0
3010,-188.556985,-979.305305,-143.764273,-0.034881591796875,1.92041015625,0.04449378888466962,223,223,1.0,1.0
3011,-187.429561,-980.855544,-143.773019,0.006988525390625,1.916839599609375,-0.008746259832690766,225,224,0.9955555555555555,1.0
3012,-186.390058,-982.255956,-143.76555,-0.01092529296875,1.7440185546875,0.007469316125233046,219,218,0.9954337899543378,1.0
3013,-185.323284,-983.617199,-143.775237,-0.05584716796875,1.728546142578125,-0.009686755431238644,219,217,0.9908675799086758,1.0
3014,-184.280815,-984.971991,-143.780367,-0.04034423828125,1.7089691162109375,-0.005130193925974823,224,224,1.0,1.0
3015,-183.24114,-986.259288,-143.810052,-0.078125,1.652862548828125,-0.02968476805456252,216,216,1.0,1.0
3016,-182.25729,-987.517525,-143.838801,-0.05108642578125,1.596405029296875,-0.02874897135061964,217,217,1.0,1.0
3017,-181.264956,-988.860669,-143.82636,-0.008636474609375,1.6699371337890625,0.012440271235556518,220,220,1.0,1.0
3018,-180.306776,-990.101683,-143.858183,-0.040985107421875,1.5673370361328125,-0.03182223377394359,215,215,1.0,1.0
3019,-179.309375,-991.339042,-143.883889,-0.07568359375,1.587493896484375,-0.025705987788294568,222,222,1.0,1.0
3020,-178.303802,-992.550911,-143.911892,-0.0980224609375,1.571685791015625,-0.028003705429208714,221,221,1.0,1.0
3021,-177.370808,-993.881074,-143.910202,0.029541015625,1.624481201171875,0.001690650681480515,221,221,1.0,1.0
3022,-176.407243,-995.138859,-143.946751,-0.037750244140625,1.5839996337890625,-0.03654972383211814,221,221,1.0,1.0
3023,-175.465801,-996.322808,-143.95784,-0.0643310546875,1.511260986328125,-0.011088052436962096,220,220,1.0,1.0
3024,-174.506413,-997.524549,-143.98904,-0.06866455078125,1.53619384765625,-0.03120030538879318,223,223,1.0,1.0
3025,-173.555137,-998.722574,-144.023005,-0.06512451171875,1.52838134765625,-0.033965615171871466,221,221,1.0,1.0
3026,-172.682897,-999.804175,-144.016061,-0.070465087890625,1.3876953125,0.006944008597253566,212,212,1.0,1.0
3027,-171.837314,-1000.87693,-144.043551,-0.053924560546875,1.3648834228515625,-0.027489370083881207,213,213,1.0,1.0
3028,-171.100555,-1001.926242,-144.081772,0.019744873046875,1.281982421875,-0.038220778694003484,224,224,1.0,1.0
3029,-170.403671,-1002.847624,-144.10804,-0.02386474609375,1.154998779296875,-0.026268624517710285,224,224,1.0,1.0
3030,-169.829159,-1003.660203,-144.11522,0.010955810546875,0.9951019287109375,-0.007179722066440159,226,226,1.0,1.0
3031,-169.352877,-1004.376059,-144.118666,0.033721923828125,0.859161376953125,-0.0034460385412557384,223,223,1.0,1.0
3032,-168.911106,-1004.98827,-144.116454,0.000885009765625,0.7549591064453125,0.002211820119081645,227,227,1.0,1.0
3033,-168.597715,-1005.448696,-144.036132,0.015960693359375,0.556732177734375,0.08032242976544908,219,218,0.9954337899543378,1.0
3034,-168.247855,-1005.928122,-143.982914,-0.001617431640625,0.593505859375,0.05321815509760016,225,225,1.0,1.0
3035,-167.927413,-1006.322083,-143.972236,-0.02752685546875,0.507080078125,0.010677652508718435,225,225,1.0,1.0
3036,-167.688504,-1006.673356,-143.96204,0.013397216796875,0.4246063232421875,0.010195889791559639,222,222,1.0,1.0
3037,-167.532161,-1006.785745,-143.928376,-0.060302734375,0.182861328125,0.03366375632925159,225,225,1.0,1.0
3038,-167.396498,-1006.745065,-143.877446,-0.13360595703125,0.0469970703125,0.050930076935750634,231,231,1.0,1.0
3039,-167.291354,-1006.558237,-143.842681,-0.195068359375,-0.08892822265625,0.03476494011164508,223,223,1.0,1.0
3040,-167.236307,-1006.387308,-143.792759,-0.145294189453125,-0.10552978515625,0.04992240752157335,232,232,1.0,1.0
3041,-167.24805,-1006.22811,-143.732099,-0.084564208984375,-0.1353912353515625,0.060660236895369105,232,232,1.0,1.0
3042,-167.191363,-1005.968138,-143.736734,-0.199493408203125,-0.1760711669921875,-0.004635218057645294,225,225,1.0,1.0
3043,-167.139609,-1005.727834,-143.730586,-0.183868408203125,-0.16314697265625,0.006147843498961737,234,234,1.0,1.0
3044,-167.177273,-1005.586898,-143.739056,-0.053009033203125,-0.1359100341796875,-0.008469517223654735,227,227,1.0,1.0
3045,-167.1405,-1005.695437,-146.300133,0.0345458984375,0.1092681884765625,-2.5610772175399843,216,216,1.0,1.0
3046,-166.55197,-1005.93801,-150.694915,-0.35504150390625,0.528350830078125,-4.394782183384867,220,220,1.0,1.0
3047,-166.006317,-1006.392837,-154.434747,-0.253204345703125,0.6636962890625,-3.7398322434786735,216,216,1.0,1.0
3048,-165.765775,-1006.67234,-157.121784,-0.09637451171875,0.3559417724609375,-2.6870371989438584,218,218,1.0,1.0
3049,-165.602373,-1007.058321,-158.988079,-0.00048828125,0.4191436767578125,-1.866294268974776,215,214,0.9953488372093023,1.0
3050,-165.613458,-1007.432122,-160.316769,0.144378662109375,0.344970703125,-1.3286905825264916,217,217,1.0,1.0
3051,-165.587922,-1007.751947,-161.357856,0.08367919921875,0.3097381591796875,-1.0410869705311119,220,220,1.0,1.0
3052,-165.653494,-1008.110635,-162.207162,0.176788330078125,0.31890869140625,-0.8493054576564696,221,221,1.0,1.0
3053,-165.770185,-1008.49335,-162.913954,0.228057861328125,0.3287506103515625,-0.7067922404008022,223,222,0.9955156950672646,1.0
3054,-165.926625,-1008.819501,-163.462732,0.245361328125,0.2657928466796875,-0.5487777541275881,224,224,1.0,1.0
3055,-166.062146,-1009.235275,-163.919778,0.248260498046875,0.3600006103515625,-0.4570465669632572,226,226,1.0,1.0
3056,-166.223199,-1009.668507,-164.27403,0.274749755859375,0.371673583984375,-0.3542517098756892,225,225,1.0,1.0
3057,-166.235469,-1010.188584,-164.596186,0.15277099609375,0.497283935546875,-0.32215584569022737,219,219,1.0,1.0
3058,-166.282479,-1010.684333,-164.862801,0.177001953125,0.4654541015625,-0.26661495179576716,218,218,1.0,1.0
3059,-166.329591,-1011.342852,-165.107326,0.217437744140625,0.6233673095703125,-0.24452539061801137,224,224,1.0,1.0
3060,-166.312187,-1012.088919,-165.353846,0.1749267578125,0.7254791259765625,-0.24651950371890785,228,228,1.0,1.0
3061,-166.218431,-1012.893638,-165.561929,0.112762451171875,0.802276611328125,-0.20808329728059738,229,229,1.0,1.0
3062,-166.147489,-1013.849702,-165.739887,0.169677734375,0.9435577392578125,-0.17795801559543878,226,226,1.0,1.0
3063,-165.8722,-1015.024905,-165.897232,0.022674560546875,1.2068023681640625,-0.15734546952788317,223,223,1.0,1.0
3064,-165.589114,-1016.323277,-166.047129,0.04180908203125,1.328216552734375,-0.14989672270841575,222,222,1.0,1.0
3065,-165.278925,-1017.764,-166.178528,0.046356201171875,1.4730072021484375,-0.13139877312340856,222,222,1.0,1.0
3066,-164.931653,-1019.463618,-166.34196,0.068817138671875,1.733367919921875,-0.16343198368079928,229,229,1.0,1.0
3067,-164.576132,-1021.321128,-166.447429,0.0931396484375,1.8889312744140625,-0.10546953741771269,221,221,1.0,1.0
3068,-164.144309,-1023.379264,-166.561241,0.0625,2.102020263671875,-0.11381183217155569,223,223,1.0,1.0
3069,-163.70181,-1025.495455,-166.672739,0.061431884765625,2.1610870361328125,-0.11149777138570979,225,224,0.9955555555555555,1.0
3070,-163.118447,-1027.94359,-166.814107,-0.003326416015625,2.5166778564453125,-0.1413680068229028,226,225,0.995575221238938,1.0
3071,-162.593909,-1030.426869,-166.8842,0.055755615234375,2.5374603271484375,-0.07009329143216544,228,228,1.0,1.0
3072,-161.975759,-1033.16328,-167.004299,0.0189208984375,2.8052978515625,-0.12009865913587138,222,222,1.0,1.0
3073,-161.371538,-1036.000918,-167.165882,0.04937744140625,2.9008331298828125,-0.16158298162422666,214,214,1.0,1.0
3074,-160.697181,-1038.986643,-167.31306,0.005706787109375,3.0609283447265625,-0.14717769531294073,220,219,0.9954545454545455,1.0
3075,-160.073161,-1041.887256,-167.384796,0.02825927734375,2.9668426513671875,-0.0717366452359718,220,219,0.9954545454545455,1.0
3076,-159.390708,-1044.879145,-167.45687,-0.012542724609375,3.0687103271484375,-0.07207415843534645,222,221,0.9954954954954955,1.0
3077,-158.74145,-1047.853708,-167.421721,0.012237548828125,3.0445709228515625,0.03514908311216976,221,221,1.0,1.0
3078,-157.996219,-1050.73609,-167.431609,-0.099639892578125,2.975494384765625,-0.009887874972421487,223,223,1.0,1.0
3079,-157.403541,-1053.670182,-167.364103,0.05999755859375,2.9927520751953125,0.06750585720414476,226,226,1.0,1.0
3080,-156.748544,-1056.45627,-167.304189,-0.0296630859375,2.8618927001953125,0.059914515390457286,224,224,1.0,1.0
3081,-156.07854,-1059.350345,-167.275907,-0.017578125,2.9705657958984375,0.028281461750826176,221,221,1.0,1.0
3082,-155.381373,-1062.144544,-167.226707,-0.064605712890625,2.8791351318359375,0.049199943520905974,221,220,0.995475113122172,1.0
3083,-154.757494,-1065.032453,-167.204978,0.030059814453125,2.954376220703125,0.021729513523938825,214,213,0.9953271028037384,1.0
3084,-154.072036,-1067.832862,-167.199931,-0.048248291015625,2.8826751708984375,0.005046991709355991,216,216,1.0,1.0
3085,-153.454833,-1070.453053,-167.163236,-0.0213623046875,2.6918182373046875,0.03669495467590452,217,217,1.0,1.0
3086,-152.875261,-1073.101713,-167.178003,0.02337646484375,2.7112274169921875,-0.014767389067231811,224,223,0.9955357142857143,1.0
3087,-152.21994,-1075.736913,-167.190753,-0.054168701171875,2.7149200439453125,-0.012749235488464402,227,227,1.0,1.0
3088,-151.638042,-1078.254526,-167.177004,-0.009246826171875,2.5839691162109375,0.013749109607568455,219,219,1.0,1.0
3089,-151.040098,-1080.942831,-167.192281,0.01361083984375,2.75396728515625,-0.01527718635372208,222,222,1.0,1.0
3090,-150.467306,-1083.335765,-167.189561,-0.028076171875,2.4603729248046875,0.0027201260370732197,225,225,1.0,1.0
3091,-149.9278,-1085.93248,-167.198016,0.0496826171875,2.651702880859375,-0.008455705097517209,222,221,0.9954954954954955,1.0
3092,-149.372188,-1088.452406,-167.203427,0.016571044921875,2.5803985595703125,-0.005410544419194729,219,219,1.0,1.0
3093,-148.816139,-1090.989412,-167.187103,0.019683837890625,2.5971527099609375,0.016323400820119318,220,220,1.0,1.0
3094,-148.248362,-1093.455482,-167.211609,-0.006744384765625,2.53057861328125,-0.024505832094571134,224,224,1.0,1.0
3095,-147.699114,-1095.833773,-167.143366,-0.009185791015625,2.4408721923828125,0.06824368678329315,224,224,1.0,1.0
3096,-147.087852,-1098.345773,-167.194209,-0.0369873046875,2.5850372314453125,-0.05084356720771851,220,220,1.0,1.0
3097,-146.544425,-1100.89889,-167.20456,0.035980224609375,2.6100616455078125,-0.010350845622226885,223,222,0.9955156950672646,1.0
3098,-145.890278,-1103.4635,-167.273785,-0.069915771484375,2.6457977294921875,-0.06922471316407156,222,222,1.0,1.0
3099,-145.349439,-1105.863131,-167.25847,0.001068115234375,2.4598236083984375,0.015315159641748786,225,225,1.0,1.0
3100,-144.718633,-1108.501155,-167.317088,-0.033447265625,2.712188720703125,-0.05861882198038217,220,220,1.0,1.0
3101,-144.207631,-1111.046746,-167.316951,0.06036376953125,2.595672607421875,0.00013738647311864797,226,226,1.0,1.0
3102,-143.552006,-1113.45489,-167.370516,-0.11090087890625,2.4933319091796875,-0.05356474433520178,224,224,1.0,1.0
3103,-143.042913,-1115.999399,-167.366125,0.0595703125,2.5942535400390625,0.004390293814811258,221,221,1.0,1.0
3104,-142.408886,-1118.606449,-167.393556,-0.0484619140625,2.6826019287109375,-0.027430887612060088,227,226,0.9955947136563876,1.0
3105,-141.844189,-1121.144846,-167.421625,0.0029296875,2.6004486083984375,-0.028068736316603803,230,229,0.9956521739130435,1.0
3106,-141.208178,-1123.780004,-167.45693,-0.046875,2.710418701171875,-0.0353045450307947,222,221,0.9954954954954955,1.0
3107,-140.552963,-1126.284473,-167.503845,-0.095672607421875,2.5869903564453125,-0.04691545749322895,218,218,1.0,1.0
3108,-139.914362,-1128.874117,-167.530493,-0.063140869140625,2.666473388671875,-0.026648032488499285,221,221,1.0,1.0
3109,-139.397663,-1131.391171,-167.524179,0.038970947265625,2.569244384765625,0.0063135950516798565,227,227,1.0,1.0
3110,-138.750335,-1133.88775,-167.569326,-0.09271240234375,2.5774688720703125,-0.0451463733318167,221,221,1.0,1.0
3111,-138.055979,-1136.203491,-167.496127,-0.179595947265625,2.410919189453125,0.07319850508045575,224,223,0.9955357142857143,1.0
3112,-137.536552,-1138.736015,-167.506122,0.04119873046875,2.5849151611328125,-0.009995119065176871,220,219,0.9954545454545455,1.0
3113,-136.93025,-1141.182781,-167.514752,-0.0626220703125,2.519989013671875,-0.008629621849191702,225,224,0.9955555555555555,1.0
3114,-136.340264,-1143.701747,-167.568948,-0.031463623046875,2.586944580078125,-0.05419548592511453,223,222,0.9955156950672646,1.0
3115,-135.623336,-1146.294044,-167.62248,-0.14208984375,2.68585205078125,-0.05353269574706259,223,223,1.0,1.0
3116,-135.073296,-1149.007039,-167.61357,0.044281005859375,2.7678375244140625,0.00891039979649379,224,222,0.9910714285714286,1.0
3117,-134.434947,-1151.657045,-167.632671,-0.0550537109375,2.725250244140625,-0.019101567600341814,218,217,0.9954128440366973,1.0
3118,-133.771163,-1154.253316,-167.637886,-0.092315673828125,2.678192138671875,-0.0052143137610748454,227,225,0.9911894273127754,1.0
3119,-133.179438,-1156.618875,-167.662668,-0.071563720703125,2.4373931884765625,-0.024782387659077375,231,230,0.9956709956709957,1.0
3120,-132.622881,-1158.946268,-167.669604,-0.046417236328125,2.3925628662109375,-0.006936175266022606,228,227,0.9956140350877193,1.0
3121,-132.095491,-1161.103858,-167.670816,-0.054473876953125,2.2204437255859375,-0.0012119880237268527,224,224,1.0,1.0
3122,-131.581595,-1163.157628,-167.692744,-0.063507080078125,2.1161346435546875,-0.02192738942724367,226,226,1.0,1.0
3123,-131.148348,-1165.14576,-167.686364,0.00048828125,2.0347900390625,0.006379963313040418,217,217,1.0,1.0
3124,-130.727766,-1167.094987,-167.699519,0.004791259765625,1.99407958984375,-0.013155584582974784,227,227,1.0,1.0
3125,-130.341298,-1168.851657,-167.620952,-0.00335693359375,1.798675537109375,0.07856753627220786,228,228,1.0,1.0
3126,-129.907966,-1170.533753,-167.615608,-0.062652587890625,1.7358856201171875,0.005343929665993067,228,228,1.0,1.0
3127,-129.569968,-1172.144917,-167.578462,0.015411376953125,1.6461639404296875,0.037146340291515124,223,221,0.9910313901345291,1.0
3128,-129.257928,-1173.812167,-167.591559,0.05389404296875,1.695343017578125,-0.013097641199285314,224,222,0.9910714285714286,1.0
3129,-128.914489,-1175.311197,-167.568348,-0.0133056640625,1.537811279296875,0.023211323506305472,222,222,1.0,1.0
3130,-128.516811,-1176.759796,-167.546719,-0.076507568359375,1.500244140625,0.021628613592856873,222,222,1.0,1.0
3131,-128.145363,-1178.273085,-167.585961,-0.036376953125,1.5577850341796875,-0.039241408199072535,225,225,1.0,1.0
3132,-127.740384,-1179.749474,-167.611046,-0.078125,1.5289306640625,-0.025085654060110874,222,221,0.9954954954954955,1.0
3133,-127.470783,-1181.267415,-167.696093,0.062347412109375,1.540435791015625,-0.08504675511372016,224,222,0.9910714285714286,1.0
3134,-127.157852,-1182.707907,-167.707071,0.001220703125,1.474090576171875,-0.010977836191420513,223,221,0.9910313901345291,1.0
3135,-126.914084,-1184.179197,-167.696898,0.0750732421875,1.4894561767578125,0.010173059540385693,221,220,0.995475113122172,1.0
3136,-126.478142,-1185.600342,-167.771298,-0.12310791015625,1.4813995361328125,-0.07440021369126208,219,219,1.0,1.0
3137,-126.165989,-1187.057615,-167.764842,0.00360107421875,1.490325927734375,0.006455703914751846,220,220,1.0,1.0
3138,-125.842658,-1188.537993,-167.7733,-0.00225830078125,1.5152740478515625,-0.00845757882792877,215,215,1.0,1.0
3139,-125.494115,-1189.938215,-167.79372,-0.044097900390625,1.4422760009765625,-0.020420424737246715,217,217,1.0,1.0
3140,-125.20128,-1191.375624,-167.79537,0.0177001953125,1.466827392578125,-0.0016496592884699573,220,219,0.9954545454545455,1.0
3141,-124.821274,-1192.695856,-167.828718,-0.092315673828125,1.3707275390625,-0.03334788408202068,223,221,0.9910313901345291,1.0
3142,-124.543198,-1194.018865,-167.844178,0.007110595703125,1.351898193359375,-0.015459932317762558,226,226,1.0,1.0
3143,-124.219296,-1195.212438,-167.854738,-0.0653076171875,1.235015869140625,-0.01056059015532641,226,226,1.0,1.0
3144,-124.012685,-1196.36106,-167.82489,0.0396728515625,1.1663818359375,0.02984887106188312,227,227,1.0,1.0
3145,-123.796968,-1197.435558,-167.804943,0.0157470703125,1.0958251953125,0.019946938862025795,225,225,1.0,1.0
3146,-123.614927,-1198.309807,-167.835724,0.006744384765625,0.892974853515625,-0.030781182458763833,231,230,0.9956709956709957,1.0
3147,-123.410513,-1199.058695,-167.829311,-0.042022705078125,0.775146484375,0.006413008810131903,218,218,1.0,1.0
3148,-123.276893,-1199.662613,-167.809433,-0.0032958984375,0.6185150146484375,0.019877984089964162,223,222,0.9955156950672646,1.0
3149,-123.177913,-1200.255328,-167.791389,0.028411865234375,0.600250244140625,0.018043645451169814,228,228,1.0,1.0
3150,-123.147047,-1200.610407,-167.722277,0.044921875,0.35357666015625,0.06911183922733709,226,226,1.0,1.0
3151,-123.093538,-1200.95301,-167.629714,0.02056884765625,0.3461456298828125,0.09256372286787128,222,221,0.9954954954954955,1.0
3152,-122.969988,-1201.363486,-167.596255,-0.032745361328125,0.4274139404296875,0.033458265446372544,230,229,0.9956521739130435,1.0
3153,-122.847603,-1201.637509,-167.601789,-0.0606689453125,0.293914794921875,-0.005533366000506355,225,225,1.0,1.0
3154,-122.808982,-1201.749942,-167.585091,-0.013580322265625,0.11810302734375,0.016698152152865596,233,233,1.0,1.0
3155,-122.681282,-1201.687145,-167.576273,-0.138214111328125,-0.03387451171875,0.00881724105949385,235,235,1.0,1.0
3156,-122.625736,-1201.580972,-167.549282,-0.07708740234375,-0.09173583984375,0.026991077287237195,236,236,1.0,1.0
3157,-122.54872,-1201.335715,-167.481455,-0.128082275390625,-0.2228851318359375,0.06782741154127916,225,225,1.0,1.0
3158,-122.401513,-1201.109041,-167.462263,-0.192840576171875,-0.1893768310546875,0.019191301413150116,227,227,1.0,1.0
3159,-122.275425,-1200.851514,-167.487568,-0.178985595703125,-0.2240142822265625,-0.025304521884090655,228,228,1.0,1.0
3160,-122.147861,-1200.70315,-167.481292,-0.15667724609375,-0.1172027587890625,0.006275665067402701,228,226,0.9912280701754386,1.0
3161,-121.898642,-1200.65588,-169.85744,-0.2535400390625,0.00787353515625,-2.3761478387934236,211,208,0.985781990521327,1.0
3162,-121.333293,-1201.19447,-175.86848,-0.461669921875,0.629730224609375,-6.011039877884911,210,209,0.9952380952380953,1.0
3163,-121.014781,-1202.003887,-182.383513,-0.259368896484375,0.83026123046875,-6.5150325346041145,215,214,0.9953488372093023,1.0
3164,-121.011127,-1202.988931,-189.005928,-0.04461669921875,0.984039306640625,-6.622415903401303,212,211,0.9952830188679245,1.0
3165,-121.166951,-1204.214047,-195.675701,-0.037872314453125,1.234405517578125,-6.669772609870646,203,202,0.9950738916256158,1.0
3166,-121.325412,-1205.065257,-202.287392,-0.077423095703125,0.86236572265625,-6.611691094636416,207,205,0.9903381642512077,1.0
3167,-121.729155,-1205.835773,-208.920376,0.08135986328125,0.8660736083984375,-6.632983685719053,214,211,0.985981308411215,1.0
3168,-122.232659,-1206.488937,-215.599174,0.124847412109375,0.8152008056640625,-6.678798458342753,209,208,0.9952153110047847,1.0
3169,-122.507679,-1206.751833,-222.235856,0.070587158203125,0.3738555908203125,-6.63668158139656,217,216,0.9953917050691244,1.0
3170,-122.84504,-1206.870223,-228.934682,0.170196533203125,0.314422607421875,-6.698825996276436,209,208,0.9952153110047847,1.0
3171,-123.079835,-1206.834368,-235.608139,0.1812744140625,0.153472900390625,-6.6734567905862665,211,211,1.0,1.0
3172,-123.179663,-1206.972931,-242.256364,-0.057952880859375,0.16064453125,-6.648225604862534,214,214,1.0,1.0
3173,-123.283682,-1206.94506,-248.93826,0.073089599609375,0.0790863037109375,-6.6818959980778505,207,207,1.0,1.0
3174,-123.436463,-1207.129897,-255.617721,-0.117584228515625,0.2089996337890625,-6.679460858197937,201,201,1.0,1.0
3175,-123.971622,-1207.448721,-262.242597,-0.1759033203125,0.5975799560546875,-6.624875897167726,207,206,0.9951690821256038,1.0
3176,-124.787308,-1207.682882,-268.914472,-0.121917724609375,0.8398284912109375,-6.6718747811020895,207,207,1.0,1.0
3177,-126.16164,-1207.967179,-275.543457,-0.258209228515625,1.3794708251953125,-6.628985397076308,209,207,0.9904306220095693,1.0
3178,-127.917324,-1208.19565,-281.681226,-0.397003173828125,1.72540283203125,-6.137769184161372,206,205,0.9951456310679612,1.0
3179,-129.686521,-1208.234367,-286.754883,-0.3961181640625,1.7247161865234375,-5.073656751243383,210,208,0.9904761904761905,1.0
3180,-131.457521,-1208.036248,-290.286056,-0.320831298828125,1.7529296875,-3.531172577512161,209,208,0.9952153110047847,1.0
3181,-133.103453,-1207.776897,-292.173735,-0.327392578125,1.633758544921875,-1.8876788154167778,213,213,1.0,1.0
3182,-134.652403,-1207.288733,-293.333147,-0.132537841796875,1.6186370849609375,-1.1594123731957913,213,212,0.9953051643192489,1.0
3183,-136.306287,-1206.70707,-294.265208,-0.1209716796875,1.7490081787109375,-0.9320605848084937,209,209,1.0,1.0
3184,-138.265236,-1206.002223,-294.972241,-0.1624755859375,2.0755462646484375,-0.7070339411004403,217,217,1.0,1.0
3185,-140.217738,-1205.20757,-295.53272,-0.10394287109375,2.1054534912109375,-0.5604784456034243,218,218,1.0,1.0
3186,-142.388524,-1204.309266,-295.946427,-0.125091552734375,2.345977783203125,-0.41370714220086374,217,217,1.0,1.0
3187,-144.708064,-1203.302813,-296.257718,-0.10986328125,2.526092529296875,-0.31129079312426605,220,220,1.0,1.0
3188,-147.284773,-1202.120913,-296.417824,-0.08001708984375,2.833709716796875,-0.16010664255531418,218,217,0.9954128440366973,1.0
3189,-149.937284,-1200.94281,-296.522065,-0.12506103515625,2.8996734619140625,-0.10424015566083308,226,225,0.995575221238938,1.0
3190,-152.512877,-1199.643922,-296.611803,0.0120849609375,2.884552001953125,-0.08973809193625563,222,222,1.0,1.0
3191,-155.11546,-1198.324,-296.650823,0.0142822265625,2.918121337890625,-0.03901993782761508,223,222,0.9955156950672646,1.0
3192,-157.844186,-1197.043544,-296.742344,-0.079559326171875,3.0131683349609375,-0.091521800475867,228,228,1.0,1.0
3193,-160.520864,-1195.712468,-296.809993,-0.0157470703125,2.9893341064453125,-0.06764881783431693,230,230,1.0,1.0
3194,-163.193781,-1194.345215,-296.835142,0.01470947265625,3.0022735595703125,-0.02514912288281249,227,227,1.0,1.0
3195,-165.863122,-1193.06677,-296.888617,-0.064239501953125,2.9589996337890625,-0.053474241757471716,231,231,1.0,1.0
3196,-168.456468,-1191.786469,-296.932649,-0.030975341796875,2.891998291015625,-0.044032368631779,235,235,1.0,1.0
3197,-171.028784,-1190.489986,-296.961406,-0.009246826171875,2.88055419921875,-0.0287573319910121,227,227,1.0,1.0
3198,-173.669962,-1189.070195,-296.965641,0.0679931640625,2.997833251953125,-0.004234538754371429,231,231,1.0,1.0
3199,-176.289134,-1187.768043,-296.959037,-0.027099609375,2.9248809814453125,0.006603414615720614,230,227,0.9869565217391304,1.0
3200,-178.873874,-1186.555854,-296.960932,-0.091339111328125,2.8534088134765625,-0.0018943252497000368,227,226,0.9955947136563876,1.0
3201,-181.299249,-1185.292769,-296.972031,0.02618408203125,2.73443603515625,-0.0110987580521078,221,221,1.0,1.0
3202,-183.717892,-1184.063163,-296.993488,-0.001129150390625,2.7132568359375,-0.021457751572439746,227,227,1.0,1.0
3203,-186.134107,-1182.826906,-297.001732,0.0048828125,2.714111328125,-0.008243231761231679,225,223,0.9911111111111112,1.0
3204,-188.482864,-1181.650273,-296.986957,-0.01800537109375,2.6269378662109375,0.014774459354777973,218,217,0.9954128440366973,1.0
3205,-190.944347,-1180.420729,-297.010278,-0.021331787109375,2.75140380859375,-0.023320776177519285,221,221,1.0,1.0
3206,-193.266944,-1179.275557,-297.010671,-0.0345458984375,2.5893402099609375,-0.0003932639585199936,226,226,1.0,1.0
3207,-195.608191,-1178.047898,-297.013426,0.03045654296875,2.6434173583984375,-0.0027547358012058286,224,224,1.0,1.0
3208,-197.932522,-1176.849718,-297.035762,0.011749267578125,2.614959716796875,-0.022336072968903727,224,224,1.0,1.0
3209,-200.245601,-1175.676761,-297.03519,-0.006622314453125,2.593475341796875,0.0005719379786164736,224,224,1.0,1.0
3210,-202.538222,-1174.520954,-297.046665,-0.0125732421875,2.5674591064453125,-0.011474752924680297,222,220,0.990990990990991,1.0
3211,-204.869261,-1173.375622,-297.036923,-0.039886474609375,2.5969085693359375,0.00974156768543982,220,220,1.0,1.0
3212,-207.139166,-1172.10068,-297.00235,0.103790283203125,2.60137939453125,0.03457351636740085,221,220,0.995475113122172,1.0
3213,-209.45235,-1171.032223,-297.024701,-0.0982666015625,2.5461273193359375,-0.02235139230079915,219,219,1.0,1.0
3214,-211.719068,-1169.809752,-297.015704,0.059051513671875,2.574676513671875,0.008996786072796697,222,222,1.0,1.0
3215,-214.074185,-1168.684583,-297.021357,-0.0673828125,2.609222412109375,-0.005652377882290476,223,223,1.0,1.0
3216,-216.374884,-1167.464922,-297.031394,0.041259765625,2.603668212890625,-0.010037351484404934,223,223,1.0,1.0
3217,-218.645392,-1166.374856,-297.03072,-0.0609130859375,2.51788330078125,0.0006736700399431552,226,224,0.9911504424778761,1.0
3218,-220.964628,-1165.189764,-297.026628,0.001617431640625,2.6044769287109375,0.004092538711084738,225,223,0.9911111111111112,1.0
3219,-223.310755,-1164.113227,-297.027449,-0.10711669921875,2.5791015625,-0.0008214373432646057,222,222,1.0,1.0
3220,-225.546833,-1162.921699,-297.020888,0.0452880859375,2.5333251953125,0.006561650349698495,221,221,1.0,1.0
3221,-227.848455,-1161.818544,-297.009335,-0.06292724609375,2.5515594482421875,0.011552990657724258,227,226,0.9955947136563876,1.0
3222,-230.12697,-1160.660609,-297.013485,-0.00311279296875,2.5558624267578125,-0.004150317070982104,225,225,1.0,1.0
3223,-232.383889,-1159.551054,-297.002996,-0.036590576171875,2.5146484375,0.010489197239864785,222,222,1.0,1.0
3224,-234.711653,-1158.44174,-297.020764,-0.068511962890625,2.577667236328125,-0.017768233876223512,220,220,1.0,1.0
3225,-236.998837,-1157.336809,-296.993275,-0.054779052734375,2.5395050048828125,0.027489438929277476,223,223,1.0,1.0
3226,-239.256617,-1156.095406,-296.979667,0.081390380859375,2.5752716064453125,0.013607341634166534,220,220,1.0,1.0
3227,-241.590473,-1155.002695,-296.969817,-0.08502197265625,2.575592041015625,0.009850098822502653,220,220,1.0,1.0
3228,-243.814885,-1153.810476,-296.965531,0.053741455078125,2.523193359375,0.004285815367174726,218,218,1.0,1.0
3229,-246.110879,-1152.73418,-296.973876,-0.08184814453125,2.534423828125,-0.008344684487612542,212,211,0.9952830188679245,1.0
3230,-248.329555,-1151.56461,-296.957599,0.035980224609375,2.5078125,0.016277395145789592,214,214,1.0,1.0
3231,-250.629735,-1150.500103,-296.967934,-0.093902587890625,2.5328216552734375,-0.010335410325326269,215,215,1.0,1.0
3232,-252.926471,-1149.195882,-296.965378,0.120849609375,2.6384429931640625,0.002556046193534705,216,215,0.9953703703703703,1.0
3233,-255.242336,-1148.048708,-296.945445,-0.027679443359375,2.5842742919921875,0.019932882142214267,220,219,0.9954545454545455,1.0
3234,-257.517945,-1146.915132,-296.951665,-0.020660400390625,2.542236328125,-0.006219493720043693,218,218,1.0,1.0
3235,-259.822501,-1145.696207,-296.931435,0.042022705078125,2.606719970703125,0.020229695456350928,221,221,1.0,1.0
3236,-262.075883,-1144.527143,-296.928065,0.02166748046875,2.5384979248046875,0.003369466755570929,229,228,0.9956331877729258,1.0
3237,-264.417254,-1143.390328,-296.89269,-0.046783447265625,2.6023406982421875,0.035375057051972504,229,227,0.9912663755458515,1.0
3238,-266.638026,-1142.212661,-296.864946,0.045806884765625,2.5132904052734375,0.027744432347508348,225,223,0.9911111111111112,1.0
3239,-268.880019,-1141.127724,-296.852773,-0.0452880859375,2.49029541015625,0.012172513601234973,219,219,1.0,1.0
3240,-271.193009,-1140.005349,-296.863195,-0.043426513671875,2.570556640625,-0.010421212817496752,223,223,1.0,1.0
3241,-273.418811,-1138.9001,-296.865068,-0.019775390625,2.4850311279296875,-0.0018730115494583705,225,224,0.9955555555555555,1.0
3242,-275.669522,-1137.68981,-296.857177,0.062591552734375,2.554718017578125,0.00789101839916926,225,224,0.9955555555555555,1.0
3243,-277.977811,-1136.644747,-296.871839,-0.1104736328125,2.53143310546875,-0.014662544962198118,221,218,0.9864253393665159,1.0
3244,-280.218508,-1135.527835,-296.868355,-0.0164794921875,2.5035858154296875,0.0034841214899277795,222,220,0.990990990990991,1.0
3245,-282.426044,-1134.409182,-296.856055,0.000213623046875,2.47479248046875,0.012300306313645756,222,221,0.9954954954954955,1.0
3246,-284.624197,-1133.266798,-296.832522,0.026153564453125,2.477142333984375,0.023532193247845227,226,226,1.0,1.0
3247,-286.858309,-1132.246081,-296.834747,-0.097625732421875,2.4542999267578125,-0.0022247023796736734,226,225,0.995575221238938,1.0
3248,-289.097443,-1131.077328,-296.819596,0.0321044921875,2.525604248046875,0.015151263446809943,223,222,0.9955156950672646,1.0
3249,-291.389558,-1129.992787,-296.805541,-0.0662841796875,2.534881591796875,0.014055254135398423,226,225,0.995575221238938,1.0
3250,-293.605433,-1128.818869,-296.78335,0.048492431640625,2.5071563720703125,0.022190647235206144,230,229,0.9956521739130435,1.0
3251,-295.893023,-1127.722341,-296.789306,-0.05194091796875,2.536285400390625,-0.005955951513134734,229,227,0.9912663755458515,1.0
3252,-298.132425,-1126.578808,-296.770251,0.011474609375,2.5144500732421875,0.01905497245603315,224,223,0.9955357142857143,1.0
3253,-300.431547,-1125.412749,-296.760577,0.005523681640625,2.577911376953125,0.00967359836618403,222,221,0.9954954954954955,1.0
3254,-302.676723,-1124.31454,-296.76698,-0.03033447265625,2.4991912841796875,-0.006402313856801227,226,225,0.995575221238938,1.0
3255,-304.923769,-1123.165549,-296.759515,0.013885498046875,2.5237274169921875,0.007464347908546257,227,225,0.9911894273127754,1.0
3256,-307.134963,-1122.045804,-296.749836,0.004241943359375,2.478546142578125,0.009679298657394744,228,227,0.9956140350877193,1.0
3257,-309.370412,-1120.893798,-296.758206,0.022552490234375,2.5147247314453125,-0.00837022231023947,227,226,0.9955947136563876,1.0
3258,-311.54074,-1119.757127,-296.730068,0.037811279296875,2.449676513671875,0.028138003969754903,231,230,0.9956709956709957,1.0
3259,-313.806379,-1118.639032,-296.747072,-0.02044677734375,2.52642822265625,-0.01700373593076111,226,226,1.0,1.0
3260,-315.934148,-1117.466076,-296.698839,0.08984375,2.4279937744140625,0.048232643614729426,220,220,1.0,1.0
3261,-318.121903,-1116.417489,-296.718181,-0.046173095703125,2.425628662109375,-0.019341527880506675,224,223,0.9955357142857143,1.0
3262,-320.281885,-1115.311926,-296.74905,0.016387939453125,2.426422119140625,-0.030869167173114328,222,220,0.990990990990991,1.0
3263,-322.4686,-1114.241216,-296.748626,-0.028076171875,2.4346160888671875,0.0004244039974674551,222,221,0.9954954954954955,1.0
3264,-324.655436,-1113.018082,-296.73267,0.108001708984375,2.503326416015625,0.015955276641743423,228,228,1.0,1.0
3265,-327.00277,-1111.926061,-296.743372,-0.080596923828125,2.5876617431640625,-0.010701657330460919,223,223,1.0,1.0
3266,-329.235277,-1110.694933,-296.724741,0.094818115234375,2.547698974609375,0.018631189377756346,228,227,0.9956140350877193,1.0
3267,-331.490125,-1109.624663,-296.766225,-0.058074951171875,2.4952850341796875,-0.04148382098626437,231,231,1.0,1.0
3268,-333.514661,-1108.512302,-296.708456,0.0814208984375,2.308563232421875,0.05776861176318019,229,229,1.0,1.0
3269,-335.55261,-1107.536548,-296.740732,-0.0443115234375,2.259063720703125,-0.0322756387070592,236,236,1.0,1.0
3270,-337.403412,-1106.576602,-296.718582,0.024505615234375,2.0847930908203125,0.022149374139602343,229,228,0.9956331877729258,1.0
3271,-339.207482,-1105.687239,-296.693414,-0.0167236328125,2.0113067626953125,0.02516848980160784,238,238,1.0,1.0
3272,-340.976245,-1104.801075,-296.714192,-0.002838134765625,1.97833251953125,-0.020777964393218606,234,234,1.0,1.0
3273,-342.593182,-1104.051328,-296.684562,-0.057159423828125,1.7813873291015625,0.02962943981770135,229,228,0.9956331877729258,1.0
3274,-344.146767,-1103.188986,-296.652035,0.07281494140625,1.7753753662109375,0.03252742385144646,226,226,1.0,1.0
3275,-345.739677,-1102.521376,-296.651161,-0.11785888671875,1.7231292724609375,0.0008740771821688555,227,227,1.0,1.0
3276,-347.218827,-1101.761811,-296.623804,0.015380859375,1.6627044677734375,0.027357009736845826,230,230,1.0,1.0
3277,-348.573199,-1100.973649,-296.580585,0.09765625,1.56396484375,0.043218954194097166,229,229,1.0,1.0
3278,-350.024929,-1100.291346,-296.59164,-0.039398193359375,1.6035919189453125,-0.011055259722492406,234,234,1.0,1.0
3279,-351.441354,-1099.570334,-296.579052,0.010711669921875,1.5893402099609375,0.012587896765128769,227,227,1.0,1.0
3280,-352.773483,-1098.848001,-296.573115,0.049957275390625,1.5145416259765625,0.005937733819440982,228,227,0.9956140350877193,1.0
3281,-354.026411,-1098.156997,-296.534288,0.057525634765625,1.4296875,0.0388261660835778,229,229,1.0,1.0
3282,-355.369051,-1097.465395,-296.566832,0.018951416015625,1.5101776123046875,-0.03254332339519615,227,227,1.0,1.0
3283,-356.66843,-1096.78829,-296.532618,0.02447509765625,1.4650115966796875,0.03421368474493557,233,233,1.0,1.0
3284,-357.986005,-1096.17089,-296.58005,-0.03619384765625,1.4546051025390625,-0.04743151262056798,233,233,1.0,1.0
3285,-359.37128,-1095.396515,-296.567366,0.07269287109375,1.585357666015625,0.012683421215131985,229,227,0.9912663755458515,1.0
3286,-360.707694,-1094.717493,-296.547274,0.009613037109375,1.498992919921875,0.02009247101150379,226,226,1.0,1.0
3287,-361.99074,-1094.027615,-296.56837,0.043701171875,1.4561004638671875,-0.021096302844902146,229,229,1.0,1.0
3288,-363.140656,-1093.338543,-296.537293,0.10198974609375,1.3366851806640625,0.031077089127082114,234,234,1.0,1.0
3289,-364.317789,-1092.740285,-296.506848,0.009307861328125,1.320404052734375,0.030444906900994956,226,226,1.0,1.0
3290,-365.538434,-1092.223895,-296.52499,-0.082672119140625,1.3227996826171875,-0.01814208016098671,231,230,0.9956709956709957,1.0
3291,-366.605872,-1091.566036,-296.497177,0.111907958984375,1.248870849609375,0.027813407011950772,233,233,1.0,1.0
3292,-367.662061,-1091.030058,-296.524332,0.008453369140625,1.1843719482421875,-0.02715566860155874,231,230,0.9956709956709957,1.0
3293,-368.742254,-1090.448423,-296.522324,0.03802490234375,1.2262420654296875,0.002008253271003239,234,232,0.9914529914529915,1.0
3294,-369.70885,-1089.86466,-296.786132,0.0906982421875,1.12554931640625,-0.26380798692949914,235,234,0.9957446808510638,1.0
3295,-370.553647,-1089.454554,-296.784598,-0.014617919921875,0.93896484375,0.0015337544587134342,235,234,0.9957446808510638,1.0
3296,-371.259793,-1089.019944,-296.769819,0.06976318359375,0.82623291015625,0.014779580410894194,229,228,0.9956331877729258,1.0
3297,-371.865392,-1088.786522,-296.77616,-0.064361572265625,0.6458282470703125,-0.006341286906176714,227,226,0.9955947136563876,1.0
3298,-372.395044,-1088.486915,-296.771136,0.02886962890625,0.6078338623046875,0.005023672898599704,230,229,0.9956521739130435,1.0
3299,-372.792765,-1088.253278,-296.719586,0.029449462890625,0.4603271484375,0.05155071908399816,232,232,1.0,1.0
3300,-373.237373,-1088.060633,-296.72073,-0.02783203125,0.4837493896484375,-0.0011441405219693593,234,233,0.9957264957264957,1.0
3301,-373.565058,-1087.859152,-296.696044,0.032623291015625,0.3832855224609375,0.024685470832337866,231,231,1.0,1.0
3302,-373.744186,-1087.74554,-296.648102,0.021026611328125,0.2110748291015625,0.04794182279412619,235,235,1.0,1.0
3303,-373.780646,-1087.702523,-296.653448,0.0220947265625,0.0518798828125,-0.00534594418551721,240,240,1.0,1.0
3304,-373.840998,-1087.711943,-296.632456,-0.035491943359375,0.049713134765625,0.020992030358205335,239,239,1.0,1.0
3305,-373.846969,-1087.695122,-296.630617,0.012359619140625,0.01287841796875,0.0018397391248787228,238,238,1.0,1.0
3306,-373.873605,-1087.798522,-296.631287,-0.1043701171875,-0.0225372314453125,-0.0006699573700270329,236,235,0.9957627118644068,1.0
3307,-373.872088,-1087.878827,-296.624432,-0.07110595703125,-0.037353515625,0.0068540639070261075,239,239,1.0,1.0
3308,-373.897332,-1087.901061,-296.635097,-0.03118896484375,0.012603759765625,-0.010664817004005709,239,239,1.0,1.0
3309,-373.919913,-1087.962592,-296.633199,-0.06512451171875,-0.0074005126953125,0.0018986782424484702,242,241,0.9958677685950413,1.0
3310,-374.003899,-1088.040852,-296.622491,-0.10760498046875,0.0399932861328125,0.010707772554954512,240,240,1.0,1.0
3311,-374.119914,-1087.830244,-297.055701,0.13629150390625,0.198089599609375,-0.4332103278833635,225,225,1.0,1.0
3312,-375.575272,-1087.311269,-302.477288,-0.199798583984375,1.5321502685546875,-5.4215864924342085,227,226,0.9955947136563876,1.0
3313,-376.585349,-1086.652244,-308.974167,0.013580322265625,1.2059783935546875,-6.496879007727894,223,222,0.9955156950672646,1.0
3314,-377.267536,-1086.131144,-315.653722,-0.023956298828125,0.8581085205078125,-6.679555317137866,214,213,0.9953271028037384,1.0
3315,-377.792545,-1085.547387,-322.073147,0.0325927734375,0.7844390869140625,-6.419425029869765,216,216,1.0,1.0
3316,-378.122067,-1085.014136,-328.643043,0.067840576171875,0.6231689453125,-6.569896117471179,218,218,1.0,1.0
3317,-378.324376,-1084.575109,-335.345375,0.055694580078125,0.4801788330078125,-6.702331516663116,213,212,0.9953051643192489,1.0
3318,-378.411143,-1084.252486,-342.062875,0.05572509765625,0.32940673828125,-6.717499895527048,217,217,1.0,1.0
3319,-378.393963,-1084.059116,-348.66772,0.075897216796875,0.178680419921875,-6.604845247062028,211,211,1.0,1.0
3320,-378.470874,-1083.696461,-355.400009,-0.004150390625,0.370697021484375,-6.732288851512968,216,216,1.0,1.0
3321,-378.624099,-1083.361326,-361.793983,-0.1258544921875,0.346343994140625,-6.393974460227104,211,211,1.0,1.0
3322,-378.742512,-1082.944329,-367.255887,-0.13140869140625,0.4130859375,-5.461904067109795,209,208,0.9952153110047847,1.0
3323,-378.860282,-1082.510176,-371.349837,-0.171661376953125,0.415802001953125,-4.093949672678409,212,212,1.0,1.0
3324,-378.938041,-1082.001107,-373.877839,-0.176422119140625,0.4838104248046875,-2.5280018642801636,219,219,1.0,1.0
3325,-378.868226,-1081.495997,-375.402443,-0.053375244140625,0.507110595703125,-1.5246039685153425,218,218,1.0,1.0
3326,-378.801326,-1080.953495,-376.517597,-0.07958984375,0.5407867431640625,-1.1151540240801778,225,225,1.0,1.0
3327,-378.539769,-1080.321908,-377.388283,0.071197509765625,0.6798858642578125,-0.8706861668177011,221,221,1.0,1.0
3328,-378.376807,-1079.474747,-378.120348,-0.09765625,0.857147216796875,-0.7320649458431749,212,212,1.0,1.0
3329,-378.088894,-1078.451085,-378.630664,-0.04473876953125,1.06243896484375,-0.5103160511521816,221,220,0.995475113122172,1.0
3330,-377.805254,-1077.257358,-379.017098,-0.112579345703125,1.2217864990234375,-0.38643400459026606,222,220,0.990990990990991,1.0
3331,-377.422167,-1075.97551,-379.314522,-0.055511474609375,1.3367156982421875,-0.297424142736432,220,220,1.0,1.0
3332,-376.907211,-1074.511849,-379.507329,0.001861572265625,1.551605224609375,-0.1928068965485246,220,220,1.0,1.0
3333,-376.439606,-1072.970107,-379.661299,-0.074066162109375,1.6093902587890625,-0.15396976581097038,224,224,1.0,1.0
3334,-375.866596,-1071.231376,-379.785913,-0.04541015625,1.8301544189453125,-0.12461467183930115,222,221,0.9954954954954955,1.0
3335,-375.16895,-1069.27253,-379.896065,-0.006622314453125,2.0793609619140625,-0.11015174182176933,220,219,0.9954545454545455,1.0
3336,-374.428345,-1067.266544,-379.958344,0.01373291015625,2.1382904052734375,-0.06227842411499473,222,222,1.0,1.0
3337,-373.615875,-1065.036573,-380.060355,0.00250244140625,2.3733673095703125,-0.10201193806888112,225,225,1.0,1.0
3338,-372.768839,-1062.575772,-380.191958,-0.048431396484375,2.60205078125,-0.13160207908346216,222,222,1.0,1.0
3339,-371.759904,-1059.912925,-380.294732,0.027801513671875,2.847442626953125,-0.10277418095527238,224,223,0.9955357142857143,1.0
3340,-370.792833,-1057.155758,-380.376454,-0.049285888671875,2.9214324951171875,-0.08172258832029075,220,220,1.0,1.0
3341,-369.795039,-1054.461328,-380.482938,-0.0028076171875,2.8732452392578125,-0.1064841582109998,223,223,1.0,1.0
3342,-368.736205,-1051.704303,-380.577358,0.027130126953125,2.9532318115234375,-0.09441927602290916,222,222,1.0,1.0
3343,-367.678643,-1048.86258,-380.697218,-0.008697509765625,3.0321197509765625,-0.11986012425019163,218,218,1.0,1.0
3344,-366.669238,-1046.09788,-380.805697,-0.032867431640625,2.943023681640625,-0.10847918989227286,224,224,1.0,1.0
3345,-365.642322,-1043.32409,-380.887643,-0.025299072265625,2.957672119140625,-0.08194601504919641,225,225,1.0,1.0
3346,-364.657375,-1040.609828,-380.975372,-0.047515869140625,2.887054443359375,-0.08772849146110932,219,219,1.0,1.0
3347,-363.603068,-1037.947028,-381.060091,0.03125,2.8637542724609375,-0.08471936722127728,220,219,0.9954545454545455,1.0
3348,-362.59934,-1035.310679,-381.102438,-0.01068115234375,2.8209381103515625,-0.042347272917233225,224,223,0.9955357142857143,1.0
3349,-361.586262,-1032.711327,-381.170597,0.00927734375,2.7897796630859375,-0.06815924453372335,224,224,1.0,1.0
3350,-360.597141,-1030.022806,-381.222964,-0.048583984375,2.864288330078125,-0.052366086717913235,231,231,1.0,1.0
3351,-359.630294,-1027.514876,-381.272614,-0.006591796875,2.687835693359375,-0.04965086860011833,229,229,1.0,1.0
3352,-358.728244,-1024.948816,-381.323242,-0.09039306640625,2.7184906005859375,-0.05062780734823599,229,229,1.0,1.0
3353,-357.749304,-1022.434844,-381.34926,-0.002227783203125,2.697845458984375,-0.026017325750923793,224,224,1.0,1.0
3354,-356.835476,-1019.919225,-381.364019,-0.064697265625,2.6756744384765625,-0.014759226938860648,221,220,0.995475113122172,1.0
3355,-355.872915,-1017.455831,-381.413572,-0.0009765625,2.644775390625,-0.04955356773205021,223,223,1.0,1.0
3356,-354.996983,-1015.027513,-381.430686,-0.07110595703125,2.5804901123046875,-0.017114154964601946,230,230,1.0,1.0
3357,-353.997981,-1012.546437,-381.42818,0.023406982421875,2.6745452880859375,0.0025061098101240033,230,230,1.0,1.0
3358,-353.128789,-1010.17076,-381.460208,-0.058807373046875,2.5290069580078125,-0.032027727659234916,224,224,1.0,1.0
3359,-352.199715,-1007.680899,-381.472702,-0.0462646484375,2.6571502685546875,-0.012493964420175722,219,219,1.0,1.0
3360,-351.276595,-1005.361655,-381.478261,0.01007080078125,2.496185302734375,-0.005559395565564464,225,225,1.0,1.0
3361,-350.300196,-1002.916668,-381.473618,0.01336669921875,2.6327056884765625,0.0046439374431938895,226,226,1.0,1.0
3362,-349.385598,-1000.564344,-381.483515,-0.010009765625,2.5238494873046875,-0.00989734056464579,225,225,1.0,1.0
3363,-348.407772,-998.117805,-381.479691,0.013885498046875,2.634674072265625,0.0038236871385801687,223,223,1.0,1.0
3364,-347.483165,-995.74861,-381.487837,-0.00714111328125,2.543212890625,-0.008145702860875735,220,220,1.0,1.0
3365,-346.533582,-993.338033,-381.500204,0.000579833984375,2.5908660888671875,-0.012367302013693297,220,220,1.0,1.0
3366,-345.63272,-990.990969,-381.505206,-0.02203369140625,2.513916015625,-0.00500160315857125,226,226,1.0,1.0
3367,-344.690885,-988.587131,-381.509991,-0.00494384765625,2.581756591796875,-0.0047849699401605345,226,226,1.0,1.0
3368,-343.745089,-986.269631,-381.494071,0.030181884765625,2.5028839111328125,0.0159195338423201,220,220,1.0,1.0
3369,-342.754691,-983.873782,-381.502172,0.043670654296875,2.5921173095703125,-0.008100865454891824,219,219,1.0,1.0
3370,-341.83805,-981.560667,-381.480294,0.0050048828125,2.4881134033203125,0.021878026754849313,222,222,1.0,1.0
3371,-340.902177,-979.187083,-381.497221,0.001708984375,2.551422119140625,-0.016926870421183047,224,224,1.0,1.0
3372,-339.997317,-976.861406,-381.491477,-0.010345458984375,2.4954833984375,0.005744005849984163,221,221,1.0,1.0
3373,-339.060461,-974.503428,-381.494918,0.007843017578125,2.537261962890625,-0.0034414913629256466,220,220,1.0,1.0
3374,-338.129753,-972.140323,-381.471072,9.1552734375e-05,2.5397796630859375,0.02384641203591763,223,223,1.0,1.0
3375,-337.199238,-969.816675,-381.481735,0.015411376953125,2.50299072265625,-0.010663335544769843,221,221,1.0,1.0
3376,-336.306887,-967.497606,-381.453113,-0.018890380859375,2.4847564697265625,0.02862249297759522,221,221,1.0,1.0
3377,-335.376077,-965.094882,-381.456205,-0.012451171875,2.576690673828125,-0.003091706295496403,219,219,1.0,1.0
3378,-334.515989,-962.804982,-381.464748,-0.037139892578125,2.4458160400390625,-0.008543605003069586,218,217,0.9954128440366973,1.0
3379,-333.583254,-960.402044,-381.456175,-0.011260986328125,2.5775909423828125,0.008573087756823475,220,219,0.9954545454545455,1.0
3380,-332.70643,-958.038025,-381.434238,-0.048675537109375,2.5209197998046875,0.021937251210690623,216,215,0.9953703703703703,1.0
3381,-331.771198,-955.668646,-381.436118,0.00469970703125,2.547271728515625,-0.0018799336723257553,219,218,0.9954337899543378,1.0
3382,-330.963317,-953.242743,-381.412283,-0.13458251953125,2.5533447265625,0.023834655027423428,220,220,1.0,1.0
3383,-330.022997,-950.876274,-381.427956,0.011474609375,2.546417236328125,-0.015672886006327224,220,220,1.0,1.0
3384,-329.12768,-948.546356,-381.400051,-0.01776123046875,2.4959564208984375,0.027905310497754507,219,219,1.0,1.0
3385,-328.177167,-946.152135,-381.386843,0.011383056640625,2.5759735107421875,0.013208053998684233,221,221,1.0,1.0
3386,-327.318429,-943.780488,-381.404212,-0.06524658203125,2.521484375,-0.01736967055310149,223,223,1.0,1.0
3387,-326.396209,-941.367311,-381.403795,-0.022064208984375,2.5832977294921875,0.0004168192922036011,227,227,1.0,1.0
3388,-325.483951,-939.048318,-381.3891,0.0030517578125,2.491973876953125,0.014695597235605335,226,226,1.0,1.0
3389,-324.617449,-936.69118,-381.378147,-0.052825927734375,2.51080322265625,0.01095265370113301,225,225,1.0,1.0
3390,-323.721562,-934.337527,-381.396347,-0.023712158203125,2.518280029296875,-0.01819969461897195,222,222,1.0,1.0
3391,-322.795681,-931.947076,-381.370781,-0.010009765625,2.5634765625,0.025565993799484165,222,221,0.9954954954954955,1.0
3392,-321.938575,-929.589049,-381.367092,-0.06109619140625,2.5082244873046875,0.0036890208608817304,220,219,0.9954545454545455,1.0
3393,-320.990804,-927.21377,-381.344798,0.0172119140625,2.5573272705078125,0.022293869134376584,223,222,0.9955156950672646,1.0
3394,-320.120249,-924.892908,-381.361592,-0.033905029296875,2.4785308837890625,-0.01679353812156385,221,221,1.0,1.0
3395,-319.236814,-922.509357,-381.344694,-0.04547119140625,2.541595458984375,0.016897587737725428,219,218,0.9954337899543378,1.0
3396,-318.430968,-920.242811,-381.352843,-0.07440185546875,2.404388427734375,-0.008149084052164834,222,220,0.990990990990991,1.0
3397,-317.530185,-917.865868,-381.323981,-0.026519775390625,2.5417633056640625,0.02886206434841937,220,219,0.9954545454545455,1.0
3398,-316.641567,-915.499867,-381.339431,-0.0325927734375,2.52716064453125,-0.015450019402576695,219,218,0.9954337899543378,1.0
3399,-315.772082,-913.162406,-381.315755,-0.04071044921875,2.4936065673828125,0.023675765453630156,221,220,0.995475113122172,1.0
3400,-314.89426,-910.815521,-381.308431,-0.03533935546875,2.50543212890625,0.007324027084362659,228,228,1.0,1.0
3401,-314.024779,-908.429257,-381.30384,-0.057098388671875,2.539093017578125,0.0045911696686253434,225,225,1.0,1.0
3402,-313.115022,-906.097323,-381.295778,0.0003662109375,2.50311279296875,0.008061724976741838,219,219,1.0,1.0
3403,-312.271561,-903.734339,-381.295778,-0.07232666015625,2.507965087890625,1.6679831371122766e-07,224,224,1.0,1.0
3404,-311.323891,-901.383659,-381.282352,0.02923583984375,2.5343475341796875,0.013426543702650173,225,225,1.0,1.0
3405,-310.398187,-898.987096,-381.272315,-0.007293701171875,2.569122314453125,0.01003641163982035,227,227,1.0,1.0
3406,-309.468735,-896.66689,-381.269029,0.02435302734375,2.49932861328125,0.003285957321951779,225,225,1.0,1.0
3407,-308.574299,-894.301893,-381.259052,-0.024383544921875,2.5283660888671875,0.009977436266746156,219,219,1.0,1.0
3408,-307.65202,-891.959226,-381.24053,0.010101318359375,2.5176544189453125,0.018521890780785904,216,216,1.0,1.0
3409,-306.736593,-889.551323,-381.238041,-0.01910400390625,2.5759735107421875,0.0024892453988668403,218,218,1.0,1.0
3410,-305.794234,-887.239948,-381.228653,0.04107666015625,2.495758056640625,0.009387796935767249,216,216,1.0,1.0
3411,-304.935224,-884.840368,-381.224653,-0.068145751953125,2.54779052734375,0.003999491621285034,214,214,1.0,1.0
3412,-304.022472,-882.524294,-381.220156,0.012359619140625,2.489410400390625,0.004497693029443214,218,218,1.0,1.0
3413,-303.115959,-880.127799,-381.207503,-0.022369384765625,2.5621185302734375,0.012653057162213698,219,219,1.0,1.0
3414,-302.223123,-877.806153,-381.199821,-0.007476806640625,2.487396240234375,0.007681966491761082,221,221,1.0,1.0
3415,-301.356294,-875.451901,-381.188025,-0.043182373046875,2.508392333984375,0.011796018533284401,215,215,1.0,1.0
3416,-300.497371,-873.053206,-381.183645,-0.06610107421875,2.5469818115234375,0.00437959779215249,215,215,1.0,1.0
3417,-299.625151,-870.714753,-381.176249,-0.03173828125,2.4956207275390625,0.007396136300031187,217,217,1.0,1.0
3418,-298.793518,-868.365114,-381.189417,-0.07330322265625,2.49139404296875,-0.013168269503013677,216,216,1.0,1.0
3419,-297.972279,-865.932759,-381.171829,-0.11346435546875,2.5647430419921875,0.017587911351875752,211,211,1.0,1.0
3420,-297.12947,-863.536663,-381.177871,-0.0794677734375,2.53875732421875,-0.0060414315951175575,219,219,1.0,1.0
3421,-296.251073,-861.171855,-381.152807,-0.035247802734375,2.522430419921875,0.025063341999429358,223,223,1.0,1.0
3422,-295.473346,-858.8223,-381.169982,-0.122528076171875,2.471893310546875,-0.01717429428021155,222,221,0.9954954954954955,1.0
3423,-294.629509,-856.433379,-381.154061,-0.075836181640625,2.532440185546875,0.01592097458590618,219,219,1.0,1.0
3424,-293.793428,-854.107203,-381.14301,-0.059722900390625,2.4711456298828125,0.011050282967112251,221,221,1.0,1.0
3425,-292.958438,-851.779226,-381.123864,-0.0609130859375,2.472442626953125,0.01914671780786148,225,225,1.0,1.0
3426,-292.1133,-849.403893,-381.120424,-0.06768798828125,2.520294189453125,0.003439971259703965,219,219,1.0,1.0
3427,-291.302656,-847.080851,-381.112082,-0.08087158203125,2.4590911865234375,0.00834214721184086,218,218,1.0,1.0
3428,-290.420157,-844.738131,-381.10012,-0.02056884765625,2.5033416748046875,0.011961851190003705,218,218,1.0,1.0
3429,-289.58301,-842.427652,-381.060635,-0.050750732421875,2.456939697265625,0.03948438132347581,223,223,1.0,1.0
